1st-baptist-nashville/Data%20Tables/1st-baptist-nashville-1.png	44K	2019-10-03 10:35
1st-baptist-nashville/examples/1st_baptist_nashville_balcony.mp3	71K	2019-08-07 11:57
1st-baptist-nashville/examples/1st_baptist_nashville_balcony.png	7.1K	2019-08-07 11:57
1st-baptist-nashville/examples/1st_baptist_nashville_balcony.wav	1.7M	2019-08-07 11:57
1st-baptist-nashville/examples/1st_baptist_nashville_balcony_drum.mp3	193K	2019-08-07 11:57
1st-baptist-nashville/examples/1st_baptist_nashville_balcony_sing.mp3	193K	2019-08-07 11:57
1st-baptist-nashville/examples/1st_baptist_nashville_balcony_small.png	2.0K	2019-08-07 11:57
1st-baptist-nashville/images/1st_baptist.png	67K	2019-08-07 11:57
1st-baptist-nashville/images/first_baptist_church_of_nashville_northwest_corner_2.jpg	77K	2019-08-07 11:57
1st-baptist-nashville/stereo/1st_baptist_nashville_balcony.wav	1.7M	2019-08-07 11:57
1st-baptist-nashville/stereo/1st_baptist_nashville_far_close.wav	1.7M	2019-08-07 11:57
1st-baptist-nashville/stereo/1st_baptist_nashville_far_wide.wav	2.0M	2019-08-07 11:57
1st-baptist-nashville/Read%20Me.txt	541	2019-08-07 11:57
air-museum/b-format/AM_spist_S2R1.wav	3.0M	2023-11-06 14:14
air-museum/b-format/AM_spist_S3R1.wav	3.0M	2023-11-06 14:14
air-museum/b-format/AM_spist_S4R2_1.wav	3.0M	2023-11-06 14:14
air-museum/b-format/AM_spist_S4R2_2.wav	3.0M	2023-11-06 14:14
air-museum/b-format/AR_bformat_S1R1_1.wav	2.3M	2023-11-06 14:14
air-museum/b-format/AR_bformat_S1R1_2.wav	2.5M	2023-11-06 14:14
air-museum/b-format/AR_bformat_S1R1_3.wav	2.5M	2023-11-06 14:14
air-museum/b-format/AR_bformat_S1R1_4.wav	2.5M	2023-11-06 14:14
air-museum/examples/AR_S1R1_w_channel.mp3	26K	2023-11-06 14:14
air-museum/examples/AR_S1R1_w_channel.wav	581K	2023-11-06 14:14
air-museum/examples/AR_S1R1_w_channel_burp.mp3	62K	2023-11-06 14:14
air-museum/examples/AR_S1R1_w_channel_drum.mp3	88K	2023-11-06 14:14
air-museum/examples/AR_S1R1_w_channel_sing.mp3	72K	2023-11-06 14:14
air-museum/images/Air%20Museum.jpg	2.0M	2023-11-06 14:14
air-museum/images/S1R1.jpg	2.7M	2023-11-06 14:14
air-museum/images/S2R1.jpg	2.9M	2023-11-06 14:14
air-museum/images/S3R1.jpg	3.4M	2023-11-06 14:14
air-museum/images/S4R2.jpg	3.8M	2023-11-06 14:14
air-museum/Description.txt	681	2023-11-06 14:14
air-museum/Read%20Me.txt	1.2K	2023-11-06 14:14
alcuin-college-university-york/b-format/alcuin_s1r1front_bformat.wav	5.5M	2019-08-07 11:57
alcuin-college-university-york/b-format/alcuin_s1r1_bformat.wav	5.5M	2019-08-07 11:57
alcuin-college-university-york/b-format/alcuin_s1r2front_bformat.wav	5.5M	2019-08-07 11:58
alcuin-college-university-york/b-format/alcuin_s1r2_bformat.wav	5.5M	2019-08-07 11:58
alcuin-college-university-york/b-format/alcuin_s1r3front_bformat.wav	5.5M	2019-08-07 11:58
alcuin-college-university-york/b-format/alcuin_s1r3_bformat.wav	5.5M	2019-08-07 11:58
alcuin-college-university-york/b-format/alcuin_s2r1front_bformat.wav	5.5M	2019-08-07 11:58
alcuin-college-university-york/b-format/alcuin_s2r1_bformat.wav	5.5M	2019-08-07 11:58
alcuin-college-university-york/b-format/alcuin_s2r2front_bformat.wav	5.5M	2019-08-07 11:58
alcuin-college-university-york/b-format/alcuin_s2r2_bformat.wav	5.5M	2019-08-07 11:58
alcuin-college-university-york/b-format/alcuin_s2r3front_bformat.wav	5.5M	2019-08-07 11:58
alcuin-college-university-york/b-format/alcuin_s2r3_bformat.wav	5.5M	2019-08-07 11:58
alcuin-college-university-york/b-format/alcuin_s3r1front_bformat.wav	5.5M	2019-08-07 11:58
alcuin-college-university-york/b-format/alcuin_s3r1_bformat.wav	5.5M	2019-08-07 11:58
alcuin-college-university-york/b-format/alcuin_s4r1_bformat.wav	5.5M	2019-08-07 11:58
alcuin-college-university-york/b-format/alcuin_s4r2_bformat.wav	5.5M	2019-08-07 11:58
alcuin-college-university-york/b-format/s1r1_spist_bform.wav	2.5M	2019-08-07 11:58
alcuin-college-university-york/b-format/s1r2_spist_bform.wav	2.3M	2019-08-07 11:58
alcuin-college-university-york/b-format/s1r3_spist_bform.wav	2.1M	2019-08-07 11:58
alcuin-college-university-york/b-format/s2r1_spist_bform.wav	2.2M	2019-08-07 11:58
alcuin-college-university-york/b-format/s2r2_spist_bform.wav	2.2M	2019-08-07 11:58
alcuin-college-university-york/b-format/s2r3_spist_bform.wav	2.6M	2019-08-07 11:58
alcuin-college-university-york/b-format/s3r1_spist_bform.wav	1.9M	2019-08-07 11:58
alcuin-college-university-york/b-format/s4r1_spist_bform.wav	1.8M	2019-08-07 11:58
alcuin-college-university-york/b-format/s4r2_spist_bform.wav	1.6M	2019-08-07 11:58
alcuin-college-university-york/Data%20Tables/alcuin-college-university-york-1.png	44K	2019-10-03 10:37
alcuin-college-university-york/examples/alcuin_s1r1_w_channel.mp3	48K	2019-08-07 11:58
alcuin-college-university-york/examples/alcuin_s1r1_w_channel.png	8.5K	2019-08-07 11:58
alcuin-college-university-york/examples/alcuin_s1r1_w_channel.wav	375K	2019-08-07 11:58
alcuin-college-university-york/examples/alcuin_s1r1_w_channel_drum.mp3	169K	2019-08-07 11:58
alcuin-college-university-york/examples/alcuin_s1r1_w_channel_sing.mp3	169K	2019-08-07 11:58
alcuin-college-university-york/examples/alcuin_s1r1_w_channel_small.png	2.3K	2019-08-07 11:58
alcuin-college-university-york/images/site_layout_with_location.jpg	57K	2019-08-07 11:58
alcuin-college-university-york/images/source1receiverposition1viewfront.jpg	89K	2019-08-07 11:58
alcuin-college-university-york/images/source1receiverposition2view1.jpg	83K	2019-08-07 11:58
alcuin-college-university-york/images/source2receiver1view1.jpg	74K	2019-08-07 11:58
alcuin-college-university-york/images/source4view1.jpg	44K	2019-08-07 11:58
alcuin-college-university-york/Read%20Me.txt	3.8K	2019-08-07 11:57
arthur-sykes-rymer-auditorium-university-york/b-format/s1r2.wav	1.6M	2019-08-07 11:58
arthur-sykes-rymer-auditorium-university-york/b-format/s1r4.wav	1.6M	2019-08-07 11:58
arthur-sykes-rymer-auditorium-university-york/b-format/s1r7.wav	1.6M	2019-08-07 11:58
arthur-sykes-rymer-auditorium-university-york/b-format/s2r4.wav	1.6M	2019-08-07 11:58
arthur-sykes-rymer-auditorium-university-york/b-format/s2r6.wav	1.6M	2019-08-07 11:58
arthur-sykes-rymer-auditorium-university-york/b-format/s2r7.wav	1.6M	2019-08-07 11:58
arthur-sykes-rymer-auditorium-university-york/Data%20Tables/arthur-sykes-rymer-auditorium-university-york-1.png	44K	2019-10-03 10:38
arthur-sykes-rymer-auditorium-university-york/examples/s1r2_0_1.mp3	36K	2019-08-07 11:58
arthur-sykes-rymer-auditorium-university-york/examples/s1r2_0_1.png	6.8K	2019-08-07 11:58
arthur-sykes-rymer-auditorium-university-york/examples/s1r2_0_1.wav	1.6M	2019-08-07 11:58
arthur-sykes-rymer-auditorium-university-york/examples/s1r2_0_1_drum.mp3	161K	2019-08-07 11:58
arthur-sykes-rymer-auditorium-university-york/examples/s1r2_0_1_sing.mp3	161K	2019-08-07 11:58
arthur-sykes-rymer-auditorium-university-york/examples/s1r2_0_1_small.png	1.9K	2019-08-07 11:58
arthur-sykes-rymer-auditorium-university-york/images/28741004_1726746860724118_2102034281_n.jpg	61K	2019-08-07 11:58
arthur-sykes-rymer-auditorium-university-york/images/28876197_1721973911203219_706040821_o.jpg	1.0M	2019-08-07 11:58
arthur-sykes-rymer-auditorium-university-york/images/28879946_1726547144077423_185865170_o.jpg	246K	2019-08-07 11:58
arthur-sykes-rymer-auditorium-university-york/images/floor_plan.png	473K	2019-08-07 11:58
arthur-sykes-rymer-auditorium-university-york/images/img_3590.png	660K	2019-08-07 11:58
arthur-sykes-rymer-auditorium-university-york/Read%20Me.txt	2.8K	2019-08-07 11:57
central-hall-university-york/b-format/ir_centre_stalls.wav	1.8M	2019-08-07 11:59
central-hall-university-york/b-format/ir_row_1c_sl_front.wav	1.8M	2019-08-07 11:59
central-hall-university-york/b-format/ir_row_1l_sl_centre.wav	1.8M	2019-08-07 11:59
central-hall-university-york/b-format/ir_row_2l_diagonal_mid.wav	1.8M	2019-08-07 11:59
central-hall-university-york/b-format/ir_row_3c_centre_front.wav	1.8M	2019-08-07 11:59
central-hall-university-york/b-format/ir_row_3l_centre_mid.wav	1.8M	2019-08-07 11:59
central-hall-university-york/Data%20Tables/central-hall-university-york-1.png	43K	2019-10-03 11:26
central-hall-university-york/examples/ir_row_1l_sl_centre.mp3	60K	2019-08-07 11:59
central-hall-university-york/examples/ir_row_1l_sl_centre.png	8.4K	2019-08-07 11:59
central-hall-university-york/examples/ir_row_1l_sl_centre.wav	1.8M	2019-08-07 11:59
central-hall-university-york/examples/ir_row_1l_sl_centre_drum.mp3	185K	2019-08-07 11:59
central-hall-university-york/examples/ir_row_1l_sl_centre_sing.mp3	185K	2019-08-07 11:59
central-hall-university-york/examples/ir_row_1l_sl_centre_small.png	2.3K	2019-08-07 11:59
central-hall-university-york/images/lxplan_yeah_1.jpg	64K	2019-08-07 11:59
central-hall-university-york/images/p1060317.jpg	59K	2019-08-07 11:59
central-hall-university-york/images/p1060320.jpg	50K	2019-08-07 11:59
central-hall-university-york/images/p1060323.jpg	31K	2019-08-07 11:59
central-hall-university-york/images/p1060329.jpg	26K	2019-08-07 11:59
central-hall-university-york/images/p1060335.jpg	66K	2019-08-07 11:59
central-hall-university-york/images/p1060341.jpg	64K	2019-08-07 11:59
central-hall-university-york/Read%20Me.txt	1.0K	2019-08-07 11:57
cliffords-tower/clifford-tower-IR-Bformat/clifford_tower_S1R1_Bformat.wav	750K	2023-12-12 09:14
cliffords-tower/clifford-tower-IR-Bformat/clifford_tower_S1R2_Bformat.wav	750K	2023-12-12 09:14
cliffords-tower/clifford-tower-IR-Bformat/clifford_tower_S1R3_Bformat.wav	750K	2023-12-12 09:14
cliffords-tower/clifford-tower-IR-Bformat/clifford_tower_S2R4_Bformat.wav	750K	2023-12-12 09:14
cliffords-tower/examples/clifford_tower_burp.mp3	53K	2023-12-12 09:14
cliffords-tower/examples/clifford_tower_drums.mp3	82K	2023-12-12 09:14
cliffords-tower/examples/clifford_tower_S1R1_waveform.png	19K	2023-12-12 09:14
cliffords-tower/examples/clifford_tower_singing.mp3	64K	2023-12-12 09:14
cliffords-tower/examples/RIR_1_w_channel.mp3	18K	2023-12-12 09:14
cliffords-tower/examples/RIR_1_w_channel.wav	375K	2023-12-12 09:14
cliffords-tower/images/clifford-tower.jpg	3.4M	2023-12-12 09:14
cliffords-tower/images/clifford_tower_AP.PNG	34K	2023-12-12 09:14
cliffords-tower/images/S1R1.jpg	3.5M	2023-12-12 09:14
cliffords-tower/images/S1R2.jpg	3.2M	2023-12-12 09:14
cliffords-tower/images/S1R3.jpg	4.0M	2023-12-12 09:14
cliffords-tower/images/S2R4.jpg	4.8M	2023-12-12 09:14
cliffords-tower/Read%20Me.txt	709	2023-12-12 09:14
creswell-crags/b-format/1_r_rhcbottom_s_rhc_bottom.wav	1.1M	2019-08-07 11:59
creswell-crags/b-format/1_s_mainlevel_r_mainlevel.wav	752K	2019-08-07 11:59
creswell-crags/b-format/1_s_mainlevel_r_mainlevel2.wav	750K	2019-08-07 11:59
creswell-crags/b-format/2_r_rhcbottom_s_rhc_mouth.wav	926K	2019-08-07 11:59
creswell-crags/b-format/2_s_mainlevel_r_mouth.wav	750K	2019-08-07 11:59
creswell-crags/b-format/3_r_rhcbottom_s_acrosswater.wav	1.1M	2019-08-07 11:59
creswell-crags/b-format/3_s_mainlevel_r_furtherin.wav	750K	2019-08-07 11:59
creswell-crags/b-format/4_r_cragent_s_boathouse.wav	1.1M	2019-08-07 11:59
creswell-crags/b-format/4_r_cragent_s_boathouse2.wav	1.9M	2019-08-07 11:59
creswell-crags/b-format/5_r_rhcmouth_s_rhcpath.wav	1.0M	2019-08-07 11:59
creswell-crags/b-format/6_r_pinholemouth_s_pinholepath.wav	749K	2019-08-07 11:59
creswell-crags/b-format/7_r_churchmouth_s_churchpath.wav	1.6M	2019-08-07 11:59
creswell-crags/b-format/8_r_grundymouth_s_grundypath.wav	1.0M	2019-08-07 11:59
creswell-crags/Data%20Tables/creswell-crags-1.png	44K	2019-10-03 11:27
creswell-crags/examples/1_s_mainlevel_r_mainlevel_0.mp3	24K	2019-08-07 11:59
creswell-crags/examples/1_s_mainlevel_r_mainlevel_0.png	6.7K	2019-08-07 11:59
creswell-crags/examples/1_s_mainlevel_r_mainlevel_0.wav	752K	2019-08-07 11:59
creswell-crags/examples/1_s_mainlevel_r_mainlevel_0_drum.mp3	145K	2019-08-07 11:59
creswell-crags/examples/1_s_mainlevel_r_mainlevel_0_sing.mp3	145K	2019-08-07 11:59
creswell-crags/examples/1_s_mainlevel_r_mainlevel_0_small.png	1.9K	2019-08-07 11:59
creswell-crags/images/inside.jpg	62K	2019-08-07 11:59
creswell-crags/images/outside.jpg	79K	2019-08-07 11:59
creswell-crags/Read%20Me.txt	2.1K	2019-08-07 11:57
dixon-studio-theatre-university-york/b-format/r1_rir_bformat.wav	2.2M	2019-08-07 11:59
dixon-studio-theatre-university-york/b-format/r2_rir_bformat.wav	2.2M	2019-08-07 11:59
dixon-studio-theatre-university-york/b-format/r3_rir_bformat.wav	2.2M	2019-08-07 11:59
dixon-studio-theatre-university-york/b-format/r4_rir_bformat.wav	2.2M	2019-08-07 11:59
dixon-studio-theatre-university-york/b-format/r5_rir_bformat.wav	2.2M	2019-08-07 11:59
dixon-studio-theatre-university-york/Data%20Tables/dixon-studio-theatre-university-york-1.png	43K	2019-10-03 11:27
dixon-studio-theatre-university-york/examples/r1_rir_bformat_mono.mp3	71K	2019-08-07 11:59
dixon-studio-theatre-university-york/examples/r1_rir_bformat_mono.png	7.3K	2019-08-07 11:59
dixon-studio-theatre-university-york/examples/r1_rir_bformat_mono.wav	563K	2019-08-07 11:59
dixon-studio-theatre-university-york/examples/r1_rir_bformat_mono_drum.mp3	193K	2019-08-07 11:59
dixon-studio-theatre-university-york/examples/r1_rir_bformat_mono_sing.mp3	193K	2019-08-07 11:59
dixon-studio-theatre-university-york/examples/r1_rir_bformat_mono_small.png	2.1K	2019-08-07 11:59
dixon-studio-theatre-university-york/images/img_2256.jpg	63K	2019-08-07 11:59
dixon-studio-theatre-university-york/images/img_2267.jpg	61K	2019-08-07 11:59
dixon-studio-theatre-university-york/images/img_2269.jpg	53K	2019-08-07 11:59
dixon-studio-theatre-university-york/images/img_2272.jpg	55K	2019-08-07 11:59
dixon-studio-theatre-university-york/images/img_2274.jpg	45K	2019-08-07 11:59
dixon-studio-theatre-university-york/images/screen_shot_2016-03-01_at_21.21.08.png	247K	2019-08-07 11:59
dixon-studio-theatre-university-york/Read%20Me.txt	2.9K	2019-08-07 11:57
elveden-hall-suffolk-england/Data%20Tables/elveden-hall-suffolk-england-1.png	45K	2019-10-03 11:28
elveden-hall-suffolk-england/examples/1a_marble_hall.mp3	189K	2019-08-07 11:59
elveden-hall-suffolk-england/examples/1a_marble_hall.png	11K	2019-08-07 11:59
elveden-hall-suffolk-england/examples/1a_marble_hall.wav	1.4M	2019-08-07 11:59
elveden-hall-suffolk-england/examples/1a_marble_hall_drum.mp3	313K	2019-08-07 11:59
elveden-hall-suffolk-england/examples/1a_marble_hall_sing.mp3	313K	2019-08-07 11:59
elveden-hall-suffolk-england/examples/1a_marble_hall_small.png	2.3K	2019-08-07 11:59
elveden-hall-suffolk-england/images/elveden-hall-the-living-daylights-1987-eyes-wide-shut-1999-_1122.jpg	91K	2019-08-07 11:59
elveden-hall-suffolk-england/images/elvedenlocationb.jpg	45K	2019-08-07 11:59
elveden-hall-suffolk-england/images/elvedensittingroom.jpg	68K	2019-08-07 11:59
elveden-hall-suffolk-england/stereo/1a_marble_hall.wav	1.4M	2019-08-07 11:59
elveden-hall-suffolk-england/stereo/3a_hats_cloaks_the_lord.wav	1.3M	2019-08-07 11:59
elveden-hall-suffolk-england/stereo/4a_hats_cloaks_visitors.wav	1.3M	2019-08-07 11:59
elveden-hall-suffolk-england/stereo/18a_smoking_room.wav	1.3M	2019-08-07 11:59
elveden-hall-suffolk-england/Read%20Me.txt	1.1K	2019-08-07 11:57
falkland-palace-bottle-dungeon/b-format/bottledungeon1_sf_edited.wav	4.4M	2019-08-07 11:59
falkland-palace-bottle-dungeon/Data%20Tables/falkland-palace-bottle-dungeon-1.png	44K	2019-10-03 11:29
falkland-palace-bottle-dungeon/examples/bottledungeon_omni.mp3	71K	2019-08-07 11:59
falkland-palace-bottle-dungeon/examples/bottledungeon_omni.png	7.8K	2019-08-07 11:59
falkland-palace-bottle-dungeon/examples/bottledungeon_omni.wav	844K	2019-08-07 11:59
falkland-palace-bottle-dungeon/examples/bottledungeon_omni_drum.mp3	193K	2019-08-07 11:59
falkland-palace-bottle-dungeon/examples/bottledungeon_omni_sing.mp3	193K	2019-08-07 11:59
falkland-palace-bottle-dungeon/examples/bottledungeon_omni_small.png	2.2K	2019-08-07 11:59
falkland-palace-bottle-dungeon/images/dungeon.jpg	52K	2019-08-07 11:59
falkland-palace-bottle-dungeon/Read%20Me.txt	420	2019-08-07 11:57
falkland-palace-royal-tennis-court/b-format/falkland_tennis_court_b_format.wav	2.6M	2019-08-07 11:59
falkland-palace-royal-tennis-court/Data%20Tables/falkland-palace-royal-tennis-court-1.png	43K	2019-10-03 11:29
falkland-palace-royal-tennis-court/examples/falkland_tennis_court_omni.mp3	113K	2019-08-07 11:59
falkland-palace-royal-tennis-court/examples/falkland_tennis_court_omni.png	7.8K	2019-08-07 11:59
falkland-palace-royal-tennis-court/examples/falkland_tennis_court_omni.wav	675K	2019-08-07 11:59
falkland-palace-royal-tennis-court/examples/falkland_tennis_court_omni_drum.mp3	241K	2019-08-07 11:59
falkland-palace-royal-tennis-court/examples/falkland_tennis_court_omni_sing.mp3	241K	2019-08-07 11:59
falkland-palace-royal-tennis-court/examples/falkland_tennis_court_omni_small.png	2.0K	2019-08-07 11:59
falkland-palace-royal-tennis-court/images/dsc00535.jpg	41K	2019-08-07 11:59
falkland-palace-royal-tennis-court/images/tennis.jpg	50K	2019-08-07 11:59
falkland-palace-royal-tennis-court/mono/falkland_tennis_court_omni.wav	675K	2019-08-07 11:59
falkland-palace-royal-tennis-court/stereo/falkland_tennis_court_ortf.wav	1.3M	2019-08-07 11:59
falkland-palace-royal-tennis-court/surround-5-1/falkland_tennis_court_5-0.wav	4.0M	2019-08-07 11:59
falkland-palace-royal-tennis-court/Read%20Me.txt	1.5K	2019-08-07 11:57
forest-scale-model/examples/ScaleModelForest_burp.mp3	24K	2023-11-20 07:38
forest-scale-model/examples/ScaleModelForest_burp.wav	1.0M	2023-11-20 07:38
forest-scale-model/examples/ScaleModelForest_drums.mp3	37K	2023-11-20 07:38
forest-scale-model/examples/ScaleModelForest_drums.wav	1.5M	2023-11-20 07:38
forest-scale-model/examples/ScaleModelForest_IR_S1R2.mp3	3.8K	2023-11-20 07:38
forest-scale-model/examples/ScaleModelForest_S1R2_wavefrom.png	172K	2023-11-20 07:38
forest-scale-model/examples/ScaleModelForest_singing.mp3	30K	2023-11-20 07:38
forest-scale-model/examples/ScaleModelForest_singing.wav	1.5M	2023-11-20 07:38
forest-scale-model/examples/scalemodel_AP.png	71K	2023-11-20 07:38
forest-scale-model/examples/ScaleModel_IR_S1R2.wav	141K	2023-11-20 07:38
forest-scale-model/images/ConvertForestToModel.png	1.7M	2023-11-20 07:38
forest-scale-model/images/idealforest.jpeg	610K	2023-11-20 07:38
forest-scale-model/images/scaleE.jpg	3.1M	2023-11-20 07:38
forest-scale-model/images/scaleForest.jpg	3.6M	2023-11-20 07:38
forest-scale-model/images/sinuoForest.png	171K	2023-11-20 07:38
forest-scale-model/IR_ScaleModel/S1R1_ScaleModel.wav	113K	2023-11-20 07:38
forest-scale-model/IR_ScaleModel/S1R2_ScaleModel.wav	113K	2023-11-20 07:38
forest-scale-model/IR_ScaleModel/S2R1_ScaleModel.wav	114K	2023-11-20 07:38
forest-scale-model/IR_ScaleModel/S2R2_ScaleModel.wav	113K	2023-11-20 07:38
forest-scale-model/IR_Streched_ScaleModel/IRstreched_S1R1.wav	141K	2023-11-20 07:38
forest-scale-model/IR_Streched_ScaleModel/IRstreched_S1R2.wav	141K	2023-11-20 07:38
forest-scale-model/IR_Streched_ScaleModel/IRstreched_S2R1.wav	141K	2023-11-20 07:38
forest-scale-model/IR_Streched_ScaleModel/IRstreched_S2R2.wav	141K	2023-11-20 07:38
forest-scale-model/Read%20Me.txt	1.2K	2023-11-20 07:38
genesis-6-studio-live-room-drum-set/b-format/crash_ir.wav	2.2M	2019-08-07 11:59
genesis-6-studio-live-room-drum-set/b-format/hh_ir.wav	2.2M	2019-08-07 11:59
genesis-6-studio-live-room-drum-set/b-format/kick_ir.wav	2.2M	2019-08-07 11:59
genesis-6-studio-live-room-drum-set/b-format/ride_ir.wav	2.2M	2019-08-07 11:59
genesis-6-studio-live-room-drum-set/b-format/snare_ir.wav	2.2M	2019-08-07 11:59
genesis-6-studio-live-room-drum-set/b-format/toma_ir.wav	2.2M	2019-08-07 11:59
genesis-6-studio-live-room-drum-set/b-format/tomb_ir.wav	2.2M	2019-08-07 11:59
genesis-6-studio-live-room-drum-set/b-format/tomc_ir.wav	2.2M	2019-08-07 11:59
genesis-6-studio-live-room-drum-set/Data%20Tables/genesis-6-studio-live-room-drum-set-1.png	44K	2019-10-03 11:30
genesis-6-studio-live-room-drum-set/examples/average_space_ir_0.mp3	48K	2019-08-07 11:59
genesis-6-studio-live-room-drum-set/examples/average_space_ir_0.png	6.9K	2019-08-07 11:59
genesis-6-studio-live-room-drum-set/examples/average_space_ir_0.wav	2.2M	2019-08-07 11:59
genesis-6-studio-live-room-drum-set/examples/average_space_ir_0_drum.mp3	169K	2019-08-07 11:59
genesis-6-studio-live-room-drum-set/examples/average_space_ir_0_sing.mp3	169K	2019-08-07 11:59
genesis-6-studio-live-room-drum-set/examples/average_space_ir_0_small.png	1.9K	2019-08-07 11:59
genesis-6-studio-live-room-drum-set/images/drum_pos.jpg	62K	2019-08-07 11:59
genesis-6-studio-live-room-drum-set/images/img_0245.jpg	28K	2019-08-07 11:59
genesis-6-studio-live-room-drum-set/images/img_0251.jpg	32K	2019-08-07 11:59
genesis-6-studio-live-room-drum-set/images/img_0252.jpg	28K	2019-08-07 11:59
genesis-6-studio-live-room-drum-set/images/studio6_1.jpg	24K	2019-08-07 11:59
genesis-6-studio-live-room-drum-set/images/studio6_2.jpg	21K	2019-08-07 11:59
genesis-6-studio-live-room-drum-set/images/studio6_3.jpg	45K	2019-08-07 11:59
genesis-6-studio-live-room-drum-set/Read%20Me.txt	3.5K	2019-08-07 11:57
gill-heads-mine/b-format/mine_site1_1way_bformat.wav	5.5M	2019-08-07 11:59
gill-heads-mine/b-format/mine_site1_2way_bformat.wav	5.5M	2019-08-07 11:59
gill-heads-mine/b-format/mine_site2_1way_bformat.wav	5.5M	2019-08-07 11:59
gill-heads-mine/b-format/mine_site2_2way_bformat.wav	5.5M	2019-08-07 11:59
gill-heads-mine/Data%20Tables/gill-heads-mine-1.png	45K	2019-10-03 11:31
gill-heads-mine/examples/mine_site2_2way_mono_processed.mp3	37K	2019-08-07 11:59
gill-heads-mine/examples/mine_site2_2way_mono_processed.png	7.3K	2019-08-07 11:59
gill-heads-mine/examples/mine_site2_2way_mono_processed.wav	430K	2019-08-07 11:59
gill-heads-mine/examples/mine_site2_2way_mono_processed_drum.mp3	161K	2019-08-07 11:59
gill-heads-mine/examples/mine_site2_2way_mono_processed_sing.mp3	161K	2019-08-07 11:59
gill-heads-mine/examples/mine_site2_2way_mono_processed_small.png	2.0K	2019-08-07 11:59
gill-heads-mine/images/mine_entrance_a.jpg	112K	2019-08-07 11:59
gill-heads-mine/images/mine_entrance_b.jpg	111K	2019-08-07 11:59
gill-heads-mine/images/mine_entrance_c.jpg	63K	2019-08-07 11:59
gill-heads-mine/images/mine_internal_a.jpg	49K	2019-08-07 11:59
gill-heads-mine/images/mine_internal_b.jpg	63K	2019-08-07 11:59
gill-heads-mine/images/mine_internal_c.jpg	61K	2019-08-07 11:59
gill-heads-mine/images/mine_site1_a.jpg	73K	2019-08-07 11:59
gill-heads-mine/images/mine_site1_b.jpg	51K	2019-08-07 11:59
gill-heads-mine/images/mine_site1_c.jpg	84K	2019-08-07 11:59
gill-heads-mine/images/mine_site1_d.jpg	85K	2019-08-07 11:59
gill-heads-mine/images/mine_site2_a.jpg	41K	2019-08-07 11:59
gill-heads-mine/images/mine_site2_b.jpg	15K	2019-08-07 11:59
gill-heads-mine/images/mine_site2_c.jpg	38K	2019-08-07 11:59
gill-heads-mine/images/mine_site2_d.jpg	61K	2019-08-07 11:59
gill-heads-mine/images/mine_site2_e.jpg	41K	2019-08-07 11:59
gill-heads-mine/images/mine_site2_f.jpg	44K	2019-08-07 11:59
gill-heads-mine/images/mine_site2_g.jpg	37K	2019-08-07 11:59
gill-heads-mine/images/mine_site2_h.jpg	42K	2019-08-07 11:59
gill-heads-mine/images/mine_site2_i.jpg	44K	2019-08-07 11:59
gill-heads-mine/mono/mine_site1_1way_mono.wav	1.4M	2019-08-07 11:59
gill-heads-mine/mono/mine_site1_2way_mono.wav	1.4M	2019-08-07 11:59
gill-heads-mine/mono/mine_site2_1way_mono.wav	1.4M	2019-08-07 11:59
gill-heads-mine/mono/mine_site2_2way_mono.wav	1.4M	2019-08-07 11:59
gill-heads-mine/Read%20Me.txt	1.3K	2019-08-07 11:57
hamilton-mausoleum/b-format/hm2_000_bformat_48k.wav	8.2M	2019-08-07 11:59
hamilton-mausoleum/Data%20Tables/hamilton-mausoleum-1.png	46K	2019-10-03 11:32
hamilton-mausoleum/examples/hm2_000_wx_48k.mp3	352K	2019-08-07 11:59
hamilton-mausoleum/examples/hm2_000_wx_48k.png	8.3K	2019-08-07 11:59
hamilton-mausoleum/examples/hm2_000_wx_48k.wav	4.1M	2019-08-07 11:59
hamilton-mausoleum/examples/hm2_000_wx_48k_drum.mp3	473K	2019-08-07 11:59
hamilton-mausoleum/examples/hm2_000_wx_48k_sing.mp3	473K	2019-08-07 11:59
hamilton-mausoleum/examples/hm2_000_wx_48k_small.png	1.8K	2019-08-07 11:59
hamilton-mausoleum/images/hmexterior.jpg	66K	2019-08-07 11:59
hamilton-mausoleum/images/hmexterior_sm.jpg	16K	2019-08-07 11:59
hamilton-mausoleum/images/hm_ceil.jpg	26K	2019-08-07 11:59
hamilton-mausoleum/images/hm_ceil_sm.jpg	11K	2019-08-07 11:59
hamilton-mausoleum/images/hm_int_sm.jpg	9.2K	2019-08-07 11:59
hamilton-mausoleum/stereo/hm2_000_ortf_48k.wav	4.1M	2019-08-07 11:59
hamilton-mausoleum/surround-5-1/hm_williams.wav	12M	2019-08-07 11:59
hamilton-mausoleum/Read%20Me.txt	1.2K	2019-08-07 11:57
hendrix-hall/examples/HendrixHall_burp.mp3	51K	2023-11-20 07:40
hendrix-hall/examples/HendrixHall_drums.mp3	79K	2023-11-20 07:40
hendrix-hall/examples/HendrixHall_singing.mp3	67K	2023-11-20 07:40
hendrix-hall/examples/HH-IR-SF-waveform.png	22K	2023-11-20 07:40
hendrix-hall/examples/IR_EigenmikeHHF1_processed.mp3	19K	2023-11-20 07:40
hendrix-hall/examples/IR_EigenmikeHHF1_processed.wav	281K	2023-11-20 07:40
hendrix-hall/HH-3order-Ambisonic-16channels/IR_EigenmikeHHB1_processed.wav	6.6M	2023-11-20 07:40
hendrix-hall/HH-3order-Ambisonic-16channels/IR_EigenmikeHHB2_processed.wav	3.7M	2023-11-20 07:40
hendrix-hall/HH-3order-Ambisonic-16channels/IR_EigenmikeHHF1_processed.wav	6.6M	2023-11-20 07:40
hendrix-hall/HH-3order-Ambisonic-16channels/IR_EigenmikeHHF2_processed.wav	6.5M	2023-11-20 07:40
hendrix-hall/HH-3order-Ambisonic-16channels/IR_EigenmikeHHL1_processed.wav	6.6M	2023-11-20 07:40
hendrix-hall/HH-3order-Ambisonic-16channels/IR_EigenmikeHHL2_processed.wav	6.6M	2023-11-20 07:40
hendrix-hall/HH-3order-Ambisonic-16channels/IR_EigenmikeHHR1_processed.wav	6.6M	2023-11-20 07:40
hendrix-hall/HH-3order-Ambisonic-16channels/IR_EigenmikeHHR2_processed.wav	6.6M	2023-11-20 07:40
hendrix-hall/HH-Bformat/IR_EigenmikeHHB1_processed_Bformat.wav	2.2M	2023-11-20 07:40
hendrix-hall/HH-Bformat/IR_EigenmikeHHB2_processed_Bformat.wav	1.2M	2023-11-20 07:40
hendrix-hall/HH-Bformat/IR_EigenmikeHHF1_processed_Bformat.wav	2.2M	2023-11-20 07:40
hendrix-hall/HH-Bformat/IR_EigenmikeHHF2_processed_Bformat.wav	2.2M	2023-11-20 07:40
hendrix-hall/HH-Bformat/IR_EigenmikeHHL1_processed_Bformat.wav	2.2M	2023-11-20 07:40
hendrix-hall/HH-Bformat/IR_EigenmikeHHL2_processed_Bformat.wav	2.2M	2023-11-20 07:40
hendrix-hall/HH-Bformat/IR_EigenmikeHHR1_processed_Bformat.wav	2.2M	2023-11-20 07:40
hendrix-hall/HH-Bformat/IR_EigenmikeHHR2_processed_Bformat.wav	2.2M	2023-11-20 07:40
hendrix-hall/images/Hall-schematic.png	51K	2023-11-20 07:40
hendrix-hall/images/Hendrix-Hall.png	16M	2023-11-20 07:40
hendrix-hall/images/HH-AP.png	87K	2023-11-20 07:40
hendrix-hall/images/SR-position.png	2.3M	2023-11-20 07:40
hendrix-hall/images/SR-schematic.png	57K	2023-11-20 07:40
hendrix-hall/Read%20Me.txt	11K	2023-11-20 07:40
heslington-church-vaa-group-2/b-format/impulseresponseheslingtonchurch-001.wav	3.3M	2019-08-07 11:59
heslington-church-vaa-group-2/b-format/impulseresponseheslingtonchurch-002.wav	3.3M	2019-08-07 11:59
heslington-church-vaa-group-2/b-format/impulseresponseheslingtonchurch-003.wav	3.3M	2019-08-07 11:59
heslington-church-vaa-group-2/b-format/impulseresponseheslingtonchurch-004.wav	3.3M	2019-08-07 11:59
heslington-church-vaa-group-2/b-format/impulseresponseheslingtonchurch-005.wav	3.3M	2019-08-07 11:59
heslington-church-vaa-group-2/b-format/impulseresponseheslingtonchurch-006.wav	3.3M	2019-08-07 11:59
heslington-church-vaa-group-2/b-format/impulseresponseheslingtonchurch-007.wav	3.3M	2019-08-07 11:59
heslington-church-vaa-group-2/Data%20Tables/heslington-church-vaa-group-2-1.png	44K	2019-10-03 11:32
heslington-church-vaa-group-2/examples/impulseresponseheslingtonchurch-006.mp3	71K	2019-08-07 11:59
heslington-church-vaa-group-2/examples/impulseresponseheslingtonchurch-006.png	7.6K	2019-08-07 11:59
heslington-church-vaa-group-2/examples/impulseresponseheslingtonchurch-006.wav	3.3M	2019-08-07 11:59
heslington-church-vaa-group-2/examples/impulseresponseheslingtonchurch-006_drum.mp3	193K	2019-08-07 11:59
heslington-church-vaa-group-2/examples/impulseresponseheslingtonchurch-006_sing.mp3	193K	2019-08-07 11:59
heslington-church-vaa-group-2/examples/impulseresponseheslingtonchurch-006_small.png	2.2K	2019-08-07 11:59
heslington-church-vaa-group-2/images/church_floorplan_copy.jpg	90K	2019-08-07 11:59
heslington-church-vaa-group-2/images/church_lights_plan.jpg	36K	2019-08-07 11:59
heslington-church-vaa-group-2/images/heslington_church_impulse_response-4900.jpg	97K	2019-08-07 11:59
heslington-church-vaa-group-2/images/heslington_church_impulse_response-5075.jpg	153K	2019-08-07 11:59
heslington-church-vaa-group-2/images/heslington_church_impulse_response-5077.jpg	100K	2019-08-07 11:59
heslington-church-vaa-group-2/images/heslington_church_impulse_response-5078.jpg	143K	2019-08-07 11:59
heslington-church-vaa-group-2/images/heslington_church_impulse_response-5079.jpg	142K	2019-08-07 11:59
heslington-church-vaa-group-2/images/heslington_church_impulse_response-5080.jpg	155K	2019-08-07 11:59
heslington-church-vaa-group-2/images/heslington_church_impulse_response-5081.jpg	61K	2019-08-07 11:59
heslington-church-vaa-group-2/images/heslington_church_impulse_response-5082.jpg	120K	2019-08-07 11:59
heslington-church-vaa-group-2/images/heslington_church_impulse_response-5083.jpg	163K	2019-08-07 11:59
heslington-church-vaa-group-2/images/heslington_church_impulse_response-5084.jpg	146K	2019-08-07 11:59
heslington-church-vaa-group-2/images/heslington_church_impulse_response-5085.jpg	153K	2019-08-07 11:59
heslington-church-vaa-group-2/images/heslington_church_impulse_response-5087.jpg	146K	2019-08-07 11:59
heslington-church-vaa-group-2/images/heslington_church_impulse_response-5089.jpg	166K	2019-08-07 11:59
heslington-church-vaa-group-2/images/heslington_church_impulse_response-5090.jpg	141K	2019-08-07 11:59
heslington-church-vaa-group-2/images/heslington_church_impulse_response-5092.jpg	151K	2019-08-07 11:59
heslington-church-vaa-group-2/images/heslington_church_impulse_response-5094.jpg	140K	2019-08-07 11:59
heslington-church-vaa-group-2/images/heslington_church_impulse_response-5098.jpg	123K	2019-08-07 11:59
heslington-church-vaa-group-2/images/heslington_church_impulse_response-5099.jpg	132K	2019-08-07 11:59
heslington-church-vaa-group-2/Read%20Me.txt	3.6K	2019-08-07 11:57
hoffmann-lime-kiln-langcliffeuk/b-format/ir_p1.wav	1.5M	2019-08-07 11:59
hoffmann-lime-kiln-langcliffeuk/b-format/ir_p2.wav	1.5M	2019-08-07 11:59
hoffmann-lime-kiln-langcliffeuk/b-format/ir_p3.wav	1.5M	2019-08-07 11:59
hoffmann-lime-kiln-langcliffeuk/b-format/ir_p4.wav	1.5M	2019-08-07 11:59
hoffmann-lime-kiln-langcliffeuk/b-format/ir_p5.wav	1.5M	2019-08-07 11:59
hoffmann-lime-kiln-langcliffeuk/b-format/ir_p6.wav	1.5M	2019-08-07 11:59
hoffmann-lime-kiln-langcliffeuk/Data%20Tables/hoffmann-lime-kiln-langcliffeuk-1.png	44K	2019-10-03 11:33
hoffmann-lime-kiln-langcliffeuk/examples/ir_p2_0.mp3	48K	2019-08-07 11:59
hoffmann-lime-kiln-langcliffeuk/examples/ir_p2_0.png	7.5K	2019-08-07 11:59
hoffmann-lime-kiln-langcliffeuk/examples/ir_p2_0.wav	1.5M	2019-08-07 11:59
hoffmann-lime-kiln-langcliffeuk/examples/ir_p2_0_drum.mp3	169K	2019-08-07 11:59
hoffmann-lime-kiln-langcliffeuk/examples/ir_p2_0_sing.mp3	169K	2019-08-07 11:59
hoffmann-lime-kiln-langcliffeuk/examples/ir_p2_0_small.png	2.1K	2019-08-07 11:59
hoffmann-lime-kiln-langcliffeuk/images/20170228_124702.jpg	64K	2019-08-07 11:59
hoffmann-lime-kiln-langcliffeuk/images/20170228_165814.jpg	92K	2019-08-07 11:59
hoffmann-lime-kiln-langcliffeuk/images/g0060299.jpg	63K	2019-08-07 11:59
hoffmann-lime-kiln-langcliffeuk/images/g0110306.jpg	64K	2019-08-07 11:59
hoffmann-lime-kiln-langcliffeuk/images/hoffman_plan.png	355K	2019-08-07 11:59
hoffmann-lime-kiln-langcliffeuk/images/hoffman_plan_2.png	376K	2019-08-07 11:59
hoffmann-lime-kiln-langcliffeuk/images/p1080845.jpg	89K	2019-08-07 11:59
hoffmann-lime-kiln-langcliffeuk/images/p1080846.jpg	77K	2019-08-07 11:59
hoffmann-lime-kiln-langcliffeuk/images/p1080852.jpg	65K	2019-08-07 11:59
hoffmann-lime-kiln-langcliffeuk/Read%20Me.txt	3.1K	2019-08-07 11:57
holy-trinity-church/30s_ESS/Inverse_Sweep_20_to_20000_48000.wav	4.1M	2025-08-19 09:34
holy-trinity-church/30s_ESS/Sweep_20_to_20000_48000.wav	5.0M	2025-08-19 09:34
holy-trinity-church/CONVOLUTION_EXAMPLES/MOZART_ANECHOIC.wav	62M	2025-08-19 09:34
holy-trinity-church/CONVOLUTION_EXAMPLES/MOZART_HolyTrinity_FreqDomainP1.wav	83M	2025-08-19 09:34
holy-trinity-church/CONVOLUTION_EXAMPLES/MOZART_HolyTrinity_TimeDomainP1.wav	82M	2025-08-19 09:34
holy-trinity-church/CONVOLUTION_EXAMPLES/Quartet_Anechoic.wav	16M	2025-08-19 09:34
holy-trinity-church/CONVOLUTION_EXAMPLES/Quartet_HolyT_freq_domainP1.wav	37M	2025-08-19 09:34
holy-trinity-church/CONVOLUTION_EXAMPLES/Quartet_HolyT_freq_domainP2.wav	37M	2025-08-19 09:34
holy-trinity-church/CONVOLUTION_EXAMPLES/Quartet_HolyT_time_domainP1.wav	37M	2025-08-19 09:34
holy-trinity-church/CONVOLUTION_EXAMPLES/Quartet_HolyT_time_domainP2.wav	37M	2025-08-19 09:34
holy-trinity-church/HolyTrinity_ESS_MEASUREMENTS/01_HOLY_TRIN_M1.wav	18M	2025-08-19 09:34
holy-trinity-church/HolyTrinity_ESS_MEASUREMENTS/01_HOLY_TRIN_M2.wav	18M	2025-08-19 09:34
holy-trinity-church/HolyTrinity_ESS_MEASUREMENTS/01_HOLY_TRIN_M3.wav	18M	2025-08-19 09:34
holy-trinity-church/HolyTrinity_ESS_MEASUREMENTS/01_HOLY_TRIN_M4.wav	18M	2025-08-19 09:34
holy-trinity-church/HolyTrinity_ESS_MEASUREMENTS/01_HOLY_TRIN_M5.wav	18M	2025-08-19 09:34
holy-trinity-church/HolyTrinity_ESS_MEASUREMENTS/01_HOLY_TRIN_M6.wav	18M	2025-08-19 09:34
holy-trinity-church/HolyTrinity_ESS_MEASUREMENTS/01_HOLY_TRIN_M7.wav	18M	2025-08-19 09:34
holy-trinity-church/HolyTrinity_ESS_MEASUREMENTS/01_HOLY_TRIN_M8.wav	17M	2025-08-19 09:34
holy-trinity-church/HolyTrinity_ESS_MEASUREMENTS/01_HOLY_TRIN_M9.wav	18M	2025-08-19 09:34
holy-trinity-church/HolyTrinity_ESS_MEASUREMENTS/01_HOLY_TRIN_M10.wav	17M	2025-08-19 09:34
holy-trinity-church/HolyTrinity_ESS_MEASUREMENTS/01_HOLY_TRIN_M11.wav	18M	2025-08-19 09:34
holy-trinity-church/HolyTrinity_ESS_MEASUREMENTS/01_HOLY_TRIN_M12.wav	19M	2025-08-19 09:34
holy-trinity-church/HolyTrinity_ESS_MEASUREMENTS/01_HOLY_TRIN_M13.wav	18M	2025-08-19 09:34
holy-trinity-church/HolyTrinity_ESS_MEASUREMENTS/01_HOLY_TRIN_M14.wav	17M	2025-08-19 09:34
holy-trinity-church/HolyTrinity_ESS_MEASUREMENTS/02_HOLY_TRIN_M1.wav	17M	2025-08-19 09:34
holy-trinity-church/HolyTrinity_ESS_MEASUREMENTS/02_HOLY_TRIN_M2.wav	17M	2025-08-19 09:34
holy-trinity-church/HolyTrinity_ESS_MEASUREMENTS/02_HOLY_TRIN_M3.wav	18M	2025-08-19 09:34
holy-trinity-church/HolyTrinity_ESS_MEASUREMENTS/02_HOLY_TRIN_M4.wav	18M	2025-08-19 09:34
holy-trinity-church/HolyTrinity_ESS_MEASUREMENTS/02_HOLY_TRIN_M5.wav	18M	2025-08-19 09:34
holy-trinity-church/HolyTrinity_ESS_MEASUREMENTS/02_HOLY_TRIN_M6.wav	18M	2025-08-19 09:34
holy-trinity-church/HolyTrinity_ESS_MEASUREMENTS/02_HOLY_TRIN_M7.wav	17M	2025-08-19 09:34
holy-trinity-church/HolyTrinity_ESS_MEASUREMENTS/02_HOLY_TRIN_M8.wav	17M	2025-08-19 09:34
holy-trinity-church/Holy_Trin_Pics/924994841938828783.JPG	9.6M	2025-08-19 09:34
holy-trinity-church/Holy_Trin_Pics/2410782109817162271.JPG	15M	2025-08-19 09:34
holy-trinity-church/Holy_Trin_Pics/4455328801090384488.JPG	17M	2025-08-19 09:34
holy-trinity-church/Holy_Trin_Pics/4926155967344844787.JPG	13M	2025-08-19 09:34
holy-trinity-church/Holy_Trin_Pics/6504599630017347384.JPG	18M	2025-08-19 09:34
holy-trinity-church/Holy_Trin_Pics/6871604604417532696.JPG	15M	2025-08-19 09:34
holy-trinity-church/IRs_AVG/AVG_bformat_IR_holyTp1_32_48.wav	3.7M	2025-08-19 09:34
holy-trinity-church/IRs_AVG/AVG_bformat_IR_holyTp2_32_48.wav	3.7M	2025-08-19 09:34
holy-trinity-church/IRs_INDIVIDUAL/bformat_IR_Position1_HolyTrin_M1acn.wav	2.7M	2025-08-19 09:34
holy-trinity-church/IRs_INDIVIDUAL/bformat_IR_Position1_HolyTrin_M2acn.wav	2.7M	2025-08-19 09:34
holy-trinity-church/IRs_INDIVIDUAL/bformat_IR_Position1_HolyTrin_M3acn.wav	2.7M	2025-08-19 09:34
holy-trinity-church/IRs_INDIVIDUAL/bformat_IR_Position1_HolyTrin_M4acn.wav	2.7M	2025-08-19 09:34
holy-trinity-church/IRs_INDIVIDUAL/bformat_IR_Position1_HolyTrin_M5acn.wav	2.7M	2025-08-19 09:34
holy-trinity-church/IRs_INDIVIDUAL/bformat_IR_Position1_HolyTrin_M6acn.wav	2.7M	2025-08-19 09:34
holy-trinity-church/IRs_INDIVIDUAL/bformat_IR_Position1_HolyTrin_M7acn.wav	2.7M	2025-08-19 09:34
holy-trinity-church/IRs_INDIVIDUAL/bformat_IR_Position1_HolyTrin_M8acn.wav	2.7M	2025-08-19 09:34
holy-trinity-church/IRs_INDIVIDUAL/bformat_IR_Position1_HolyTrin_M9acn.wav	2.7M	2025-08-19 09:34
holy-trinity-church/IRs_INDIVIDUAL/bformat_IR_Position1_HolyTrin_M10acn.wav	2.7M	2025-08-19 09:34
holy-trinity-church/IRs_INDIVIDUAL/bformat_IR_Position1_HolyTrin_M11acn.wav	2.7M	2025-08-19 09:34
holy-trinity-church/IRs_INDIVIDUAL/bformat_IR_Position1_HolyTrin_M12acn.wav	2.7M	2025-08-19 09:34
holy-trinity-church/IRs_INDIVIDUAL/bformat_IR_Position1_HolyTrin_M13acn.wav	2.7M	2025-08-19 09:34
holy-trinity-church/IRs_INDIVIDUAL/bformat_IR_Position1_HolyTrin_M14acn.wav	2.7M	2025-08-19 09:34
holy-trinity-church/IRs_INDIVIDUAL/bformat_IR_Position2_HolyTrin_M1acn.wav	2.7M	2025-08-19 09:34
holy-trinity-church/IRs_INDIVIDUAL/bformat_IR_Position2_HolyTrin_M2acn.wav	2.7M	2025-08-19 09:34
holy-trinity-church/IRs_INDIVIDUAL/bformat_IR_Position2_HolyTrin_M3acn.wav	2.7M	2025-08-19 09:34
holy-trinity-church/IRs_INDIVIDUAL/bformat_IR_Position2_HolyTrin_M4acn.wav	2.7M	2025-08-19 09:34
holy-trinity-church/IRs_INDIVIDUAL/bformat_IR_Position2_HolyTrin_M5acn.wav	2.7M	2025-08-19 09:34
holy-trinity-church/IRs_INDIVIDUAL/bformat_IR_Position2_HolyTrin_M6acn.wav	2.7M	2025-08-19 09:34
holy-trinity-church/IRs_INDIVIDUAL/bformat_IR_Position2_HolyTrin_M7acnwav.wav	2.7M	2025-08-19 09:34
holy-trinity-church/IRs_INDIVIDUAL/bformat_IR_Position2_HolyTrin_M8acn.wav	2.7M	2025-08-19 09:34
holy-trinity-church/HolyTrinwaveform-1.png	34K	2025-08-19 09:45
holy-trinity-church/htcg_voice.wav	926K	2025-08-19 09:48
holy-trinity-church/htc_params.png	107K	2025-08-19 09:50
holy-trinity-church/IR_HolyTinity_Mono.wav	703K	2025-08-19 09:29
holy-trinity-church/PSALM41__timeDomain_Position1.wav	21M	2025-08-19 09:34
holy-trinity-church/PSALM41__timeDomain_Position2.wav	21M	2025-08-19 09:34
house-of-commons-auralizations/auralizations/Auralization%20Results-20220429T115329Z-001/Auralization%20Results/CH%20Position%201%20S1-R1.wav	1.9M	2022-04-29 13:31
house-of-commons-auralizations/auralizations/Auralization%20Results-20220429T115329Z-001/Auralization%20Results/CH%20Position%202%20S1-R2.wav	1.9M	2022-04-29 13:31
house-of-commons-auralizations/auralizations/Auralization%20Results-20220429T115329Z-001/Auralization%20Results/CH%20Position%203%20S1-R3.wav	1.9M	2022-04-29 13:31
house-of-commons-auralizations/auralizations/Auralization%20Results-20220429T115329Z-001/Auralization%20Results/CH%20Position%204%20S1-R4.wav	1.9M	2022-04-29 13:31
house-of-commons-auralizations/auralizations/Auralization%20Results-20220429T115329Z-001/Auralization%20Results/CH%20Position%205%20S1-R5.wav	1.9M	2022-04-29 13:31
house-of-commons-auralizations/auralizations/Auralization%20Results-20220429T115329Z-001/Auralization%20Results/CH%20Position%206%20S2-R1.wav	1.9M	2022-04-29 13:31
house-of-commons-auralizations/auralizations/Auralization%20Results-20220429T115329Z-001/Auralization%20Results/CH%20Position%207%20S2-R3.wav	1.9M	2022-04-29 13:31
house-of-commons-auralizations/auralizations/Auralization%20Results-20220429T115329Z-001/Auralization%20Results/CH%20Position%208%20S2-R4.wav	1.9M	2022-04-29 13:31
house-of-commons-auralizations/auralizations/Auralization%20Results-20220429T115329Z-001/Auralization%20Results/CH%20Position%209%20S2-R5.wav	1.9M	2022-04-29 13:31
house-of-commons-auralizations/auralizations/Auralization%20Results-20220429T115329Z-001/Auralization%20Results/CH%20Position%2010%20S2-R6.wav	1.9M	2022-04-29 13:31
house-of-commons-auralizations/auralizations/Auralization%20Results-20220429T115329Z-001/Auralization%20Results/CH%20Position%2011%20S3-R1.wav	1.2M	2022-04-29 13:31
house-of-commons-auralizations/auralizations/Auralization%20Results-20220429T115329Z-001/Auralization%20Results/CH%20Position%2012%20S3-R2.wav	1.9M	2022-04-29 13:31
house-of-commons-auralizations/auralizations/Auralization%20Results-20220429T115329Z-001/Auralization%20Results/CH%20Position%2013%20S3-R3.wav	1.9M	2022-04-29 13:31
house-of-commons-auralizations/auralizations/Auralization%20Results-20220429T115329Z-001/Auralization%20Results/CH%20Position%2014%20S3-R4.wav	1.9M	2022-04-29 13:31
house-of-commons-auralizations/auralizations/Auralization%20Results-20220429T115329Z-001/Auralization%20Results/CH%20Position%2015%20S3-R6.wav	1.9M	2022-04-29 13:31
house-of-commons-auralizations/auralizations/Auralization%20Results-20220429T115329Z-001/Auralization%20Results/DS%20S1-R1%20(trimmed).wav	1.5M	2022-04-29 13:31
house-of-commons-auralizations/auralizations/Auralization%20Results-20220429T115329Z-001/Auralization%20Results/DS%20S1-R1.wav	1.9M	2022-04-29 13:31
house-of-commons-auralizations/auralizations/Auralization%20Results-20220429T115329Z-001/Auralization%20Results/HoC%20Position%201%20S1-R1.wav	1.9M	2022-04-29 13:31
house-of-commons-auralizations/auralizations/Auralization%20Results-20220429T115329Z-001/Auralization%20Results/HoC%20Position%202%20S1-R2.wav	1.2M	2022-04-29 13:31
house-of-commons-auralizations/auralizations/Auralization%20Results-20220429T115329Z-001/Auralization%20Results/HoC%20Position%203%20S1-R6.wav	1.2M	2022-04-29 13:31
house-of-commons-auralizations/auralizations/Auralization%20Results-20220429T115329Z-001/Auralization%20Results/HoC%20Position%204%20S1-R4.wav	1.2M	2022-04-29 13:31
house-of-commons-auralizations/auralizations/Auralization%20Results-20220429T115329Z-001/Auralization%20Results/HoC%20Position%205%20S1-R5.wav	1.2M	2022-04-29 13:31
house-of-commons-auralizations/auralizations/Auralization%20Results-20220429T115329Z-001/Auralization%20Results/HoC%20Position%206%20S2-R5.wav	1.2M	2022-04-29 13:31
house-of-commons-auralizations/auralizations/Auralization%20Results-20220429T115329Z-001/Auralization%20Results/HoC%20Position%207%20S2-R6.wav	1.2M	2022-04-29 13:31
house-of-commons-auralizations/auralizations/Auralization%20Results-20220429T115329Z-001/Auralization%20Results/HoC%20Position%208%20S2-R7.wav	1.2M	2022-04-29 13:31
house-of-commons-auralizations/images/House%20of%20Commons.PNG	61K	2022-04-29 12:53
house-of-commons-auralizations/images/Oxford.PNG	94K	2022-04-29 12:52
innocent-railway-tunnel/b-format/middle_tunnel_1way_bformat.wav	5.5M	2019-08-07 11:59
innocent-railway-tunnel/b-format/middle_tunnel_4way_bformat.wav	5.5M	2019-08-07 11:59
innocent-railway-tunnel/b-format/tunnel_entrance_a_1way_bformat.wav	5.5M	2019-08-07 11:59
innocent-railway-tunnel/b-format/tunnel_entrance_a_4way_bformat.wav	5.5M	2019-08-07 11:59
innocent-railway-tunnel/b-format/tunnel_entrance_b_1way_bformat.wav	5.5M	2019-08-07 11:59
innocent-railway-tunnel/b-format/tunnel_entrance_b_4way_bformat.wav	5.5M	2019-08-07 11:59
innocent-railway-tunnel/b-format/tunnel_entrance_c_1way_bformat.wav	5.5M	2019-08-07 11:59
innocent-railway-tunnel/b-format/tunnel_entrance_c_4way_bformat.wav	5.5M	2019-08-07 11:59
innocent-railway-tunnel/b-format/tunnel_entrance_d_1way_bformat.wav	5.5M	2019-08-07 11:59
innocent-railway-tunnel/b-format/tunnel_entrance_d_4way_bformat.wav	5.5M	2019-08-07 11:59
innocent-railway-tunnel/b-format/tunnel_entrance_e_1way_bformat.wav	5.5M	2019-08-07 11:59
innocent-railway-tunnel/b-format/tunnel_entrance_e_4way_bformat.wav	5.5M	2019-08-07 11:59
innocent-railway-tunnel/b-format/tunnel_entrance_f_1way_bformat.wav	5.5M	2019-08-07 11:59
innocent-railway-tunnel/b-format/tunnel_entrance_f_4way_bformat.wav	5.5M	2019-08-07 11:59
innocent-railway-tunnel/Data%20Tables/innocent-railway-tunnel-1.png	44K	2019-10-03 16:20
innocent-railway-tunnel/examples/tunnel_entrance_f_1way_mono_processed.mp3	78K	2019-08-07 11:59
innocent-railway-tunnel/examples/tunnel_entrance_f_1way_mono_processed.png	7.7K	2019-08-07 11:59
innocent-railway-tunnel/examples/tunnel_entrance_f_1way_mono_processed.wav	931K	2019-08-07 11:59
innocent-railway-tunnel/examples/tunnel_entrance_f_1way_mono_processed_drum.mp3	201K	2019-08-07 11:59
innocent-railway-tunnel/examples/tunnel_entrance_f_1way_mono_processed_sing.mp3	201K	2019-08-07 11:59
innocent-railway-tunnel/examples/tunnel_entrance_f_1way_mono_processed_small.png	2.0K	2019-08-07 11:59
innocent-railway-tunnel/images/andrew_at_tunnel_entrance.jpg	131K	2019-08-07 11:59
innocent-railway-tunnel/images/andrew_inside_tunnel.jpg	43K	2019-08-07 11:59
innocent-railway-tunnel/images/middle_tunnel_1.jpg	51K	2019-08-07 11:59
innocent-railway-tunnel/images/middle_tunnel_2.jpg	54K	2019-08-07 11:59
innocent-railway-tunnel/images/middle_tunnel_3.jpg	61K	2019-08-07 11:59
innocent-railway-tunnel/images/middle_tunnel_4.jpg	74K	2019-08-07 11:59
innocent-railway-tunnel/images/quit_your_job.jpg	84K	2019-08-07 11:59
innocent-railway-tunnel/images/sell_your_house.jpg	95K	2019-08-07 11:59
innocent-railway-tunnel/images/simon_at_tunnel_entrance.jpg	56K	2019-08-07 11:59
innocent-railway-tunnel/images/simon_inside_tunnel.jpg	18K	2019-08-07 11:59
innocent-railway-tunnel/images/simon_in_tunnel.jpg	33K	2019-08-07 11:59
innocent-railway-tunnel/images/transducer_locations.png	184K	2019-08-07 11:59
innocent-railway-tunnel/images/tunnel_cross_section.png	190K	2019-08-07 11:59
innocent-railway-tunnel/images/tunnel_entrance_1.jpg	57K	2019-08-07 11:59
innocent-railway-tunnel/images/tunnel_entrance_2.jpg	66K	2019-08-07 11:59
innocent-railway-tunnel/images/tunnel_entrance_3.jpg	120K	2019-08-07 11:59
innocent-railway-tunnel/images/view_from_tunnel_entrance.jpg	110K	2019-08-07 11:59
innocent-railway-tunnel/mono/middle_tunnel_1way_mono.wav	1.4M	2019-08-07 11:59
innocent-railway-tunnel/mono/middle_tunnel_4way_mono.wav	1.4M	2019-08-07 11:59
innocent-railway-tunnel/mono/tunnel_entrance_a_1way_mono.wav	1.4M	2019-08-07 11:59
innocent-railway-tunnel/mono/tunnel_entrance_a_4way_mono.wav	1.4M	2019-08-07 11:59
innocent-railway-tunnel/mono/tunnel_entrance_b_1way_mono.wav	1.4M	2019-08-07 11:59
innocent-railway-tunnel/mono/tunnel_entrance_b_4way_mono.wav	1.4M	2019-08-07 11:59
innocent-railway-tunnel/mono/tunnel_entrance_c_1way_mono.wav	1.4M	2019-08-07 11:59
innocent-railway-tunnel/mono/tunnel_entrance_c_4way_mono.wav	1.4M	2019-08-07 11:59
innocent-railway-tunnel/mono/tunnel_entrance_d_1way_mono.wav	1.4M	2019-08-07 11:59
innocent-railway-tunnel/mono/tunnel_entrance_d_4way_mono.wav	1.4M	2019-08-07 11:59
innocent-railway-tunnel/mono/tunnel_entrance_e_1way_mono.wav	1.4M	2019-08-07 11:59
innocent-railway-tunnel/mono/tunnel_entrance_e_4way_mono.wav	1.4M	2019-08-07 11:59
innocent-railway-tunnel/mono/tunnel_entrance_f_1way_mono.wav	1.4M	2019-08-07 11:59
innocent-railway-tunnel/mono/tunnel_entrance_f_4way_mono.wav	1.4M	2019-08-07 11:59
innocent-railway-tunnel/Read%20Me.txt	7.3K	2019-08-07 11:57
jack-lyons-concert-hall-university-york/b-format/rir_jack_lyons_lp1_96k.wav	2.9M	2019-08-07 11:59
jack-lyons-concert-hall-university-york/b-format/rir_jack_lyons_lp2_96k.wav	2.9M	2019-08-07 11:59
jack-lyons-concert-hall-university-york/b-format/rir_jack_lyons_lp3_96k.wav	2.9M	2019-08-07 11:59
jack-lyons-concert-hall-university-york/b-format/rir_jack_lyons_lp4_96k.wav	2.9M	2019-08-07 11:59
jack-lyons-concert-hall-university-york/Data%20Tables/jack-lyons-concert-hall-university-york-1.png	45K	2019-10-03 16:21
jack-lyons-concert-hall-university-york/examples/rir_jack_lyons_lp2_96k.mp3	95K	2019-08-07 11:59
jack-lyons-concert-hall-university-york/examples/rir_jack_lyons_lp2_96k.png	8.2K	2019-08-07 11:59
jack-lyons-concert-hall-university-york/examples/rir_jack_lyons_lp2_96k.wav	2.9M	2019-08-07 11:59
jack-lyons-concert-hall-university-york/examples/rir_jack_lyons_lp2_96k_drum.mp3	217K	2019-08-07 11:59
jack-lyons-concert-hall-university-york/examples/rir_jack_lyons_lp2_96k_sing.mp3	217K	2019-08-07 11:59
jack-lyons-concert-hall-university-york/examples/rir_jack_lyons_lp2_96k_small.png	2.2K	2019-08-07 11:59
jack-lyons-concert-hall-university-york/images/img_2811.jpg	69K	2019-08-07 11:59
jack-lyons-concert-hall-university-york/images/img_2812.jpg	68K	2019-08-07 11:59
jack-lyons-concert-hall-university-york/images/recording_position.jpg	72K	2019-08-07 11:59
jack-lyons-concert-hall-university-york/Read%20Me.txt	1.8K	2019-08-07 11:57
koli-national-park-summer/b-format/koli_summer_site1_1way_bformat.wav	5.5M	2019-08-07 11:59
koli-national-park-summer/b-format/koli_summer_site1_4way_bformat.wav	5.5M	2019-08-07 11:59
koli-national-park-summer/b-format/koli_summer_site2_1way_bformat.wav	5.5M	2019-08-07 11:59
koli-national-park-summer/b-format/koli_summer_site2_4way_bformat.wav	5.5M	2019-08-07 11:59
koli-national-park-summer/b-format/koli_summer_site3_1way_bformat.wav	5.5M	2019-08-07 11:59
koli-national-park-summer/b-format/koli_summer_site3_4way_bformat.wav	5.5M	2019-08-07 11:59
koli-national-park-summer/b-format/koli_summer_site4_1way_bformat.wav	5.5M	2019-08-07 11:59
koli-national-park-summer/b-format/koli_summer_site4_4way_bformat.wav	5.5M	2019-08-07 11:59
koli-national-park-summer/Data%20Tables/koli-national-park-summer-1.png	43K	2019-10-03 16:21
koli-national-park-summer/examples/koli_summer_site1_4way_mono_processed.mp3	118K	2019-08-07 11:59
koli-national-park-summer/examples/koli_summer_site1_4way_mono_processed.png	7.7K	2019-08-07 11:59
koli-national-park-summer/examples/koli_summer_site1_4way_mono_processed.wav	1.4M	2019-08-07 11:59
koli-national-park-summer/examples/koli_summer_site1_4way_mono_processed_drum.mp3	241K	2019-08-07 11:59
koli-national-park-summer/examples/koli_summer_site1_4way_mono_processed_sing.mp3	241K	2019-08-07 11:59
koli-national-park-summer/examples/koli_summer_site1_4way_mono_processed_small.png	1.8K	2019-08-07 11:59
koli-national-park-summer/images/site1_a.jpg	134K	2019-08-07 11:59
koli-national-park-summer/images/site1_b.jpg	120K	2019-08-07 11:59
koli-national-park-summer/images/site1_c.jpg	87K	2019-08-07 11:59
koli-national-park-summer/images/site1_d.jpg	108K	2019-08-07 11:59
koli-national-park-summer/images/site2_a.jpg	144K	2019-08-07 11:59
koli-national-park-summer/images/site2_b.jpg	149K	2019-08-07 11:59
koli-national-park-summer/images/site2_c.jpg	148K	2019-08-07 11:59
koli-national-park-summer/images/site2_d.jpg	87K	2019-08-07 11:59
koli-national-park-summer/images/site2_e.jpg	80K	2019-08-07 11:59
koli-national-park-summer/images/site2_f.jpg	79K	2019-08-07 11:59
koli-national-park-summer/images/site2_g.jpg	128K	2019-08-07 11:59
koli-national-park-summer/images/site2_h.jpg	51K	2019-08-07 11:59
koli-national-park-summer/images/site2_i.jpg	122K	2019-08-07 11:59
koli-national-park-summer/images/site2_j.jpg	86K	2019-08-07 11:59
koli-national-park-summer/images/site3_a.jpg	136K	2019-08-07 11:59
koli-national-park-summer/images/site3_b.jpg	127K	2019-08-07 11:59
koli-national-park-summer/images/site3_c.jpg	119K	2019-08-07 11:59
koli-national-park-summer/images/site3_d.jpg	123K	2019-08-07 11:59
koli-national-park-summer/images/site3_e.jpg	105K	2019-08-07 11:59
koli-national-park-summer/images/site3_f.jpg	108K	2019-08-07 11:59
koli-national-park-summer/images/site4_a.jpg	113K	2019-08-07 11:59
koli-national-park-summer/images/site4_b.jpg	133K	2019-08-07 11:59
koli-national-park-summer/images/site4_c.jpg	90K	2019-08-07 11:59
koli-national-park-summer/images/site4_e.jpg	122K	2019-08-07 11:59
koli-national-park-summer/images/site4_f.jpg	44K	2019-08-07 11:59
koli-national-park-summer/mono/koli_summer_site1_1way_mono.wav	1.4M	2019-08-07 11:59
koli-national-park-summer/mono/koli_summer_site1_4way_mono.wav	1.4M	2019-08-07 11:59
koli-national-park-summer/mono/koli_summer_site2_1way_mono.wav	1.4M	2019-08-07 11:59
koli-national-park-summer/mono/koli_summer_site2_4way_mono.wav	1.4M	2019-08-07 11:59
koli-national-park-summer/mono/koli_summer_site3_1way_mono.wav	1.4M	2019-08-07 11:59
koli-national-park-summer/mono/koli_summer_site3_4way_mono.wav	1.4M	2019-08-07 11:59
koli-national-park-summer/mono/koli_summer_site4_1way_mono.wav	1.4M	2019-08-07 11:59
koli-national-park-summer/mono/koli_summer_site4_4way_mono.wav	1.4M	2019-08-07 11:59
koli-national-park-summer/Read%20Me.txt	4.9K	2019-08-07 11:57
koli-national-park-winter/b-format/koli_snow_site1_1way_bformat.wav	5.5M	2019-08-07 12:00
koli-national-park-winter/b-format/koli_snow_site1_4way_bformat.wav	5.5M	2019-08-07 12:00
koli-national-park-winter/b-format/koli_snow_site2_1way_bformat.wav	5.5M	2019-08-07 12:00
koli-national-park-winter/b-format/koli_snow_site2_4way_bformat.wav	5.5M	2019-08-07 12:00
koli-national-park-winter/b-format/koli_snow_site3_1way_bformat.wav	5.5M	2019-08-07 12:00
koli-national-park-winter/b-format/koli_snow_site3_4way_bformat.wav	5.5M	2019-08-07 12:00
koli-national-park-winter/b-format/koli_snow_site4_1way_bformat.wav	5.5M	2019-08-07 12:00
koli-national-park-winter/b-format/koli_snow_site4_4way_bformat.wav	5.5M	2019-08-07 12:00
koli-national-park-winter/Data%20Tables/koli-national-park-winter-1.png	44K	2019-10-03 16:22
koli-national-park-winter/examples/koli_snow_site1_4way_mono_processed.mp3	48K	2019-08-07 12:00
koli-national-park-winter/examples/koli_snow_site1_4way_mono_processed.png	7.1K	2019-08-07 12:00
koli-national-park-winter/examples/koli_snow_site1_4way_mono_processed.wav	563K	2019-08-07 12:00
koli-national-park-winter/examples/koli_snow_site1_4way_mono_processed_drum.mp3	169K	2019-08-07 12:00
koli-national-park-winter/examples/koli_snow_site1_4way_mono_processed_sing.mp3	169K	2019-08-07 12:00
koli-national-park-winter/examples/koli_snow_site1_4way_mono_processed_small.png	1.8K	2019-08-07 12:00
koli-national-park-winter/images/measurement_gear.jpg	81K	2019-08-07 12:00
koli-national-park-winter/images/measurement_setup.png	182K	2019-08-07 12:00
koli-national-park-winter/images/site1_b.jpg	71K	2019-08-07 12:00
koli-national-park-winter/images/site1_c.jpg	46K	2019-08-07 12:00
koli-national-park-winter/images/site2_d.jpg	62K	2019-08-07 12:00
koli-national-park-winter/images/site2_f.jpg	39K	2019-08-07 12:00
koli-national-park-winter/images/site3_a.jpg	76K	2019-08-07 12:00
koli-national-park-winter/images/site3_g.jpg	83K	2019-08-07 12:00
koli-national-park-winter/images/site4_a.jpg	79K	2019-08-07 12:00
koli-national-park-winter/images/site4_d.jpg	88K	2019-08-07 12:00
koli-national-park-winter/images/site4_g.jpg	59K	2019-08-07 12:00
koli-national-park-winter/images/site4_h.jpg	69K	2019-08-07 12:00
koli-national-park-winter/images/site_1a.jpg	61K	2019-08-07 12:00
koli-national-park-winter/images/site_3_b.jpg	102K	2019-08-07 12:00
koli-national-park-winter/images/site_3_c.jpg	102K	2019-08-07 12:00
koli-national-park-winter/mono/koli_snow_site1_1way_mono.wav	1.4M	2019-08-07 12:00
koli-national-park-winter/mono/koli_snow_site1_4way_mono.wav	1.4M	2019-08-07 12:00
koli-national-park-winter/mono/koli_snow_site2_1way_mono.wav	1.4M	2019-08-07 12:00
koli-national-park-winter/mono/koli_snow_site2_4way_mono.wav	1.4M	2019-08-07 12:00
koli-national-park-winter/mono/koli_snow_site3_1way_mono.wav	1.4M	2019-08-07 12:00
koli-national-park-winter/mono/koli_snow_site3_4way_mono.wav	1.4M	2019-08-07 12:00
koli-national-park-winter/mono/koli_snow_site4_1way_mono.wav	1.4M	2019-08-07 12:00
koli-national-park-winter/mono/koli_snow_site4_4way_mono.wav	1.4M	2019-08-07 12:00
koli-national-park-winter/Read%20Me.txt	4.7K	2019-08-07 11:57
lady-chapel-st-albans-cathedral/b-format/stalbans_a_wxyz.wav	3.0M	2019-08-07 12:00
lady-chapel-st-albans-cathedral/b-format/stalbans_b_wxyz.wav	3.0M	2019-08-07 12:00
lady-chapel-st-albans-cathedral/Data%20Tables/lady-chapel-st-albans-cathedral-1.png	44K	2019-10-03 16:23
lady-chapel-st-albans-cathedral/examples/stalbans_a_mono.mp3	141K	2019-08-07 12:00
lady-chapel-st-albans-cathedral/examples/stalbans_a_mono.png	6.7K	2019-08-07 12:00
lady-chapel-st-albans-cathedral/examples/stalbans_a_mono.wav	775K	2019-08-07 12:00
lady-chapel-st-albans-cathedral/examples/stalbans_a_mono_drum.mp3	265K	2019-08-07 12:00
lady-chapel-st-albans-cathedral/examples/stalbans_a_mono_sing.mp3	265K	2019-08-07 12:00
lady-chapel-st-albans-cathedral/examples/stalbans_a_mono_small.png	1.5K	2019-08-07 12:00
lady-chapel-st-albans-cathedral/examples/stalbans_omni.mp3	141K	2019-08-07 12:00
lady-chapel-st-albans-cathedral/examples/stalbans_omni.png	8.0K	2019-08-07 12:00
lady-chapel-st-albans-cathedral/examples/stalbans_omni.wav	775K	2019-08-07 12:00
lady-chapel-st-albans-cathedral/examples/stalbans_omni_drum.mp3	265K	2019-08-07 12:00
lady-chapel-st-albans-cathedral/examples/stalbans_omni_sing.mp3	265K	2019-08-07 12:00
lady-chapel-st-albans-cathedral/examples/stalbans_omni_small.png	1.9K	2019-08-07 12:00
lady-chapel-st-albans-cathedral/images/floor_plan.png	13K	2019-08-07 12:00
lady-chapel-st-albans-cathedral/images/lady_chapel_0.jpg	75K	2019-08-07 12:00
lady-chapel-st-albans-cathedral/images/lady_chapel_1.jpg	58K	2019-08-07 12:00
lady-chapel-st-albans-cathedral/images/source_receiver_positions.png	30K	2019-08-07 12:00
lady-chapel-st-albans-cathedral/mono/stalbans_a_mono.wav	775K	2019-08-07 12:00
lady-chapel-st-albans-cathedral/mono/stalbans_b_mono.wav	775K	2019-08-07 12:00
lady-chapel-st-albans-cathedral/mono/stalbans_omni.wav	775K	2019-08-07 12:00
lady-chapel-st-albans-cathedral/stereo/stalbans_a_binaural.wav	1.5M	2019-08-07 12:00
lady-chapel-st-albans-cathedral/stereo/stalbans_a_ortf.wav	1.5M	2019-08-07 12:00
lady-chapel-st-albans-cathedral/stereo/stalbans_b_binaural.wav	1.5M	2019-08-07 12:00
lady-chapel-st-albans-cathedral/stereo/stalbans_b_ortf.wav	1.5M	2019-08-07 12:00
lady-chapel-st-albans-cathedral/surround-5-1/stalbans_a_williams.wav	4.5M	2019-08-07 12:00
lady-chapel-st-albans-cathedral/surround-5-1/stalbans_b_williams.wav	4.5M	2019-08-07 12:00
lady-chapel-st-albans-cathedral/Read%20Me.txt	3.7K	2019-08-07 11:57
Live%20Room%20(Physics%20and%20Electronic%20Engineering%20Buildings)/B-Format/S1R1_LiveRoom_IR_1.wav	388K	2020-03-17 16:34
Live%20Room%20(Physics%20and%20Electronic%20Engineering%20Buildings)/B-Format/S1R2_LiveRoom_IR_1.wav	388K	2020-03-17 16:34
Live%20Room%20(Physics%20and%20Electronic%20Engineering%20Buildings)/B-Format/S1R3_LiveRoom_IR_1.wav	388K	2020-03-17 16:34
Live%20Room%20(Physics%20and%20Electronic%20Engineering%20Buildings)/B-Format/S1R4_LiveRoom_IR_1.wav	388K	2020-03-17 16:34
Live%20Room%20(Physics%20and%20Electronic%20Engineering%20Buildings)/B-Format/S2R1_LiveRoom_IR_1.wav	388K	2020-03-17 16:34
Live%20Room%20(Physics%20and%20Electronic%20Engineering%20Buildings)/B-Format/S2R2_LiveRoom_IR_1.wav	388K	2020-03-17 16:34
Live%20Room%20(Physics%20and%20Electronic%20Engineering%20Buildings)/B-Format/S2R3_LiveRoom_IR_1.wav	388K	2020-03-17 16:34
Live%20Room%20(Physics%20and%20Electronic%20Engineering%20Buildings)/B-Format/S2R4_LiveRoom_IR_1.wav	388K	2020-03-17 16:34
Live%20Room%20(Physics%20and%20Electronic%20Engineering%20Buildings)/Examples/singer_s1r1.wav	1.4M	2020-03-17 16:34
Live%20Room%20(Physics%20and%20Electronic%20Engineering%20Buildings)/Examples/singer_s1r4.wav	1.4M	2020-03-17 16:34
Live%20Room%20(Physics%20and%20Electronic%20Engineering%20Buildings)/Examples/singer_s2r1.wav	1.4M	2020-03-17 16:34
Live%20Room%20(Physics%20and%20Electronic%20Engineering%20Buildings)/Images/141582920225_.pic_hd.jpg	4.7M	2020-03-17 16:34
Live%20Room%20(Physics%20and%20Electronic%20Engineering%20Buildings)/Images/Floor%20Plan.png	18K	2020-03-17 16:34
Live%20Room%20(Physics%20and%20Electronic%20Engineering%20Buildings)/Images/setup.jpg	43K	2020-03-17 16:34
Live%20Room%20(Physics%20and%20Electronic%20Engineering%20Buildings)/Virtual%20Recreation/Sketch-up%20Recreation.png	370K	2020-03-17 16:34
Live%20Room%20(Physics%20and%20Electronic%20Engineering%20Buildings)/Virtual%20Recreation/Virtual_IR.Wav	103K	2020-03-17 16:34
maes-howe/b-format/mh3_000_bformat_48k.wav	563K	2019-08-07 12:00
maes-howe/Data%20Tables/maes-howe-1.png	44K	2019-10-03 16:23
maes-howe/examples/mh3_000_wx_48k.mp3	24K	2019-08-07 12:00
maes-howe/examples/mh3_000_wx_48k.png	6.7K	2019-08-07 12:00
maes-howe/examples/mh3_000_wx_48k.wav	281K	2019-08-07 12:00
maes-howe/examples/mh3_000_wx_48k_drum.mp3	145K	2019-08-07 12:00
maes-howe/examples/mh3_000_wx_48k_sing.mp3	145K	2019-08-07 12:00
maes-howe/examples/mh3_000_wx_48k_small.png	1.9K	2019-08-07 12:00
maes-howe/images/mh_ext_sm.jpg	8.4K	2019-08-07 12:00
maes-howe/images/mh_int_ceil_sm.jpg	19K	2019-08-07 12:00
maes-howe/images/mh_int_passage_sm.jpg	14K	2019-08-07 12:00
maes-howe/images/mh_layout.jpg	5.9K	2019-08-07 12:00
maes-howe/stereo/mh3_000_ortf_48k.wav	281K	2019-08-07 12:00
maes-howe/Read%20Me.txt	970	2019-08-07 11:57
newgrange/b-format/newgrange_s1r1.wav	3.7M	2019-08-07 12:00
newgrange/b-format/newgrange_s1r1_2.wav	3.7M	2019-08-07 12:00
newgrange/b-format/newgrange_s1r2.wav	3.7M	2019-08-07 12:00
newgrange/b-format/newgrange_s1r3.wav	3.7M	2019-08-07 12:00
newgrange/b-format/newgrange_s1r4.wav	3.7M	2019-08-07 12:00
newgrange/b-format/newgrange_s1r5.wav	3.7M	2019-08-07 12:00
newgrange/b-format/newgrange_s1r5_2.wav	3.7M	2019-08-07 12:00
newgrange/b-format/newgrange_s1r6.wav	3.7M	2019-08-07 12:00
newgrange/b-format/newgrange_s2r1.wav	3.7M	2019-08-07 12:00
newgrange/b-format/newgrange_s3r1.wav	3.7M	2019-08-07 12:00
newgrange/b-format/newgrange_s4r1.wav	3.7M	2019-08-07 12:00
newgrange/b-format/newgrange_s4r2.wav	3.7M	2019-08-07 12:00
newgrange/b-format/newgrange_s5r1.wav	3.7M	2019-08-07 12:00
newgrange/b-format/newgrange_s6r1.wav	3.7M	2019-08-07 12:00
newgrange/Data%20Tables/newgrange-1.png	44K	2019-10-03 16:24
newgrange/examples/newgrange_s1r1.mp3	118K	2019-08-07 12:00
newgrange/examples/newgrange_s1r1.png	7.7K	2019-08-07 12:00
newgrange/examples/newgrange_s1r1.wav	3.7M	2019-08-07 12:00
newgrange/examples/newgrange_s1r1_drum.mp3	241K	2019-08-07 12:00
newgrange/examples/newgrange_s1r1_sing.mp3	241K	2019-08-07 12:00
newgrange/examples/newgrange_s1r1_small.png	1.8K	2019-08-07 12:00
newgrange/images/20190506_065329.jpg	33K	2019-08-07 12:00
newgrange/images/20190506_075607.jpg	59K	2019-08-07 12:00
newgrange/images/20190506_075943.jpg	47K	2019-08-07 12:00
newgrange/images/20190506_080510.jpg	53K	2019-08-07 12:00
newgrange/images/20190506_083035.jpg	52K	2019-08-07 12:00
newgrange/images/newgrangeplans1.png	102K	2019-08-07 12:00
newgrange/images/newgrangeplans6.png	99K	2019-08-07 12:00
newgrange/images/newgrangeplans45.png	99K	2019-08-07 12:00
newgrange/images/newgrangeplans234.png	100K	2019-08-07 12:00
newgrange/images/plan-section-1024.gif	75K	2019-08-07 12:00
newgrange/Read%20Me.txt	2.1K	2019-08-07 11:57
PL001/examples/IR_EigenmikePL001F1_processed.mp3	22K	2023-11-20 07:34
PL001/examples/IR_EigenmikePL001F1_processed.wav	563K	2023-11-20 07:34
PL001/examples/PL001_burp.mp3	50K	2023-11-20 07:34
PL001/examples/PL001_drums.mp3	76K	2023-11-20 07:34
PL001/examples/PL001_IR_waveform.png	20K	2023-11-20 07:34
PL001/examples/PL001_singing.mp3	65K	2023-11-20 07:34
PL001/images/PL001-AP.png	93K	2023-11-20 07:34
PL001/images/PL001-Schematic.PNG	13K	2023-11-20 07:34
PL001/images/PL001.JPG	2.3M	2023-11-20 07:34
PL001/images/SR-schematic.png	57K	2023-11-20 07:34
PL001/images/SR.PNG	614K	2023-11-20 07:34
PL001/PL001-3order-Ambisonic-16channels/IR_EigenmikePL001B1_processed.wav	5.7M	2023-11-20 07:34
PL001/PL001-3order-Ambisonic-16channels/IR_EigenmikePL001B2_processed.wav	6.6M	2023-11-20 07:34
PL001/PL001-3order-Ambisonic-16channels/IR_EigenmikePL001F1_processed.wav	6.6M	2023-11-20 07:34
PL001/PL001-3order-Ambisonic-16channels/IR_EigenmikePL001F2_processed.wav	6.6M	2023-11-20 07:34
PL001/PL001-3order-Ambisonic-16channels/IR_EigenmikePL001L1_processed.wav	4.1M	2023-11-20 07:34
PL001/PL001-3order-Ambisonic-16channels/IR_EigenmikePL001L2_processed.wav	6.6M	2023-11-20 07:34
PL001/PL001-3order-Ambisonic-16channels/IR_EigenmikePL001R1_processed.wav	4.8M	2023-11-20 07:34
PL001/PL001-3order-Ambisonic-16channels/IR_EigenmikePL001R2_processed.wav	5.8M	2023-11-20 07:34
PL001/PL001-bformat/IR_EigenmikePL001B1_processed_Bformat.wav	1.4M	2023-11-20 07:34
PL001/PL001-bformat/IR_EigenmikePL001B2_processed_Bformat.wav	1.6M	2023-11-20 07:34
PL001/PL001-bformat/IR_EigenmikePL001F1_processed_Bformat.wav	1.6M	2023-11-20 07:34
PL001/PL001-bformat/IR_EigenmikePL001F2_processed_Bformat.wav	1.6M	2023-11-20 07:34
PL001/PL001-bformat/IR_EigenmikePL001L1_processed_Bformat.wav	1.0M	2023-11-20 07:34
PL001/PL001-bformat/IR_EigenmikePL001L2_processed_Bformat.wav	1.6M	2023-11-20 07:34
PL001/PL001-bformat/IR_EigenmikePL001R1_processed_Bformat.wav	1.2M	2023-11-20 07:34
PL001/PL001-bformat/IR_EigenmikePL001R2_processed_Bformat.wav	1.4M	2023-11-20 07:34
PL001/Read%20Me.txt	11K	2023-11-20 07:34
r1-nuclear-reactor-hall/b-format/r1_bformat-48k.wav	4.8M	2019-08-07 12:00
r1-nuclear-reactor-hall/b-format/r1_bformat.wav	7.5M	2019-08-07 12:00
r1-nuclear-reactor-hall/Data%20Tables/r1-nuclear-reactor-hall-1.png	44K	2019-10-03 16:24
r1-nuclear-reactor-hall/examples/r1_omni_48k.mp3	468K	2019-08-07 12:00
r1-nuclear-reactor-hall/examples/r1_omni_48k.png	8.6K	2019-08-07 12:00
r1-nuclear-reactor-hall/examples/r1_omni_48k.wav	2.7M	2019-08-07 12:00
r1-nuclear-reactor-hall/examples/r1_omni_48k_drum.mp3	593K	2019-08-07 12:00
r1-nuclear-reactor-hall/examples/r1_omni_48k_sing.mp3	593K	2019-08-07 12:00
r1-nuclear-reactor-hall/examples/r1_omni_48k_small.png	1.9K	2019-08-07 12:00
r1-nuclear-reactor-hall/images/dscf0126.jpg	47K	2019-08-07 12:00
r1-nuclear-reactor-hall/images/dscf0127.jpg	41K	2019-08-07 12:00
r1-nuclear-reactor-hall/images/dscf0128.jpg	64K	2019-08-07 12:00
r1-nuclear-reactor-hall/images/dscf0129.jpg	41K	2019-08-07 12:00
r1-nuclear-reactor-hall/images/dscf0130.jpg	48K	2019-08-07 12:00
r1-nuclear-reactor-hall/images/dscf0131.jpg	51K	2019-08-07 12:00
r1-nuclear-reactor-hall/images/dscf0132.jpg	42K	2019-08-07 12:00
r1-nuclear-reactor-hall/images/dscf0133.jpg	44K	2019-08-07 12:00
r1-nuclear-reactor-hall/images/p1010907.jpg	55K	2019-08-07 12:00
r1-nuclear-reactor-hall/images/p1010908.jpg	49K	2019-08-07 12:00
r1-nuclear-reactor-hall/images/p1010913.jpg	57K	2019-08-07 12:00
r1-nuclear-reactor-hall/mono/r1_omni.wav	2.5M	2019-08-07 12:00
r1-nuclear-reactor-hall/mono/r1_omni_48k.wav	2.7M	2019-08-07 12:00
r1-nuclear-reactor-hall/stereo/r1_ortf-48k.wav	5.6M	2019-08-07 12:00
r1-nuclear-reactor-hall/stereo/r1_ortf.wav	5.1M	2019-08-07 12:00
r1-nuclear-reactor-hall/surround-5-1/r1_williams-48k.wav	7.3M	2019-08-07 12:00
r1-nuclear-reactor-hall/surround-5-1/r1_williams.wav	7.4M	2019-08-07 12:00
r1-nuclear-reactor-hall/Read%20Me.txt	3.8K	2019-08-07 11:57
ron-cooke-hub-university-york/b-format/fsfr.wav	1.1M	2019-08-07 12:00
ron-cooke-hub-university-york/b-format/fssr.wav	1.1M	2019-08-07 12:00
ron-cooke-hub-university-york/b-format/fstr.wav	1.1M	2019-08-07 12:00
ron-cooke-hub-university-york/b-format/ssfr.wav	1.1M	2019-08-07 12:00
ron-cooke-hub-university-york/b-format/sssr.wav	1.1M	2019-08-07 12:00
ron-cooke-hub-university-york/b-format/sstr.wav	1.1M	2019-08-07 12:00
ron-cooke-hub-university-york/b-format/tsfr.wav	1.1M	2019-08-07 12:00
ron-cooke-hub-university-york/b-format/tsfthr.wav	1.1M	2019-08-07 12:00
ron-cooke-hub-university-york/b-format/tssr.wav	1.1M	2019-08-07 12:00
ron-cooke-hub-university-york/b-format/tstr_ir.wav	1.1M	2019-08-07 12:00
ron-cooke-hub-university-york/Data%20Tables/ron-cooke-hub-university-york-1.png	43K	2019-10-03 16:25
ron-cooke-hub-university-york/examples/fsfr.mp3	24K	2019-08-07 12:00
ron-cooke-hub-university-york/examples/fsfr.png	9.9K	2019-08-07 12:00
ron-cooke-hub-university-york/examples/fsfr.wav	1.1M	2019-08-07 12:00
ron-cooke-hub-university-york/examples/fsfr_drum.mp3	145K	2019-08-07 12:00
ron-cooke-hub-university-york/examples/fsfr_sing.mp3	145K	2019-08-07 12:00
ron-cooke-hub-university-york/examples/fsfr_small.png	3.0K	2019-08-07 12:00
ron-cooke-hub-university-york/images/img_1581-min.jpg	905K	2019-08-07 12:00
ron-cooke-hub-university-york/images/img_1583-min.jpg	1.1M	2019-08-07 12:00
ron-cooke-hub-university-york/images/receiverpositions.jpg	163K	2019-08-07 12:00
ron-cooke-hub-university-york/images/roncookehub-min.jpg	339K	2019-08-07 12:00
ron-cooke-hub-university-york/images/ronone-min.jpg	1.2M	2019-08-07 12:00
ron-cooke-hub-university-york/images/rontwo-min.jpg	1.0M	2019-08-07 12:00
ron-cooke-hub-university-york/images/ron_imgother-min.jpg	70K	2019-08-07 12:00
ron-cooke-hub-university-york/images/screen_shot_2018-03-08_at_10.51.24.jpg	254K	2019-08-07 12:00
ron-cooke-hub-university-york/images/sourcepositions.jpg	160K	2019-08-07 12:00
ron-cooke-hub-university-york/Read%20Me.txt	3.4K	2019-08-07 11:57
saint-lawrence-church-molenbeek-wersbeek-belgium/Data%20Tables/saint-lawrence-church-molenbeek-wersbeek-belgium-1.png	44K	2019-10-03 16:25
saint-lawrence-church-molenbeek-wersbeek-belgium/examples/ir_church_saint-laurentius_molenbeek_bekkevoort_belgium.mp3	26K	2019-08-07 12:00
saint-lawrence-church-molenbeek-wersbeek-belgium/examples/ir_church_saint-laurentius_molenbeek_bekkevoort_belgium.png	7.5K	2019-08-07 12:00
saint-lawrence-church-molenbeek-wersbeek-belgium/examples/ir_church_saint-laurentius_molenbeek_bekkevoort_belgium.wav	617K	2019-08-07 12:00
saint-lawrence-church-molenbeek-wersbeek-belgium/examples/ir_church_saint-laurentius_molenbeek_bekkevoort_belgium_drum.mp3	153K	2019-08-07 12:00
saint-lawrence-church-molenbeek-wersbeek-belgium/examples/ir_church_saint-laurentius_molenbeek_bekkevoort_belgium_sing.mp3	153K	2019-08-07 12:00
saint-lawrence-church-molenbeek-wersbeek-belgium/examples/ir_church_saint-laurentius_molenbeek_bekkevoort_belgium_small.png	2.1K	2019-08-07 12:00
saint-lawrence-church-molenbeek-wersbeek-belgium/images/sint_laurentius_kerkraamcolorkl.jpg	35K	2019-08-07 12:00
saint-lawrence-church-molenbeek-wersbeek-belgium/stereo/ir_church_saint-laurentius_molenbeek_bekkevoort_belgium.wav	617K	2019-08-07 12:00
saint-lawrence-church-molenbeek-wersbeek-belgium/Read%20Me.txt	541	2019-08-07 11:57
shrine-and-parish-church-all-saints-north-street-_/b-format/r1_90_bformat.wav	16M	2019-08-07 12:00
shrine-and-parish-church-all-saints-north-street-_/b-format/r2_90_bformat.wav	16M	2019-08-07 12:00
shrine-and-parish-church-all-saints-north-street-_/b-format/r3_90_bformat.wav	17M	2019-08-07 12:00
shrine-and-parish-church-all-saints-north-street-_/b-format/r4_90_bformat.wav	16M	2019-08-07 12:00
shrine-and-parish-church-all-saints-north-street-_/b-format/r5_90_bformat.wav	16M	2019-08-07 12:00
shrine-and-parish-church-all-saints-north-street-_/b-format/r6_90_bformat.wav	16M	2019-08-07 12:00
shrine-and-parish-church-all-saints-north-street-_/Data%20Tables/shrine-and-parish-church-all-saints-north-street-_-1.png	44K	2019-10-03 16:26
shrine-and-parish-church-all-saints-north-street-_/examples/r1.mp3	352K	2019-08-07 12:00
shrine-and-parish-church-all-saints-north-street-_/examples/r1.png	8.7K	2019-08-07 12:00
shrine-and-parish-church-all-saints-north-street-_/examples/r1.wav	2.7M	2019-08-07 12:00
shrine-and-parish-church-all-saints-north-street-_/examples/r1_drum.mp3	473K	2019-08-07 12:00
shrine-and-parish-church-all-saints-north-street-_/examples/r1_sing.mp3	473K	2019-08-07 12:00
shrine-and-parish-church-all-saints-north-street-_/examples/r1_small.png	2.0K	2019-08-07 12:00
shrine-and-parish-church-all-saints-north-street-_/images/church_withoutcerling_iso_fl.jpg	29K	2019-08-07 12:00
shrine-and-parish-church-all-saints-north-street-_/images/church_withoutcerling_iso_fr.jpg	29K	2019-08-07 12:00
shrine-and-parish-church-all-saints-north-street-_/images/church_withoutcerling_top_2.jpg	23K	2019-08-07 12:00
shrine-and-parish-church-all-saints-north-street-_/images/img_7574.jpg	50K	2019-10-14 15:38
shrine-and-parish-church-all-saints-north-street-_/images/img_7579.jpg	90K	2019-10-14 15:22
shrine-and-parish-church-all-saints-north-street-_/images/img_7772.jpg	49K	2019-10-14 15:22
shrine-and-parish-church-all-saints-north-street-_/images/img_7784.jpg	51K	2019-10-14 15:22
shrine-and-parish-church-all-saints-north-street-_/mono/r1.wav	2.7M	2019-08-07 12:00
shrine-and-parish-church-all-saints-north-street-_/mono/r2.wav	2.7M	2019-08-07 12:00
shrine-and-parish-church-all-saints-north-street-_/mono/r3.wav	2.7M	2019-08-07 12:00
shrine-and-parish-church-all-saints-north-street-_/mono/r4.wav	2.7M	2019-08-07 12:00
shrine-and-parish-church-all-saints-north-street-_/mono/r5.wav	2.7M	2019-08-07 12:00
shrine-and-parish-church-all-saints-north-street-_/mono/r6.wav	2.7M	2019-08-07 12:00
shrine-and-parish-church-all-saints-north-street-_/Read%20Me.txt	2.9K	2019-08-07 11:57
slinky-ir/Data%20Tables/slinky-ir-1.png	45K	2019-10-03 16:26
slinky-ir/examples/slinky_ir.mp3	306K	2019-08-07 12:00
slinky-ir/examples/slinky_ir.png	9.9K	2019-08-07 12:00
slinky-ir/examples/slinky_ir.wav	2.2M	2019-08-07 12:00
slinky-ir/examples/slinky_ir_drum.mp3	433K	2019-08-07 12:00
slinky-ir/examples/slinky_ir_sing.mp3	433K	2019-08-07 12:00
slinky-ir/examples/slinky_ir_small.png	2.4K	2019-08-07 12:00
slinky-ir/images/1024px-2006-02-04_metal_spiral.jpg	50K	2019-08-07 12:00
slinky-ir/mono/slinky_ir.wav	2.2M	2019-08-07 12:00
slinky-ir/Read%20Me.txt	177	2019-08-07 11:57
spokane-womans-club/Data%20Tables/spokane-womans-club-1.png	44K	2019-10-03 16:27
spokane-womans-club/examples/spokane_womans_club_ir.mp3	142K	2019-08-07 12:00
spokane-womans-club/examples/spokane_womans_club_ir.png	9.0K	2019-08-07 12:00
spokane-womans-club/examples/spokane_womans_club_ir.wav	1.5M	2019-08-07 12:00
spokane-womans-club/examples/spokane_womans_club_ir_drum.mp3	265K	2019-08-07 12:00
spokane-womans-club/examples/spokane_womans_club_ir_sing.mp3	265K	2019-08-07 12:00
spokane-womans-club/examples/spokane_womans_club_ir_small.png	2.0K	2019-08-07 12:00
spokane-womans-club/images/swc.jpg	155K	2019-08-07 12:00
spokane-womans-club/stereo/spokane_womans_club_ir.wav	1.5M	2019-08-07 12:00
spokane-womans-club/Read%20Me.txt	414	2019-08-07 11:57
sports-centre-university-york/b-format/sportscentre_wxyz.wav	11M	2019-08-07 12:00
sports-centre-university-york/Data%20Tables/sports-centre-university-york-1.png	44K	2019-10-03 16:28
sports-centre-university-york/examples/sportscentre_cardioid_1.mp3	231K	2019-08-07 12:00
sports-centre-university-york/examples/sportscentre_cardioid_1.png	10K	2019-08-07 12:00
sports-centre-university-york/examples/sportscentre_cardioid_1.wav	2.7M	2019-08-07 12:00
sports-centre-university-york/examples/sportscentre_cardioid_1_drum.mp3	353K	2019-08-07 12:00
sports-centre-university-york/examples/sportscentre_cardioid_1_sing.mp3	353K	2019-08-07 12:00
sports-centre-university-york/examples/sportscentre_cardioid_1_small.png	1.9K	2019-08-07 12:00
sports-centre-university-york/images/dsc00704.jpg	44K	2019-08-07 12:00
sports-centre-university-york/images/dsc00705.jpg	66K	2019-08-07 12:00
sports-centre-university-york/images/dsc00706.jpg	35K	2019-08-07 12:00
sports-centre-university-york/mono/sportscentre_cardioid.wav	2.7M	2019-08-07 12:00
sports-centre-university-york/mono/sportscentre_omni.wav	2.7M	2019-08-07 12:00
sports-centre-university-york/stereo/sportscentre_ortf.wav	5.4M	2019-08-07 12:00
sports-centre-university-york/surround-5-1/sportscentre_williams.wav	8.1M	2019-08-07 12:00
sports-centre-university-york/Read%20Me.txt	937	2019-08-07 11:57
spring-lane-building-university-york/b-format/sp1_mp1_ir_bformat_trimmed.wav	1.7M	2019-08-07 12:00
spring-lane-building-university-york/b-format/sp1_mp2_ir_bformat_trimmed.wav	1.7M	2019-08-07 12:00
spring-lane-building-university-york/b-format/sp1_mp3_ir_bformat_trimmed.wav	1.7M	2019-08-07 12:00
spring-lane-building-university-york/b-format/sp1_mp4_ir_bformat_trimmed.wav	1.7M	2019-08-07 12:00
spring-lane-building-university-york/b-format/sp1_mp5_ir_bformat_trimmed.wav	1.7M	2019-08-07 12:00
spring-lane-building-university-york/b-format/sp2_mp1_ir_bformat_trimmed.wav	1.7M	2019-08-07 12:00
spring-lane-building-university-york/b-format/sp2_mp2_ir_bformat_trimmed.wav	1.7M	2019-08-07 12:00
spring-lane-building-university-york/b-format/sp2_mp3_ir_bformat_trimmed.wav	1.7M	2019-08-07 12:00
spring-lane-building-university-york/b-format/sp2_mp4_ir_bformat_trimmed.wav	1.7M	2019-08-07 12:00
spring-lane-building-university-york/b-format/stairwell_ir_bformat_trimmed.wav	1.8M	2019-08-07 12:00
spring-lane-building-university-york/Data%20Tables/spring-lane-building-university-york-1.png	44K	2019-10-03 16:29
spring-lane-building-university-york/examples/sp1_mp4_ir_bformat_trimmed_0_0.mp3	81K	2019-08-07 12:00
spring-lane-building-university-york/examples/sp1_mp4_ir_bformat_trimmed_0_0.png	8.0K	2019-08-07 12:00
spring-lane-building-university-york/examples/sp1_mp4_ir_bformat_trimmed_0_0.wav	1.7M	2019-08-07 12:00
spring-lane-building-university-york/examples/sp1_mp4_ir_bformat_trimmed_0_0_drum.mp3	209K	2019-08-07 12:00
spring-lane-building-university-york/examples/sp1_mp4_ir_bformat_trimmed_0_0_sing.mp3	209K	2019-08-07 12:00
spring-lane-building-university-york/examples/sp1_mp4_ir_bformat_trimmed_0_0_small.png	2.1K	2019-08-07 12:00
spring-lane-building-university-york/images/backentrance-min.jpg	657K	2019-08-07 12:00
spring-lane-building-university-york/images/birdseyeviewone.png	218K	2019-08-07 12:00
spring-lane-building-university-york/images/birdseyeviewtwo.png	181K	2019-08-07 12:00
spring-lane-building-university-york/images/captura_de_pantalla_2018-03-07_a_las_15.01.16.png	400K	2019-08-07 12:00
spring-lane-building-university-york/images/captura_de_pantalla_2018-03-07_a_las_15.01.55.png	384K	2019-08-07 12:00
spring-lane-building-university-york/images/exterior.jpg	1.1M	2019-08-07 12:00
spring-lane-building-university-york/images/firstfloorback-min.jpg	1.0M	2019-08-07 12:00
spring-lane-building-university-york/images/frontentrance-min.jpg	811K	2019-08-07 12:00
spring-lane-building-university-york/images/secondfloorbridgeone-min.jpg	792K	2019-08-07 12:00
spring-lane-building-university-york/images/secondfloorbridgetwo-min.jpg	1.3M	2019-08-07 12:00
spring-lane-building-university-york/images/secondfloorclassroom-min.jpg	1.2M	2019-08-07 12:00
spring-lane-building-university-york/images/secondfloorfarcorner-min.jpg	1.3M	2019-08-07 12:00
spring-lane-building-university-york/images/secondfloorstairsone-min.jpg	1.2M	2019-08-07 12:00
spring-lane-building-university-york/images/secondfloorstairstwo-min.jpg	1.3M	2019-08-07 12:00
spring-lane-building-university-york/images/secondfloorstudycorner-min.jpg	788K	2019-08-07 12:00
spring-lane-building-university-york/images/secondfloorunderstairs-min.jpg	1.0M	2019-08-07 12:00
spring-lane-building-university-york/stereo/sp1_mp1_ir_stereo_trimmed.wav	1.0M	2019-08-07 12:00
spring-lane-building-university-york/stereo/sp1_mp2_ir_stereo_trimmed.wav	1.0M	2019-08-07 12:00
spring-lane-building-university-york/stereo/sp1_mp3_ir_stereo_trimmed.wav	1.0M	2019-08-07 12:00
spring-lane-building-university-york/stereo/sp1_mp4_ir_stereo_trimmed.wav	1.0M	2019-08-07 12:00
spring-lane-building-university-york/stereo/sp1_mp5_ir_stereo_trimmed.wav	1.0M	2019-08-07 12:00
spring-lane-building-university-york/stereo/sp2_mp1_ir_stereo_trimmed.wav	1.0M	2019-08-07 12:00
spring-lane-building-university-york/stereo/sp2_mp2_ir_stereo_trimmed.wav	1.0M	2019-08-07 12:00
spring-lane-building-university-york/stereo/sp2_mp3_ir_stereo_trimmed.wav	1.0M	2019-08-07 12:00
spring-lane-building-university-york/stereo/sp2_mp4_ir_stereo_trimmed.wav	1.0M	2019-08-07 12:00
spring-lane-building-university-york/stereo/stairwell_ir_stereo_trimmed.wav	1.3M	2019-08-07 12:00
spring-lane-building-university-york/Read%20Me.txt	9.0K	2019-08-07 11:57
st-andrews-church/b-format/lyd3_000_bformat_48k.wav	1.1M	2019-08-07 12:00
st-andrews-church/Data%20Tables/st-andrews-church-1.png	44K	2019-10-03 16:30
st-andrews-church/examples/lyd3_000_wx_48k.mp3	48K	2019-08-07 12:00
st-andrews-church/examples/lyd3_000_wx_48k.png	7.3K	2019-08-07 12:00
st-andrews-church/examples/lyd3_000_wx_48k.wav	750K	2019-08-07 12:00
st-andrews-church/examples/lyd3_000_wx_48k_drum.mp3	169K	2019-08-07 12:00
st-andrews-church/examples/lyd3_000_wx_48k_sing.mp3	169K	2019-08-07 12:00
st-andrews-church/examples/lyd3_000_wx_48k_small.png	2.0K	2019-08-07 12:00
st-andrews-church/images/lydjarclose_sm.jpg	17K	2019-08-07 12:00
st-andrews-church/images/lyd_ext_sm.jpg	10K	2019-08-07 12:00
st-andrews-church/images/lyd_int2_sm.jpg	19K	2019-08-07 12:00
st-andrews-church/images/lyd_int_sm.jpg	24K	2019-08-07 12:00
st-andrews-church/stereo/lyd3_000_ortf_48k.wav	750K	2019-08-07 12:00
st-andrews-church/Read%20Me.txt	1.0K	2019-08-07 11:58
st-georges-episcopal-church/Data%20Tables/st-georges-episcopal-church-1.png	43K	2019-10-03 16:30
st-georges-episcopal-church/examples/st_georges_far.mp3	71K	2019-08-07 12:00
st-georges-episcopal-church/examples/st_georges_far.png	7.3K	2019-08-07 12:00
st-georges-episcopal-church/examples/st_georges_far.wav	1.7M	2019-08-07 12:00
st-georges-episcopal-church/examples/st_georges_far_drum.mp3	193K	2019-08-07 12:00
st-georges-episcopal-church/examples/st_georges_far_sing.mp3	193K	2019-08-07 12:00
st-georges-episcopal-church/examples/st_georges_far_small.png	2.1K	2019-08-07 12:00
st-georges-episcopal-church/images/img_0757_1.jpg	77K	2019-10-15 13:33
st-georges-episcopal-church/images/img_0760_1.jpg	87K	2019-10-15 13:33
st-georges-episcopal-church/images/screen_shot_2016-04-30_at_3.18.12_pm.png	103K	2019-08-07 12:00
st-georges-episcopal-church/stereo/st_georges_close.wav	1.7M	2019-08-07 12:00
st-georges-episcopal-church/stereo/st_georges_far.wav	1.7M	2019-08-07 12:00
st-georges-episcopal-church/stereo/st_georges_medium.wav	1.7M	2019-08-07 12:00
st-georges-episcopal-church/Read%20Me.txt	499	2019-08-07 11:58
st-margarets-church-national-centre-early-music/b-format/r1_1st_configuration.wav	18M	2019-08-07 12:01
st-margarets-church-national-centre-early-music/b-format/r1_2nd_configuration.wav	18M	2019-08-07 12:01
st-margarets-church-national-centre-early-music/b-format/r1_3rd_configuration.wav	18M	2019-08-07 12:01
st-margarets-church-national-centre-early-music/b-format/r2_1st_configuration.wav	18M	2019-08-07 12:02
st-margarets-church-national-centre-early-music/b-format/r2_2nd_configuration.wav	18M	2019-08-07 12:02
st-margarets-church-national-centre-early-music/b-format/r2_3rd_configuration.wav	18M	2019-08-07 12:02
st-margarets-church-national-centre-early-music/b-format/r3_1st_configuration.wav	18M	2019-08-07 12:02
st-margarets-church-national-centre-early-music/b-format/r3_2nd_configuration.wav	18M	2019-08-07 12:02
st-margarets-church-national-centre-early-music/b-format/r3_3rd_configuration.wav	18M	2019-08-07 12:02
st-margarets-church-national-centre-early-music/b-format/r4_1st_configuration.wav	18M	2019-08-07 12:02
st-margarets-church-national-centre-early-music/b-format/r4_2nd_configuration.wav	18M	2019-08-07 12:02
st-margarets-church-national-centre-early-music/b-format/r4_3rd_configuration.wav	18M	2019-08-07 12:02
st-margarets-church-national-centre-early-music/b-format/r5_1st_configuration.wav	18M	2019-08-07 12:02
st-margarets-church-national-centre-early-music/b-format/r5_2nd_configuration.wav	18M	2019-08-07 12:03
st-margarets-church-national-centre-early-music/b-format/r5_3rd_configuration.wav	18M	2019-08-07 12:03
st-margarets-church-national-centre-early-music/b-format/r6_1st_configuration.wav	18M	2019-08-07 12:03
st-margarets-church-national-centre-early-music/b-format/r6_2nd_configuration.wav	18M	2019-08-07 12:03
st-margarets-church-national-centre-early-music/b-format/r6_3rd_configuration.wav	18M	2019-08-07 12:03
st-margarets-church-national-centre-early-music/b-format/r7_1st_configuration.wav	18M	2019-08-07 12:03
st-margarets-church-national-centre-early-music/b-format/r7_2nd_configuration.wav	18M	2019-08-07 12:03
st-margarets-church-national-centre-early-music/b-format/r7_3rd_configuration.wav	18M	2019-08-07 12:03
st-margarets-church-national-centre-early-music/b-format/r8_1st_configuration.wav	18M	2019-08-07 12:03
st-margarets-church-national-centre-early-music/b-format/r8_2nd_configuration.wav	18M	2019-08-07 12:03
st-margarets-church-national-centre-early-music/b-format/r8_3rd_configuration.wav	18M	2019-08-07 12:03
st-margarets-church-national-centre-early-music/b-format/r9_1st_configuration.wav	18M	2019-08-07 12:03
st-margarets-church-national-centre-early-music/b-format/r9_2nd_configuration.wav	18M	2019-08-07 12:03
st-margarets-church-national-centre-early-music/b-format/r9_3rd_configuration.wav	18M	2019-08-07 12:03
st-margarets-church-national-centre-early-music/b-format/r10_1st_configuration.wav	18M	2019-08-07 12:00
st-margarets-church-national-centre-early-music/b-format/r10_2nd_configuration.wav	18M	2019-08-07 12:00
st-margarets-church-national-centre-early-music/b-format/r10_3rd_configuration.wav	18M	2019-08-07 12:00
st-margarets-church-national-centre-early-music/b-format/r11_1st_configuration.wav	18M	2019-08-07 12:00
st-margarets-church-national-centre-early-music/b-format/r11_2nd_configuration.wav	18M	2019-08-07 12:00
st-margarets-church-national-centre-early-music/b-format/r11_3rd_configuration.wav	18M	2019-08-07 12:00
st-margarets-church-national-centre-early-music/b-format/r12_1st_configuration.wav	18M	2019-08-07 12:01
st-margarets-church-national-centre-early-music/b-format/r12_2nd_configuration.wav	18M	2019-08-07 12:01
st-margarets-church-national-centre-early-music/b-format/r12_3rd_configuration.wav	18M	2019-08-07 12:01
st-margarets-church-national-centre-early-music/b-format/r13_1st_configuration.wav	18M	2019-08-07 12:01
st-margarets-church-national-centre-early-music/b-format/r13_2nd_configuration.wav	18M	2019-08-07 12:01
st-margarets-church-national-centre-early-music/b-format/r13_3rd_configuration.wav	18M	2019-08-07 12:01
st-margarets-church-national-centre-early-music/b-format/r14_1st_configuration.wav	18M	2019-08-07 12:01
st-margarets-church-national-centre-early-music/b-format/r14_2nd_configuration.wav	18M	2019-08-07 12:01
st-margarets-church-national-centre-early-music/b-format/r14_3rd_configuration.wav	18M	2019-08-07 12:01
st-margarets-church-national-centre-early-music/b-format/r15_1st_configuration.wav	18M	2019-08-07 12:01
st-margarets-church-national-centre-early-music/b-format/r15_2nd_configuration.wav	18M	2019-08-07 12:01
st-margarets-church-national-centre-early-music/b-format/r15_3rd_configuration.wav	18M	2019-08-07 12:01
st-margarets-church-national-centre-early-music/b-format/r16_1st_configuration.wav	18M	2019-08-07 12:01
st-margarets-church-national-centre-early-music/b-format/r16_2nd_configuration.wav	18M	2019-08-07 12:01
st-margarets-church-national-centre-early-music/b-format/r16_3rd_configuration.wav	18M	2019-08-07 12:01
st-margarets-church-national-centre-early-music/b-format/r17_1st_configuration.wav	18M	2019-08-07 12:01
st-margarets-church-national-centre-early-music/b-format/r17_2nd_configuration.wav	18M	2019-08-07 12:01
st-margarets-church-national-centre-early-music/b-format/r17_3rd_configuration.wav	18M	2019-08-07 12:01
st-margarets-church-national-centre-early-music/b-format/r18_1st_configuration.wav	18M	2019-08-07 12:01
st-margarets-church-national-centre-early-music/b-format/r18_2nd_configuration.wav	18M	2019-08-07 12:01
st-margarets-church-national-centre-early-music/b-format/r18_3rd_configuration.wav	18M	2019-08-07 12:01
st-margarets-church-national-centre-early-music/b-format/r19_1st_configuration.wav	18M	2019-08-07 12:01
st-margarets-church-national-centre-early-music/b-format/r19_2nd_configuration.wav	18M	2019-08-07 12:01
st-margarets-church-national-centre-early-music/b-format/r19_3rd_configuration.wav	18M	2019-08-07 12:01
st-margarets-church-national-centre-early-music/b-format/r20_1st_configuration.wav	18M	2019-08-07 12:01
st-margarets-church-national-centre-early-music/b-format/r20_2nd_configuration.wav	18M	2019-08-07 12:01
st-margarets-church-national-centre-early-music/b-format/r20_3rd_configuration.wav	18M	2019-08-07 12:01
st-margarets-church-national-centre-early-music/b-format/r21_1st_configuration.wav	18M	2019-08-07 12:02
st-margarets-church-national-centre-early-music/b-format/r21_2nd_configuration.wav	18M	2019-08-07 12:02
st-margarets-church-national-centre-early-music/b-format/r21_3rd_configuration.wav	18M	2019-08-07 12:02
st-margarets-church-national-centre-early-music/b-format/r22_1st_configuration.wav	18M	2019-08-07 12:02
st-margarets-church-national-centre-early-music/b-format/r22_2nd_configuration.wav	18M	2019-08-07 12:02
st-margarets-church-national-centre-early-music/b-format/r22_3rd_configuration.wav	18M	2019-08-07 12:02
st-margarets-church-national-centre-early-music/b-format/r23_1st_configuration.wav	18M	2019-08-07 12:02
st-margarets-church-national-centre-early-music/b-format/r23_2nd_configuration.wav	18M	2019-08-07 12:02
st-margarets-church-national-centre-early-music/b-format/r23_3rd_configuration.wav	18M	2019-08-07 12:02
st-margarets-church-national-centre-early-music/b-format/r24_1st_configuration.wav	18M	2019-08-07 12:02
st-margarets-church-national-centre-early-music/b-format/r24_2nd_configuration.wav	18M	2019-08-07 12:02
st-margarets-church-national-centre-early-music/b-format/r24_3rd_configuration.wav	18M	2019-08-07 12:02
st-margarets-church-national-centre-early-music/b-format/r25_1st_configuration.wav	18M	2019-08-07 12:02
st-margarets-church-national-centre-early-music/b-format/r25_2nd_configuration.wav	18M	2019-08-07 12:02
st-margarets-church-national-centre-early-music/b-format/r25_3rd_configuration.wav	18M	2019-08-07 12:02
st-margarets-church-national-centre-early-music/b-format/r26_1st_configuration.wav	18M	2019-08-07 12:02
st-margarets-church-national-centre-early-music/b-format/r26_2nd_configuration.wav	18M	2019-08-07 12:02
st-margarets-church-national-centre-early-music/b-format/r26_3rd_configuration.wav	18M	2019-08-07 12:02
st-margarets-church-national-centre-early-music/Data%20Tables/st-margarets-church-national-centre-early-music-1.png	44K	2019-10-03 16:31
st-margarets-church-national-centre-early-music/examples/ir_w1_r17_1st_configuration.mp3	394K	2019-08-07 12:03
st-margarets-church-national-centre-early-music/examples/ir_w1_r17_1st_configuration.png	8.5K	2019-08-07 12:03
st-margarets-church-national-centre-early-music/examples/ir_w1_r17_1st_configuration.wav	4.6M	2019-08-07 12:03
st-margarets-church-national-centre-early-music/examples/ir_w1_r17_1st_configuration_drum.mp3	521K	2019-08-07 12:03
st-margarets-church-national-centre-early-music/examples/ir_w1_r17_1st_configuration_sing.mp3	521K	2019-08-07 12:03
st-margarets-church-national-centre-early-music/examples/ir_w1_r17_1st_configuration_small.png	1.9K	2019-08-07 12:03
st-margarets-church-national-centre-early-music/images/floor_plan_with_receivers.jpg	35K	2019-08-07 12:03
st-margarets-church-national-centre-early-music/images/sl384060.jpg	28K	2019-08-07 12:03
st-margarets-church-national-centre-early-music/images/sl384072.jpg	59K	2019-08-07 12:03
st-margarets-church-national-centre-early-music/images/sl384074.jpg	56K	2019-08-07 12:03
st-margarets-church-national-centre-early-music/images/sl384075.jpg	47K	2019-08-07 12:03
st-margarets-church-national-centre-early-music/images/sl384096.jpg	44K	2019-08-07 12:03
st-margarets-church-national-centre-early-music/images/sl384102.jpg	41K	2019-08-07 12:03
st-margarets-church-national-centre-early-music/images/sl384112.jpg	28K	2019-08-07 12:03
st-margarets-church-national-centre-early-music/Video/st_margarets_church.m4v	2.9M	2019-10-30 11:23
st-margarets-church-national-centre-early-music/Video/st_margarets_church_-_stereo.avi	19M	2019-10-30 11:08
st-margarets-church-national-centre-early-music/Read%20Me.txt	15K	2019-08-07 11:58
st-margarets-church-ncem-5-piece-band-spatial-measurements/b-format/1_st250_w.wav	258K	2019-08-07 12:03
st-margarets-church-ncem-5-piece-band-spatial-measurements/b-format/1_st250_x.wav	258K	2019-08-07 12:03
st-margarets-church-ncem-5-piece-band-spatial-measurements/b-format/1_st250_y.wav	258K	2019-08-07 12:03
st-margarets-church-ncem-5-piece-band-spatial-measurements/b-format/1_st250_z.wav	258K	2019-08-07 12:03
st-margarets-church-ncem-5-piece-band-spatial-measurements/b-format/2_st250_w.wav	258K	2019-08-07 12:03
st-margarets-church-ncem-5-piece-band-spatial-measurements/b-format/2_st250_x.wav	258K	2019-08-07 12:03
st-margarets-church-ncem-5-piece-band-spatial-measurements/b-format/2_st250_y.wav	258K	2019-08-07 12:03
st-margarets-church-ncem-5-piece-band-spatial-measurements/b-format/2_st250_z.wav	258K	2019-08-07 12:03
st-margarets-church-ncem-5-piece-band-spatial-measurements/b-format/3_st250_w.wav	258K	2019-08-07 12:03
st-margarets-church-ncem-5-piece-band-spatial-measurements/b-format/3_st250_x.wav	258K	2019-08-07 12:03
st-margarets-church-ncem-5-piece-band-spatial-measurements/b-format/3_st250_y.wav	258K	2019-08-07 12:03
st-margarets-church-ncem-5-piece-band-spatial-measurements/b-format/3_st250_z.wav	258K	2019-08-07 12:03
st-margarets-church-ncem-5-piece-band-spatial-measurements/b-format/4_st250_w.wav	258K	2019-08-07 12:03
st-margarets-church-ncem-5-piece-band-spatial-measurements/b-format/4_st250_x.wav	258K	2019-08-07 12:03
st-margarets-church-ncem-5-piece-band-spatial-measurements/b-format/4_st250_y.wav	258K	2019-08-07 12:03
st-margarets-church-ncem-5-piece-band-spatial-measurements/b-format/4_st250_z.wav	258K	2019-08-07 12:03
st-margarets-church-ncem-5-piece-band-spatial-measurements/b-format/5_st250_w.wav	258K	2019-08-07 12:03
st-margarets-church-ncem-5-piece-band-spatial-measurements/b-format/5_st250_x.wav	258K	2019-08-07 12:03
st-margarets-church-ncem-5-piece-band-spatial-measurements/b-format/5_st250_y.wav	258K	2019-08-07 12:03
st-margarets-church-ncem-5-piece-band-spatial-measurements/b-format/5_st250_z.wav	258K	2019-08-07 12:03
st-margarets-church-ncem-5-piece-band-spatial-measurements/Data%20Tables/st-margarets-church-ncem-5-piece-band-spatial-measurements-1.png	44K	2019-10-03 16:32
st-margarets-church-ncem-5-piece-band-spatial-measurements/examples/5_nt1_r.mp3	48K	2019-08-07 12:03
st-margarets-church-ncem-5-piece-band-spatial-measurements/examples/5_nt1_r.png	7.0K	2019-08-07 12:03
st-margarets-church-ncem-5-piece-band-spatial-measurements/examples/5_nt1_r.wav	258K	2019-08-07 12:03
st-margarets-church-ncem-5-piece-band-spatial-measurements/examples/5_nt1_r_drum.mp3	169K	2019-08-07 12:03
st-margarets-church-ncem-5-piece-band-spatial-measurements/examples/5_nt1_r_sing.mp3	169K	2019-08-07 12:03
st-margarets-church-ncem-5-piece-band-spatial-measurements/examples/5_nt1_r_small.png	1.9K	2019-08-07 12:03
st-margarets-church-ncem-5-piece-band-spatial-measurements/images/ncem-5.png	426K	2019-08-07 12:03
st-margarets-church-ncem-5-piece-band-spatial-measurements/images/ncem-locs.jpg	50K	2019-08-07 12:03
st-margarets-church-ncem-5-piece-band-spatial-measurements/images/ncem.png	218K	2019-08-07 12:03
st-margarets-church-ncem-5-piece-band-spatial-measurements/stereo/1_c414_l.wav	258K	2019-08-07 12:03
st-margarets-church-ncem-5-piece-band-spatial-measurements/stereo/1_c414_r.wav	258K	2019-08-07 12:03
st-margarets-church-ncem-5-piece-band-spatial-measurements/stereo/1_nt1_l.wav	258K	2019-08-07 12:03
st-margarets-church-ncem-5-piece-band-spatial-measurements/stereo/1_nt1_r.wav	258K	2019-08-07 12:03
st-margarets-church-ncem-5-piece-band-spatial-measurements/stereo/2_c414_l.wav	258K	2019-08-07 12:03
st-margarets-church-ncem-5-piece-band-spatial-measurements/stereo/2_c414_r.wav	258K	2019-08-07 12:03
st-margarets-church-ncem-5-piece-band-spatial-measurements/stereo/2_nt1_l.wav	258K	2019-08-07 12:03
st-margarets-church-ncem-5-piece-band-spatial-measurements/stereo/2_nt1_r.wav	258K	2019-08-07 12:03
st-margarets-church-ncem-5-piece-band-spatial-measurements/stereo/3_c414_l.wav	258K	2019-08-07 12:03
st-margarets-church-ncem-5-piece-band-spatial-measurements/stereo/3_c414_r.wav	258K	2019-08-07 12:03
st-margarets-church-ncem-5-piece-band-spatial-measurements/stereo/3_nt1_l.wav	258K	2019-08-07 12:03
st-margarets-church-ncem-5-piece-band-spatial-measurements/stereo/3_nt1_r.wav	258K	2019-08-07 12:03
st-margarets-church-ncem-5-piece-band-spatial-measurements/stereo/4_c414_l.wav	258K	2019-08-07 12:03
st-margarets-church-ncem-5-piece-band-spatial-measurements/stereo/4_c414_r.wav	258K	2019-08-07 12:03
st-margarets-church-ncem-5-piece-band-spatial-measurements/stereo/4_nt1_l.wav	258K	2019-08-07 12:03
st-margarets-church-ncem-5-piece-band-spatial-measurements/stereo/4_nt1_r.wav	258K	2019-08-07 12:03
st-margarets-church-ncem-5-piece-band-spatial-measurements/stereo/5_c414_l.wav	258K	2019-08-07 12:03
st-margarets-church-ncem-5-piece-band-spatial-measurements/stereo/5_c414_r.wav	258K	2019-08-07 12:03
st-margarets-church-ncem-5-piece-band-spatial-measurements/stereo/5_nt1_l.wav	258K	2019-08-07 12:03
st-margarets-church-ncem-5-piece-band-spatial-measurements/stereo/5_nt1_r.wav	258K	2019-08-07 12:03
st-margarets-church-ncem-5-piece-band-spatial-measurements/Read%20Me.txt	10K	2019-08-07 11:58
st-marys-abbey-reconstruction/b-format/phase1_bformat.wav	2.1M	2019-08-07 12:03
st-marys-abbey-reconstruction/b-format/phase1_bformat_catt.wav	10M	2019-08-07 12:03
st-marys-abbey-reconstruction/b-format/phase2_bformat.wav	10M	2019-08-07 12:03
st-marys-abbey-reconstruction/b-format/phase3_bformat.wav	10M	2019-08-07 12:03
st-marys-abbey-reconstruction/Data%20Tables/st-marys-abbey-reconstruction-1.png	46K	2019-10-03 16:32
st-marys-abbey-reconstruction/examples/phase2_mono.mp3	470K	2019-08-07 12:03
st-marys-abbey-reconstruction/examples/phase2_mono.png	9.1K	2019-08-07 12:03
st-marys-abbey-reconstruction/examples/phase2_mono.wav	2.5M	2019-08-07 12:03
st-marys-abbey-reconstruction/examples/phase2_mono_drum.mp3	593K	2019-08-07 12:03
st-marys-abbey-reconstruction/examples/phase2_mono_sing.mp3	593K	2019-08-07 12:03
st-marys-abbey-reconstruction/examples/phase2_mono_small.png	2.0K	2019-08-07 12:03
st-marys-abbey-reconstruction/images/3d_model_phase1.png	15K	2019-08-07 12:03
st-marys-abbey-reconstruction/images/3d_model_phase2.png	351K	2019-08-07 12:03
st-marys-abbey-reconstruction/images/3d_model_phase3.png	462K	2019-08-07 12:03
st-marys-abbey-reconstruction/images/dimensions.png	21K	2019-08-07 12:03
st-marys-abbey-reconstruction/images/early_sketch.png	132K	2019-08-07 12:03
st-marys-abbey-reconstruction/images/inside_model_phase1.png	241K	2019-08-07 12:03
st-marys-abbey-reconstruction/images/inside_model_phase2.png	253K	2019-08-07 12:03
st-marys-abbey-reconstruction/images/inside_model_phase3.png	212K	2019-08-07 12:03
st-marys-abbey-reconstruction/images/source-receiver_positions.png	180K	2019-08-07 12:03
st-marys-abbey-reconstruction/images/st_marys_abbey_church_york.jpg	81K	2019-08-07 12:03
st-marys-abbey-reconstruction/images/wall_columns.png	536K	2019-08-07 12:03
st-marys-abbey-reconstruction/stereo/phase1_stereo.wav	5.1M	2019-08-07 12:03
st-marys-abbey-reconstruction/stereo/phase2_stereo.wav	5.1M	2019-08-07 12:03
st-marys-abbey-reconstruction/stereo/phase3_stereo.wav	5.1M	2019-08-07 12:03
st-marys-abbey-reconstruction/Read%20Me.txt	1.8K	2019-08-07 11:58
st-matthews-church-walsall/Data%20Tables/st-matthews-church-walsall-1.png	45K	2019-10-03 16:33
st-matthews-church-walsall/examples/ir_-_location_1_s1_-_r1.mp3	71K	2019-08-07 12:03
st-matthews-church-walsall/examples/ir_-_location_1_s1_-_r1.png	7.8K	2019-08-07 12:03
st-matthews-church-walsall/examples/ir_-_location_1_s1_-_r1.wav	1.1M	2019-08-07 12:03
st-matthews-church-walsall/examples/ir_-_location_1_s1_-_r1_drum.mp3	193K	2019-08-07 12:03
st-matthews-church-walsall/examples/ir_-_location_1_s1_-_r1_sing.mp3	193K	2019-08-07 12:03
st-matthews-church-walsall/examples/ir_-_location_1_s1_-_r1_small.png	2.3K	2019-08-07 12:03
st-matthews-church-walsall/images/floor_plan_s1-r4.png	284K	2019-08-07 12:03
st-matthews-church-walsall/images/location_s2.png	724K	2019-08-07 12:03
st-matthews-church-walsall/images/s1-r5.png	758K	2019-08-07 12:03
st-matthews-church-walsall/images/s2-r1.png	301K	2019-08-07 12:03
st-matthews-church-walsall/images/sl380011.jpg	80K	2019-08-07 12:03
st-matthews-church-walsall/images/sl380013.jpg	64K	2019-08-07 12:03
st-matthews-church-walsall/images/sl380016.jpg	68K	2019-08-07 12:03
st-matthews-church-walsall/images/sl380057.jpg	70K	2019-08-07 12:03
st-matthews-church-walsall/mono/ir_-_location_1_s1_-_r1.wav	1.1M	2019-08-07 12:03
st-matthews-church-walsall/mono/ir_-_location_2_s1_-_r2.wav	1.1M	2019-08-07 12:03
st-matthews-church-walsall/mono/ir_-_location_3_s1_-_r3.wav	1.1M	2019-08-07 12:03
st-matthews-church-walsall/mono/ir_-_location_4_s2_-_r3.wav	1.1M	2019-08-07 12:03
st-matthews-church-walsall/mono/ir_-_location_5_s2_-_r1.wav	1.1M	2019-08-07 12:03
st-matthews-church-walsall/mono/ir_-_location_6_s2_-_r4.wav	1.1M	2019-08-07 12:03
st-matthews-church-walsall/Read%20Me.txt	969	2019-08-07 11:58
st-patricks-church-patrington-model/b-format/stpatricks_s1r1.wav	826K	2019-08-07 12:03
st-patricks-church-patrington-model/b-format/stpatricks_s2r2.wav	704K	2019-08-07 12:03
st-patricks-church-patrington-model/b-format/stpatricks_s3r3.wav	831K	2019-08-07 12:03
st-patricks-church-patrington-model/Data%20Tables/st-patricks-church-patrington-model-1.png	45K	2019-10-03 16:35
st-patricks-church-patrington-model/examples/w.mp3	57K	2019-08-07 12:03
st-patricks-church-patrington-model/examples/w.png	7.8K	2019-08-07 12:03
st-patricks-church-patrington-model/examples/w.wav	207K	2019-08-07 12:03
st-patricks-church-patrington-model/examples/w_drum.mp3	185K	2019-08-07 12:03
st-patricks-church-patrington-model/examples/w_sing.mp3	185K	2019-08-07 12:03
st-patricks-church-patrington-model/examples/w_small.png	2.1K	2019-08-07 12:03
st-patricks-church-patrington-model/images/2plan_with_sources-receivers_without_the_roof_for_the_measurements_3.png	211K	2019-08-07 12:03
st-patricks-church-patrington-model/images/background.png	301K	2019-08-07 12:03
st-patricks-church-patrington-model/images/background2.png	326K	2019-08-07 12:03
st-patricks-church-patrington-model/images/background3.png	292K	2019-08-07 12:03
st-patricks-church-patrington-model/images/background4.png	299K	2019-08-07 12:03
st-patricks-church-patrington-model/images/test_-_genelec.png	478K	2019-08-07 12:03
st-patricks-church-patrington-model/Read%20Me.txt	857	2019-08-07 11:58
st-patricks-church-patrington/b-format/soundfield_s1r1.wav	6.6M	2019-08-07 12:03
st-patricks-church-patrington/b-format/soundfield_s2r2.wav	6.6M	2019-08-07 12:03
st-patricks-church-patrington/b-format/soundfield_s3r3.wav	6.6M	2019-08-07 12:03
st-patricks-church-patrington/Data%20Tables/st-patricks-church-patrington-1.png	43K	2019-10-03 16:34
st-patricks-church-patrington/examples/mono_s1r1.mp3	141K	2019-08-07 12:03
st-patricks-church-patrington/examples/mono_s1r1.png	8.3K	2019-08-07 12:03
st-patricks-church-patrington/examples/mono_s1r1.wav	1.6M	2019-08-07 12:03
st-patricks-church-patrington/examples/mono_s1r1_drum.mp3	265K	2019-08-07 12:03
st-patricks-church-patrington/examples/mono_s1r1_sing.mp3	265K	2019-08-07 12:03
st-patricks-church-patrington/examples/mono_s1r1_small.png	2.0K	2019-08-07 12:03
st-patricks-church-patrington/images/sl381512.jpg	58K	2019-08-07 12:03
st-patricks-church-patrington/images/sl381514.jpg	37K	2019-08-07 12:03
st-patricks-church-patrington/images/sl381515.jpg	32K	2019-08-07 12:03
st-patricks-church-patrington/images/sl381518.jpg	39K	2019-08-07 12:03
st-patricks-church-patrington/images/sl381519.jpg	62K	2019-08-07 12:03
st-patricks-church-patrington/images/sl381520.jpg	35K	2019-08-07 12:03
st-patricks-church-patrington/images/sl381521.jpg	69K	2019-08-07 12:03
st-patricks-church-patrington/images/sl381522.jpg	32K	2019-08-07 12:03
st-patricks-church-patrington/images/sl381523.jpg	48K	2019-08-07 12:03
st-patricks-church-patrington/images/sl381524.jpg	30K	2019-08-07 12:03
st-patricks-church-patrington/images/sl381525.jpg	35K	2019-08-07 12:03
st-patricks-church-patrington/images/sl381526.jpg	34K	2019-08-07 12:03
st-patricks-church-patrington/images/sl381527.jpg	48K	2019-08-07 12:03
st-patricks-church-patrington/images/sl381528.jpg	69K	2019-08-07 12:03
st-patricks-church-patrington/images/sl381529.jpg	39K	2019-08-07 12:03
st-patricks-church-patrington/images/sl381530.jpg	31K	2019-08-07 12:03
st-patricks-church-patrington/images/sl381531.jpg	34K	2019-08-07 12:03
st-patricks-church-patrington/images/sl381533.jpg	52K	2019-08-07 12:03
st-patricks-church-patrington/images/sl381534.jpg	50K	2019-08-07 12:03
st-patricks-church-patrington/images/sl381535.jpg	34K	2019-08-07 12:03
st-patricks-church-patrington/images/sl381536.jpg	33K	2019-08-07 12:03
st-patricks-church-patrington/images/sl381537.jpg	78K	2019-08-07 12:03
st-patricks-church-patrington/images/sl381538.jpg	59K	2019-08-07 12:03
st-patricks-church-patrington/images/sl381540.jpg	110K	2019-08-07 12:03
st-patricks-church-patrington/images/sl381541.jpg	47K	2019-08-07 12:03
st-patricks-church-patrington/images/sl381542.jpg	45K	2019-08-07 12:03
st-patricks-church-patrington/images/sl381543.jpg	70K	2019-08-07 12:03
st-patricks-church-patrington/images/sl381547.jpg	36K	2019-08-07 12:03
st-patricks-church-patrington/images/sl381548.jpg	60K	2019-08-07 12:03
st-patricks-church-patrington/images/sl381549.jpg	54K	2019-08-07 12:03
st-patricks-church-patrington/images/sl381550.jpg	43K	2019-08-07 12:03
st-patricks-church-patrington/images/sl381551.jpg	81K	2019-08-07 12:03
st-patricks-church-patrington/images/sl381552.jpg	59K	2019-08-07 12:03
st-patricks-church-patrington/images/sl381553.jpg	33K	2019-08-07 12:03
st-patricks-church-patrington/images/sl381554.jpg	61K	2019-08-07 12:03
st-patricks-church-patrington/images/sl381555.jpg	47K	2019-08-07 12:03
st-patricks-church-patrington/images/sl381556.jpg	56K	2019-08-07 12:03
st-patricks-church-patrington/images/sl381570.jpg	41K	2019-08-07 12:03
st-patricks-church-patrington/images/sl381571.jpg	77K	2019-08-07 12:03
st-patricks-church-patrington/images/sl381572.jpg	78K	2019-08-07 12:03
st-patricks-church-patrington/images/sl381573.jpg	35K	2019-08-07 12:03
st-patricks-church-patrington/images/sl381574.jpg	85K	2019-08-07 12:03
st-patricks-church-patrington/images/sl381576.jpg	43K	2019-08-07 12:03
st-patricks-church-patrington/images/sl381578.jpg	92K	2019-08-07 12:03
st-patricks-church-patrington/images/sl381868.jpg	37K	2019-08-07 12:03
st-patricks-church-patrington/images/sl381871.jpg	58K	2019-08-07 12:03
st-patricks-church-patrington/images/sl381881.jpg	51K	2019-08-07 12:03
st-patricks-church-patrington/images/sl381890.jpg	45K	2019-08-07 12:03
st-patricks-church-patrington/images/sl381894.jpg	40K	2019-08-07 12:03
st-patricks-church-patrington/images/source_receiver_positions.png	211K	2019-08-07 12:03
st-patricks-church-patrington/stereo/ortf_s1r1.wav	3.3M	2019-08-07 12:03
st-patricks-church-patrington/stereo/ortf_s2r2.wav	3.3M	2019-08-07 12:03
st-patricks-church-patrington/stereo/ortf_s3r3.wav	3.3M	2019-08-07 12:03
st-patricks-church-patrington/Read%20Me.txt	1.0K	2019-08-07 11:58
st-pauls-cathedral/b-format/bformat_P1%20-%20S%20Dome%20R%20Nave%20Average.wav	22M	2025-07-23 15:58
st-pauls-cathedral/b-format/bformat_P1T1%20-%20S%20Dome%20R%20Nave.wav	22M	2025-07-23 15:58
st-pauls-cathedral/b-format/bformat_P1T2%20-%20S%20Dome%20R%20Nave.wav	22M	2025-07-23 15:58
st-pauls-cathedral/b-format/bformat_P2%20-%20S%20Nave%20R%20Dome%20Average.wav	22M	2025-07-23 15:58
st-pauls-cathedral/b-format/bformat_P2T1%20-%20S%20Nave%20R%20Dome.wav	22M	2025-07-23 15:58
st-pauls-cathedral/b-format/bformat_P2T2%20-%20S%20Nave%20R%20Dome.wav	22M	2025-07-23 15:58
st-pauls-cathedral/b-format/bformat_P3%20-%20S%20Dome%20R%20Dome%20Average.wav	22M	2025-07-23 15:58
st-pauls-cathedral/b-format/bformat_P3T1%20-%20S%20Dome%20R%20Dome%20(39).wav	22M	2025-07-23 15:58
st-pauls-cathedral/b-format/bformat_P3T2%20-%20S%20Dome%20R%20Dome%20(39).wav	22M	2025-07-23 15:58
st-pauls-cathedral/b-format/bformat_P4%20-%20S%20Choir%20R%20Choir%20Average.wav	22M	2025-07-23 15:58
st-pauls-cathedral/b-format/bformat_P4T1%20-%20S%20Choir%20R%20Choir%20.wav	22M	2025-07-23 15:58
st-pauls-cathedral/b-format/bformat_P4T2%20-%20S%20Choir%20R%20Choir.wav	22M	2025-07-23 15:58
st-pauls-cathedral/b-format/bformat_P5%20-%20Geometric%20Stairs%20Average.wav	22M	2025-07-23 15:58
st-pauls-cathedral/b-format/bformat_P5T1%20-%20Geometric%20Stairs%20(18).wav	22M	2025-07-23 15:58
st-pauls-cathedral/b-format/bformat_P5T2%20-%20Geometric%20Stairs%20(18).wav	22M	2025-07-23 15:58
st-pauls-cathedral/b-format/bformat_P6%20-%20WG%20Away%20Average.wav	22M	2025-07-23 15:58
st-pauls-cathedral/b-format/bformat_P6T1%20-%20WG%20Away%20(33).wav	22M	2025-07-23 15:58
st-pauls-cathedral/b-format/bformat_P6T2%20-%20WG%20Away%20(33).wav	22M	2025-07-23 15:58
st-pauls-cathedral/b-format/bformat_P7%20-%20WG%20Facing%20Average.wav	22M	2025-07-23 15:58
st-pauls-cathedral/b-format/bformat_P7T1%20-%20WG%20Facing%20(33).wav	22M	2025-07-23 15:58
st-pauls-cathedral/b-format/bformat_P7T2%20-%20WG%20Facing%20(33).wav	22M	2025-07-23 15:58
st-pauls-cathedral/b-format/bformat_P8%20-%20Lib%20Average.wav	22M	2025-07-23 15:58
st-pauls-cathedral/b-format/bformat_P8T1%20-%20Lib%20(36).wav	22M	2025-07-23 15:58
st-pauls-cathedral/b-format/bformat_P8T2%20-%20Lib%20(36).wav	22M	2025-07-23 15:58
st-pauls-cathedral/Data%20Tables/Screenshot%202025-07-18%20082330.png	55K	2025-07-23 15:58
st-pauls-cathedral/Data%20Tables/Screenshot%202025-07-18%20082351.png	54K	2025-07-23 15:58
st-pauls-cathedral/Data%20Tables/Screenshot%202025-07-18%20082409.png	56K	2025-07-23 15:58
st-pauls-cathedral/Data%20Tables/Screenshot%202025-07-18%20082431.png	55K	2025-07-23 15:58
st-pauls-cathedral/Data%20Tables/Screenshot%202025-07-18%20082441.png	55K	2025-07-23 15:58
st-pauls-cathedral/Data%20Tables/Screenshot%202025-07-18%20082448.png	58K	2025-07-23 15:58
st-pauls-cathedral/Data%20Tables/Screenshot%202025-07-18%20082504.png	57K	2025-07-23 15:58
st-pauls-cathedral/Data%20Tables/Screenshot%202025-07-18%20082518.png	57K	2025-07-23 15:58
st-pauls-cathedral/examples/mono_P6T1_wg_away_441.wav	1.9M	2025-07-23 15:58
st-pauls-cathedral/examples/stp_drums.wav	1.7M	2025-07-23 15:58
st-pauls-cathedral/examples/stp_voice.wav	1.7M	2025-07-23 15:58
st-pauls-cathedral/images/20220824_011100.jpg	3.3M	2025-07-23 15:58
st-pauls-cathedral/images/20220824_012115.jpg	1.8M	2025-07-23 15:58
st-pauls-cathedral/images/20220824_023710.jpg	3.0M	2025-07-23 15:58
st-pauls-cathedral/images/FbE7H4_XkAAdcgx.jpeg	559K	2025-07-23 15:58
st-pauls-cathedral/images/FbE7H43XEAAqllv.jpeg	580K	2025-07-23 15:58
st-pauls-cathedral/images/FbE7H48XEAAyKeA.jpeg	557K	2025-07-23 15:58
st-pauls-cathedral/images/FbE7H49XoAAX4B0.jpeg	692K	2025-07-23 15:58
st-pauls-cathedral/mono/mono_P1%20-%20S%20Dome%20R%20Nave%20Average.wav	5.5M	2025-07-23 15:58
st-pauls-cathedral/mono/mono_P1T1%20-%20S%20Dome%20R%20Nave.wav	5.5M	2025-07-23 15:58
st-pauls-cathedral/mono/mono_P1T2%20-%20S%20Dome%20R%20Nave.wav	5.5M	2025-07-23 15:58
st-pauls-cathedral/mono/mono_P2%20-%20S%20Nave%20R%20Dome%20Average.wav	5.5M	2025-07-23 15:58
st-pauls-cathedral/mono/mono_P2T1%20-%20S%20Nave%20R%20Dome.wav	5.5M	2025-07-23 15:58
st-pauls-cathedral/mono/mono_P2T2%20-%20S%20Nave%20R%20Dome.wav	5.5M	2025-07-23 15:58
st-pauls-cathedral/mono/mono_P3%20-%20S%20Dome%20R%20Dome%20Average.wav	5.5M	2025-07-23 15:58
st-pauls-cathedral/mono/mono_P3T1%20-%20S%20Dome%20R%20Dome%20(39).wav	5.5M	2025-07-23 15:58
st-pauls-cathedral/mono/mono_P3T2%20-%20S%20Dome%20R%20Dome%20(39).wav	5.5M	2025-07-23 15:58
st-pauls-cathedral/mono/mono_P4%20-%20S%20Choir%20R%20Choir%20Average.wav	5.5M	2025-07-23 15:58
st-pauls-cathedral/mono/mono_P4T1%20-%20S%20Choir%20R%20Choir%20.wav	5.5M	2025-07-23 15:58
st-pauls-cathedral/mono/mono_P4T2%20-%20S%20Choir%20R%20Choir.wav	5.5M	2025-07-23 15:58
st-pauls-cathedral/mono/mono_P5%20-%20Geometric%20Stairs%20Average.wav	5.5M	2025-07-23 15:58
st-pauls-cathedral/mono/mono_P5T1%20-%20Geometric%20Stairs%20(18).wav	5.5M	2025-07-23 15:58
st-pauls-cathedral/mono/mono_P5T2%20-%20Geometric%20Stairs%20(18).wav	5.5M	2025-07-23 15:58
st-pauls-cathedral/mono/mono_P6%20-%20WG%20Away%20Average.wav	5.5M	2025-07-23 15:58
st-pauls-cathedral/mono/mono_P6T1%20-%20WG%20Away%20(33).wav	5.5M	2025-07-23 15:58
st-pauls-cathedral/mono/mono_P6T2%20-%20WG%20Away%20(33).wav	5.5M	2025-07-23 15:58
st-pauls-cathedral/mono/mono_P7%20-%20WG%20Facing%20Average.wav	5.5M	2025-07-23 15:58
st-pauls-cathedral/mono/mono_P7T1%20-%20WG%20Facing%20(33).wav	5.5M	2025-07-23 15:58
st-pauls-cathedral/mono/mono_P7T2%20-%20WG%20Facing%20(33).wav	5.5M	2025-07-23 15:58
st-pauls-cathedral/mono/mono_P8%20-%20Lib%20Average.wav	5.5M	2025-07-23 15:58
st-pauls-cathedral/mono/mono_P8T1%20-%20Lib%20(36).wav	5.5M	2025-07-23 15:58
st-pauls-cathedral/mono/mono_P8T2%20-%20Lib%20(36).wav	5.5M	2025-07-23 15:58
st-pauls-cathedral/ms-stereo/msstereo_P1%20-%20S%20Dome%20R%20Nave%20Average.wav	11M	2025-07-23 15:58
st-pauls-cathedral/ms-stereo/msstereo_P1T1%20-%20S%20Dome%20R%20Nave.wav	11M	2025-07-23 15:58
st-pauls-cathedral/ms-stereo/msstereo_P1T2%20-%20S%20Dome%20R%20Nave.wav	11M	2025-07-23 15:58
st-pauls-cathedral/ms-stereo/msstereo_P2%20-%20S%20Nave%20R%20Dome%20Average.wav	11M	2025-07-23 15:58
st-pauls-cathedral/ms-stereo/msstereo_P2T1%20-%20S%20Nave%20R%20Dome.wav	11M	2025-07-23 15:58
st-pauls-cathedral/ms-stereo/msstereo_P2T2%20-%20S%20Nave%20R%20Dome.wav	11M	2025-07-23 15:58
st-pauls-cathedral/ms-stereo/msstereo_P3%20-%20S%20Dome%20R%20Dome%20Average.wav	11M	2025-07-23 15:58
st-pauls-cathedral/ms-stereo/msstereo_P3T1%20-%20S%20Dome%20R%20Dome%20(39).wav	11M	2025-07-23 15:58
st-pauls-cathedral/ms-stereo/msstereo_P3T2%20-%20S%20Dome%20R%20Dome%20(39).wav	11M	2025-07-23 15:58
st-pauls-cathedral/ms-stereo/msstereo_P4%20-%20S%20Choir%20R%20Choir%20Average.wav	11M	2025-07-23 15:58
st-pauls-cathedral/ms-stereo/msstereo_P4T1%20-%20S%20Choir%20R%20Choir%20.wav	11M	2025-07-23 15:58
st-pauls-cathedral/ms-stereo/msstereo_P4T2%20-%20S%20Choir%20R%20Choir.wav	11M	2025-07-23 15:58
st-pauls-cathedral/ms-stereo/msstereo_P5%20-%20Geometric%20Stairs%20Average.wav	11M	2025-07-23 15:58
st-pauls-cathedral/ms-stereo/msstereo_P5T1%20-%20Geometric%20Stairs%20(18).wav	11M	2025-07-23 15:58
st-pauls-cathedral/ms-stereo/msstereo_P5T2%20-%20Geometric%20Stairs%20(18).wav	11M	2025-07-23 15:58
st-pauls-cathedral/ms-stereo/msstereo_P6%20-%20WG%20Away%20Average.wav	11M	2025-07-23 15:58
st-pauls-cathedral/ms-stereo/msstereo_P6T1%20-%20WG%20Away%20(33).wav	11M	2025-07-23 15:58
st-pauls-cathedral/ms-stereo/msstereo_P6T2%20-%20WG%20Away%20(33).wav	11M	2025-07-23 15:58
st-pauls-cathedral/ms-stereo/msstereo_P7%20-%20WG%20Facing%20Average.wav	11M	2025-07-23 15:58
st-pauls-cathedral/ms-stereo/msstereo_P7T1%20-%20WG%20Facing%20(33).wav	11M	2025-07-23 15:58
st-pauls-cathedral/ms-stereo/msstereo_P7T2%20-%20WG%20Facing%20(33).wav	11M	2025-07-23 15:58
st-pauls-cathedral/ms-stereo/msstereo_P8%20-%20Lib%20Average.wav	11M	2025-07-23 15:58
st-pauls-cathedral/ms-stereo/msstereo_P8T1%20-%20Lib%20(36).wav	11M	2025-07-23 15:58
st-pauls-cathedral/ms-stereo/msstereo_P8T2%20-%20Lib%20(36).wav	11M	2025-07-23 15:58
st-pauls-cathedral/StPaulsIRNotes.txt	1.0K	2025-07-23 16:00
stairway-university-york/Data%20Tables/stairway-university-york-1.png	43K	2019-10-03 16:29
stairway-university-york/examples/stairwell_ortf.mp3	71K	2019-08-07 12:03
stairway-university-york/examples/stairwell_ortf.png	7.0K	2019-08-07 12:03
stairway-university-york/examples/stairwell_ortf.wav	1.6M	2019-08-07 12:03
stairway-university-york/examples/stairwell_ortf_drum.mp3	193K	2019-08-07 12:03
stairway-university-york/examples/stairwell_ortf_sing.mp3	193K	2019-08-07 12:03
stairway-university-york/examples/stairwell_ortf_small.png	2.0K	2019-08-07 12:03
stairway-university-york/images/speaker_microphone.jpg	44K	2019-08-07 12:03
stairway-university-york/images/stairway.jpg	77K	2019-08-07 12:03
stairway-university-york/stereo/stairwell_ortf.wav	1.6M	2019-08-07 12:03
stairway-university-york/Read%20Me.txt	379	2019-08-07 11:58
terrys-factory-warehouse/b-format/terrys_warehouse_b_format.wav	6.5M	2019-08-07 12:03
terrys-factory-warehouse/Data%20Tables/terrys-factory-warehouse-1.png	45K	2019-10-03 16:36
terrys-factory-warehouse/examples/terrys_warehouse_omni.mp3	532K	2019-08-07 12:03
terrys-factory-warehouse/examples/terrys_warehouse_omni.png	9.0K	2019-08-07 12:03
terrys-factory-warehouse/examples/terrys_warehouse_omni.wav	3.1M	2019-08-07 12:03
terrys-factory-warehouse/examples/terrys_warehouse_omni_drum.mp3	657K	2019-08-07 12:03
terrys-factory-warehouse/examples/terrys_warehouse_omni_sing.mp3	657K	2019-08-07 12:03
terrys-factory-warehouse/examples/terrys_warehouse_omni_small.png	2.0K	2019-08-07 12:03
terrys-factory-warehouse/images/dscf0124.jpg	57K	2019-08-07 12:03
terrys-factory-warehouse/images/dscf0125.jpg	57K	2019-08-07 12:03
terrys-factory-warehouse/mono/terrys_warehouse_omni.wav	3.1M	2019-08-07 12:03
terrys-factory-warehouse/stereo/terrys_warehouse_stereo.wav	6.3M	2019-08-07 12:03
terrys-factory-warehouse/surround-5-1/terrys_warehouse_5-0.wav	7.3M	2019-08-07 12:03
terrys-factory-warehouse/Read%20Me.txt	1.6K	2019-08-07 11:58
terrys-typing-room/b-format/terrys_typing_b_format.wav	3.2M	2019-08-07 12:03
terrys-typing-room/Data%20Tables/terrys-typing-room-1.png	43K	2019-10-03 16:37
terrys-typing-room/examples/terrys_typing_omni.mp3	137K	2019-08-07 12:03
terrys-typing-room/examples/terrys_typing_omni.png	8.3K	2019-08-07 12:03
terrys-typing-room/examples/terrys_typing_omni.wav	816K	2019-08-07 12:03
terrys-typing-room/examples/terrys_typing_omni_drum.mp3	257K	2019-08-07 12:03
terrys-typing-room/examples/terrys_typing_omni_sing.mp3	257K	2019-08-07 12:03
terrys-typing-room/examples/terrys_typing_omni_small.png	2.0K	2019-08-07 12:03
terrys-typing-room/images/dscf0138.jpg	48K	2019-08-07 12:03
terrys-typing-room/images/dscf0139.jpg	47K	2019-08-07 12:03
terrys-typing-room/images/dscf0140.jpg	72K	2019-08-07 12:03
terrys-typing-room/images/dscf0143.jpg	88K	2019-08-07 12:03
terrys-typing-room/images/dscf0148.jpg	71K	2019-08-07 12:03
terrys-typing-room/mono/terrys_typing_omni.wav	816K	2019-08-07 12:03
terrys-typing-room/stereo/terrys_typing_ortf.wav	3.2M	2019-08-07 12:03
terrys-typing-room/surround-5-1/terrys_typing_5-0.wav	4.8M	2019-08-07 12:03
terrys-typing-room/Read%20Me.txt	1.6K	2019-08-07 11:58
Theatre41/Averaged_Theatre41_IRs/theatre41_CenterAVG_32_48.wav	3.7M	2025-08-11 09:40
Theatre41/Averaged_Theatre41_IRs/theatre41_LeftAVG_32_48.wav	3.7M	2025-08-11 09:40
Theatre41/Averaged_Theatre41_IRs/theatre41_RightAVG_32_48.wav	3.7M	2025-08-11 09:40
Theatre41/ESS_20_20000/Inverse_Sweep_20_to_20000_48000.wav	2.1M	2025-08-11 09:40
Theatre41/ESS_20_20000/Sweep_20_to_20000_48000.wav	2.9M	2025-08-11 09:40
Theatre41/Individual_IR_Takes/theatre41_C01_bformatIR_48k.wav	3.7M	2025-08-11 09:40
Theatre41/Individual_IR_Takes/theatre41_C02_bformatIR_48k.wav	2.7M	2025-08-11 09:40
Theatre41/Individual_IR_Takes/theatre41_C03_bformatIR_48k.wav	2.7M	2025-08-11 09:40
Theatre41/Individual_IR_Takes/theatre41_C04_bformatIR_48k.wav	2.7M	2025-08-11 09:40
Theatre41/Individual_IR_Takes/theatre41_C05_bformatIR_48k.wav	2.7M	2025-08-11 09:40
Theatre41/Individual_IR_Takes/theatre41_HL01_bformatIR_48k.wav	2.7M	2025-08-11 09:40
Theatre41/Individual_IR_Takes/theatre41_HL02_bformatIR_48k.wav	2.7M	2025-08-11 09:40
Theatre41/Individual_IR_Takes/theatre41_HL03_bformatIR_48k.wav	2.7M	2025-08-11 09:40
Theatre41/Individual_IR_Takes/theatre41_HL04_bformatIR_48k.wav	2.7M	2025-08-11 09:40
Theatre41/Individual_IR_Takes/theatre41_HL05_bformatIR_48k.wav	2.7M	2025-08-11 09:40
Theatre41/Individual_IR_Takes/theatre41_HR01_bformatIR_48k.wav	2.7M	2025-08-11 09:40
Theatre41/Individual_IR_Takes/theatre41_HR02_bformatIR_48k.wav	2.7M	2025-08-11 09:40
Theatre41/Individual_IR_Takes/theatre41_HR03_bformatIR_48k.wav	2.7M	2025-08-11 09:40
Theatre41/Individual_IR_Takes/theatre41_HR04_bformatIR_48k.wav	2.7M	2025-08-11 09:40
Theatre41/Individual_IR_Takes/theatre41_HR05_bformatIR_48k.wav	2.7M	2025-08-11 09:40
Theatre41/Room_Sweeps/theatre41_bformat_houseCenter01.wav	10M	2025-08-11 09:41
Theatre41/Room_Sweeps/theatre41_bformat_houseCenter02.wav	10M	2025-08-11 09:41
Theatre41/Room_Sweeps/theatre41_bformat_houseCenter03.wav	10M	2025-08-11 09:41
Theatre41/Room_Sweeps/theatre41_bformat_houseCenter04.wav	10M	2025-08-11 09:41
Theatre41/Room_Sweeps/theatre41_bformat_houseCenter05.wav	10M	2025-08-11 09:41
Theatre41/Room_Sweeps/theatre41_bformat_houseLeft01.wav	10M	2025-08-11 09:41
Theatre41/Room_Sweeps/theatre41_bformat_houseLeft02.wav	10M	2025-08-11 09:41
Theatre41/Room_Sweeps/theatre41_bformat_houseLeft03.wav	10M	2025-08-11 09:41
Theatre41/Room_Sweeps/theatre41_bformat_houseLeft04.wav	10M	2025-08-11 09:41
Theatre41/Room_Sweeps/theatre41_bformat_houseLeft05.wav	10M	2025-08-11 09:41
Theatre41/Room_Sweeps/theatre41_bformat_houseRight01.wav	10M	2025-08-11 09:41
Theatre41/Room_Sweeps/theatre41_bformat_houseRight02.wav	10M	2025-08-11 09:41
Theatre41/Room_Sweeps/theatre41_bformat_houseRight03.wav	10M	2025-08-11 09:41
Theatre41/Room_Sweeps/theatre41_bformat_houseRight04.wav	10M	2025-08-11 09:41
Theatre41/Room_Sweeps/theatre41_bformat_houseRight05.wav	10M	2025-08-11 09:41
Theatre41/Theatre41_Pics/PXL_20250703_111103040.jpg	33M	2025-08-11 09:41
Theatre41/Theatre41_Pics/PXL_20250703_112846435.jpg	19M	2025-08-11 09:40
Theatre41/Theatre41_Pics/PXL_20250703_113821388.jpg	33M	2025-08-11 09:41
Theatre41/Theatre41_Pics/PXL_20250703_113831943.jpg	23M	2025-08-11 09:41
Theatre41/Theatre41_Pics/PXL_20250703_120901661.jpg	29M	2025-08-11 09:41
Theatre41/Theatre41_Pics/PXL_20250703_120918179.jpg	32M	2025-08-11 09:40
Theatre41/Theatre41_Pics/PXL_20250703_120929784.jpg	18M	2025-08-11 09:40
Theatre41/Theatre41_Pics/PXL_20250703_123016945.NIGHT.jpg	15M	2025-08-11 09:41
Theatre41/theatre41_CenterAVG_32_48.wav	703K	2025-08-11 09:49
Theatre41/voice_convolved.wav	1.4M	2025-08-11 09:44
trollers-gill/b-format/dales_site1_1way_bformat.wav	5.5M	2019-08-07 12:03
trollers-gill/b-format/dales_site1_4way_bformat.wav	5.5M	2019-08-07 12:03
trollers-gill/b-format/dales_site2_1way_bformat.wav	5.5M	2019-08-07 12:03
trollers-gill/b-format/dales_site2_4way_bformat.wav	5.5M	2019-08-07 12:03
trollers-gill/b-format/dales_site3_1way_bformat.wav	5.5M	2019-08-07 12:03
trollers-gill/b-format/dales_site3_4way_bformat.wav	5.5M	2019-08-07 12:03
trollers-gill/Data%20Tables/trollers-gill-1.png	44K	2019-10-03 16:38
trollers-gill/examples/dales_site2_4way_mono_processed.mp3	24K	2019-08-07 12:03
trollers-gill/examples/dales_site2_4way_mono_processed.png	6.8K	2019-08-07 12:03
trollers-gill/examples/dales_site2_4way_mono_processed.wav	279K	2019-08-07 12:03
trollers-gill/examples/dales_site2_4way_mono_processed_drum.mp3	145K	2019-08-07 12:03
trollers-gill/examples/dales_site2_4way_mono_processed_sing.mp3	145K	2019-08-07 12:03
trollers-gill/examples/dales_site2_4way_mono_processed_small.png	2.0K	2019-08-07 12:03
trollers-gill/images/dales_site_1.png	127K	2019-08-07 12:03
trollers-gill/images/dales_site_2.png	130K	2019-08-07 12:03
trollers-gill/images/dales_site_3.png	176K	2019-08-07 12:03
trollers-gill/images/site1_a.jpg	112K	2019-08-07 12:03
trollers-gill/images/site1_b.jpg	111K	2019-08-07 12:03
trollers-gill/images/site1_c.jpg	61K	2019-08-07 12:03
trollers-gill/images/site1_d.jpg	73K	2019-08-07 12:03
trollers-gill/images/site1_e.jpg	77K	2019-08-07 12:03
trollers-gill/images/site1_f.jpg	73K	2019-08-07 12:03
trollers-gill/images/site1_g.jpg	88K	2019-08-07 12:03
trollers-gill/images/site1_h.jpg	64K	2019-08-07 12:03
trollers-gill/images/site1_i.jpg	59K	2019-08-07 12:03
trollers-gill/images/site1_j.jpg	110K	2019-08-07 12:03
trollers-gill/images/site1_k.jpg	116K	2019-08-07 12:03
trollers-gill/images/site1_l.jpg	104K	2019-08-07 12:03
trollers-gill/images/site1_m.jpg	62K	2019-08-07 12:03
trollers-gill/images/site1_n.jpg	80K	2019-08-07 12:03
trollers-gill/images/site2_a.jpg	70K	2019-08-07 12:03
trollers-gill/images/site2_b.jpg	77K	2019-08-07 12:03
trollers-gill/images/site2_c.jpg	76K	2019-08-07 12:03
trollers-gill/images/site2_d.jpg	77K	2019-08-07 12:03
trollers-gill/images/site2_e.jpg	63K	2019-08-07 12:03
trollers-gill/images/site2_f.jpg	57K	2019-08-07 12:03
trollers-gill/images/site2_g.jpg	110K	2019-08-07 12:03
trollers-gill/images/site2_h.jpg	65K	2019-08-07 12:03
trollers-gill/images/site2_i.jpg	62K	2019-08-07 12:03
trollers-gill/images/site2_j.jpg	68K	2019-08-07 12:03
trollers-gill/images/site2_k.jpg	114K	2019-08-07 12:03
trollers-gill/images/site2_l.jpg	146K	2019-08-07 12:03
trollers-gill/images/site2_m.jpg	145K	2019-08-07 12:03
trollers-gill/images/site2_n.jpg	165K	2019-08-07 12:03
trollers-gill/images/site2_o.jpg	159K	2019-08-07 12:03
trollers-gill/images/site2_p.jpg	127K	2019-08-07 12:03
trollers-gill/images/site2_q.jpg	120K	2019-08-07 12:03
trollers-gill/images/site2_r.jpg	146K	2019-08-07 12:03
trollers-gill/images/site2_s.jpg	146K	2019-08-07 12:03
trollers-gill/mono/dales_site1_1way_mono.wav	1.4M	2019-08-07 12:03
trollers-gill/mono/dales_site1_4way_mono.wav	1.4M	2019-08-07 12:03
trollers-gill/mono/dales_site2_1way_mono.wav	1.4M	2019-08-07 12:03
trollers-gill/mono/dales_site2_4way_mono.wav	1.4M	2019-08-07 12:03
trollers-gill/mono/dales_site3_1way_mono.wav	1.4M	2019-08-07 12:03
trollers-gill/mono/dales_site3_4way_mono.wav	1.4M	2019-08-07 12:03
trollers-gill/Read%20Me.txt	2.0K	2019-08-07 11:58
tvisongur-sound-sculpture-iceland-model/b-format/source1domefareceiver2domelabformat.wav	1.3M	2019-08-07 12:03
tvisongur-sound-sculpture-iceland-model/b-format/source1domefareceiver3domesibformat.wav	1.3M	2019-08-07 12:03
tvisongur-sound-sculpture-iceland-model/b-format/source1domefareceiver4domedobformat.wav	1.3M	2019-08-07 12:03
tvisongur-sound-sculpture-iceland-model/b-format/source1domefareceiver5domemibformat.wav	1.3M	2019-08-07 12:03
tvisongur-sound-sculpture-iceland-model/b-format/source2domelareceiver1domefabformat.wav	1.2M	2019-08-07 12:03
tvisongur-sound-sculpture-iceland-model/b-format/source2domelareceiver3domesibformat.wav	1.2M	2019-08-07 12:03
tvisongur-sound-sculpture-iceland-model/b-format/source2domelareceiver4domedobformat.wav	1.2M	2019-08-07 12:03
tvisongur-sound-sculpture-iceland-model/b-format/source2domelareceiver5domemibformat.wav	1.2M	2019-08-07 12:03
tvisongur-sound-sculpture-iceland-model/b-format/source3domesireceiver1domefabformat.wav	1.2M	2019-08-07 12:03
tvisongur-sound-sculpture-iceland-model/b-format/source3domesireceiver2domelabformat.wav	1.2M	2019-08-07 12:03
tvisongur-sound-sculpture-iceland-model/b-format/source3domesireceiver4domedobformat.wav	1.2M	2019-08-07 12:03
tvisongur-sound-sculpture-iceland-model/b-format/source3domesireceiver5domemibformat.wav	1.2M	2019-08-07 12:03
tvisongur-sound-sculpture-iceland-model/b-format/source4domedoreceiver1domefabformat.wav	1.4M	2019-08-07 12:03
tvisongur-sound-sculpture-iceland-model/b-format/source4domedoreceiver2domelabformat.wav	1.4M	2019-08-07 12:03
tvisongur-sound-sculpture-iceland-model/b-format/source4domedoreceiver3domesibformat.wav	1.4M	2019-08-07 12:03
tvisongur-sound-sculpture-iceland-model/b-format/source4domedoreceiver5domemibformat.wav	1.4M	2019-08-07 12:03
tvisongur-sound-sculpture-iceland-model/b-format/source5domemireceiver1domefabformat.wav	1.3M	2019-08-07 12:03
tvisongur-sound-sculpture-iceland-model/b-format/source5domemireceiver2domelabformat.wav	1.2M	2019-08-07 12:03
tvisongur-sound-sculpture-iceland-model/b-format/source5domemireceiver3domesibformat.wav	1.3M	2019-08-07 12:03
tvisongur-sound-sculpture-iceland-model/b-format/source5domemireceiver4domedobformat.wav	1.2M	2019-08-07 12:03
tvisongur-sound-sculpture-iceland-model/Data%20Tables/tvisongur-sound-sculpture-iceland-model-1.png	43K	2019-10-03 16:38
tvisongur-sound-sculpture-iceland-model/examples/source1receiver4.mp3	62K	2019-08-07 12:03
tvisongur-sound-sculpture-iceland-model/examples/source1receiver4.png	8.9K	2019-08-07 12:03
tvisongur-sound-sculpture-iceland-model/examples/source1receiver4.wav	681K	2019-08-07 12:03
tvisongur-sound-sculpture-iceland-model/examples/source1receiver4_drum.mp3	185K	2019-08-07 12:03
tvisongur-sound-sculpture-iceland-model/examples/source1receiver4_sing.mp3	185K	2019-08-07 12:03
tvisongur-sound-sculpture-iceland-model/examples/source1receiver4_small.png	2.4K	2019-08-07 12:03
tvisongur-sound-sculpture-iceland-model/images/screen_shot_2017-04-28_at_17.16.16.png	388K	2019-08-07 12:03
tvisongur-sound-sculpture-iceland-model/images/screen_shot_2017-04-28_at_17.38.26.png	615K	2019-08-07 12:03
tvisongur-sound-sculpture-iceland-model/images/screen_shot_2017-04-28_at_17.39.08.png	481K	2019-08-07 12:03
tvisongur-sound-sculpture-iceland-model/images/screen_shot_2017-04-28_at_17.48.42.png	384K	2019-08-07 12:03
tvisongur-sound-sculpture-iceland-model/images/screen_shot_2017-04-28_at_18.23.43.png	616K	2019-08-07 12:03
tvisongur-sound-sculpture-iceland-model/images/screen_shot_2017-05-03_at_20.22.25_copy_2.png	291K	2019-08-07 12:03
tvisongur-sound-sculpture-iceland-model/images/screen_shot_2017-05-03_at_21.07.09_copy_2.png	434K	2019-08-07 12:03
tvisongur-sound-sculpture-iceland-model/images/screen_shot_2017-05-03_at_21.31.44.png	409K	2019-08-07 12:03
tvisongur-sound-sculpture-iceland-model/images/tvisongur_sound_sculpture_seydisfjordur_2.jpg	73K	2019-08-07 12:03
tvisongur-sound-sculpture-iceland-model/stereo/source1domefareceiver2domelabinaural.wav	666K	2019-08-07 12:03
tvisongur-sound-sculpture-iceland-model/stereo/source1domefareceiver3domesibinaural.wav	678K	2019-08-07 12:03
tvisongur-sound-sculpture-iceland-model/stereo/source1domefareceiver4domedobinaural.wav	681K	2019-08-07 12:03
tvisongur-sound-sculpture-iceland-model/stereo/source1domefareceiver5domemibinaural.wav	665K	2019-08-07 12:03
tvisongur-sound-sculpture-iceland-model/stereo/source2domelareceiver1domefabinaural.wav	634K	2019-08-07 12:03
tvisongur-sound-sculpture-iceland-model/stereo/source2domelareceiver3domesibinaural.wav	598K	2019-08-07 12:03
tvisongur-sound-sculpture-iceland-model/stereo/source2domelareceiver4domedobinaural.wav	591K	2019-08-07 12:03
tvisongur-sound-sculpture-iceland-model/stereo/source2domelareceiver5domemibinaural.wav	621K	2019-08-07 12:03
tvisongur-sound-sculpture-iceland-model/stereo/source3domesireceiver1domefabinaural.wav	625K	2019-08-07 12:03
tvisongur-sound-sculpture-iceland-model/stereo/source3domesireceiver2domelabinaural.wav	620K	2019-08-07 12:03
tvisongur-sound-sculpture-iceland-model/stereo/source3domesireceiver4domedobinaural.wav	627K	2019-08-07 12:03
tvisongur-sound-sculpture-iceland-model/stereo/source3domesireceiver5domemibinaural.wav	630K	2019-08-07 12:03
tvisongur-sound-sculpture-iceland-model/stereo/source4domedoreceiver1domefabinaural.wav	711K	2019-08-07 12:03
tvisongur-sound-sculpture-iceland-model/stereo/source4domedoreceiver2domelabinaural.wav	716K	2019-08-07 12:03
tvisongur-sound-sculpture-iceland-model/stereo/source4domedoreceiver3domesibinaural.wav	707K	2019-08-07 12:03
tvisongur-sound-sculpture-iceland-model/stereo/source4domedoreceiver5domemibinaural.wav	696K	2019-08-07 12:03
tvisongur-sound-sculpture-iceland-model/stereo/source5domemireceiver1domefabinaural.wav	640K	2019-08-07 12:03
tvisongur-sound-sculpture-iceland-model/stereo/source5domemireceiver2domelabinaural.wav	627K	2019-08-07 12:03
tvisongur-sound-sculpture-iceland-model/stereo/source5domemireceiver3domesibinaural.wav	630K	2019-08-07 12:03
tvisongur-sound-sculpture-iceland-model/stereo/source5domemireceiver4domedobinaural.wav	606K	2019-08-07 12:03
tvisongur-sound-sculpture-iceland-model/Read%20Me.txt	14K	2019-08-07 11:58
tyndall-bruce-monument/b-format/tyndall_bruce_b_format.wav	2.6M	2019-08-07 12:04
tyndall-bruce-monument/Data%20Tables/tyndall-bruce-monument-1.png	43K	2019-10-03 16:39
tyndall-bruce-monument/examples/tyndall_bruce_omni.mp3	113K	2019-08-07 12:03
tyndall-bruce-monument/examples/tyndall_bruce_omni.png	7.5K	2019-08-07 12:04
tyndall-bruce-monument/examples/tyndall_bruce_omni.wav	675K	2019-08-07 12:04
tyndall-bruce-monument/examples/tyndall_bruce_omni_drum.mp3	241K	2019-08-07 12:04
tyndall-bruce-monument/examples/tyndall_bruce_omni_sing.mp3	241K	2019-08-07 12:04
tyndall-bruce-monument/examples/tyndall_bruce_omni_small.png	1.9K	2019-08-07 12:04
tyndall-bruce-monument/images/dsc00532.jpg	69K	2019-08-07 12:04
tyndall-bruce-monument/images/dsc00533.jpg	32K	2019-08-07 12:04
tyndall-bruce-monument/images/dsc00534.jpg	46K	2019-08-07 12:04
tyndall-bruce-monument/images/monument.jpg	73K	2019-08-07 12:04
tyndall-bruce-monument/images/monument2.jpg	58K	2019-08-07 12:04
tyndall-bruce-monument/mono/tyndall_bruce_omni.wav	675K	2019-08-07 12:04
tyndall-bruce-monument/stereo/tyndall_bruce_ortf.wav	1.3M	2019-08-07 12:04
tyndall-bruce-monument/surround-5-1/tyndall_bruce_5-0.wav	4.0M	2019-08-07 12:04
tyndall-bruce-monument/Read%20Me.txt	1.5K	2019-08-07 11:58
usina-del-arte-symphony-hall/b-format/ir_w_m5.s1.wav	444K	2019-08-07 12:04
usina-del-arte-symphony-hall/b-format/ir_x_m5.s1.wav	444K	2019-08-07 12:04
usina-del-arte-symphony-hall/b-format/ir_y_m5.s1.wav	444K	2019-08-07 12:04
usina-del-arte-symphony-hall/b-format/ir_z_m5.s1.wav	444K	2019-08-07 12:04
usina-del-arte-symphony-hall/Data%20Tables/usina-del-arte-symphony-hall-1.png	44K	2019-10-03 16:40
usina-del-arte-symphony-hall/examples/usina_main_s1_p5.mp3	54K	2019-08-07 12:04
usina-del-arte-symphony-hall/examples/usina_main_s1_p5.png	8.8K	2019-08-07 12:04
usina-del-arte-symphony-hall/examples/usina_main_s1_p5.wav	428K	2019-08-07 12:04
usina-del-arte-symphony-hall/examples/usina_main_s1_p5_drum.mp3	177K	2019-08-07 12:04
usina-del-arte-symphony-hall/examples/usina_main_s1_p5_sing.mp3	177K	2019-08-07 12:04
usina-del-arte-symphony-hall/examples/usina_main_s1_p5_small.png	2.4K	2019-08-07 12:04
usina-del-arte-symphony-hall/images/3d_ir.png	140K	2019-08-07 12:04
usina-del-arte-symphony-hall/images/3d_irs.png	421K	2019-08-07 12:04
usina-del-arte-symphony-hall/images/c80.png	40K	2019-08-07 12:04
usina-del-arte-symphony-hall/images/d50.png	40K	2019-08-07 12:04
usina-del-arte-symphony-hall/images/diffusers.png	399K	2019-08-07 12:04
usina-del-arte-symphony-hall/images/edt.png	41K	2019-08-07 12:04
usina-del-arte-symphony-hall/images/facede.png	306K	2019-08-07 12:04
usina-del-arte-symphony-hall/images/iacc_full.png	32K	2019-08-07 12:04
usina-del-arte-symphony-hall/images/nc_curve.png	78K	2019-08-07 12:04
usina-del-arte-symphony-hall/images/posiciones_de_dummy-omni_sala_grande.jpg	78K	2019-08-07 12:04
usina-del-arte-symphony-hall/images/rt30.png	37K	2019-08-07 12:04
usina-del-arte-symphony-hall/images/sfdc_early.png	127K	2019-08-07 12:04
usina-del-arte-symphony-hall/images/sfdc_late.png	111K	2019-08-07 12:04
usina-del-arte-symphony-hall/images/sfdc_total.png	112K	2019-08-07 12:04
usina-del-arte-symphony-hall/images/usina_full.jpg	77K	2019-08-07 12:04
usina-del-arte-symphony-hall/mono/ir_posic2-pb.wav	294K	2019-08-07 12:04
usina-del-arte-symphony-hall/mono/ir_posic2-pb_-_sfdc.wav	588K	2019-08-07 12:04
usina-del-arte-symphony-hall/mono/ir_posic3-1erpiso_-_sfdc.wav	863K	2019-08-07 12:04
usina-del-arte-symphony-hall/mono/ir_posic3-pb_-_sfdc.wav	544K	2019-08-07 12:04
usina-del-arte-symphony-hall/mono/ir_posic4-1erpiso_-_sfdc.wav	638K	2019-08-07 12:04
usina-del-arte-symphony-hall/mono/ir_posic5-1erpiso_-_sfdc.wav	694K	2019-08-07 12:04
usina-del-arte-symphony-hall/mono/ir_posic5-pb_-_sfdc.wav	570K	2019-08-07 12:04
usina-del-arte-symphony-hall/mono/ir_stage_-_sfdc.wav	2.0M	2019-08-07 12:04
usina-del-arte-symphony-hall/stereo/usina_main_s1_p1.wav	349K	2019-08-07 12:04
usina-del-arte-symphony-hall/stereo/usina_main_s1_p2.wav	399K	2019-08-07 12:04
usina-del-arte-symphony-hall/stereo/usina_main_s1_p3.wav	367K	2019-08-07 12:04
usina-del-arte-symphony-hall/stereo/usina_main_s1_p4.wav	363K	2019-08-07 12:04
usina-del-arte-symphony-hall/stereo/usina_main_s1_p5.wav	428K	2019-08-07 12:04
usina-del-arte-symphony-hall/stereo/usina_main_s2_p1.wav	332K	2019-08-07 12:04
usina-del-arte-symphony-hall/stereo/usina_main_s2_p2.wav	411K	2019-08-07 12:04
usina-del-arte-symphony-hall/stereo/usina_main_s2_p3.wav	398K	2019-08-07 12:04
usina-del-arte-symphony-hall/stereo/usina_main_s2_p4.wav	368K	2019-08-07 12:04
usina-del-arte-symphony-hall/stereo/usina_main_s2_p5.wav	405K	2019-08-07 12:04
usina-del-arte-symphony-hall/Read%20Me.txt	4.3K	2019-08-07 11:58
virtual-membranes/Data%20Tables/virtual-membranes-1.png	42K	2019-10-03 16:40
virtual-membranes/examples/circularoutput.mp3	23K	2019-08-07 12:04
virtual-membranes/examples/circularoutput.png	10K	2019-08-07 12:04
virtual-membranes/examples/circularoutput.wav	345K	2019-08-07 12:04
virtual-membranes/examples/circularoutput_drum.mp3	145K	2019-08-07 12:04
virtual-membranes/examples/circularoutput_sing.mp3	145K	2019-08-07 12:04
virtual-membranes/examples/circularoutput_small.png	3.2K	2019-08-07 12:04
virtual-membranes/images/circular02a.jpg	54K	2019-08-07 12:04
virtual-membranes/images/circular02b.jpg	60K	2019-08-07 12:04
virtual-membranes/images/circular11.jpg	48K	2019-08-07 12:04
virtual-membranes/images/circular11b.jpg	48K	2019-08-07 12:04
virtual-membranes/images/circular12a.jpg	59K	2019-08-07 12:04
virtual-membranes/images/pacman1b.jpg	97K	2019-08-07 12:04
virtual-membranes/images/pacman2b.jpg	115K	2019-08-07 12:04
virtual-membranes/images/pacman3b.jpg	108K	2019-08-07 12:04
virtual-membranes/images/pacman4abmp.jpg	124K	2019-08-07 12:04
virtual-membranes/images/radioactive2a.jpg	115K	2019-08-07 12:04
virtual-membranes/images/radioactivestills.jpg	42K	2019-08-07 12:04
virtual-membranes/mono/circularoutput.wav	345K	2019-08-07 12:04
virtual-membranes/mono/pacmanout.wav	375K	2019-08-07 12:04
virtual-membranes/mono/radioactiveoutput.wav	345K	2019-08-07 12:04
virtual-membranes/Read%20Me.txt	486	2019-08-07 11:58
waveguide-web-example-audio/Data%20Tables/waveguide-web-example-audio-1.png	43K	2019-10-03 16:41
waveguide-web-example-audio/examples/25t_ir_wgw.mp3	24K	2019-08-07 12:04
waveguide-web-example-audio/examples/25t_ir_wgw.png	6.6K	2019-08-07 12:04
waveguide-web-example-audio/examples/25t_ir_wgw.wav	94K	2019-08-07 12:04
waveguide-web-example-audio/examples/25t_ir_wgw_drum.mp3	145K	2019-08-07 12:04
waveguide-web-example-audio/examples/25t_ir_wgw_sing.mp3	145K	2019-08-07 12:04
waveguide-web-example-audio/examples/25t_ir_wgw_small.png	1.9K	2019-08-07 12:04
waveguide-web-example-audio/images/25treelayout-1.png	137K	2019-08-07 12:04
waveguide-web-example-audio/images/source2receiver1viewfront.jpg	81K	2019-08-07 12:04
waveguide-web-example-audio/images/wgwdiagram-1.png	10K	2019-08-07 12:04
waveguide-web-example-audio/mono/25t_ir_treeverb.wav	47K	2019-08-07 12:04
waveguide-web-example-audio/mono/25t_ir_wgw.wav	94K	2019-08-07 12:04
waveguide-web-example-audio/mono/courtyard_recorded_ir.wav	469K	2019-08-07 12:04
waveguide-web-example-audio/mono/courtyard_wgw.wav	281K	2019-08-07 12:04
waveguide-web-example-audio/mono/courtyard_wgw_skynode.wav	281K	2019-08-07 12:04
waveguide-web-example-audio/mono/ir_shoe_sdn.wav	188K	2019-08-07 12:04
waveguide-web-example-audio/mono/ir_shoe_wgw.wav	188K	2019-08-07 12:04
waveguide-web-example-audio/Read%20Me.txt	1.1K	2019-08-07 11:58
wheldrake-wood/examples/Forest_burp.mp3	57K	2023-11-20 07:30
wheldrake-wood/examples/Forest_drums.mp3	80K	2023-11-20 07:30
wheldrake-wood/examples/Forest_IR_M30_S1R2.mp3	22K	2023-11-20 07:30
wheldrake-wood/examples/Forest_IR_M30_S1R2.wav	281K	2023-11-20 07:30
wheldrake-wood/examples/Forest_M30_S1R2_wavefrom.png	150K	2023-11-20 07:30
wheldrake-wood/examples/Forest_singing.mp3	66K	2023-11-20 07:30
wheldrake-wood/images/forest1.jpg	384K	2023-11-20 07:30
wheldrake-wood/images/forest2.jpg	370K	2023-11-20 07:30
wheldrake-wood/images/idealforest.jpeg	610K	2023-11-20 07:30
wheldrake-wood/images/M30.jpeg	473K	2023-11-20 07:30
wheldrake-wood/images/sinuoForest.png	171K	2023-11-20 07:30
wheldrake-wood/images/SpeakerFacingE.jpeg	466K	2023-11-20 07:30
wheldrake-wood/IR_M30/S1R1_M30.wav	281K	2023-11-20 07:30
wheldrake-wood/IR_M30/S1R2_M30.wav	281K	2023-11-20 07:30
wheldrake-wood/IR_M30/S2R1_M30.wav	281K	2023-11-20 07:30
wheldrake-wood/IR_M30/S2R2_M30.wav	281K	2023-11-20 07:30
wheldrake-wood/IR_SF/S1R1_MS.wav	563K	2023-11-20 07:30
wheldrake-wood/IR_SF/S1R1_SF.wav	1.1M	2023-11-20 07:30
wheldrake-wood/IR_SF/S1R2_MS.wav	563K	2023-11-20 07:30
wheldrake-wood/IR_SF/S1R2_SF.wav	1.1M	2023-11-20 07:30
wheldrake-wood/IR_SF/S2R1_MS.wav	563K	2023-11-20 07:30
wheldrake-wood/IR_SF/S2R1_SF.wav	1.1M	2023-11-20 07:30
wheldrake-wood/IR_SF/S2R2_MS.wav	563K	2023-11-20 07:30
wheldrake-wood/IR_SF/S2R2_SF.wav	1.1M	2023-11-20 07:30
wheldrake-wood/Read%20Me.txt	1.7K	2023-11-20 07:30
york-guildhall-council-chamber/b-format/councilchamber_s1_r1_ir_1_96000.wav	5.5M	2019-08-07 12:04
york-guildhall-council-chamber/b-format/councilchamber_s1_r2_ir_1_96000.wav	5.5M	2019-08-07 12:04
york-guildhall-council-chamber/b-format/councilchamber_s1_r3_ir_1_96000.wav	5.5M	2019-08-07 12:04
york-guildhall-council-chamber/b-format/councilchamber_s1_r4_ir_1_96000.wav	5.5M	2019-08-07 12:04
york-guildhall-council-chamber/b-format/councilchamber_s2_r1_ir_1_96000.wav	5.5M	2019-08-07 12:04
york-guildhall-council-chamber/b-format/councilchamber_s2_r2_ir_1_96000.wav	5.5M	2019-08-07 12:04
york-guildhall-council-chamber/b-format/councilchamber_s2_r3_ir_1_96000.wav	5.5M	2019-08-07 12:04
york-guildhall-council-chamber/b-format/councilchamber_s2_r4_ir_1_96000.wav	5.5M	2019-08-07 12:04
york-guildhall-council-chamber/b-format/councilchamber_s3_r1_ir_1_96000.wav	5.5M	2019-08-07 12:04
york-guildhall-council-chamber/b-format/councilchamber_s3_r2_ir_1_96000.wav	5.5M	2019-08-07 12:04
york-guildhall-council-chamber/b-format/councilchamber_s3_r3_ir_1_96000.wav	5.5M	2019-08-07 12:04
york-guildhall-council-chamber/b-format/councilchamber_s3_r4_ir_1_96000.wav	5.5M	2019-08-07 12:04
york-guildhall-council-chamber/Data%20Tables/york-guildhall-council-chamber-1.png	44K	2019-10-03 16:42
york-guildhall-council-chamber/examples/councilchamber_s1_r1_ir_1_96000.mp3	71K	2019-08-07 12:04
york-guildhall-council-chamber/examples/councilchamber_s1_r1_ir_1_96000.png	7.4K	2019-08-07 12:04
york-guildhall-council-chamber/examples/councilchamber_s1_r1_ir_1_96000.wav	3.3M	2019-08-07 12:04
york-guildhall-council-chamber/examples/councilchamber_s1_r1_ir_1_96000_drum.mp3	193K	2019-08-07 12:04
york-guildhall-council-chamber/examples/councilchamber_s1_r1_ir_1_96000_sing.mp3	193K	2019-08-07 12:04
york-guildhall-council-chamber/examples/councilchamber_s1_r1_ir_1_96000_small.png	2.1K	2019-08-07 12:04
york-guildhall-council-chamber/images/guildhall_council_chamber_floor_plan_with_positions.jpg	59K	2019-08-07 12:04
york-guildhall-council-chamber/images/guildhall_york.jpg	72K	2019-08-07 12:04
york-guildhall-council-chamber/images/img_1495.jpg	85K	2019-08-07 12:04
york-guildhall-council-chamber/images/img_1505.jpg	87K	2019-08-07 12:04
york-guildhall-council-chamber/images/img_1510.png	1.0M	2019-08-07 12:04
york-guildhall-council-chamber/images/img_1554.jpg	75K	2019-08-07 12:04
york-guildhall-council-chamber/images/img_1558_copy.jpg	90K	2019-08-07 12:04
york-guildhall-council-chamber/images/thumb_img_6456_1024.jpg	79K	2019-08-07 12:04
york-guildhall-council-chamber/images/_dsc3190-edit-13.jpg	98K	2019-08-07 12:04
york-guildhall-council-chamber/Read%20Me.txt	6.2K	2019-08-07 11:58
york-minster/b-format/minster1_bformat_48k.wav	5.5M	2019-08-07 12:04
york-minster/Data%20Tables/york-minster-1.png	45K	2019-10-03 16:42
york-minster/examples/minster1_omni_48k.mp3	235K	2019-08-07 12:04
york-minster/examples/minster1_omni_48k.png	11K	2019-08-07 12:04
york-minster/examples/minster1_omni_48k.wav	1.4M	2019-08-07 12:04
york-minster/examples/minster1_omni_48k_drum.mp3	361K	2019-08-07 12:04
york-minster/examples/minster1_omni_48k_sing.mp3	361K	2019-08-07 12:04
york-minster/examples/minster1_omni_48k_small.png	2.0K	2019-08-07 12:04
york-minster/images/dsc_0285.jpg	38K	2019-08-07 12:04
york-minster/images/measuement_microphone_assembly.jpg	266K	2019-08-07 12:04
york-minster/images/minsterext.jpg	112K	2019-08-07 12:04
york-minster/images/minsterext_sm.jpg	34K	2019-08-07 12:04
york-minster/images/minsterint_sm.jpg	18K	2019-08-07 12:04
york-minster/stereo/minster1_000_ortf_48k.wav	2.7M	2019-08-07 12:04
york-minster/Read%20Me.txt	1.0K	2019-08-07 11:59
