"STATION","DATE","LATITUDE","LONGITUDE","ELEVATION","NAME","PRCP","PRCP_ATTRIBUTES","TMAX","TMAX_ATTRIBUTES","TMIN","TMIN_ATTRIBUTES","TAVG","TAVG_ATTRIBUTES"
"IRM00040858","1975-02-14","28.945","50.835","20.7","BUSHEHR, IR",,,,,,,"  120","H,,S"
"IRM00040858","1975-02-15","28.945","50.835","20.7","BUSHEHR, IR",,,"  170",",,S",,,"  132","H,,S"
"IRM00040858","1975-02-16","28.945","50.835","20.7","BUSHEHR, IR",,,,,"   70",",,S","  140","H,,S"
"IRM00040858","1975-02-17","28.945","50.835","20.7","BUSHEHR, IR",,,"  190",",,S",,,"  147","H,,S"
"IRM00040858","1975-02-18","28.945","50.835","20.7","BUSHEHR, IR",,,"  190",",,S","   70",",,S","  142","H,,S"
"IRM00040858","1975-02-21","28.945","50.835","20.7","BUSHEHR, IR",,,,,,,"  214","H,,S"
"IRM00040858","1975-02-22","28.945","50.835","20.7","BUSHEHR, IR",,,"  250",",,S","  150",",,S","  185","H,,S"
"IRM00040858","1975-02-24","28.945","50.835","20.7","BUSHEHR, IR",,,,,"  150",",,S","  213","H,,S"
"IRM00040858","1975-03-01","28.945","50.835","20.7","BUSHEHR, IR",,,,,,,"  215","H,,S"
"IRM00040858","1975-03-02","28.945","50.835","20.7","BUSHEHR, IR",,,,,,,"  195","H,,S"
"IRM00040858","1975-03-05","28.945","50.835","20.7","BUSHEHR, IR",,,,,"  110",",,S","  155","H,,S"
"IRM00040858","1975-03-06","28.945","50.835","20.7","BUSHEHR, IR",,,,,"  110",",,S","  135","H,,S"
"IRM00040858","1975-03-08","28.945","50.835","20.7","BUSHEHR, IR",,,,,,,"  173","H,,S"
"IRM00040858","1975-03-09","28.945","50.835","20.7","BUSHEHR, IR",,,"  200",",,S",,,"  165","H,,S"
"IRM00040858","1975-03-12","28.945","50.835","20.7","BUSHEHR, IR",,,,,,,"  198","H,,S"
"IRM00040858","1975-03-14","28.945","50.835","20.7","BUSHEHR, IR",,,,,"  120",",,S","  180","H,,S"
"IRM00040858","1975-03-15","28.945","50.835","20.7","BUSHEHR, IR",,,,,,,"  183","H,,S"
"IRM00040858","1975-03-16","28.945","50.835","20.7","BUSHEHR, IR",,,,,"  110",",,S","  180","H,,S"
"IRM00040858","1975-03-18","28.945","50.835","20.7","BUSHEHR, IR",,,"  310",",,S","  190",",,S","  232","H,,S"
"IRM00040858","1975-03-19","28.945","50.835","20.7","BUSHEHR, IR",,,"  230",",,S","  150",",,S","  202","H,,S"
"IRM00040858","1975-03-21","28.945","50.835","20.7","BUSHEHR, IR",,,,,"  140",",,S","  192","H,,S"
"IRM00040858","1975-03-22","28.945","50.835","20.7","BUSHEHR, IR",,,,,,,"  182","H,,S"
"IRM00040858","1975-03-23","28.945","50.835","20.7","BUSHEHR, IR",,,,,"  170",",,S","  177","H,,S"
"IRM00040858","1975-04-05","28.945","50.835","20.7","BUSHEHR, IR",,,,,,,"  234","H,,S"
"IRM00040858","1975-04-09","28.945","50.835","20.7","BUSHEHR, IR",,,"  310",",,S",,,"  258","H,,S"
"IRM00040858","1975-04-10","28.945","50.835","20.7","BUSHEHR, IR",,,,,"  200",",,S","  255","H,,S"
"IRM00040858","1975-04-12","28.945","50.835","20.7","BUSHEHR, IR",,,"  270",",,S",,,"  240","H,,S"
"IRM00040858","1975-04-13","28.945","50.835","20.7","BUSHEHR, IR",,,,,"  200",",,S","  230","H,,S"
"IRM00040858","1975-04-18","28.945","50.835","20.7","BUSHEHR, IR",,,"  280",",,S","  200",",,S","  234","H,,S"
"IRM00040858","1975-04-19","28.945","50.835","20.7","BUSHEHR, IR",,,"  300",",,S","  190",",,S","  252","H,,S"
"IRM00040858","1975-04-20","28.945","50.835","20.7","BUSHEHR, IR",,,,,,,"  270","H,,S"
"IRM00040858","1975-04-21","28.945","50.835","20.7","BUSHEHR, IR",,,"  310",",,S","  220",",,S","  260","H,,S"
"IRM00040858","1975-04-25","28.945","50.835","20.7","BUSHEHR, IR",,,,,"  190",",,S","  226","H,,S"
"IRM00040858","1975-04-27","28.945","50.835","20.7","BUSHEHR, IR",,,"  290",",,S","  190",",,S","  256","H,,S"
"IRM00040858","1975-04-29","28.945","50.835","20.7","BUSHEHR, IR",,,"  310",",,S",,,"  288","H,,S"
"IRM00040858","1975-05-02","28.945","50.835","20.7","BUSHEHR, IR",,,"  330",",,S",,,"  298","H,,S"
"IRM00040858","1975-05-06","28.945","50.835","20.7","BUSHEHR, IR",,,"  330",",,S",,,"  280","H,,S"
"IRM00040858","1975-05-15","28.945","50.835","20.7","BUSHEHR, IR",,,,,,,"  258","H,,S"
"IRM00040858","1975-05-17","28.945","50.835","20.7","BUSHEHR, IR",,,"  320",",,S","  220",",,S","  286","H,,S"
"IRM00040858","1975-05-19","28.945","50.835","20.7","BUSHEHR, IR",,,,,"  240",",,S","  306","H,,S"
"IRM00040858","1975-05-21","28.945","50.835","20.7","BUSHEHR, IR",,,"  350",",,S","  240",",,S","  310","H,,S"
"IRM00040858","1975-05-22","28.945","50.835","20.7","BUSHEHR, IR",,,,,,,"  322","H,,S"
"IRM00040858","1975-05-23","28.945","50.835","20.7","BUSHEHR, IR",,,"  350",",,S",,,"  323","H,,S"
"IRM00040858","1975-05-25","28.945","50.835","20.7","BUSHEHR, IR",,,,,"  260",",,S","  330","H,,S"
"IRM00040858","1975-05-26","28.945","50.835","20.7","BUSHEHR, IR",,,"  410",",,S",,,"  325","H,,S"
"IRM00040858","1975-06-02","28.945","50.835","20.7","BUSHEHR, IR",,,"  350",",,S","  240",",,S","  298","H,,S"
"IRM00040858","1975-06-06","28.945","50.835","20.7","BUSHEHR, IR",,,,,"  260",",,S","  320","H,,S"
"IRM00040858","1975-06-08","28.945","50.835","20.7","BUSHEHR, IR",,,,,,,"  302","H,,S"
"IRM00040858","1975-06-10","28.945","50.835","20.7","BUSHEHR, IR",,,,,"  280",",,S","  295","H,,S"
"IRM00040858","1975-06-12","28.945","50.835","20.7","BUSHEHR, IR",,,"  330",",,S",,,"  308","H,,S"
"IRM00040858","1975-06-14","28.945","50.835","20.7","BUSHEHR, IR",,,"  350",",,S","  240",",,S","  300","H,,S"
"IRM00040858","1975-06-15","28.945","50.835","20.7","BUSHEHR, IR",,,,,,,"  304","H,,S"
"IRM00040858","1975-06-16","28.945","50.835","20.7","BUSHEHR, IR",,,"  330",",,S","  280",",,S","  304","H,,S"
"IRM00040858","1975-06-20","28.945","50.835","20.7","BUSHEHR, IR",,,,,,,"  308","H,,S"
"IRM00040858","1975-06-22","28.945","50.835","20.7","BUSHEHR, IR",,,,,"  250",",,S","  313","H,,S"
"IRM00040858","1975-07-03","28.945","50.835","20.7","BUSHEHR, IR",,,"  350",",,S","  290",",,S","  323","H,,S"
"IRM00040858","1975-07-04","28.945","50.835","20.7","BUSHEHR, IR",,,"  350",",,S","  290",",,S","  324","H,,S"
"IRM00040858","1975-07-05","28.945","50.835","20.7","BUSHEHR, IR",,,,,"  270",",,S","  317","H,,S"
"IRM00040858","1975-07-06","28.945","50.835","20.7","BUSHEHR, IR",,,,,,,"  315","H,,S"
"IRM00040858","1975-07-07","28.945","50.835","20.7","BUSHEHR, IR",,,"  350",",,S",,,"  317","H,,S"
"IRM00040858","1975-07-08","28.945","50.835","20.7","BUSHEHR, IR",,,,,,,"  310","H,,S"
"IRM00040858","1975-07-09","28.945","50.835","20.7","BUSHEHR, IR",,,"  360",",,S","  240",",,S","  314","H,,S"
"IRM00040858","1975-07-10","28.945","50.835","20.7","BUSHEHR, IR",,,,,,,"  315","H,,S"
"IRM00040858","1975-07-11","28.945","50.835","20.7","BUSHEHR, IR",,,"  360",",,S","  260",",,S","  315","H,,S"
"IRM00040858","1975-07-12","28.945","50.835","20.7","BUSHEHR, IR",,,"  380",",,S",,,"  348","H,,S"
"IRM00040858","1975-07-13","28.945","50.835","20.7","BUSHEHR, IR",,,"  350",",,S",,,"  327","H,,S"
"IRM00040858","1975-07-15","28.945","50.835","20.7","BUSHEHR, IR",,,,,,,"  327","H,,S"
"IRM00040858","1975-07-17","28.945","50.835","20.7","BUSHEHR, IR",,,,,,,"  350","H,,S"
"IRM00040858","1975-07-19","28.945","50.835","20.7","BUSHEHR, IR",,,,,"  270",",,S","  336","H,,S"
"IRM00040858","1975-07-20","28.945","50.835","20.7","BUSHEHR, IR",,,,,"  260",",,S","  316","H,,S"
"IRM00040858","1975-07-21","28.945","50.835","20.7","BUSHEHR, IR",,,"  350",",,S",,,"  325","H,,S"
"IRM00040858","1975-07-22","28.945","50.835","20.7","BUSHEHR, IR",,,"  360",",,S",,,"  335","H,,S"
"IRM00040858","1975-07-23","28.945","50.835","20.7","BUSHEHR, IR",,,"  370",",,S","  270",",,S","  338","H,,S"
"IRM00040858","1975-07-25","28.945","50.835","20.7","BUSHEHR, IR",,,"  370",",,S",,,"  342","H,,S"
"IRM00040858","1975-07-26","28.945","50.835","20.7","BUSHEHR, IR",,,,,"  300",",,S","  338","H,,S"
"IRM00040858","1975-07-27","28.945","50.835","20.7","BUSHEHR, IR",,,"  370",",,S","  300",",,S","  330","H,,S"
"IRM00040858","1975-07-28","28.945","50.835","20.7","BUSHEHR, IR",,,"  360",",,S","  300",",,S","  336","H,,S"
"IRM00040858","1975-07-29","28.945","50.835","20.7","BUSHEHR, IR",,,,,"  310",",,S","  347","H,,S"
"IRM00040858","1975-07-30","28.945","50.835","20.7","BUSHEHR, IR",,,,,"  310",",,S","  336","H,,S"
"IRM00040858","1975-07-31","28.945","50.835","20.7","BUSHEHR, IR",,,"  390",",,S","  310",",,S","  336","H,,S"
"IRM00040858","1975-08-01","28.945","50.835","20.7","BUSHEHR, IR",,,"  370",",,S",,,"  350","H,,S"
"IRM00040858","1975-08-02","28.945","50.835","20.7","BUSHEHR, IR",,,,,,,"  340","H,,S"
"IRM00040858","1975-08-03","28.945","50.835","20.7","BUSHEHR, IR",,,"  370",",,S",,,"  333","H,,S"
"IRM00040858","1975-08-04","28.945","50.835","20.7","BUSHEHR, IR",,,,,,,"  360","H,,S"
"IRM00040858","1975-08-05","28.945","50.835","20.7","BUSHEHR, IR",,,,,,,"  338","H,,S"
"IRM00040858","1975-08-06","28.945","50.835","20.7","BUSHEHR, IR",,,"  380",",,S","  280",",,S","  332","H,,S"
"IRM00040858","1975-08-09","28.945","50.835","20.7","BUSHEHR, IR",,,,,,,"  346","H,,S"
"IRM00040858","1975-08-14","28.945","50.835","20.7","BUSHEHR, IR",,,,,"  280",",,S","  306","H,,S"
"IRM00040858","1975-08-16","28.945","50.835","20.7","BUSHEHR, IR",,,,,,,"  325","H,,S"
"IRM00040858","1975-08-17","28.945","50.835","20.7","BUSHEHR, IR",,,"  350",",,S","  270",",,S","  318","H,,S"
"IRM00040858","1975-08-18","28.945","50.835","20.7","BUSHEHR, IR",,,,,,,"  318","H,,S"
"IRM00040858","1975-08-19","28.945","50.835","20.7","BUSHEHR, IR",,,,,"  280",",,S","  310","H,,S"
"IRM00040858","1975-08-20","28.945","50.835","20.7","BUSHEHR, IR",,,,,,,"  315","H,,S"
"IRM00040858","1975-09-02","28.945","50.835","20.7","BUSHEHR, IR",,,,,,,"  330","H,,S"
"IRM00040858","1975-09-06","28.945","50.835","20.7","BUSHEHR, IR",,,,,,,"  345","H,,S"
"IRM00040858","1975-09-11","28.945","50.835","20.7","BUSHEHR, IR",,,,,"  240",",,S","  320","H,,S"
"IRM00040858","1975-09-13","28.945","50.835","20.7","BUSHEHR, IR",,,,,,,"  345","H,,S"
"IRM00040858","1975-09-15","28.945","50.835","20.7","BUSHEHR, IR",,,"  360",",,S",,,"  328","H,,S"
"IRM00040858","1975-09-16","28.945","50.835","20.7","BUSHEHR, IR",,,"  360",",,S","  240",",,S","  284","H,,S"
"IRM00040858","1975-09-18","28.945","50.835","20.7","BUSHEHR, IR",,,"  360",",,S","  280",",,S","  312","H,,S"
"IRM00040858","1975-09-19","28.945","50.835","20.7","BUSHEHR, IR",,,,,,,"  323","H,,S"
"IRM00040858","1975-09-20","28.945","50.835","20.7","BUSHEHR, IR",,,"  370",",,S","  260",",,S","  322","H,,S"
"IRM00040858","1975-09-21","28.945","50.835","20.7","BUSHEHR, IR",,,,,,,"  335","H,,S"
"IRM00040858","1975-09-22","28.945","50.835","20.7","BUSHEHR, IR",,,"  370",",,S",,,"  327","H,,S"
"IRM00040858","1975-09-23","28.945","50.835","20.7","BUSHEHR, IR",,,"  350",",,S",,,"  323","H,,S"
"IRM00040858","1975-09-24","28.945","50.835","20.7","BUSHEHR, IR",,,,,"  250",",,S","  322","H,,S"
"IRM00040858","1975-09-25","28.945","50.835","20.7","BUSHEHR, IR",,,,,,,"  312","H,,S"
"IRM00040858","1975-09-26","28.945","50.835","20.7","BUSHEHR, IR",,,,,,,"  312","H,,S"
"IRM00040858","1975-09-28","28.945","50.835","20.7","BUSHEHR, IR",,,,,,,"  302","H,,S"
"IRM00040858","1975-10-05","28.945","50.835","20.7","BUSHEHR, IR",,,,,,,"  294","H,,S"
"IRM00040858","1975-10-08","28.945","50.835","20.7","BUSHEHR, IR",,,,,"  170",",,S","  220","H,,S"
"IRM00040858","1975-10-09","28.945","50.835","20.7","BUSHEHR, IR",,,,,,,"  255","H,,S"
"IRM00040858","1975-10-13","28.945","50.835","20.7","BUSHEHR, IR",,,"  290",",,S",,,"  255","H,,S"
"IRM00040858","1975-10-17","28.945","50.835","20.7","BUSHEHR, IR",,,"  280",",,S",,,"  214","H,,S"
"IRM00040858","1975-10-19","28.945","50.835","20.7","BUSHEHR, IR",,,,,"  160",",,S","  212","H,,S"
"IRM00040858","1975-10-23","28.945","50.835","20.7","BUSHEHR, IR",,,,,,,"  242","H,,S"
"IRM00040858","1975-10-24","28.945","50.835","20.7","BUSHEHR, IR",,,,,,,"  246","H,,S"
"IRM00040858","1975-10-26","28.945","50.835","20.7","BUSHEHR, IR",,,,,,,"  248","H,,S"
"IRM00040858","1975-10-27","28.945","50.835","20.7","BUSHEHR, IR",,,,,,,"  235","H,,S"
"IRM00040858","1975-10-31","28.945","50.835","20.7","BUSHEHR, IR",,,,,"  160",",,S","  228","H,,S"
"IRM00040858","1975-11-05","28.945","50.835","20.7","BUSHEHR, IR",,,,,,,"  232","H,,S"
"IRM00040858","1975-11-08","28.945","50.835","20.7","BUSHEHR, IR",,,,,"  140",",,S","  208","H,,S"
"IRM00040858","1975-11-09","28.945","50.835","20.7","BUSHEHR, IR",,,,,,,"  255","H,,S"
"IRM00040858","1975-11-10","28.945","50.835","20.7","BUSHEHR, IR",,,,,"  180",",,S","  248","H,,S"
"IRM00040858","1975-11-11","28.945","50.835","20.7","BUSHEHR, IR",,,"  240",",,S",,,"  193","H,,S"
"IRM00040858","1975-11-14","28.945","50.835","20.7","BUSHEHR, IR",,,,,"  140",",,S","  188","H,,S"
"IRM00040858","1975-11-18","28.945","50.835","20.7","BUSHEHR, IR",,,,,,,"  220","H,,S"
"IRM00040858","1975-11-19","28.945","50.835","20.7","BUSHEHR, IR",,,,,"  150",",,S","  203","H,,S"
"IRM00040858","1975-11-21","28.945","50.835","20.7","BUSHEHR, IR",,,,,,,"  205","H,,S"
"IRM00040858","1975-11-24","28.945","50.835","20.7","BUSHEHR, IR",,,,,,,"  178","H,,S"
"IRM00040858","1975-11-25","28.945","50.835","20.7","BUSHEHR, IR",,,,,,,"  188","H,,S"
"IRM00040858","1975-11-26","28.945","50.835","20.7","BUSHEHR, IR",,,"  270",",,S",,,"  238","H,,S"
"IRM00040858","1975-11-27","28.945","50.835","20.7","BUSHEHR, IR",,,"  270",",,S",,,"  220","H,,S"
"IRM00040858","1975-11-29","28.945","50.835","20.7","BUSHEHR, IR",,,,,,,"  158","H,,S"
"IRM00040858","1975-12-02","28.945","50.835","20.7","BUSHEHR, IR",,,"  240",",,S","  150",",,S","  195","H,,S"
"IRM00040858","1975-12-03","28.945","50.835","20.7","BUSHEHR, IR",,,,,,,"  162","H,,S"
"IRM00040858","1975-12-10","28.945","50.835","20.7","BUSHEHR, IR",,,,,,,"  182","H,,S"
"IRM00040858","1975-12-11","28.945","50.835","20.7","BUSHEHR, IR",,,"  200",",,S",,,"  182","H,,S"
"IRM00040858","1975-12-15","28.945","50.835","20.7","BUSHEHR, IR",,,"  180",",,S",,,"  148","H,,S"
"IRM00040858","1975-12-16","28.945","50.835","20.7","BUSHEHR, IR",,,,,,,"  160","H,,S"
"IRM00040858","1975-12-22","28.945","50.835","20.7","BUSHEHR, IR",,,"  230",",,S",,,"  174","H,,S"
"IRM00040858","1975-12-29","28.945","50.835","20.7","BUSHEHR, IR",,,,,,,"  152","H,,S"
"IRM00040858","1975-12-30","28.945","50.835","20.7","BUSHEHR, IR",,,,,,,"  162","H,,S"
"IRM00040858","1976-01-10","28.945","50.835","20.7","BUSHEHR, IR",,,"  150",",,S",,,"  136","H,,S"
"IRM00040858","1976-01-18","28.945","50.835","20.7","BUSHEHR, IR",,,"  200",",,S",,,"  178","H,,S"
"IRM00040858","1976-01-25","28.945","50.835","20.7","BUSHEHR, IR",,,"  170",",,S","  130",",,S","  145","H,,S"
"IRM00040858","1976-01-26","28.945","50.835","20.7","BUSHEHR, IR",,,,,,,"  135","H,,S"
"IRM00040858","1976-02-05","28.945","50.835","20.7","BUSHEHR, IR",,,,,,,"  170","H,,S"
"IRM00040858","1976-02-06","28.945","50.835","20.7","BUSHEHR, IR",,,"  190",",,S","  140",",,S","  152","H,,S"
"IRM00040858","1976-02-07","28.945","50.835","20.7","BUSHEHR, IR",,,,,"   80",",,S","  130","H,,S"
"IRM00040858","1976-02-11","28.945","50.835","20.7","BUSHEHR, IR",,,"  150",",,S",,,"  138","H,,S"
"IRM00040858","1976-02-14","28.945","50.835","20.7","BUSHEHR, IR",,,"  160",",,S",,,"  136","H,,S"
"IRM00040858","1976-02-15","28.945","50.835","20.7","BUSHEHR, IR",,,,,,,"  130","H,,S"
"IRM00040858","1976-02-16","28.945","50.835","20.7","BUSHEHR, IR",,,"  260",",,S",,,"  143","H,,S"
"IRM00040858","1976-02-18","28.945","50.835","20.7","BUSHEHR, IR",,,,,,,"  115","H,,S"
"IRM00040858","1976-02-20","28.945","50.835","20.7","BUSHEHR, IR",,,,,,,"  160","H,,S"
"IRM00040858","1976-02-21","28.945","50.835","20.7","BUSHEHR, IR",,,,,,,"  190","H,,S"
"IRM00040858","1976-02-22","28.945","50.835","20.7","BUSHEHR, IR",,,,,"  130",",,S","  145","H,,S"
"IRM00040858","1976-02-24","28.945","50.835","20.7","BUSHEHR, IR",,,,,"   90",",,S","  146","H,,S"
"IRM00040858","1976-02-25","28.945","50.835","20.7","BUSHEHR, IR",,,"  180",",,S",,,"  145","H,,S"
"IRM00040858","1976-02-27","28.945","50.835","20.7","BUSHEHR, IR",,,"  180",",,S",,,"  153","H,,S"
"IRM00040858","1976-02-28","28.945","50.835","20.7","BUSHEHR, IR",,,,,,,"  163","H,,S"
"IRM00040858","1976-03-02","28.945","50.835","20.7","BUSHEHR, IR",,,,,"   90",",,S","  108","H,,S"
"IRM00040858","1976-03-07","28.945","50.835","20.7","BUSHEHR, IR",,,"  190",",,S",,,"  170","H,,S"
"IRM00040858","1976-03-08","28.945","50.835","20.7","BUSHEHR, IR",,,,,"  130",",,S","  154","H,,S"
"IRM00040858","1976-03-09","28.945","50.835","20.7","BUSHEHR, IR",,,"  200",",,S",,,"  150","H,,S"
"IRM00040858","1976-03-10","28.945","50.835","20.7","BUSHEHR, IR",,,"  260",",,S",,,"  182","H,,S"
"IRM00040858","1976-03-11","28.945","50.835","20.7","BUSHEHR, IR",,,"  200",",,S",,,"  160","H,,S"
"IRM00040858","1976-03-14","28.945","50.835","20.7","BUSHEHR, IR",,,,,"  160",",,S","  195","H,,S"
"IRM00040858","1976-03-17","28.945","50.835","20.7","BUSHEHR, IR",,,,,"  130",",,S","  167","H,,S"
"IRM00040858","1976-03-19","28.945","50.835","20.7","BUSHEHR, IR",,,"  210",",,S",,,"  172","H,,S"
"IRM00040858","1976-03-22","28.945","50.835","20.7","BUSHEHR, IR",,,"  200",",,S",,,"  174","H,,S"
"IRM00040858","1976-03-26","28.945","50.835","20.7","BUSHEHR, IR",,,"  220",",,S","  140",",,S","  180","H,,S"
"IRM00040858","1976-03-30","28.945","50.835","20.7","BUSHEHR, IR",,,,,"  150",",,S","  195","H,,S"
"IRM00040858","1976-04-07","28.945","50.835","20.7","BUSHEHR, IR",,,"  260",",,S",,,"  210","H,,S"
"IRM00040858","1976-04-11","28.945","50.835","20.7","BUSHEHR, IR",,,,,,,"  218","H,,S"
"IRM00040858","1976-04-14","28.945","50.835","20.7","BUSHEHR, IR",,,,,"  180",",,S","  227","H,,S"
"IRM00040858","1976-04-18","28.945","50.835","20.7","BUSHEHR, IR",,,,,"  210",",,S","  240","H,,S"
"IRM00040858","1976-04-29","28.945","50.835","20.7","BUSHEHR, IR",,,"  290",",,S","  170",",,S","  240","H,,S"
"IRM00040858","1976-04-30","28.945","50.835","20.7","BUSHEHR, IR",,,"  310",",,S",,,"  253","H,,S"
"IRM00040858","1976-05-01","28.945","50.835","20.7","BUSHEHR, IR",,,,,,,"  240","H,,S"
"IRM00040858","1976-05-02","28.945","50.835","20.7","BUSHEHR, IR",,,"  300",",,S",,,"  255","H,,S"
"IRM00040858","1976-05-03","28.945","50.835","20.7","BUSHEHR, IR",,,,,,,"  274","H,,S"
"IRM00040858","1976-05-04","28.945","50.835","20.7","BUSHEHR, IR",,,,,,,"  218","H,,S"
"IRM00040858","1976-05-08","28.945","50.835","20.7","BUSHEHR, IR",,,,,,,"  265","H,,S"
"IRM00040858","1976-05-16","28.945","50.835","20.7","BUSHEHR, IR",,,"  340",",,S",,,"  278","H,,S"
"IRM00040858","1976-05-17","28.945","50.835","20.7","BUSHEHR, IR",,,"  310",",,S",,,"  275","H,,S"
"IRM00040858","1976-05-18","28.945","50.835","20.7","BUSHEHR, IR",,,"  330",",,S","  240",",,S","  284","H,,S"
"IRM00040858","1976-05-21","28.945","50.835","20.7","BUSHEHR, IR",,,,,,,"  322","H,,S"
"IRM00040858","1976-05-23","28.945","50.835","20.7","BUSHEHR, IR",,,,,,,"  288","H,,S"
"IRM00040858","1976-05-24","28.945","50.835","20.7","BUSHEHR, IR",,,"  330",",,S",,,"  290","H,,S"
"IRM00040858","1976-05-27","28.945","50.835","20.7","BUSHEHR, IR",,,"  340",",,S",,,"  313","H,,S"
"IRM00040858","1976-05-29","28.945","50.835","20.7","BUSHEHR, IR",,,,,,,"  283","H,,S"
"IRM00040858","1976-05-31","28.945","50.835","20.7","BUSHEHR, IR",,,"  390",",,S",,,"  305","H,,S"
"IRM00040858","1976-06-03","28.945","50.835","20.7","BUSHEHR, IR",,,"  320",",,S",,,"  300","H,,S"
"IRM00040858","1976-06-09","28.945","50.835","20.7","BUSHEHR, IR",,,"  330",",,S","  230",",,S","  295","H,,S"
"IRM00040858","1976-06-10","28.945","50.835","20.7","BUSHEHR, IR",,,"  320",",,S",,,"  308","H,,S"
"IRM00040858","1976-06-11","28.945","50.835","20.7","BUSHEHR, IR",,,,,,,"  338","H,,S"
"IRM00040858","1976-06-12","28.945","50.835","20.7","BUSHEHR, IR",,,,,,,"  348","H,,S"
"IRM00040858","1976-06-14","28.945","50.835","20.7","BUSHEHR, IR",,,,,,,"  286","H,,S"
"IRM00040858","1976-06-15","28.945","50.835","20.7","BUSHEHR, IR",,,"  310",",,S",,,"  294","H,,S"
"IRM00040858","1976-06-16","28.945","50.835","20.7","BUSHEHR, IR",,,,,,,"  298","H,,S"
"IRM00040858","1976-06-17","28.945","50.835","20.7","BUSHEHR, IR",,,"  360",",,S",,,"  315","H,,S"
"IRM00040858","1976-06-18","28.945","50.835","20.7","BUSHEHR, IR",,,"  330",",,S",,,"  308","H,,S"
"IRM00040858","1976-06-19","28.945","50.835","20.7","BUSHEHR, IR",,,"  320",",,S",,,"  295","H,,S"
"IRM00040858","1976-06-20","28.945","50.835","20.7","BUSHEHR, IR",,,,,"  240",",,S","  302","H,,S"
"IRM00040858","1976-06-21","28.945","50.835","20.7","BUSHEHR, IR",,,,,"  240",",,S","  288","H,,S"
"IRM00040858","1976-06-22","28.945","50.835","20.7","BUSHEHR, IR",,,,,,,"  305","H,,S"
"IRM00040858","1976-06-25","28.945","50.835","20.7","BUSHEHR, IR",,,"  370",",,S","  270",",,S","  327","H,,S"
"IRM00040858","1976-06-27","28.945","50.835","20.7","BUSHEHR, IR",,,,,,,"  314","H,,S"
"IRM00040858","1976-06-29","28.945","50.835","20.7","BUSHEHR, IR",,,,,"  300",",,S","  326","H,,S"
"IRM00040858","1976-06-30","28.945","50.835","20.7","BUSHEHR, IR",,,"  340",",,S",,,"  318","H,,S"
"IRM00040858","1976-07-01","28.945","50.835","20.7","BUSHEHR, IR",,,,,,,"  310","H,,S"
"IRM00040858","1976-07-02","28.945","50.835","20.7","BUSHEHR, IR",,,"  360",",,S",,,"  317","H,,S"
"IRM00040858","1976-07-04","28.945","50.835","20.7","BUSHEHR, IR",,,"  380",",,S",,,"  332","H,,S"
"IRM00040858","1976-07-05","28.945","50.835","20.7","BUSHEHR, IR",,,"  350",",,S",,,"  325","H,,S"
"IRM00040858","1976-07-08","28.945","50.835","20.7","BUSHEHR, IR",,,"  350",",,S",,,"  330","H,,S"
"IRM00040858","1976-07-09","28.945","50.835","20.7","BUSHEHR, IR",,,"  340",",,S",,,"  310","H,,S"
"IRM00040858","1976-07-11","28.945","50.835","20.7","BUSHEHR, IR",,,,,"  270",",,S","  308","H,,S"
"IRM00040858","1976-07-12","28.945","50.835","20.7","BUSHEHR, IR",,,"  360",",,S","  290",",,S","  335","H,,S"
"IRM00040858","1976-07-13","28.945","50.835","20.7","BUSHEHR, IR",,,,,,,"  328","H,,S"
"IRM00040858","1976-07-14","28.945","50.835","20.7","BUSHEHR, IR",,,"  330",",,S",,,"  302","H,,S"
"IRM00040858","1976-07-19","28.945","50.835","20.7","BUSHEHR, IR",,,,,,,"  320","H,,S"
"IRM00040858","1976-07-22","28.945","50.835","20.7","BUSHEHR, IR",,,"  320",",,S","  260",",,S","  304","H,,S"
"IRM00040858","1976-07-25","28.945","50.835","20.7","BUSHEHR, IR",,,"  360",",,S",,,"  330","H,,S"
"IRM00040858","1976-07-30","28.945","50.835","20.7","BUSHEHR, IR",,,,,,,"  332","H,,S"
"IRM00040858","1976-07-31","28.945","50.835","20.7","BUSHEHR, IR",,,,,,,"  338","H,,S"
"IRM00040858","1976-08-01","28.945","50.835","20.7","BUSHEHR, IR",,,"  350",",,S","  310",",,S","  328","H,,S"
"IRM00040858","1976-08-03","28.945","50.835","20.7","BUSHEHR, IR",,,"  360",",,S",,,"  325","H,,S"
"IRM00040858","1976-08-05","28.945","50.835","20.7","BUSHEHR, IR",,,"  390",",,S","  270",",,S","  322","H,,S"
"IRM00040858","1976-08-06","28.945","50.835","20.7","BUSHEHR, IR",,,"  390",",,S",,,"  327","H,,S"
"IRM00040858","1976-08-08","28.945","50.835","20.7","BUSHEHR, IR",,,"  400",",,S",,,"  345","H,,S"
"IRM00040858","1976-08-09","28.945","50.835","20.7","BUSHEHR, IR",,,,,,,"  335","H,,S"
"IRM00040858","1976-08-10","28.945","50.835","20.7","BUSHEHR, IR",,,"  380",",,S",,,"  333","H,,S"
"IRM00040858","1976-08-12","28.945","50.835","20.7","BUSHEHR, IR",,,"  400",",,S",,,"  364","H,,S"
"IRM00040858","1976-08-13","28.945","50.835","20.7","BUSHEHR, IR",,,"  360",",,S",,,"  345","H,,S"
"IRM00040858","1976-08-14","28.945","50.835","20.7","BUSHEHR, IR",,,"  380",",,S",,,"  327","H,,S"
"IRM00040858","1976-08-17","28.945","50.835","20.7","BUSHEHR, IR",,,"  360",",,S",,,"  334","H,,S"
"IRM00040858","1976-08-18","28.945","50.835","20.7","BUSHEHR, IR",,,"  370",",,S","  280",",,S","  318","H,,S"
"IRM00040858","1976-08-19","28.945","50.835","20.7","BUSHEHR, IR",,,"  360",",,S","  290",",,S","  330","H,,S"
"IRM00040858","1976-08-20","28.945","50.835","20.7","BUSHEHR, IR",,,,,,,"  315","H,,S"
"IRM00040858","1976-08-21","28.945","50.835","20.7","BUSHEHR, IR",,,"  370",",,S",,,"  305","H,,S"
"IRM00040858","1976-08-22","28.945","50.835","20.7","BUSHEHR, IR",,,"  360",",,S",,,"  335","H,,S"
"IRM00040858","1976-08-23","28.945","50.835","20.7","BUSHEHR, IR",,,,,,,"  332","H,,S"
"IRM00040858","1976-08-24","28.945","50.835","20.7","BUSHEHR, IR",,,"  340",",,S",,,"  307","H,,S"
"IRM00040858","1976-08-26","28.945","50.835","20.7","BUSHEHR, IR",,,,,,,"  320","H,,S"
"IRM00040858","1976-08-28","28.945","50.835","20.7","BUSHEHR, IR",,,,,,,"  324","H,,S"
"IRM00040858","1976-08-30","28.945","50.835","20.7","BUSHEHR, IR",,,"  340",",,S",,,"  313","H,,S"
"IRM00040858","1976-08-31","28.945","50.835","20.7","BUSHEHR, IR",,,"  350",",,S",,,"  328","H,,S"
"IRM00040858","1976-09-01","28.945","50.835","20.7","BUSHEHR, IR",,,,,,,"  328","H,,S"
"IRM00040858","1976-09-02","28.945","50.835","20.7","BUSHEHR, IR",,,"  340",",,S","  290",",,S","  318","H,,S"
"IRM00040858","1976-09-03","28.945","50.835","20.7","BUSHEHR, IR",,,"  330",",,S","  270",",,S","  305","H,,S"
"IRM00040858","1976-09-04","28.945","50.835","20.7","BUSHEHR, IR",,,"  340",",,S","  260",",,S","  298","H,,S"
"IRM00040858","1976-09-05","28.945","50.835","20.7","BUSHEHR, IR",,,"  340",",,S",,,"  302","H,,S"
"IRM00040858","1976-09-06","28.945","50.835","20.7","BUSHEHR, IR",,,"  340",",,S","  230",",,S","  308","H,,S"
"IRM00040858","1976-09-07","28.945","50.835","20.7","BUSHEHR, IR",,,"  350",",,S","  230",",,S","  288","H,,S"
"IRM00040858","1976-09-08","28.945","50.835","20.7","BUSHEHR, IR",,,,,"  220",",,S","  266","H,,S"
"IRM00040858","1976-09-09","28.945","50.835","20.7","BUSHEHR, IR",,,"  360",",,S",,,"  320","H,,S"
"IRM00040858","1976-09-10","28.945","50.835","20.7","BUSHEHR, IR",,,"  360",",,S",,,"  318","H,,S"
"IRM00040858","1976-09-11","28.945","50.835","20.7","BUSHEHR, IR",,,"  370",",,S",,,"  298","H,,S"
"IRM00040858","1976-09-12","28.945","50.835","20.7","BUSHEHR, IR",,,"  370",",,S",,,"  308","H,,S"
"IRM00040858","1976-09-13","28.945","50.835","20.7","BUSHEHR, IR",,,"  350",",,S",,,"  298","H,,S"
"IRM00040858","1976-09-14","28.945","50.835","20.7","BUSHEHR, IR",,,,,,,"  318","H,,S"
"IRM00040858","1976-09-15","28.945","50.835","20.7","BUSHEHR, IR",,,"  350",",,S","  220",",,S","  293","H,,S"
"IRM00040858","1976-09-16","28.945","50.835","20.7","BUSHEHR, IR",,,,,"  240",",,S","  292","H,,S"
"IRM00040858","1976-09-17","28.945","50.835","20.7","BUSHEHR, IR",,,,,,,"  302","H,,S"
"IRM00040858","1976-09-18","28.945","50.835","20.7","BUSHEHR, IR",,,"  350",",,S",,,"  310","H,,S"
"IRM00040858","1976-09-21","28.945","50.835","20.7","BUSHEHR, IR",,,"  350",",,S","  220",",,S","  300","H,,S"
"IRM00040858","1976-09-22","28.945","50.835","20.7","BUSHEHR, IR",,,"  340",",,S","  260",",,S","  305","H,,S"
"IRM00040858","1976-09-23","28.945","50.835","20.7","BUSHEHR, IR",,,,,,,"  312","H,,S"
"IRM00040858","1976-09-25","28.945","50.835","20.7","BUSHEHR, IR",,,"  380",",,S",,,"  308","H,,S"
"IRM00040858","1976-09-27","28.945","50.835","20.7","BUSHEHR, IR",,,"  340",",,S",,,"  302","H,,S"
"IRM00040858","1976-09-28","28.945","50.835","20.7","BUSHEHR, IR",,,"  350",",,S","  230",",,S","  300","H,,S"
"IRM00040858","1976-09-29","28.945","50.835","20.7","BUSHEHR, IR",,,"  350",",,S",,,"  313","H,,S"
"IRM00040858","1976-09-30","28.945","50.835","20.7","BUSHEHR, IR",,,"  350",",,S","  240",",,S","  298","H,,S"
"IRM00040858","1976-10-01","28.945","50.835","20.7","BUSHEHR, IR",,,,,,,"  290","H,,S"
"IRM00040858","1976-10-03","28.945","50.835","20.7","BUSHEHR, IR",,,"  330",",,S","  230",",,S","  284","H,,S"
"IRM00040858","1976-10-04","28.945","50.835","20.7","BUSHEHR, IR",,,,,,,"  288","H,,S"
"IRM00040858","1976-10-07","28.945","50.835","20.7","BUSHEHR, IR",,,,,"  200",",,S","  288","H,,S"
"IRM00040858","1976-10-09","28.945","50.835","20.7","BUSHEHR, IR",,,"  330",",,S",,,"  272","H,,S"
"IRM00040858","1976-10-10","28.945","50.835","20.7","BUSHEHR, IR",,,"  340",",,S","  200",",,S","  255","H,,S"
"IRM00040858","1976-10-13","28.945","50.835","20.7","BUSHEHR, IR",,,,,,,"  265","H,,S"
"IRM00040858","1976-10-19","28.945","50.835","20.7","BUSHEHR, IR",,,"  320",",,S",,,"  274","H,,S"
"IRM00040858","1976-10-20","28.945","50.835","20.7","BUSHEHR, IR",,,"  350",",,S",,,"  276","H,,S"
"IRM00040858","1976-10-21","28.945","50.835","20.7","BUSHEHR, IR",,,"  320",",,S",,,"  285","H,,S"
"IRM00040858","1976-10-27","28.945","50.835","20.7","BUSHEHR, IR",,,"  330",",,S",,,"  288","H,,S"
"IRM00040858","1976-10-28","28.945","50.835","20.7","BUSHEHR, IR",,,,,,,"  283","H,,S"
"IRM00040858","1976-10-29","28.945","50.835","20.7","BUSHEHR, IR",,,"  310",",,S",,,"  278","H,,S"
"IRM00040858","1976-10-31","28.945","50.835","20.7","BUSHEHR, IR",,,,,,,"  252","H,,S"
"IRM00040858","1976-11-01","28.945","50.835","20.7","BUSHEHR, IR",,,"  250",",,S",,,"  226","H,,S"
"IRM00040858","1976-11-02","28.945","50.835","20.7","BUSHEHR, IR",,,,,,,"  225","H,,S"
"IRM00040858","1976-11-03","28.945","50.835","20.7","BUSHEHR, IR",,,"  270",",,S",,,"  243","H,,S"
"IRM00040858","1976-11-04","28.945","50.835","20.7","BUSHEHR, IR",,,,,"  170",",,S","  240","H,,S"
"IRM00040858","1976-11-05","28.945","50.835","20.7","BUSHEHR, IR",,,,,,,"  240","H,,S"
"IRM00040858","1976-11-06","28.945","50.835","20.7","BUSHEHR, IR",,,"  310",",,S",,,"  248","H,,S"
"IRM00040858","1976-11-07","28.945","50.835","20.7","BUSHEHR, IR",,,"  330",",,S",,,"  252","H,,S"
"IRM00040858","1976-11-08","28.945","50.835","20.7","BUSHEHR, IR",,,"  320",",,S",,,"  258","H,,S"
"IRM00040858","1976-11-10","28.945","50.835","20.7","BUSHEHR, IR",,,,,"  200",",,S","  244","H,,S"
"IRM00040858","1976-11-11","28.945","50.835","20.7","BUSHEHR, IR",,,"  300",",,S",,,"  242","H,,S"
"IRM00040858","1976-11-13","28.945","50.835","20.7","BUSHEHR, IR",,,,,,,"  230","H,,S"
"IRM00040858","1976-11-14","28.945","50.835","20.7","BUSHEHR, IR",,,,,,,"  218","H,,S"
"IRM00040858","1976-11-15","28.945","50.835","20.7","BUSHEHR, IR",,,"  270",",,S",,,"  230","H,,S"
"IRM00040858","1976-11-17","28.945","50.835","20.7","BUSHEHR, IR",,,"  260",",,S",,,"  223","H,,S"
"IRM00040858","1976-11-18","28.945","50.835","20.7","BUSHEHR, IR",,,,,,,"  206","H,,S"
"IRM00040858","1976-11-20","28.945","50.835","20.7","BUSHEHR, IR",,,,,,,"  197","H,,S"
"IRM00040858","1976-11-21","28.945","50.835","20.7","BUSHEHR, IR",,,"  250",",,S",,,"  197","H,,S"
"IRM00040858","1976-11-23","28.945","50.835","20.7","BUSHEHR, IR",,,"  280",",,S",,,"  216","H,,S"
"IRM00040858","1976-11-24","28.945","50.835","20.7","BUSHEHR, IR",,,"  280",",,S",,,"  202","H,,S"
"IRM00040858","1976-11-25","28.945","50.835","20.7","BUSHEHR, IR",,,,,,,"  225","H,,S"
"IRM00040858","1976-11-26","28.945","50.835","20.7","BUSHEHR, IR",,,"  290",",,S",,,"  223","H,,S"
"IRM00040858","1976-11-27","28.945","50.835","20.7","BUSHEHR, IR",,,,,,,"  238","H,,S"
"IRM00040858","1976-11-29","28.945","50.835","20.7","BUSHEHR, IR",,,"  240",",,S",,,"  192","H,,S"
"IRM00040858","1976-11-30","28.945","50.835","20.7","BUSHEHR, IR",,,,,,,"  160","H,,S"
"IRM00040858","1976-12-01","28.945","50.835","20.7","BUSHEHR, IR",,,"  220",",,S",,,"  176","H,,S"
"IRM00040858","1976-12-02","28.945","50.835","20.7","BUSHEHR, IR",,,,,,,"  165","H,,S"
"IRM00040858","1976-12-03","28.945","50.835","20.7","BUSHEHR, IR",,,"  260",",,S",,,"  215","H,,S"
"IRM00040858","1976-12-04","28.945","50.835","20.7","BUSHEHR, IR",,,,,,,"  206","H,,S"
"IRM00040858","1976-12-05","28.945","50.835","20.7","BUSHEHR, IR",,,,,"  160",",,S","  206","H,,S"
"IRM00040858","1976-12-06","28.945","50.835","20.7","BUSHEHR, IR",,,"  230",",,S",,,"  183","H,,S"
"IRM00040858","1976-12-07","28.945","50.835","20.7","BUSHEHR, IR",,,"  240",",,S",,,"  188","H,,S"
"IRM00040858","1976-12-09","28.945","50.835","20.7","BUSHEHR, IR",,,"  240",",,S",,,"  212","H,,S"
"IRM00040858","1976-12-10","28.945","50.835","20.7","BUSHEHR, IR",,,,,,,"  210","H,,S"
"IRM00040858","1976-12-11","28.945","50.835","20.7","BUSHEHR, IR",,,"  220",",,S","  160",",,S","  193","H,,S"
"IRM00040858","1976-12-13","28.945","50.835","20.7","BUSHEHR, IR",,,,,,,"  160","H,,S"
"IRM00040858","1976-12-14","28.945","50.835","20.7","BUSHEHR, IR",,,,,"   90",",,S","  132","H,,S"
"IRM00040858","1976-12-15","28.945","50.835","20.7","BUSHEHR, IR",,,,,,,"  168","H,,S"
"IRM00040858","1976-12-16","28.945","50.835","20.7","BUSHEHR, IR",,,"  260",",,S",,,"  193","H,,S"
"IRM00040858","1976-12-17","28.945","50.835","20.7","BUSHEHR, IR",,,"  250",",,S",,,"  186","H,,S"
"IRM00040858","1976-12-18","28.945","50.835","20.7","BUSHEHR, IR",,,,,,,"  190","H,,S"
"IRM00040858","1976-12-19","28.945","50.835","20.7","BUSHEHR, IR",,,"  230",",,S",,,"  182","H,,S"
"IRM00040858","1976-12-20","28.945","50.835","20.7","BUSHEHR, IR",,,,,,,"  175","H,,S"
"IRM00040858","1976-12-22","28.945","50.835","20.7","BUSHEHR, IR",,,,,,,"  160","H,,S"
"IRM00040858","1976-12-23","28.945","50.835","20.7","BUSHEHR, IR",,,"  190",",,S","  120",",,S","  150","H,,S"
"IRM00040858","1976-12-24","28.945","50.835","20.7","BUSHEHR, IR",,,"  190",",,S",,,"  143","H,,S"
"IRM00040858","1976-12-25","28.945","50.835","20.7","BUSHEHR, IR",,,,,,,"  178","H,,S"
"IRM00040858","1976-12-26","28.945","50.835","20.7","BUSHEHR, IR",,,"  240",",,S",,,"  176","H,,S"
"IRM00040858","1976-12-27","28.945","50.835","20.7","BUSHEHR, IR",,,,,,,"  200","H,,S"
"IRM00040858","1976-12-28","28.945","50.835","20.7","BUSHEHR, IR",,,,,,,"  190","H,,S"
"IRM00040858","1976-12-29","28.945","50.835","20.7","BUSHEHR, IR",,,,,"  160",",,S","  175","H,,S"
"IRM00040858","1976-12-31","28.945","50.835","20.7","BUSHEHR, IR",,,,,,,"  157","H,,S"
"IRM00040858","1977-01-01","28.945","50.835","20.7","BUSHEHR, IR",,,,,,,"  168","H,,S"
"IRM00040858","1977-01-02","28.945","50.835","20.7","BUSHEHR, IR",,,,,,,"  154","H,,S"
"IRM00040858","1977-01-03","28.945","50.835","20.7","BUSHEHR, IR",,,"  170",",,S","  130",",,S","  143","H,,S"
"IRM00040858","1977-01-04","28.945","50.835","20.7","BUSHEHR, IR",,,"  160",",,S",,,"  138","H,,S"
"IRM00040858","1977-01-05","28.945","50.835","20.7","BUSHEHR, IR",,,,,"  120",",,S","  146","H,,S"
"IRM00040858","1977-01-07","28.945","50.835","20.7","BUSHEHR, IR",,,,,"  110",",,S","  128","H,,S"
"IRM00040858","1977-01-08","28.945","50.835","20.7","BUSHEHR, IR",,,"  150",",,S","   60",",,S","  100","H,,S"
"IRM00040858","1977-01-09","28.945","50.835","20.7","BUSHEHR, IR",,,"  120",",,S",,,"   92","H,,S"
"IRM00040858","1977-01-10","28.945","50.835","20.7","BUSHEHR, IR",,,"  120",",,S",,,"   95","H,,S"
"IRM00040858","1977-01-11","28.945","50.835","20.7","BUSHEHR, IR",,,,,,,"   95","H,,S"
"IRM00040858","1977-01-12","28.945","50.835","20.7","BUSHEHR, IR",,,,,,,"  100","H,,S"
"IRM00040858","1977-01-13","28.945","50.835","20.7","BUSHEHR, IR",,,,,,,"   70","H,,S"
"IRM00040858","1977-01-14","28.945","50.835","20.7","BUSHEHR, IR",,,"  140",",,S","   50",",,S","   97","H,,S"
"IRM00040858","1977-01-15","28.945","50.835","20.7","BUSHEHR, IR",,,"  180",",,S","   60",",,S","  127","H,,S"
"IRM00040858","1977-01-16","28.945","50.835","20.7","BUSHEHR, IR",,,,,"  100",",,S","  142","H,,S"
"IRM00040858","1977-01-17","28.945","50.835","20.7","BUSHEHR, IR",,,,,"  130",",,S","  153","H,,S"
"IRM00040858","1977-01-18","28.945","50.835","20.7","BUSHEHR, IR",,,,,,,"  134","H,,S"
"IRM00040858","1977-01-19","28.945","50.835","20.7","BUSHEHR, IR",,,"  200",",,S","   70",",,S","  142","H,,S"
"IRM00040858","1977-01-20","28.945","50.835","20.7","BUSHEHR, IR",,,,,,,"  170","H,,S"
"IRM00040858","1977-01-21","28.945","50.835","20.7","BUSHEHR, IR",,,,,,,"  143","H,,S"
"IRM00040858","1977-01-23","28.945","50.835","20.7","BUSHEHR, IR",,,,,,,"  125","H,,S"
"IRM00040858","1977-01-24","28.945","50.835","20.7","BUSHEHR, IR",,,"  140",",,S",,,"  112","H,,S"
"IRM00040858","1977-01-25","28.945","50.835","20.7","BUSHEHR, IR",,,,,"   60",",,S","  108","H,,S"
"IRM00040858","1977-01-26","28.945","50.835","20.7","BUSHEHR, IR",,,,,,,"  107","H,,S"
"IRM00040858","1977-01-29","28.945","50.835","20.7","BUSHEHR, IR",,,"  150",",,S",,,"  130","H,,S"
"IRM00040858","1977-01-30","28.945","50.835","20.7","BUSHEHR, IR",,,"  150",",,S","   90",",,S","  115","H,,S"
"IRM00040858","1977-01-31","28.945","50.835","20.7","BUSHEHR, IR",,,"  160",",,S",,,"  128","H,,S"
"IRM00040858","1977-02-01","28.945","50.835","20.7","BUSHEHR, IR",,,"  170",",,S",,,"  137","H,,S"
"IRM00040858","1977-02-03","28.945","50.835","20.7","BUSHEHR, IR",,,,,"   90",",,S","  135","H,,S"
"IRM00040858","1977-02-05","28.945","50.835","20.7","BUSHEHR, IR",,,"  220",",,S",,,"  176","H,,S"
"IRM00040858","1977-02-06","28.945","50.835","20.7","BUSHEHR, IR",,,"  250",",,S",,,"  193","H,,S"
"IRM00040858","1977-02-08","28.945","50.835","20.7","BUSHEHR, IR",,,"  190",",,S","  100",",,S","  137","H,,S"
"IRM00040858","1977-02-09","28.945","50.835","20.7","BUSHEHR, IR",,,"  220",",,S",,,"  177","H,,S"
"IRM00040858","1977-02-10","28.945","50.835","20.7","BUSHEHR, IR",,,,,,,"  170","H,,S"
"IRM00040858","1977-02-11","28.945","50.835","20.7","BUSHEHR, IR",,,,,,,"  148","H,,S"
"IRM00040858","1977-02-12","28.945","50.835","20.7","BUSHEHR, IR",,,"  180",",,S",,,"  155","H,,S"
"IRM00040858","1977-02-13","28.945","50.835","20.7","BUSHEHR, IR",,,,,,,"  150","H,,S"
"IRM00040858","1977-02-14","28.945","50.835","20.7","BUSHEHR, IR",,,,,,,"  160","H,,S"
"IRM00040858","1977-02-15","28.945","50.835","20.7","BUSHEHR, IR",,,,,,,"  162","H,,S"
"IRM00040858","1977-02-16","28.945","50.835","20.7","BUSHEHR, IR",,,"  210",",,S","  100",",,S","  158","H,,S"
"IRM00040858","1977-02-17","28.945","50.835","20.7","BUSHEHR, IR",,,"  210",",,S","  110",",,S","  164","H,,S"
"IRM00040858","1977-02-18","28.945","50.835","20.7","BUSHEHR, IR",,,,,,,"  163","H,,S"
"IRM00040858","1977-02-19","28.945","50.835","20.7","BUSHEHR, IR",,,,,,,"  156","H,,S"
"IRM00040858","1977-02-20","28.945","50.835","20.7","BUSHEHR, IR",,,"  220",",,S",,,"  180","H,,S"
"IRM00040858","1977-02-21","28.945","50.835","20.7","BUSHEHR, IR",,,,,,,"  180","H,,S"
"IRM00040858","1977-02-22","28.945","50.835","20.7","BUSHEHR, IR",,,,,,,"  173","H,,S"
"IRM00040858","1977-02-23","28.945","50.835","20.7","BUSHEHR, IR",,,,,,,"  172","H,,S"
"IRM00040858","1977-02-24","28.945","50.835","20.7","BUSHEHR, IR",,,"  240",",,S",,,"  207","H,,S"
"IRM00040858","1977-02-25","28.945","50.835","20.7","BUSHEHR, IR",,,"  220",",,S",,,"  186","H,,S"
"IRM00040858","1977-02-26","28.945","50.835","20.7","BUSHEHR, IR",,,,,,,"  178","H,,S"
"IRM00040858","1977-02-27","28.945","50.835","20.7","BUSHEHR, IR",,,,,,,"  172","H,,S"
"IRM00040858","1977-02-28","28.945","50.835","20.7","BUSHEHR, IR",,,"  280",",,S",,,"  195","H,,S"
"IRM00040858","1977-03-01","28.945","50.835","20.7","BUSHEHR, IR",,,,,,,"  206","H,,S"
"IRM00040858","1977-03-02","28.945","50.835","20.7","BUSHEHR, IR",,,,,,,"  218","H,,S"
"IRM00040858","1977-03-03","28.945","50.835","20.7","BUSHEHR, IR",,,,,,,"  213","H,,S"
"IRM00040858","1977-03-04","28.945","50.835","20.7","BUSHEHR, IR",,,"  290",",,S",,,"  225","H,,S"
"IRM00040858","1977-03-09","28.945","50.835","20.7","BUSHEHR, IR",,,,,,,"  198","H,,S"
"IRM00040858","1977-03-11","28.945","50.835","20.7","BUSHEHR, IR",,,,,,,"  218","H,,S"
"IRM00040858","1977-03-12","28.945","50.835","20.7","BUSHEHR, IR",,,,,,,"  203","H,,S"
"IRM00040858","1977-03-13","28.945","50.835","20.7","BUSHEHR, IR",,,,,"  180",",,S","  208","H,,S"
"IRM00040858","1977-03-17","28.945","50.835","20.7","BUSHEHR, IR",,,"  310",",,S",,,"  240","H,,S"
"IRM00040858","1977-03-18","28.945","50.835","20.7","BUSHEHR, IR",,,"  310",",,S",,,"  247","H,,S"
"IRM00040858","1977-03-19","28.945","50.835","20.7","BUSHEHR, IR",,,"  320",",,S","  180",",,S","  248","H,,S"
"IRM00040858","1977-03-21","28.945","50.835","20.7","BUSHEHR, IR",,,"  270",",,S",,,"  235","H,,S"
"IRM00040858","1977-03-24","28.945","50.835","20.7","BUSHEHR, IR",,,"  280",",,S",,,"  212","H,,S"
"IRM00040858","1977-03-26","28.945","50.835","20.7","BUSHEHR, IR",,,,,,,"  210","H,,S"
"IRM00040858","1977-04-05","28.945","50.835","20.7","BUSHEHR, IR",,,"  270",",,S",,,"  248","H,,S"
"IRM00040858","1977-04-08","28.945","50.835","20.7","BUSHEHR, IR",,,"  260",",,S",,,"  224","H,,S"
"IRM00040858","1977-04-09","28.945","50.835","20.7","BUSHEHR, IR",,,,,,,"  233","H,,S"
"IRM00040858","1977-04-11","28.945","50.835","20.7","BUSHEHR, IR",,,,,,,"  255","H,,S"
"IRM00040858","1977-04-13","28.945","50.835","20.7","BUSHEHR, IR",,,"  330",",,S",,,"  274","H,,S"
"IRM00040858","1977-04-14","28.945","50.835","20.7","BUSHEHR, IR",,,,,,,"  328","H,,S"
"IRM00040858","1977-04-15","28.945","50.835","20.7","BUSHEHR, IR",,,"  320",",,S",,,"  242","H,,S"
"IRM00040858","1977-04-16","28.945","50.835","20.7","BUSHEHR, IR",,,,,,,"  225","H,,S"
"IRM00040858","1977-04-18","28.945","50.835","20.7","BUSHEHR, IR",,,"  270",",,S",,,"  230","H,,S"
"IRM00040858","1977-04-20","28.945","50.835","20.7","BUSHEHR, IR",,,,,,,"  272","H,,S"
"IRM00040858","1977-04-21","28.945","50.835","20.7","BUSHEHR, IR",,,,,,,"  230","H,,S"
"IRM00040858","1977-04-24","28.945","50.835","20.7","BUSHEHR, IR",,,,,,,"  280","H,,S"
"IRM00040858","1977-04-26","28.945","50.835","20.7","BUSHEHR, IR",,,"  260",",,S",,,"  224","H,,S"
"IRM00040858","1977-04-28","28.945","50.835","20.7","BUSHEHR, IR",,,,,,,"  250","H,,S"
"IRM00040858","1977-04-29","28.945","50.835","20.7","BUSHEHR, IR",,,,,"  250",",,S","  294","H,,S"
"IRM00040858","1977-04-30","28.945","50.835","20.7","BUSHEHR, IR",,,"  360",",,S",,,"  302","H,,S"
"IRM00040858","1977-05-03","28.945","50.835","20.7","BUSHEHR, IR",,,,,,,"  240","H,,S"
"IRM00040858","1977-05-04","28.945","50.835","20.7","BUSHEHR, IR",,,,,,,"  288","H,,S"
"IRM00040858","1977-05-06","28.945","50.835","20.7","BUSHEHR, IR",,,"  350",",,S",,,"  297","H,,S"
"IRM00040858","1977-05-08","28.945","50.835","20.7","BUSHEHR, IR",,,,,,,"  300","H,,S"
"IRM00040858","1977-05-09","28.945","50.835","20.7","BUSHEHR, IR",,,,,,,"  300","H,,S"
"IRM00040858","1977-05-16","28.945","50.835","20.7","BUSHEHR, IR",,,,,"  240",",,S","  288","H,,S"
"IRM00040858","1977-05-17","28.945","50.835","20.7","BUSHEHR, IR",,,"  320",",,S",,,"  286","H,,S"
"IRM00040858","1977-05-18","28.945","50.835","20.7","BUSHEHR, IR",,,,,,,"  295","H,,S"
"IRM00040858","1977-05-19","28.945","50.835","20.7","BUSHEHR, IR",,,,,,,"  304","H,,S"
"IRM00040858","1977-05-25","28.945","50.835","20.7","BUSHEHR, IR",,,"  320",",,S",,,"  298","H,,S"
"IRM00040858","1977-05-26","28.945","50.835","20.7","BUSHEHR, IR",,,,,,,"  288","H,,S"
"IRM00040858","1977-05-27","28.945","50.835","20.7","BUSHEHR, IR",,,,,,,"  310","H,,S"
"IRM00040858","1977-05-30","28.945","50.835","20.7","BUSHEHR, IR",,,,,,,"  302","H,,S"
"IRM00040858","1977-06-01","28.945","50.835","20.7","BUSHEHR, IR",,,,,,,"  312","H,,S"
"IRM00040858","1977-06-02","28.945","50.835","20.7","BUSHEHR, IR",,,"  380",",,S","  260",",,S","  302","H,,S"
"IRM00040858","1977-06-03","28.945","50.835","20.7","BUSHEHR, IR",,,,,"  250",",,S","  317","H,,S"
"IRM00040858","1977-06-04","28.945","50.835","20.7","BUSHEHR, IR",,,"  380",",,S",,,"  343","H,,S"
"IRM00040858","1977-06-05","28.945","50.835","20.7","BUSHEHR, IR",,,"  400",",,S",,,"  360","H,,S"
"IRM00040858","1977-06-08","28.945","50.835","20.7","BUSHEHR, IR",,,"  390",",,S","  270",",,S","  320","H,,S"
"IRM00040858","1977-06-09","28.945","50.835","20.7","BUSHEHR, IR",,,,,"  300",",,S","  322","H,,S"
"IRM00040858","1977-06-15","28.945","50.835","20.7","BUSHEHR, IR",,,,,,,"  310","H,,S"
"IRM00040858","1977-06-19","28.945","50.835","20.7","BUSHEHR, IR",,,,,,,"  306","H,,S"
"IRM00040858","1977-06-20","28.945","50.835","20.7","BUSHEHR, IR",,,,,,,"  348","H,,S"
"IRM00040858","1977-07-02","28.945","50.835","20.7","BUSHEHR, IR",,,,,,,"  308","H,,S"
"IRM00040858","1977-07-03","28.945","50.835","20.7","BUSHEHR, IR",,,"  330",",,S",,,"  295","H,,S"
"IRM00040858","1977-07-08","28.945","50.835","20.7","BUSHEHR, IR",,,,,"  270",",,S","  304","H,,S"
"IRM00040858","1977-07-09","28.945","50.835","20.7","BUSHEHR, IR",,,,,,,"  298","H,,S"
"IRM00040858","1977-07-11","28.945","50.835","20.7","BUSHEHR, IR",,,,,,,"  322","H,,S"
"IRM00040858","1977-07-12","28.945","50.835","20.7","BUSHEHR, IR",,,"  390",",,S",,,"  330","H,,S"
"IRM00040858","1977-07-13","28.945","50.835","20.7","BUSHEHR, IR",,,"  360",",,S",,,"  323","H,,S"
"IRM00040858","1977-07-15","28.945","50.835","20.7","BUSHEHR, IR",,,"  360",",,S",,,"  338","H,,S"
"IRM00040858","1977-07-19","28.945","50.835","20.7","BUSHEHR, IR",,,,,"  290",",,S","  330","H,,S"
"IRM00040858","1977-07-20","28.945","50.835","20.7","BUSHEHR, IR",,,"  370",",,S",,,"  344","H,,S"
"IRM00040858","1977-07-27","28.945","50.835","20.7","BUSHEHR, IR",,,"  350",",,S",,,"  336","H,,S"
"IRM00040858","1977-07-29","28.945","50.835","20.7","BUSHEHR, IR",,,"  360",",,S",,,"  320","H,,S"
"IRM00040858","1977-07-31","28.945","50.835","20.7","BUSHEHR, IR",,,,,,,"  318","H,,S"
"IRM00040858","1977-08-02","28.945","50.835","20.7","BUSHEHR, IR",,,,,,,"  338","H,,S"
"IRM00040858","1977-08-04","28.945","50.835","20.7","BUSHEHR, IR",,,"  370",",,S",,,"  348","H,,S"
"IRM00040858","1977-08-05","28.945","50.835","20.7","BUSHEHR, IR",,,,,"  280",",,S","  335","H,,S"
"IRM00040858","1977-08-06","28.945","50.835","20.7","BUSHEHR, IR",,,,,,,"  378","H,,S"
"IRM00040858","1977-08-07","28.945","50.835","20.7","BUSHEHR, IR",,,,,,,"  333","H,,S"
"IRM00040858","1977-08-09","28.945","50.835","20.7","BUSHEHR, IR",,,,,,,"  354","H,,S"
"IRM00040858","1977-08-11","28.945","50.835","20.7","BUSHEHR, IR",,,"  370",",,S",,,"  332","H,,S"
"IRM00040858","1977-08-12","28.945","50.835","20.7","BUSHEHR, IR",,,,,,,"  330","H,,S"
"IRM00040858","1977-08-14","28.945","50.835","20.7","BUSHEHR, IR",,,"  360",",,S",,,"  334","H,,S"
"IRM00040858","1977-08-20","28.945","50.835","20.7","BUSHEHR, IR",,,,,,,"  325","H,,S"
"IRM00040858","1977-08-22","28.945","50.835","20.7","BUSHEHR, IR",,,"  360",",,S","  280",",,S","  317","H,,S"
"IRM00040858","1977-08-25","28.945","50.835","20.7","BUSHEHR, IR",,,,,,,"  333","H,,S"
"IRM00040858","1977-08-26","28.945","50.835","20.7","BUSHEHR, IR",,,"  360",",,S","  290",",,S","  330","H,,S"
"IRM00040858","1977-08-27","28.945","50.835","20.7","BUSHEHR, IR",,,,,"  280",",,S","  318","H,,S"
"IRM00040858","1977-08-28","28.945","50.835","20.7","BUSHEHR, IR",,,,,,,"  335","H,,S"
"IRM00040858","1977-09-11","28.945","50.835","20.7","BUSHEHR, IR",,,,,,,"  340","H,,S"
"IRM00040858","1977-09-19","28.945","50.835","20.7","BUSHEHR, IR",,,,,,,"  332","H,,S"
"IRM00040858","1977-09-20","28.945","50.835","20.7","BUSHEHR, IR",,,"  360",",,S",,,"  314","H,,S"
"IRM00040858","1977-09-24","28.945","50.835","20.7","BUSHEHR, IR",,,"  360",",,S",,,"  290","H,,S"
"IRM00040858","1977-09-25","28.945","50.835","20.7","BUSHEHR, IR",,,"  370",",,S",,,"  320","H,,S"
"IRM00040858","1977-09-28","28.945","50.835","20.7","BUSHEHR, IR",,,"  350",",,S",,,"  326","H,,S"
"IRM00040858","1977-09-30","28.945","50.835","20.7","BUSHEHR, IR",,,"  340",",,S",,,"  320","H,,S"
"IRM00040858","1977-10-01","28.945","50.835","20.7","BUSHEHR, IR",,,"  340",",,S",,,"  312","H,,S"
"IRM00040858","1977-10-03","28.945","50.835","20.7","BUSHEHR, IR",,,,,,,"  323","H,,S"
"IRM00040858","1977-10-05","28.945","50.835","20.7","BUSHEHR, IR",,,,,,,"  297","H,,S"
"IRM00040858","1977-10-06","28.945","50.835","20.7","BUSHEHR, IR",,,,,,,"  293","H,,S"
"IRM00040858","1977-10-07","28.945","50.835","20.7","BUSHEHR, IR",,,,,"  230",",,S","  288","H,,S"
"IRM00040858","1977-10-10","28.945","50.835","20.7","BUSHEHR, IR",,,,,,,"  280","H,,S"
"IRM00040858","1977-10-28","28.945","50.835","20.7","BUSHEHR, IR",,,,,,,"  227","H,,S"
"IRM00040858","1977-10-29","28.945","50.835","20.7","BUSHEHR, IR",,,,,,,"  220","H,,S"
"IRM00040858","1977-10-30","28.945","50.835","20.7","BUSHEHR, IR",,,,,,,"  205","H,,S"
"IRM00040858","1977-11-01","28.945","50.835","20.7","BUSHEHR, IR",,,,,,,"  200","H,,S"
"IRM00040858","1977-11-02","28.945","50.835","20.7","BUSHEHR, IR",,,,,,,"  190","H,,S"
"IRM00040858","1977-11-05","28.945","50.835","20.7","BUSHEHR, IR",,,,,,,"  262","H,,S"
"IRM00040858","1977-11-13","28.945","50.835","20.7","BUSHEHR, IR",,,,,,,"  200","H,,S"
"IRM00040858","1977-11-16","28.945","50.835","20.7","BUSHEHR, IR",,,,,,,"  192","H,,S"
"IRM00040858","1977-11-19","28.945","50.835","20.7","BUSHEHR, IR",,,"  230",",,S","  120",",,S","  202","H,,S"
"IRM00040858","1977-11-20","28.945","50.835","20.7","BUSHEHR, IR",,,,,"  110",",,S","  182","H,,S"
"IRM00040858","1977-11-21","28.945","50.835","20.7","BUSHEHR, IR",,,"  250",",,S","  140",",,S","  188","H,,S"
"IRM00040858","1977-11-22","28.945","50.835","20.7","BUSHEHR, IR",,,,,"  150",",,S","  197","H,,S"
"IRM00040858","1977-11-23","28.945","50.835","20.7","BUSHEHR, IR",,,,,,,"  210","H,,S"
"IRM00040858","1977-11-29","28.945","50.835","20.7","BUSHEHR, IR",,,,,"  110",",,S","  160","H,,S"
"IRM00040858","1977-12-02","28.945","50.835","20.7","BUSHEHR, IR",,,"  260",",,S","  150",",,S","  208","H,,S"
"IRM00040858","1977-12-05","28.945","50.835","20.7","BUSHEHR, IR",,,"  270",",,S",,,"  233","H,,S"
"IRM00040858","1977-12-06","28.945","50.835","20.7","BUSHEHR, IR",,,"  280",",,S","  160",",,S","  215","H,,S"
"IRM00040858","1977-12-10","28.945","50.835","20.7","BUSHEHR, IR",,,,,"  110",",,S","  182","H,,S"
"IRM00040858","1977-12-12","28.945","50.835","20.7","BUSHEHR, IR",,,,,"  100",",,S","  168","H,,S"
"IRM00040858","1977-12-17","28.945","50.835","20.7","BUSHEHR, IR",,,"  220",",,S",,,"  188","H,,S"
"IRM00040858","1977-12-22","28.945","50.835","20.7","BUSHEHR, IR",,,"  240",",,S",,,"  218","H,,S"
"IRM00040858","1977-12-27","28.945","50.835","20.7","BUSHEHR, IR",,,,,,,"  160","H,,S"
"IRM00040858","1978-01-03","28.945","50.835","20.7","BUSHEHR, IR",,,,,"  110",",,S","  154","H,,S"
"IRM00040858","1978-01-04","28.945","50.835","20.7","BUSHEHR, IR",,,,,,,"  157","H,,S"
"IRM00040858","1978-01-10","28.945","50.835","20.7","BUSHEHR, IR",,,,,,,"  200","H,,S"
"IRM00040858","1978-01-13","28.945","50.835","20.7","BUSHEHR, IR",,,"  170",",,S",,,"  146","H,,S"
"IRM00040858","1978-01-16","28.945","50.835","20.7","BUSHEHR, IR",,,,,,,"  122","H,,S"
"IRM00040858","1978-01-17","28.945","50.835","20.7","BUSHEHR, IR",,,,,,,"  120","H,,S"
"IRM00040858","1978-01-19","28.945","50.835","20.7","BUSHEHR, IR",,,,,"   70",",,S","  128","H,,S"
"IRM00040858","1978-01-22","28.945","50.835","20.7","BUSHEHR, IR",,,,,,,"  170","H,,S"
"IRM00040858","1978-01-23","28.945","50.835","20.7","BUSHEHR, IR",,,,,,,"  162","H,,S"
"IRM00040858","1978-01-24","28.945","50.835","20.7","BUSHEHR, IR",,,"  210",",,S",,,"  170","H,,S"
"IRM00040858","1978-01-25","28.945","50.835","20.7","BUSHEHR, IR",,,"  210",",,S","  100",",,S","  155","H,,S"
"IRM00040858","1978-01-27","28.945","50.835","20.7","BUSHEHR, IR",,,,,,,"  162","H,,S"
"IRM00040858","1978-01-29","28.945","50.835","20.7","BUSHEHR, IR",,,"  190",",,S",,,"  148","H,,S"
"IRM00040858","1978-01-30","28.945","50.835","20.7","BUSHEHR, IR",,,"  200",",,S","   90",",,S","  139","H,,S"
"IRM00040858","1978-02-03","28.945","50.835","20.7","BUSHEHR, IR",,,"  240",",,S","  100",",,S","  173","H,,S"
"IRM00040858","1978-02-04","28.945","50.835","20.7","BUSHEHR, IR",,,,,,,"  173","H,,S"
"IRM00040858","1978-02-05","28.945","50.835","20.7","BUSHEHR, IR",,,,,"  110",",,S","  162","H,,S"
"IRM00040858","1978-02-06","28.945","50.835","20.7","BUSHEHR, IR",,,"  230",",,S",,,"  167","H,,S"
"IRM00040858","1978-02-07","28.945","50.835","20.7","BUSHEHR, IR",,,"  230",",,S","  120",",,S","  188","H,,S"
"IRM00040858","1978-02-09","28.945","50.835","20.7","BUSHEHR, IR",,,,,,,"  178","H,,S"
"IRM00040858","1978-02-10","28.945","50.835","20.7","BUSHEHR, IR",,,"  230",",,S",,,"  183","H,,S"
"IRM00040858","1978-02-12","28.945","50.835","20.7","BUSHEHR, IR",,,,,,,"  162","H,,S"
"IRM00040858","1978-02-13","28.945","50.835","20.7","BUSHEHR, IR",,,"  190",",,S","  110",",,S","  150","H,,S"
"IRM00040858","1978-02-14","28.945","50.835","20.7","BUSHEHR, IR",,,,,,,"  155","H,,S"
"IRM00040858","1978-02-15","28.945","50.835","20.7","BUSHEHR, IR",,,,,,,"  150","H,,S"
"IRM00040858","1978-02-16","28.945","50.835","20.7","BUSHEHR, IR",,,"  210",",,S",,,"  176","H,,S"
"IRM00040858","1978-02-17","28.945","50.835","20.7","BUSHEHR, IR",,,"  240",",,S",,,"  187","H,,S"
"IRM00040858","1978-02-18","28.945","50.835","20.7","BUSHEHR, IR",,,"  270",",,S",,,"  178","H,,S"
"IRM00040858","1978-02-20","28.945","50.835","20.7","BUSHEHR, IR",,,"  230",",,S",,,"  195","H,,S"
"IRM00040858","1978-02-21","28.945","50.835","20.7","BUSHEHR, IR",,,"  200",",,S",,,"  174","H,,S"
"IRM00040858","1978-02-22","28.945","50.835","20.7","BUSHEHR, IR",,,,,"  150",",,S","  193","H,,S"
"IRM00040858","1978-02-23","28.945","50.835","20.7","BUSHEHR, IR",,,,,,,"  195","H,,S"
"IRM00040858","1978-02-24","28.945","50.835","20.7","BUSHEHR, IR",,,,,,,"  213","H,,S"
"IRM00040858","1978-02-25","28.945","50.835","20.7","BUSHEHR, IR",,,"  180",",,S",,,"  156","H,,S"
"IRM00040858","1978-02-26","28.945","50.835","20.7","BUSHEHR, IR",,,,,,,"  176","H,,S"
"IRM00040858","1978-02-27","28.945","50.835","20.7","BUSHEHR, IR",,,,,"  110",",,S","  168","H,,S"
"IRM00040858","1978-02-28","28.945","50.835","20.7","BUSHEHR, IR",,,"  210",",,S","  100",",,S","  163","H,,S"
"IRM00040858","1978-03-01","28.945","50.835","20.7","BUSHEHR, IR",,,,,,,"  155","H,,S"
"IRM00040858","1978-03-03","28.945","50.835","20.7","BUSHEHR, IR",,,,,,,"  188","H,,S"
"IRM00040858","1978-03-04","28.945","50.835","20.7","BUSHEHR, IR",,,"  280",",,S","  130",",,S","  210","H,,S"
"IRM00040858","1978-03-06","28.945","50.835","20.7","BUSHEHR, IR",,,"  290",",,S",,,"  230","H,,S"
"IRM00040858","1978-03-07","28.945","50.835","20.7","BUSHEHR, IR",,,"  260",",,S",,,"  202","H,,S"
"IRM00040858","1978-03-08","28.945","50.835","20.7","BUSHEHR, IR",,,,,,,"  195","H,,S"
"IRM00040858","1978-03-09","28.945","50.835","20.7","BUSHEHR, IR",,,,,,,"  162","H,,S"
"IRM00040858","1978-03-11","28.945","50.835","20.7","BUSHEHR, IR",,,,,,,"  218","H,,S"
"IRM00040858","1978-03-12","28.945","50.835","20.7","BUSHEHR, IR",,,"  280",",,S",,,"  240","H,,S"
"IRM00040858","1978-03-14","28.945","50.835","20.7","BUSHEHR, IR",,,"  230",",,S",,,"  193","H,,S"
"IRM00040858","1978-03-15","28.945","50.835","20.7","BUSHEHR, IR",,,,,,,"  178","H,,S"
"IRM00040858","1978-03-16","28.945","50.835","20.7","BUSHEHR, IR",,,,,,,"  147","H,,S"
"IRM00040858","1978-03-18","28.945","50.835","20.7","BUSHEHR, IR",,,"  240",",,S",,,"  207","H,,S"
"IRM00040858","1978-03-19","28.945","50.835","20.7","BUSHEHR, IR",,,,,,,"  200","H,,S"
"IRM00040858","1978-03-20","28.945","50.835","20.7","BUSHEHR, IR",,,,,,,"  168","H,,S"
"IRM00040858","1978-03-21","28.945","50.835","20.7","BUSHEHR, IR",,,,,,,"  185","H,,S"
"IRM00040858","1978-03-22","28.945","50.835","20.7","BUSHEHR, IR",,,"  260",",,S","  110",",,S","  188","H,,S"
"IRM00040858","1978-03-23","28.945","50.835","20.7","BUSHEHR, IR",,,"  240",",,S",,,"  203","H,,S"
"IRM00040858","1978-03-24","28.945","50.835","20.7","BUSHEHR, IR",,,"  270",",,S","  140",",,S","  224","H,,S"
"IRM00040858","1978-03-25","28.945","50.835","20.7","BUSHEHR, IR",,,"  250",",,S","  150",",,S","  197","H,,S"
"IRM00040858","1978-03-26","28.945","50.835","20.7","BUSHEHR, IR",,,"  240",",,S","  160",",,S","  203","H,,S"
"IRM00040858","1978-03-27","28.945","50.835","20.7","BUSHEHR, IR",,,,,"  160",",,S","  206","H,,S"
"IRM00040858","1978-03-28","28.945","50.835","20.7","BUSHEHR, IR",,,"  270",",,S",,,"  218","H,,S"
"IRM00040858","1978-03-29","28.945","50.835","20.7","BUSHEHR, IR",,,,,"  160",",,S","  218","H,,S"
"IRM00040858","1978-03-30","28.945","50.835","20.7","BUSHEHR, IR",,,"  270",",,S",,,"  238","H,,S"
"IRM00040858","1978-03-31","28.945","50.835","20.7","BUSHEHR, IR",,,,,"  210",",,S","  248","H,,S"
"IRM00040858","1978-04-01","28.945","50.835","20.7","BUSHEHR, IR",,,"  250",",,S","  200",",,S","  226","H,,S"
"IRM00040858","1978-04-03","28.945","50.835","20.7","BUSHEHR, IR",,,,,"  120",",,S","  200","H,,S"
"IRM00040858","1978-04-04","28.945","50.835","20.7","BUSHEHR, IR",,,"  290",",,S",,,"  264","H,,S"
"IRM00040858","1978-04-05","28.945","50.835","20.7","BUSHEHR, IR",,,"  320",",,S","  170",",,S","  244","H,,S"
"IRM00040858","1978-04-06","28.945","50.835","20.7","BUSHEHR, IR",,,,,"  180",",,S","  248","H,,S"
"IRM00040858","1978-04-07","28.945","50.835","20.7","BUSHEHR, IR",,,,,,,"  232","H,,S"
"IRM00040858","1978-04-08","28.945","50.835","20.7","BUSHEHR, IR",,,,,"  180",",,S","  224","H,,S"
"IRM00040858","1978-04-09","28.945","50.835","20.7","BUSHEHR, IR",,,"  300",",,S","  180",",,S","  242","H,,S"
"IRM00040858","1978-04-11","28.945","50.835","20.7","BUSHEHR, IR",,,"  380",",,S","  230",",,S","  277","H,,S"
"IRM00040858","1978-04-12","28.945","50.835","20.7","BUSHEHR, IR",,,"  290",",,S","  220",",,S","  247","H,,S"
"IRM00040858","1978-04-13","28.945","50.835","20.7","BUSHEHR, IR",,,"  270",",,S","  220",",,S","  243","H,,S"
"IRM00040858","1978-04-14","28.945","50.835","20.7","BUSHEHR, IR",,,"  270",",,S",,,"  228","H,,S"
"IRM00040858","1978-04-15","28.945","50.835","20.7","BUSHEHR, IR",,,"  270",",,S","  160",",,S","  219","H,,S"
"IRM00040858","1978-04-16","28.945","50.835","20.7","BUSHEHR, IR",,,"  260",",,S","  160",",,S","  222","H,,S"
"IRM00040858","1978-04-17","28.945","50.835","20.7","BUSHEHR, IR",,,"  290",",,S","  170",",,S","  226","H,,S"
"IRM00040858","1978-04-18","28.945","50.835","20.7","BUSHEHR, IR",,,"  350",",,S",,,"  266","H,,S"
"IRM00040858","1978-04-19","28.945","50.835","20.7","BUSHEHR, IR",,,"  360",",,S","  220",",,S","  258","H,,S"
"IRM00040858","1978-04-20","28.945","50.835","20.7","BUSHEHR, IR",,,"  290",",,S","  190",",,S","  240","H,,S"
"IRM00040858","1978-04-22","28.945","50.835","20.7","BUSHEHR, IR",,,"  350",",,S",,,"  238","H,,S"
"IRM00040858","1978-04-26","28.945","50.835","20.7","BUSHEHR, IR",,,,,"  200",",,S","  233","H,,S"
"IRM00040858","1978-04-28","28.945","50.835","20.7","BUSHEHR, IR",,,"  260",",,S","  180",",,S","  230","H,,S"
"IRM00040858","1978-04-29","28.945","50.835","20.7","BUSHEHR, IR",,,"  280",",,S","  190",",,S","  238","H,,S"
"IRM00040858","1978-04-30","28.945","50.835","20.7","BUSHEHR, IR",,,"  300",",,S","  190",",,S","  248","H,,S"
"IRM00040858","1978-05-01","28.945","50.835","20.7","BUSHEHR, IR",,,,,,,"  265","H,,S"
"IRM00040858","1978-05-02","28.945","50.835","20.7","BUSHEHR, IR",,,,,,,"  240","H,,S"
"IRM00040858","1978-05-03","28.945","50.835","20.7","BUSHEHR, IR",,,"  290",",,S","  170",",,S","  250","H,,S"
"IRM00040858","1978-05-07","28.945","50.835","20.7","BUSHEHR, IR",,,"  320",",,S","  230",",,S","  270","H,,S"
"IRM00040858","1978-05-08","28.945","50.835","20.7","BUSHEHR, IR",,,"  330",",,S","  200",",,S","  260","H,,S"
"IRM00040858","1978-05-09","28.945","50.835","20.7","BUSHEHR, IR",,,,,"  180",",,S","  242","H,,S"
"IRM00040858","1978-05-10","28.945","50.835","20.7","BUSHEHR, IR",,,"  300",",,S",,,"  273","H,,S"
"IRM00040858","1978-05-11","28.945","50.835","20.7","BUSHEHR, IR",,,"  310",",,S","  200",",,S","  263","H,,S"
"IRM00040858","1978-05-14","28.945","50.835","20.7","BUSHEHR, IR",,,,,"  230",",,S","  313","H,,S"
"IRM00040858","1978-05-17","28.945","50.835","20.7","BUSHEHR, IR",,,"  310",",,S","  220",",,S","  280","H,,S"
"IRM00040858","1978-05-19","28.945","50.835","20.7","BUSHEHR, IR",,,,,"  240",",,S","  295","H,,S"
"IRM00040858","1978-05-21","28.945","50.835","20.7","BUSHEHR, IR",,,"  340",",,S",,,"  290","H,,S"
"IRM00040858","1978-05-22","28.945","50.835","20.7","BUSHEHR, IR",,,"  370",",,S","  240",",,S","  310","H,,S"
"IRM00040858","1978-05-23","28.945","50.835","20.7","BUSHEHR, IR",,,,,,,"  328","H,,S"
"IRM00040858","1978-05-24","28.945","50.835","20.7","BUSHEHR, IR",,,"  380",",,S",,,"  284","H,,S"
"IRM00040858","1978-05-25","28.945","50.835","20.7","BUSHEHR, IR",,,"  310",",,S",,,"  295","H,,S"
"IRM00040858","1978-05-26","28.945","50.835","20.7","BUSHEHR, IR",,,"  370",",,S","  220",",,S","  300","H,,S"
"IRM00040858","1978-05-27","28.945","50.835","20.7","BUSHEHR, IR",,,"  370",",,S","  230",",,S","  305","H,,S"
"IRM00040858","1978-05-29","28.945","50.835","20.7","BUSHEHR, IR",,,,,,,"  320","H,,S"
"IRM00040858","1978-05-30","28.945","50.835","20.7","BUSHEHR, IR",,,"  330",",,S",,,"  283","H,,S"
"IRM00040858","1978-05-31","28.945","50.835","20.7","BUSHEHR, IR",,,"  390",",,S",,,"  308","H,,S"
"IRM00040858","1978-06-01","28.945","50.835","20.7","BUSHEHR, IR",,,"  340",",,S",,,"  305","H,,S"
"IRM00040858","1978-06-03","28.945","50.835","20.7","BUSHEHR, IR",,,,,"  230",",,S","  286","H,,S"
"IRM00040858","1978-06-04","28.945","50.835","20.7","BUSHEHR, IR",,,,,"  240",",,S","  290","H,,S"
"IRM00040858","1978-06-05","28.945","50.835","20.7","BUSHEHR, IR",,,,,"  260",",,S","  300","H,,S"
"IRM00040858","1978-06-06","28.945","50.835","20.7","BUSHEHR, IR",,,"  420",",,S","  230",",,S","  322","H,,S"
"IRM00040858","1978-06-07","28.945","50.835","20.7","BUSHEHR, IR",,,"  400",",,S",,,"  336","H,,S"
"IRM00040858","1978-06-08","28.945","50.835","20.7","BUSHEHR, IR",,,"  380",",,S","  250",",,S","  326","H,,S"
"IRM00040858","1978-06-09","28.945","50.835","20.7","BUSHEHR, IR",,,,,"  230",",,S","  342","H,,S"
"IRM00040858","1978-06-10","28.945","50.835","20.7","BUSHEHR, IR",,,"  370",",,S",,,"  332","H,,S"
"IRM00040858","1978-06-11","28.945","50.835","20.7","BUSHEHR, IR",,,,,,,"  307","H,,S"
"IRM00040858","1978-06-12","28.945","50.835","20.7","BUSHEHR, IR",,,"  330",",,S","  270",",,S","  293","H,,S"
"IRM00040858","1978-06-13","28.945","50.835","20.7","BUSHEHR, IR",,,"  330",",,S","  230",",,S","  295","H,,S"
"IRM00040858","1978-06-15","28.945","50.835","20.7","BUSHEHR, IR",,,"  420",",,S",,,"  332","H,,S"
"IRM00040858","1978-06-16","28.945","50.835","20.7","BUSHEHR, IR",,,"  410",",,S",,,"  317","H,,S"
"IRM00040858","1978-06-17","28.945","50.835","20.7","BUSHEHR, IR",,,"  350",",,S",,,"  330","H,,S"
"IRM00040858","1978-06-18","28.945","50.835","20.7","BUSHEHR, IR",,,"  370",",,S","  260",",,S","  305","H,,S"
"IRM00040858","1978-06-19","28.945","50.835","20.7","BUSHEHR, IR",,,"  380",",,S",,,"  320","H,,S"
"IRM00040858","1978-06-22","28.945","50.835","20.7","BUSHEHR, IR",,,"  380",",,S","  280",",,S","  314","H,,S"
"IRM00040858","1978-06-23","28.945","50.835","20.7","BUSHEHR, IR",,,"  330",",,S","  260",",,S","  302","H,,S"
"IRM00040858","1978-06-25","28.945","50.835","20.7","BUSHEHR, IR",,,"  330",",,S","  280",",,S","  310","H,,S"
"IRM00040858","1978-06-26","28.945","50.835","20.7","BUSHEHR, IR",,,,,,,"  275","H,,S"
"IRM00040858","1978-06-27","28.945","50.835","20.7","BUSHEHR, IR",,,"  330",",,S",,,"  288","H,,S"
"IRM00040858","1978-06-29","28.945","50.835","20.7","BUSHEHR, IR",,,,,,,"  305","H,,S"
"IRM00040858","1978-06-30","28.945","50.835","20.7","BUSHEHR, IR",,,"  330",",,S",,,"  307","H,,S"
"IRM00040858","1978-07-01","28.945","50.835","20.7","BUSHEHR, IR",,,"  340",",,S","  250",",,S","  297","H,,S"
"IRM00040858","1978-07-02","28.945","50.835","20.7","BUSHEHR, IR",,,"  340",",,S",,,"  312","H,,S"
"IRM00040858","1978-07-03","28.945","50.835","20.7","BUSHEHR, IR",,,"  320",",,S","  280",",,S","  295","H,,S"
"IRM00040858","1978-07-04","28.945","50.835","20.7","BUSHEHR, IR",,,"  370",",,S","  250",",,S","  316","H,,S"
"IRM00040858","1978-07-05","28.945","50.835","20.7","BUSHEHR, IR",,,"  380",",,S","  290",",,S","  318","H,,S"
"IRM00040858","1978-07-06","28.945","50.835","20.7","BUSHEHR, IR",,,,,,,"  327","H,,S"
"IRM00040858","1978-07-07","28.945","50.835","20.7","BUSHEHR, IR",,,"  370",",,S","  280",",,S","  332","H,,S"
"IRM00040858","1978-07-08","28.945","50.835","20.7","BUSHEHR, IR",,,,,"  300",",,S","  325","H,,S"
"IRM00040858","1978-07-09","28.945","50.835","20.7","BUSHEHR, IR",,,"  370",",,S","  310",",,S","  332","H,,S"
"IRM00040858","1978-07-10","28.945","50.835","20.7","BUSHEHR, IR",,,,,"  280",",,S","  345","H,,S"
"IRM00040858","1978-07-11","28.945","50.835","20.7","BUSHEHR, IR",,,,,"  240",",,S","  325","H,,S"
"IRM00040858","1978-07-12","28.945","50.835","20.7","BUSHEHR, IR",,,"  400",",,S","  250",",,S","  332","H,,S"
"IRM00040858","1978-07-13","28.945","50.835","20.7","BUSHEHR, IR",,,,,"  250",",,S","  298","H,,S"
"IRM00040858","1978-07-14","28.945","50.835","20.7","BUSHEHR, IR",,,"  400",",,S",,,"  328","H,,S"
"IRM00040858","1978-07-15","28.945","50.835","20.7","BUSHEHR, IR",,,"  380",",,S",,,"  340","H,,S"
"IRM00040858","1978-07-16","28.945","50.835","20.7","BUSHEHR, IR",,,,,,,"  344","H,,S"
"IRM00040858","1978-07-17","28.945","50.835","20.7","BUSHEHR, IR",,,"  370",",,S","  300",",,S","  330","H,,S"
"IRM00040858","1978-07-18","28.945","50.835","20.7","BUSHEHR, IR",,,,,,,"  332","H,,S"
"IRM00040858","1978-07-19","28.945","50.835","20.7","BUSHEHR, IR",,,"  400",",,S",,,"  363","H,,S"
"IRM00040858","1978-07-20","28.945","50.835","20.7","BUSHEHR, IR",,,"  390",",,S","  310",",,S","  347","H,,S"
"IRM00040858","1978-07-21","28.945","50.835","20.7","BUSHEHR, IR",,,"  400",",,S","  310",",,S","  350","H,,S"
"IRM00040858","1978-07-22","28.945","50.835","20.7","BUSHEHR, IR",,,,,,,"  350","H,,S"
"IRM00040858","1978-07-23","28.945","50.835","20.7","BUSHEHR, IR",,,"  390",",,S","  330",",,S","  367","H,,S"
"IRM00040858","1978-07-24","28.945","50.835","20.7","BUSHEHR, IR",,,"  370",",,S","  330",",,S","  342","H,,S"
"IRM00040858","1978-07-25","28.945","50.835","20.7","BUSHEHR, IR",,,,,"  290",",,S","  340","H,,S"
"IRM00040858","1978-07-26","28.945","50.835","20.7","BUSHEHR, IR",,,"  360",",,S",,,"  332","H,,S"
"IRM00040858","1978-07-27","28.945","50.835","20.7","BUSHEHR, IR",,,,,"  270",",,S","  308","H,,S"
"IRM00040858","1978-07-28","28.945","50.835","20.7","BUSHEHR, IR",,,"  380",",,S",,,"  338","H,,S"
"IRM00040858","1978-07-29","28.945","50.835","20.7","BUSHEHR, IR",,,"  380",",,S","  300",",,S","  336","H,,S"
"IRM00040858","1978-07-30","28.945","50.835","20.7","BUSHEHR, IR",,,"  440",",,S",,,"  364","H,,S"
"IRM00040858","1978-07-31","28.945","50.835","20.7","BUSHEHR, IR",,,"  380",",,S","  280",",,S","  340","H,,S"
"IRM00040858","1978-08-01","28.945","50.835","20.7","BUSHEHR, IR",,,"  410",",,S",,,"  357","H,,S"
"IRM00040858","1978-08-02","28.945","50.835","20.7","BUSHEHR, IR",,,"  360",",,S","  290",",,S","  324","H,,S"
"IRM00040858","1978-08-03","28.945","50.835","20.7","BUSHEHR, IR",,,"  350",",,S",,,"  322","H,,S"
"IRM00040858","1978-08-04","28.945","50.835","20.7","BUSHEHR, IR",,,,,"  270",",,S","  314","H,,S"
"IRM00040858","1978-08-05","28.945","50.835","20.7","BUSHEHR, IR",,,,,,,"  333","H,,S"
"IRM00040858","1978-08-06","28.945","50.835","20.7","BUSHEHR, IR",,,"  350",",,S",,,"  322","H,,S"
"IRM00040858","1978-08-07","28.945","50.835","20.7","BUSHEHR, IR",,,"  360",",,S",,,"  335","H,,S"
"IRM00040858","1978-08-08","28.945","50.835","20.7","BUSHEHR, IR",,,"  350",",,S",,,"  327","H,,S"
"IRM00040858","1978-08-09","28.945","50.835","20.7","BUSHEHR, IR",,,,,"  300",",,S","  314","H,,S"
"IRM00040858","1978-08-10","28.945","50.835","20.7","BUSHEHR, IR",,,"  350",",,S","  260",",,S","  312","H,,S"
"IRM00040858","1978-08-11","28.945","50.835","20.7","BUSHEHR, IR",,,,,"  260",",,S","  312","H,,S"
"IRM00040858","1978-08-12","28.945","50.835","20.7","BUSHEHR, IR",,,"  360",",,S","  260",",,S","  322","H,,S"
"IRM00040858","1978-08-13","28.945","50.835","20.7","BUSHEHR, IR",,,"  350",",,S",,,"  322","H,,S"
"IRM00040858","1978-08-14","28.945","50.835","20.7","BUSHEHR, IR",,,,,"  300",",,S","  324","H,,S"
"IRM00040858","1978-08-16","28.945","50.835","20.7","BUSHEHR, IR",,,"  380",",,S",,,"  328","H,,S"
"IRM00040858","1978-08-17","28.945","50.835","20.7","BUSHEHR, IR",,,"  380",",,S","  270",",,S","  310","H,,S"
"IRM00040858","1978-08-20","28.945","50.835","20.7","BUSHEHR, IR",,,"  340",",,S",,,"  318","H,,S"
"IRM00040858","1978-08-21","28.945","50.835","20.7","BUSHEHR, IR",,,,,,,"  305","H,,S"
"IRM00040858","1978-08-22","28.945","50.835","20.7","BUSHEHR, IR",,,,,,,"  313","H,,S"
"IRM00040858","1978-08-23","28.945","50.835","20.7","BUSHEHR, IR",,,,,,,"  318","H,,S"
"IRM00040858","1978-08-24","28.945","50.835","20.7","BUSHEHR, IR",,,"  340",",,S",,,"  298","H,,S"
"IRM00040858","1978-08-25","28.945","50.835","20.7","BUSHEHR, IR",,,,,"  240",",,S","  307","H,,S"
"IRM00040858","1978-08-26","28.945","50.835","20.7","BUSHEHR, IR",,,"  340",",,S",,,"  303","H,,S"
"IRM00040858","1978-08-27","28.945","50.835","20.7","BUSHEHR, IR",,,"  340",",,S","  270",",,S","  296","H,,S"
"IRM00040858","1978-08-28","28.945","50.835","20.7","BUSHEHR, IR",,,"  340",",,S",,,"  290","H,,S"
"IRM00040858","1978-08-29","28.945","50.835","20.7","BUSHEHR, IR",,,"  360",",,S",,,"  322","H,,S"
"IRM00040858","1978-08-30","28.945","50.835","20.7","BUSHEHR, IR",,,"  360",",,S","  250",",,S","  307","H,,S"
"IRM00040858","1978-09-01","28.945","50.835","20.7","BUSHEHR, IR",,,"  350",",,S","  260",",,S","  308","H,,S"
"IRM00040858","1978-09-02","28.945","50.835","20.7","BUSHEHR, IR",,,"  380",",,S",,,"  328","H,,S"
"IRM00040858","1978-09-03","28.945","50.835","20.7","BUSHEHR, IR",,,"  360",",,S",,,"  316","H,,S"
"IRM00040858","1978-09-04","28.945","50.835","20.7","BUSHEHR, IR",,,"  370",",,S",,,"  307","H,,S"
"IRM00040858","1978-09-05","28.945","50.835","20.7","BUSHEHR, IR",,,"  340",",,S","  230",",,S","  300","H,,S"
"IRM00040858","1978-09-06","28.945","50.835","20.7","BUSHEHR, IR",,,"  340",",,S","  220",",,S","  308","H,,S"
"IRM00040858","1978-09-07","28.945","50.835","20.7","BUSHEHR, IR",,,"  350",",,S","  250",",,S","  308","H,,S"
"IRM00040858","1978-09-08","28.945","50.835","20.7","BUSHEHR, IR",,,"  340",",,S",,,"  296","H,,S"
"IRM00040858","1978-09-09","28.945","50.835","20.7","BUSHEHR, IR",,,,,"  230",",,S","  286","H,,S"
"IRM00040858","1978-09-10","28.945","50.835","20.7","BUSHEHR, IR",,,"  340",",,S","  240",",,S","  278","H,,S"
"IRM00040858","1978-09-11","28.945","50.835","20.7","BUSHEHR, IR",,,"  350",",,S","  240",",,S","  288","H,,S"
"IRM00040858","1978-09-12","28.945","50.835","20.7","BUSHEHR, IR",,,"  340",",,S","  240",",,S","  293","H,,S"
"IRM00040858","1978-09-13","28.945","50.835","20.7","BUSHEHR, IR",,,"  340",",,S",,,"  310","H,,S"
"IRM00040858","1978-09-17","28.945","50.835","20.7","BUSHEHR, IR",,,"  360",",,S",,,"  316","H,,S"
"IRM00040858","1978-09-18","28.945","50.835","20.7","BUSHEHR, IR",,,,,,,"  298","H,,S"
"IRM00040858","1978-09-19","28.945","50.835","20.7","BUSHEHR, IR",,,"  340",",,S",,,"  305","H,,S"
"IRM00040858","1978-09-20","28.945","50.835","20.7","BUSHEHR, IR",,,,,,,"  316","H,,S"
"IRM00040858","1978-09-21","28.945","50.835","20.7","BUSHEHR, IR",,,"  340",",,S",,,"  320","H,,S"
"IRM00040858","1978-09-22","28.945","50.835","20.7","BUSHEHR, IR",,,,,,,"  307","H,,S"
"IRM00040858","1978-09-23","28.945","50.835","20.7","BUSHEHR, IR",,,"  340",",,S",,,"  296","H,,S"
"IRM00040858","1978-09-24","28.945","50.835","20.7","BUSHEHR, IR",,,"  340",",,S","  240",",,S","  283","H,,S"
"IRM00040858","1978-09-26","28.945","50.835","20.7","BUSHEHR, IR",,,"  340",",,S",,,"  307","H,,S"
"IRM00040858","1978-09-27","28.945","50.835","20.7","BUSHEHR, IR",,,"  340",",,S",,,"  276","H,,S"
"IRM00040858","1978-10-26","28.945","50.835","20.7","BUSHEHR, IR",,,"  320",",,S",,,"  270","H,,S"
"IRM00040858","1978-10-27","28.945","50.835","20.7","BUSHEHR, IR",,,"  340",",,S",,,"  283","H,,S"
"IRM00040858","1978-11-02","28.945","50.835","20.7","BUSHEHR, IR",,,"  270",",,S",,,"  252","H,,S"
"IRM00040858","1978-11-06","28.945","50.835","20.7","BUSHEHR, IR",,,,,"  120",",,S","  202","H,,S"
"IRM00040858","1978-11-18","28.945","50.835","20.7","BUSHEHR, IR",,,"  210",",,S",,,"  192","H,,S"
"IRM00040858","1978-11-23","28.945","50.835","20.7","BUSHEHR, IR",,,,,"  100",",,S","  177","H,,S"
"IRM00040858","1978-12-03","28.945","50.835","20.7","BUSHEHR, IR",,,"  260",",,S",,,"  245","H,,S"
"IRM00040858","1978-12-21","28.945","50.835","20.7","BUSHEHR, IR",,,"  200",",,S",,,"  156","H,,S"
"IRM00040858","1979-01-01","28.945","50.835","20.7","BUSHEHR, IR",,,"  200",",,S",,,"  173","H,,S"
"IRM00040858","1979-04-19","28.945","50.835","20.7","BUSHEHR, IR",,,"  280",",,S","  160",",,S","  240","H,,S"
"IRM00040858","1979-04-20","28.945","50.835","20.7","BUSHEHR, IR",,,,,"  180",",,S","  256","H,,S"
"IRM00040858","1979-04-29","28.945","50.835","20.7","BUSHEHR, IR",,,,,,,"  203","H,,S"
"IRM00040858","1979-05-04","28.945","50.835","20.7","BUSHEHR, IR",,,"  330",",,S",,,"  310","H,,S"
"IRM00040858","1979-05-06","28.945","50.835","20.7","BUSHEHR, IR",,,,,"  250",",,S","  265","H,,S"
"IRM00040858","1979-05-13","28.945","50.835","20.7","BUSHEHR, IR",,,,,"  220",",,S","  282","H,,S"
"IRM00040858","1979-05-16","28.945","50.835","20.7","BUSHEHR, IR",,,,,,,"  290","H,,S"
"IRM00040858","1979-05-29","28.945","50.835","20.7","BUSHEHR, IR",,,"  370",",,S","  250",",,S","  293","H,,S"
"IRM00040858","1979-07-12","28.945","50.835","20.7","BUSHEHR, IR",,,,,"  290",",,S","  315","H,,S"
"IRM00040858","1979-08-30","28.945","50.835","20.7","BUSHEHR, IR",,,"  380",",,S",,,"  334","H,,S"
"IRM00040858","1979-09-04","28.945","50.835","20.7","BUSHEHR, IR",,,,,,,"  365","H,,S"
"IRM00040858","1979-09-07","28.945","50.835","20.7","BUSHEHR, IR",,,,,"  240",",,S","  315","H,,S"
"IRM00040858","1979-09-08","28.945","50.835","20.7","BUSHEHR, IR",,,,,,,"  335","H,,S"
"IRM00040858","1979-09-13","28.945","50.835","20.7","BUSHEHR, IR",,,,,"  260",",,S","  327","H,,S"
"IRM00040858","1979-09-24","28.945","50.835","20.7","BUSHEHR, IR",,,"  350",",,S","  230",",,S","  298","H,,S"
"IRM00040858","1979-09-26","28.945","50.835","20.7","BUSHEHR, IR",,,,,,,"  324","H,,S"
"IRM00040858","1979-09-27","28.945","50.835","20.7","BUSHEHR, IR",,,,,"  260",",,S","  300","H,,S"
"IRM00040858","1979-09-29","28.945","50.835","20.7","BUSHEHR, IR",,,,,,,"  307","H,,S"
"IRM00040858","1979-10-04","28.945","50.835","20.7","BUSHEHR, IR",,,"  360",",,S",,,"  306","H,,S"
"IRM00040858","1979-10-05","28.945","50.835","20.7","BUSHEHR, IR",,,,,"  240",",,S","  292","H,,S"
"IRM00040858","1979-10-06","28.945","50.835","20.7","BUSHEHR, IR",,,,,"  250",",,S","  295","H,,S"
"IRM00040858","1979-10-07","28.945","50.835","20.7","BUSHEHR, IR",,,"  350",",,S",,,"  322","H,,S"
"IRM00040858","1979-10-09","28.945","50.835","20.7","BUSHEHR, IR",,,,,"  210",",,S","  278","H,,S"
"IRM00040858","1979-10-10","28.945","50.835","20.7","BUSHEHR, IR",,,,,,,"  310","H,,S"
"IRM00040858","1979-10-11","28.945","50.835","20.7","BUSHEHR, IR",,,,,,,"  302","H,,S"
"IRM00040858","1979-10-12","28.945","50.835","20.7","BUSHEHR, IR",,,,,"  210",",,S","  273","H,,S"
"IRM00040858","1979-10-13","28.945","50.835","20.7","BUSHEHR, IR",,,,,,,"  288","H,,S"
"IRM00040858","1979-10-19","28.945","50.835","20.7","BUSHEHR, IR",,,,,,,"  305","H,,S"
"IRM00040858","1979-10-26","28.945","50.835","20.7","BUSHEHR, IR",,,,,,,"  208","H,,S"
"IRM00040858","1979-10-27","28.945","50.835","20.7","BUSHEHR, IR",,,,,,,"  255","H,,S"
"IRM00040858","1979-10-31","28.945","50.835","20.7","BUSHEHR, IR",,,,,"  180",",,S","  235","H,,S"
"IRM00040858","1979-11-03","28.945","50.835","20.7","BUSHEHR, IR",,,"  310",",,S",,,"  265","H,,S"
"IRM00040858","1979-11-07","28.945","50.835","20.7","BUSHEHR, IR",,,"  310",",,S",,,"  250","H,,S"
"IRM00040858","1979-11-08","28.945","50.835","20.7","BUSHEHR, IR",,,,,,,"  265","H,,S"
"IRM00040858","1979-11-12","28.945","50.835","20.7","BUSHEHR, IR",,,,,"  180",",,S","  245","H,,S"
"IRM00040858","1979-11-14","28.945","50.835","20.7","BUSHEHR, IR",,,,,,,"  275","H,,S"
"IRM00040858","1979-11-15","28.945","50.835","20.7","BUSHEHR, IR",,,,,"  180",",,S","  225","H,,S"
"IRM00040858","1979-11-16","28.945","50.835","20.7","BUSHEHR, IR",,,,,,,"  232","H,,S"
"IRM00040858","1979-11-17","28.945","50.835","20.7","BUSHEHR, IR",,,,,,,"  240","H,,S"
"IRM00040858","1979-11-24","28.945","50.835","20.7","BUSHEHR, IR",,,"  260",",,S",,,"  183","H,,S"
"IRM00040858","1979-11-25","28.945","50.835","20.7","BUSHEHR, IR",,,,,"  100",",,S","  192","H,,S"
"IRM00040858","1979-11-28","28.945","50.835","20.7","BUSHEHR, IR",,,"  270",",,S",,,"  205","H,,S"
"IRM00040858","1979-11-29","28.945","50.835","20.7","BUSHEHR, IR",,,,,"  160",",,S","  220","H,,S"
"IRM00040858","1979-11-30","28.945","50.835","20.7","BUSHEHR, IR",,,,,,,"  223","H,,S"
"IRM00040858","1979-12-02","28.945","50.835","20.7","BUSHEHR, IR",,,,,,,"  166","H,,S"
"IRM00040858","1979-12-03","28.945","50.835","20.7","BUSHEHR, IR",,,"  220",",,S",,,"  182","H,,S"
"IRM00040858","1979-12-04","28.945","50.835","20.7","BUSHEHR, IR",,,"  220",",,S","  110",",,S","  160","H,,S"
"IRM00040858","1979-12-05","28.945","50.835","20.7","BUSHEHR, IR",,,,,,,"  174","H,,S"
"IRM00040858","1979-12-09","28.945","50.835","20.7","BUSHEHR, IR",,,,,,,"  165","H,,S"
"IRM00040858","1979-12-10","28.945","50.835","20.7","BUSHEHR, IR",,,,,"  120",",,S","  163","H,,S"
"IRM00040858","1979-12-11","28.945","50.835","20.7","BUSHEHR, IR",,,,,,,"  183","H,,S"
"IRM00040858","1979-12-13","28.945","50.835","20.7","BUSHEHR, IR",,,,,,,"  186","H,,S"
"IRM00040858","1979-12-14","28.945","50.835","20.7","BUSHEHR, IR",,,,,"  140",",,S","  164","H,,S"
"IRM00040858","1979-12-15","28.945","50.835","20.7","BUSHEHR, IR",,,"  240",",,S",,,"  170","H,,S"
"IRM00040858","1979-12-18","28.945","50.835","20.7","BUSHEHR, IR",,,,,,,"  135","H,,S"
"IRM00040858","1979-12-22","28.945","50.835","20.7","BUSHEHR, IR",,,"  190",",,S","  100",",,S","  153","H,,S"
"IRM00040858","1979-12-24","28.945","50.835","20.7","BUSHEHR, IR",,,"  200",",,S",,,"  165","H,,S"
"IRM00040858","1979-12-25","28.945","50.835","20.7","BUSHEHR, IR",,,"  210",",,S",,,"  174","H,,S"
"IRM00040858","1979-12-27","28.945","50.835","20.7","BUSHEHR, IR",,,,,,,"  160","H,,S"
"IRM00040858","1979-12-28","28.945","50.835","20.7","BUSHEHR, IR",,,"  210",",,S",,,"  177","H,,S"
"IRM00040858","1979-12-31","28.945","50.835","20.7","BUSHEHR, IR",,,"  150",",,S",,,"  117","H,,S"
"IRM00040858","1980-01-03","28.945","50.835","20.7","BUSHEHR, IR",,,,,"   70",",,S","  128","H,,S"
"IRM00040858","1980-01-05","28.945","50.835","20.7","BUSHEHR, IR",,,,,"   90",",,S","  143","H,,S"
"IRM00040858","1980-01-06","28.945","50.835","20.7","BUSHEHR, IR",,,"  210",",,S",,,"  185","H,,S"
"IRM00040858","1980-01-08","28.945","50.835","20.7","BUSHEHR, IR",,,"  170",",,S","   90",",,S","  133","H,,S"
"IRM00040858","1980-01-09","28.945","50.835","20.7","BUSHEHR, IR",,,,,"   90",",,S","  190","H,,S"
"IRM00040858","1980-01-10","28.945","50.835","20.7","BUSHEHR, IR",,,"  180",",,S","  100",",,S","  138","H,,S"
"IRM00040858","1980-01-11","28.945","50.835","20.7","BUSHEHR, IR",,,,,"  110",",,S","  148","H,,S"
"IRM00040858","1980-01-12","28.945","50.835","20.7","BUSHEHR, IR",,,,,"  100",",,S","  150","H,,S"
"IRM00040858","1980-01-13","28.945","50.835","20.7","BUSHEHR, IR",,,,,,,"  155","H,,S"
"IRM00040858","1980-01-14","28.945","50.835","20.7","BUSHEHR, IR",,,,,,,"  150","H,,S"
"IRM00040858","1980-01-15","28.945","50.835","20.7","BUSHEHR, IR",,,,,"   90",",,S","  125","H,,S"
"IRM00040858","1980-01-16","28.945","50.835","20.7","BUSHEHR, IR",,,,,"   90",",,S","  140","H,,S"
"IRM00040858","1980-01-17","28.945","50.835","20.7","BUSHEHR, IR",,,"  120",",,S",,,"  100","H,,S"
"IRM00040858","1980-01-18","28.945","50.835","20.7","BUSHEHR, IR",,,,,,,"   94","H,,S"
"IRM00040858","1980-01-19","28.945","50.835","20.7","BUSHEHR, IR",,,,,"   80",",,S","  110","H,,S"
"IRM00040858","1980-01-20","28.945","50.835","20.7","BUSHEHR, IR",,,,,,,"  183","H,,S"
"IRM00040858","1980-01-21","28.945","50.835","20.7","BUSHEHR, IR",,,,,"  130",",,S","  190","H,,S"
"IRM00040858","1980-01-22","28.945","50.835","20.7","BUSHEHR, IR",,,,,,,"  160","H,,S"
"IRM00040858","1980-01-23","28.945","50.835","20.7","BUSHEHR, IR",,,,,,,"  150","H,,S"
"IRM00040858","1980-01-24","28.945","50.835","20.7","BUSHEHR, IR",,,,,"  120",",,S","  138","H,,S"
"IRM00040858","1980-01-25","28.945","50.835","20.7","BUSHEHR, IR",,,,,,,"  135","H,,S"
"IRM00040858","1980-01-27","28.945","50.835","20.7","BUSHEHR, IR",,,"  180",",,S","  110",",,S","  143","H,,S"
"IRM00040858","1980-01-29","28.945","50.835","20.7","BUSHEHR, IR",,,"  210",",,S",,,"  185","H,,S"
"IRM00040858","1980-01-30","28.945","50.835","20.7","BUSHEHR, IR",,,"  190",",,S","  120",",,S","  152","H,,S"
"IRM00040858","1980-01-31","28.945","50.835","20.7","BUSHEHR, IR",,,,,"   90",",,S","  107","H,,S"
"IRM00040858","1980-02-01","28.945","50.835","20.7","BUSHEHR, IR",,,,,,,"  110","H,,S"
"IRM00040858","1980-02-02","28.945","50.835","20.7","BUSHEHR, IR",,,,,"   70",",,S","  107","H,,S"
"IRM00040858","1980-02-03","28.945","50.835","20.7","BUSHEHR, IR",,,,,"   50",",,S","  123","H,,S"
"IRM00040858","1980-02-04","28.945","50.835","20.7","BUSHEHR, IR",,,,,,,"  153","H,,S"
"IRM00040858","1980-02-06","28.945","50.835","20.7","BUSHEHR, IR",,,,,"  130",",,S","  165","H,,S"
"IRM00040858","1980-02-08","28.945","50.835","20.7","BUSHEHR, IR",,,,,,,"  160","H,,S"
"IRM00040858","1980-02-09","28.945","50.835","20.7","BUSHEHR, IR",,,,,"  120",",,S","  176","H,,S"
"IRM00040858","1980-02-10","28.945","50.835","20.7","BUSHEHR, IR",,,,,,,"  193","H,,S"
"IRM00040858","1980-02-13","28.945","50.835","20.7","BUSHEHR, IR",,,,,"   80",",,S","  136","H,,S"
"IRM00040858","1980-02-14","28.945","50.835","20.7","BUSHEHR, IR",,,"  210",",,S",,,"  146","H,,S"
"IRM00040858","1980-02-16","28.945","50.835","20.7","BUSHEHR, IR",,,,,,,"  175","H,,S"
"IRM00040858","1980-02-17","28.945","50.835","20.7","BUSHEHR, IR",,,,,,,"  178","H,,S"
"IRM00040858","1980-02-19","28.945","50.835","20.7","BUSHEHR, IR",,,,,,,"  150","H,,S"
"IRM00040858","1980-02-20","28.945","50.835","20.7","BUSHEHR, IR",,,,,,,"  147","H,,S"
"IRM00040858","1980-02-21","28.945","50.835","20.7","BUSHEHR, IR",,,,,,,"  165","H,,S"
"IRM00040858","1980-02-23","28.945","50.835","20.7","BUSHEHR, IR",,,,,"  140",",,S","  180","H,,S"
"IRM00040858","1980-02-25","28.945","50.835","20.7","BUSHEHR, IR",,,,,,,"  166","H,,S"
"IRM00040858","1980-02-26","28.945","50.835","20.7","BUSHEHR, IR",,,,,,,"  170","H,,S"
"IRM00040858","1980-02-29","28.945","50.835","20.7","BUSHEHR, IR",,,,,,,"  193","H,,S"
"IRM00040858","1980-03-02","28.945","50.835","20.7","BUSHEHR, IR",,,,,,,"  190","H,,S"
"IRM00040858","1980-03-07","28.945","50.835","20.7","BUSHEHR, IR",,,"  190",",,S","  110",",,S","  147","H,,S"
"IRM00040858","1980-03-14","28.945","50.835","20.7","BUSHEHR, IR",,,,,,,"  233","H,,S"
"IRM00040858","1980-03-16","28.945","50.835","20.7","BUSHEHR, IR",,,"  280",",,S","  180",",,S","  198","H,,S"
"IRM00040858","1980-03-17","28.945","50.835","20.7","BUSHEHR, IR",,,"  230",",,S","  160",",,S","  184","H,,S"
"IRM00040858","1980-03-20","28.945","50.835","20.7","BUSHEHR, IR",,,,,"  130",",,S","  182","H,,S"
"IRM00040858","1980-03-23","28.945","50.835","20.7","BUSHEHR, IR",,,,,,,"  226","H,,S"
"IRM00040858","1980-03-25","28.945","50.835","20.7","BUSHEHR, IR",,,"  330",",,S",,,"  260","H,,S"
"IRM00040858","1980-03-26","28.945","50.835","20.7","BUSHEHR, IR",,,,,"  220",",,S","  243","H,,S"
"IRM00040858","1980-03-27","28.945","50.835","20.7","BUSHEHR, IR",,,,,"  210",",,S","  233","H,,S"
"IRM00040858","1980-03-28","28.945","50.835","20.7","BUSHEHR, IR",,,,,,,"  273","H,,S"
"IRM00040858","1980-03-29","28.945","50.835","20.7","BUSHEHR, IR",,,,,,,"  230","H,,S"
"IRM00040858","1980-03-30","28.945","50.835","20.7","BUSHEHR, IR",,,,,,,"  276","H,,S"
"IRM00040858","1980-04-01","28.945","50.835","20.7","BUSHEHR, IR",,,"  350",",,S",,,"  292","H,,S"
"IRM00040858","1980-04-05","28.945","50.835","20.7","BUSHEHR, IR",,,"  310",",,S","  220",",,S","  233","H,,S"
"IRM00040858","1980-04-06","28.945","50.835","20.7","BUSHEHR, IR",,,,,"  210",",,S","  226","H,,S"
"IRM00040858","1980-04-11","28.945","50.835","20.7","BUSHEHR, IR",,,,,"  180",",,S","  260","H,,S"
"IRM00040858","1980-04-12","28.945","50.835","20.7","BUSHEHR, IR",,,,,,,"  258","H,,S"
"IRM00040858","1980-04-13","28.945","50.835","20.7","BUSHEHR, IR",,,"  400",",,S",,,"  297","H,,S"
"IRM00040858","1980-04-14","28.945","50.835","20.7","BUSHEHR, IR",,,"  280",",,S",,,"  258","H,,S"
"IRM00040858","1980-04-16","28.945","50.835","20.7","BUSHEHR, IR",,,"  250",",,S",,,"  222","H,,S"
"IRM00040858","1980-04-17","28.945","50.835","20.7","BUSHEHR, IR",,,,,,,"  202","H,,S"
"IRM00040858","1980-04-18","28.945","50.835","20.7","BUSHEHR, IR",,,,,,,"  196","H,,S"
"IRM00040858","1980-04-19","28.945","50.835","20.7","BUSHEHR, IR",,,,,,,"  202","H,,S"
"IRM00040858","1980-04-20","28.945","50.835","20.7","BUSHEHR, IR",,,,,,,"  215","H,,S"
"IRM00040858","1980-04-21","28.945","50.835","20.7","BUSHEHR, IR",,,"  280",",,S","  170",",,S","  242","H,,S"
"IRM00040858","1980-04-22","28.945","50.835","20.7","BUSHEHR, IR",,,,,,,"  298","H,,S"
"IRM00040858","1980-04-23","28.945","50.835","20.7","BUSHEHR, IR",,,"  360",",,S",,,"  318","H,,S"
"IRM00040858","1980-04-24","28.945","50.835","20.7","BUSHEHR, IR",,,,,,,"  263","H,,S"
"IRM00040858","1980-04-25","28.945","50.835","20.7","BUSHEHR, IR",,,,,,,"  267","H,,S"
"IRM00040858","1980-04-26","28.945","50.835","20.7","BUSHEHR, IR",,,,,,,"  242","H,,S"
"IRM00040858","1980-04-28","28.945","50.835","20.7","BUSHEHR, IR",,,,,,,"  270","H,,S"
"IRM00040858","1980-04-30","28.945","50.835","20.7","BUSHEHR, IR",,,,,"  260",",,S","  308","H,,S"
"IRM00040858","1980-05-01","28.945","50.835","20.7","BUSHEHR, IR",,,"  280",",,S",,,"  238","H,,S"
"IRM00040858","1980-05-02","28.945","50.835","20.7","BUSHEHR, IR",,,,,"  200",",,S","  243","H,,S"
"IRM00040858","1980-05-03","28.945","50.835","20.7","BUSHEHR, IR",,,"  340",",,S",,,"  290","H,,S"
"IRM00040858","1980-05-05","28.945","50.835","20.7","BUSHEHR, IR",,,,,"  260",",,S","  332","H,,S"
"IRM00040858","1980-05-06","28.945","50.835","20.7","BUSHEHR, IR",,,,,,,"  270","H,,S"
"IRM00040858","1980-05-07","28.945","50.835","20.7","BUSHEHR, IR",,,,,,,"  260","H,,S"
"IRM00040858","1980-05-09","28.945","50.835","20.7","BUSHEHR, IR",,,"  380",",,S",,,"  308","H,,S"
"IRM00040858","1980-05-10","28.945","50.835","20.7","BUSHEHR, IR",,,,,"  220",",,S","  268","H,,S"
"IRM00040858","1980-05-11","28.945","50.835","20.7","BUSHEHR, IR",,,"  330",",,S","  220",",,S","  296","H,,S"
"IRM00040858","1980-05-14","28.945","50.835","20.7","BUSHEHR, IR",,,,,"  210",",,S","  305","H,,S"
"IRM00040858","1980-05-15","28.945","50.835","20.7","BUSHEHR, IR",,,,,"  260",",,S","  282","H,,S"
"IRM00040858","1980-05-18","28.945","50.835","20.7","BUSHEHR, IR",,,,,"  210",",,S","  268","H,,S"
"IRM00040858","1980-05-20","28.945","50.835","20.7","BUSHEHR, IR",,,,,"  220",",,S","  268","H,,S"
"IRM00040858","1980-05-21","28.945","50.835","20.7","BUSHEHR, IR",,,,,,,"  272","H,,S"
"IRM00040858","1980-05-23","28.945","50.835","20.7","BUSHEHR, IR",,,,,"  230",",,S","  305","H,,S"
"IRM00040858","1980-05-24","28.945","50.835","20.7","BUSHEHR, IR",,,"  350",",,S",,,"  288","H,,S"
"IRM00040858","1980-05-28","28.945","50.835","20.7","BUSHEHR, IR",,,,,"  280",",,S","  304","H,,S"
"IRM00040858","1980-05-31","28.945","50.835","20.7","BUSHEHR, IR",,,"  320",",,S",,,"  305","H,,S"
"IRM00040858","1980-06-01","28.945","50.835","20.7","BUSHEHR, IR",,,,,"  230",",,S","  285","H,,S"
"IRM00040858","1980-06-02","28.945","50.835","20.7","BUSHEHR, IR",,,,,"  230",",,S","  293","H,,S"
"IRM00040858","1980-06-03","28.945","50.835","20.7","BUSHEHR, IR",,,,,"  260",",,S","  320","H,,S"
"IRM00040858","1980-06-08","28.945","50.835","20.7","BUSHEHR, IR",,,,,"  310",",,S","  328","H,,S"
"IRM00040858","1980-06-11","28.945","50.835","20.7","BUSHEHR, IR",,,,,,,"  275","H,,S"
"IRM00040858","1980-06-22","28.945","50.835","20.7","BUSHEHR, IR",,,,,,,"  326","H,,S"
"IRM00040858","1980-08-03","28.945","50.835","20.7","BUSHEHR, IR",,,"  370",",,S",,,"  342","H,,S"
"IRM00040858","1980-08-15","28.945","50.835","20.7","BUSHEHR, IR",,,,,"  330",",,S","  354","H,,S"
"IRM00040858","1980-08-16","28.945","50.835","20.7","BUSHEHR, IR",,,"  370",",,S","  300",",,S","  336","H,,S"
"IRM00040858","1980-08-17","28.945","50.835","20.7","BUSHEHR, IR",,,"  370",",,S",,,"  343","H,,S"
"IRM00040858","1980-08-22","28.945","50.835","20.7","BUSHEHR, IR",,,"  360",",,S",,,"  336","H,,S"
"IRM00040858","1980-08-25","28.945","50.835","20.7","BUSHEHR, IR",,,,,"  310",",,S","  332","H,,S"
"IRM00040858","1980-08-26","28.945","50.835","20.7","BUSHEHR, IR",,,"  370",",,S",,,"  333","H,,S"
"IRM00040858","1980-08-28","28.945","50.835","20.7","BUSHEHR, IR",,,,,,,"  323","H,,S"
"IRM00040858","1980-08-29","28.945","50.835","20.7","BUSHEHR, IR",,,,,,,"  317","H,,S"
"IRM00040858","1980-08-30","28.945","50.835","20.7","BUSHEHR, IR",,,,,"  250",",,S","  308","H,,S"
"IRM00040858","1980-09-01","28.945","50.835","20.7","BUSHEHR, IR",,,"  410",",,S",,,"  338","H,,S"
"IRM00040858","1980-09-02","28.945","50.835","20.7","BUSHEHR, IR",,,"  400",",,S",,,"  338","H,,S"
"IRM00040858","1980-09-03","28.945","50.835","20.7","BUSHEHR, IR",,,,,,,"  338","H,,S"
"IRM00040858","1980-09-05","28.945","50.835","20.7","BUSHEHR, IR",,,,,"  280",",,S","  327","H,,S"
"IRM00040858","1980-09-06","28.945","50.835","20.7","BUSHEHR, IR",,,,,"  270",",,S","  328","H,,S"
"IRM00040858","1980-09-07","28.945","50.835","20.7","BUSHEHR, IR",,,"  360",",,S","  290",",,S","  335","H,,S"
"IRM00040858","1980-09-08","28.945","50.835","20.7","BUSHEHR, IR",,,,,"  290",",,S","  320","H,,S"
"IRM00040858","1980-09-09","28.945","50.835","20.7","BUSHEHR, IR",,,,,"  260",",,S","  303","H,,S"
"IRM00040858","1989-01-24","28.945","50.835","20.7","BUSHEHR, IR",,,,,,,"  142","H,,S"
"IRM00040858","1989-04-26","28.945","50.835","20.7","BUSHEHR, IR",,,,,"  200",",,S","  258","H,,S"
"IRM00040858","1990-08-10","28.945","50.835","20.7","BUSHEHR, IR",,,,,"  264",",,S","  309","H,,S"
"IRM00040858","1990-08-25","28.945","50.835","20.7","BUSHEHR, IR",,,,,,,"  313","H,,S"
"IRM00040858","1990-08-26","28.945","50.835","20.7","BUSHEHR, IR",,,,,,,"  337","H,,S"
"IRM00040858","1990-08-27","28.945","50.835","20.7","BUSHEHR, IR",,,,,,,"  322","H,,S"
"IRM00040858","1990-08-28","28.945","50.835","20.7","BUSHEHR, IR","    0",",,S","  360",",,S",,,"  309","H,,S"
"IRM00040858","1990-09-04","28.945","50.835","20.7","BUSHEHR, IR",,,"  365",",,S",,,"  328","H,,S"
"IRM00040858","1990-09-07","28.945","50.835","20.7","BUSHEHR, IR","    0",",,S",,,,,"  318","H,,S"
"IRM00040858","1990-09-09","28.945","50.835","20.7","BUSHEHR, IR",,,,,,,"  308","H,,S"
"IRM00040858","1990-11-16","28.945","50.835","20.7","BUSHEHR, IR",,,"  280",",,S","  140",",,S","  221","H,,S"
"IRM00040858","1990-11-17","28.945","50.835","20.7","BUSHEHR, IR",,,,,,,"  240","H,,S"
"IRM00040858","1990-12-19","28.945","50.835","20.7","BUSHEHR, IR",,,,,,,"  166","H,,S"
"IRM00040858","1990-12-30","28.945","50.835","20.7","BUSHEHR, IR",,,"  190",",,S",,,"  153","H,,S"
"IRM00040858","1991-01-01","28.945","50.835","20.7","BUSHEHR, IR",,,,,"   80",",,S","  149","H,,S"
"IRM00040858","1991-01-07","28.945","50.835","20.7","BUSHEHR, IR",,,,,,,"  134","H,,S"
"IRM00040858","1991-01-08","28.945","50.835","20.7","BUSHEHR, IR",,,"  205",",,S","  100",",,S","  143","H,,S"
"IRM00040858","1991-05-22","28.945","50.835","20.7","BUSHEHR, IR",,,,,,,"  306","H,,S"
"IRM00040858","1991-05-31","28.945","50.835","20.7","BUSHEHR, IR","    0",",,S",,,,,"  294","H,,S"
"IRM00040858","1991-07-07","28.945","50.835","20.7","BUSHEHR, IR",,,,,,,"  323","H,,S"
"IRM00040858","1991-07-13","28.945","50.835","20.7","BUSHEHR, IR",,,,,,,"  304","H,,S"
"IRM00040858","1991-07-19","28.945","50.835","20.7","BUSHEHR, IR","    0",",,S",,,,,"  342","H,,S"
"IRM00040858","1991-08-24","28.945","50.835","20.7","BUSHEHR, IR",,,,,"  285",",,S","  319","H,,S"
"IRM00040858","1991-09-20","28.945","50.835","20.7","BUSHEHR, IR","    0",",,S",,,,,"  318","H,,S"
"IRM00040858","1991-10-21","28.945","50.835","20.7","BUSHEHR, IR",,,"  325",",,S",,,"  279","H,,S"
"IRM00040858","1991-11-22","28.945","50.835","20.7","BUSHEHR, IR",,,"  245",",,S","  170",",,S","  184","H,,S"
"IRM00040858","1991-12-26","28.945","50.835","20.7","BUSHEHR, IR",,,"  180",",,S",,,"  149","H,,S"
"IRM00040858","1992-01-23","28.945","50.835","20.7","BUSHEHR, IR",,,,,,,"  129","H,,S"
"IRM00040858","1992-02-28","28.945","50.835","20.7","BUSHEHR, IR","    0",",,S","  155",",,S","   76",",,S","  116","H,,S"
"IRM00040858","1992-03-13","28.945","50.835","20.7","BUSHEHR, IR","    0",",,S",,,,,"  151","H,,S"
"IRM00040858","1992-03-24","28.945","50.835","20.7","BUSHEHR, IR",,,,,,,"  166","H,,S"
"IRM00040858","1992-03-26","28.945","50.835","20.7","BUSHEHR, IR","    0",",,S",,,,,"  152","H,,S"
"IRM00040858","1992-04-07","28.945","50.835","20.7","BUSHEHR, IR",,,,,,,"  194","H,,S"
"IRM00040858","1992-04-19","28.945","50.835","20.7","BUSHEHR, IR","    0",",,S",,,,,"  226","H,,S"
"IRM00040858","1992-04-23","28.945","50.835","20.7","BUSHEHR, IR",,,,,"  200",",,S","  283","H,,S"
"IRM00040858","1992-04-25","28.945","50.835","20.7","BUSHEHR, IR","    0",",,S",,,"  255",",,S","  310","H,,S"
"IRM00040858","1992-06-12","28.945","50.835","20.7","BUSHEHR, IR","    0",",,S",,,,,"  328","H,,S"
"IRM00040858","1992-06-15","28.945","50.835","20.7","BUSHEHR, IR","    0",",,S",,,,,"  342","H,,S"
"IRM00040858","1992-07-01","28.945","50.835","20.7","BUSHEHR, IR",,,,,,,"  311","H,,S"
"IRM00040858","1992-07-11","28.945","50.835","20.7","BUSHEHR, IR",,,,,,,"  344","H,,S"
"IRM00040858","1992-07-15","28.945","50.835","20.7","BUSHEHR, IR",,,"  384",",,S",,,"  334","H,,S"
"IRM00040858","1992-07-22","28.945","50.835","20.7","BUSHEHR, IR",,,,,,,"  324","H,,S"
"IRM00040858","1992-07-24","28.945","50.835","20.7","BUSHEHR, IR",,,,,,,"  313","H,,S"
"IRM00040858","1992-07-30","28.945","50.835","20.7","BUSHEHR, IR",,,,,,,"  332","H,,S"
"IRM00040858","1992-08-07","28.945","50.835","20.7","BUSHEHR, IR",,,,,,,"  315","H,,S"
"IRM00040858","1992-08-08","28.945","50.835","20.7","BUSHEHR, IR",,,,,,,"  323","H,,S"
"IRM00040858","1992-08-12","28.945","50.835","20.7","BUSHEHR, IR",,,,,,,"  347","H,,S"
"IRM00040858","1992-08-14","28.945","50.835","20.7","BUSHEHR, IR",,,,,,,"  313","H,,S"
"IRM00040858","1992-08-15","28.945","50.835","20.7","BUSHEHR, IR",,,,,,,"  350","H,,S"
"IRM00040858","1992-08-17","28.945","50.835","20.7","BUSHEHR, IR",,,,,,,"  317","H,,S"
"IRM00040858","1992-08-22","28.945","50.835","20.7","BUSHEHR, IR",,,,,,,"  342","H,,S"
"IRM00040858","1992-08-25","28.945","50.835","20.7","BUSHEHR, IR",,,,,,,"  334","H,,S"
"IRM00040858","1992-09-10","28.945","50.835","20.7","BUSHEHR, IR",,,,,,,"  388","H,,S"
"IRM00040858","1992-09-12","28.945","50.835","20.7","BUSHEHR, IR",,,,,,,"  312","H,,S"
"IRM00040858","1992-09-15","28.945","50.835","20.7","BUSHEHR, IR",,,,,,,"  324","H,,S"
"IRM00040858","1992-09-26","28.945","50.835","20.7","BUSHEHR, IR","    0",",,S",,,,,"  331","H,,S"
"IRM00040858","1992-10-03","28.945","50.835","20.7","BUSHEHR, IR",,,,,,,"  278","H,,S"
"IRM00040858","1992-10-10","28.945","50.835","20.7","BUSHEHR, IR",,,,,,,"  271","H,,S"
"IRM00040858","1992-10-11","28.945","50.835","20.7","BUSHEHR, IR",,,,,,,"  291","H,,S"
"IRM00040858","1992-10-16","28.945","50.835","20.7","BUSHEHR, IR",,,,,,,"  262","H,,S"
"IRM00040858","1992-10-26","28.945","50.835","20.7","BUSHEHR, IR",,,,,,,"  280","H,,S"
"IRM00040858","1992-11-02","28.945","50.835","20.7","BUSHEHR, IR","    0","D,,S",,,,,"  257","H,,S"
"IRM00040858","1992-11-05","28.945","50.835","20.7","BUSHEHR, IR","    0",",,S",,,,,"  252","H,,S"
"IRM00040858","1992-11-10","28.945","50.835","20.7","BUSHEHR, IR",,,,,,,"  254","H,,S"
"IRM00040858","1992-12-29","28.945","50.835","20.7","BUSHEHR, IR",,,,,,,"  116","H,,S"
"IRM00040858","1992-12-30","28.945","50.835","20.7","BUSHEHR, IR",,,,,,,"  111","H,,S"
"IRM00040858","1992-12-31","28.945","50.835","20.7","BUSHEHR, IR",,,,,,,"  108","H,,S"
"IRM00040858","1993-01-11","28.945","50.835","20.7","BUSHEHR, IR",,,,,,,"  143","H,,S"
"IRM00040858","1993-01-14","28.945","50.835","20.7","BUSHEHR, IR",,,,,,,"  106","H,,S"
"IRM00040858","1993-01-17","28.945","50.835","20.7","BUSHEHR, IR",,,,,,,"  111","H,,S"
"IRM00040858","1993-01-22","28.945","50.835","20.7","BUSHEHR, IR",,,,,,,"  130","H,,S"
"IRM00040858","1993-01-23","28.945","50.835","20.7","BUSHEHR, IR",,,,,,,"  128","H,,S"
"IRM00040858","1993-01-29","28.945","50.835","20.7","BUSHEHR, IR",,,,,,,"  189","H,,S"
"IRM00040858","1993-02-07","28.945","50.835","20.7","BUSHEHR, IR",,,,,,,"  134","H,,S"
"IRM00040858","1993-02-11","28.945","50.835","20.7","BUSHEHR, IR",,,,,,,"  177","H,,S"
"IRM00040858","1993-02-14","28.945","50.835","20.7","BUSHEHR, IR",,,,,,,"  179","H,,S"
"IRM00040858","1993-02-19","28.945","50.835","20.7","BUSHEHR, IR",,,,,,,"  209","H,,S"
"IRM00040858","1993-02-21","28.945","50.835","20.7","BUSHEHR, IR",,,,,,,"  184","H,,S"
"IRM00040858","1993-02-24","28.945","50.835","20.7","BUSHEHR, IR",,,,,,,"  113","H,,S"
"IRM00040858","1993-02-25","28.945","50.835","20.7","BUSHEHR, IR",,,,,,,"  168","H,,S"
"IRM00040858","1993-02-27","28.945","50.835","20.7","BUSHEHR, IR",,,,,,,"  171","H,,S"
"IRM00040858","1993-03-07","28.945","50.835","20.7","BUSHEHR, IR",,,"  260",",,S",,,"  228","H,,S"
"IRM00040858","1993-03-09","28.945","50.835","20.7","BUSHEHR, IR","   30",",,S",,,,,"  246","H,,S"
"IRM00040858","1993-03-23","28.945","50.835","20.7","BUSHEHR, IR",,,,,,,"  156","H,,S"
"IRM00040858","1993-04-03","28.945","50.835","20.7","BUSHEHR, IR",,,,,,,"  224","H,,S"
"IRM00040858","1993-04-13","28.945","50.835","20.7","BUSHEHR, IR",,,,,,,"  223","H,,S"
"IRM00040858","1993-04-19","28.945","50.835","20.7","BUSHEHR, IR",,,,,,,"  263","H,,S"
"IRM00040858","1993-04-22","28.945","50.835","20.7","BUSHEHR, IR",,,,,,,"  322","H,,S"
"IRM00040858","1993-05-05","28.945","50.835","20.7","BUSHEHR, IR",,,,,,,"  337","H,,S"
"IRM00040858","1993-05-16","28.945","50.835","20.7","BUSHEHR, IR",,,,,,,"  285","H,,S"
"IRM00040858","1993-06-18","28.945","50.835","20.7","BUSHEHR, IR",,,,,,,"  328","H,,S"
"IRM00040858","1993-06-22","28.945","50.835","20.7","BUSHEHR, IR",,,,,,,"  301","H,,S"
"IRM00040858","1993-06-27","28.945","50.835","20.7","BUSHEHR, IR",,,,,,,"  352","H,,S"
"IRM00040858","1993-06-28","28.945","50.835","20.7","BUSHEHR, IR",,,,,,,"  323","H,,S"
"IRM00040858","1993-07-01","28.945","50.835","20.7","BUSHEHR, IR",,,,,,,"  323","H,,S"
"IRM00040858","1993-07-13","28.945","50.835","20.7","BUSHEHR, IR",,,,,,,"  337","H,,S"
"IRM00040858","1993-07-14","28.945","50.835","20.7","BUSHEHR, IR",,,,,,,"  319","H,,S"
"IRM00040858","1993-07-21","28.945","50.835","20.7","BUSHEHR, IR",,,,,,,"  373","H,,S"
"IRM00040858","1993-07-22","28.945","50.835","20.7","BUSHEHR, IR",,,,,,,"  362","H,,S"
"IRM00040858","1993-07-25","28.945","50.835","20.7","BUSHEHR, IR",,,,,,,"  373","H,,S"
"IRM00040858","1993-08-14","28.945","50.835","20.7","BUSHEHR, IR",,,,,,,"  336","H,,S"
"IRM00040858","1993-08-16","28.945","50.835","20.7","BUSHEHR, IR",,,,,,,"  348","H,,S"
"IRM00040858","1993-08-22","28.945","50.835","20.7","BUSHEHR, IR",,,,,,,"  316","H,,S"
"IRM00040858","1993-08-24","28.945","50.835","20.7","BUSHEHR, IR",,,,,,,"  343","H,,S"
"IRM00040858","1993-08-28","28.945","50.835","20.7","BUSHEHR, IR",,,,,,,"  337","H,,S"
"IRM00040858","1993-08-30","28.945","50.835","20.7","BUSHEHR, IR",,,,,,,"  352","H,,S"
"IRM00040858","1993-09-05","28.945","50.835","20.7","BUSHEHR, IR",,,,,,,"  307","H,,S"
"IRM00040858","1993-09-09","28.945","50.835","20.7","BUSHEHR, IR",,,,,,,"  323","H,,S"
"IRM00040858","1993-09-10","28.945","50.835","20.7","BUSHEHR, IR",,,,,,,"  340","H,,S"
"IRM00040858","1993-09-14","28.945","50.835","20.7","BUSHEHR, IR",,,,,,,"  328","H,,S"
"IRM00040858","1993-09-17","28.945","50.835","20.7","BUSHEHR, IR",,,,,,,"  339","H,,S"
"IRM00040858","1993-10-01","28.945","50.835","20.7","BUSHEHR, IR",,,,,,,"  332","H,,S"
"IRM00040858","1993-11-22","28.945","50.835","20.7","BUSHEHR, IR","    0","D,,S",,,,,"  204","H,,S"
"IRM00040858","1993-11-29","28.945","50.835","20.7","BUSHEHR, IR",,,,,,,"  179","H,,S"
"IRM00040858","1993-12-07","28.945","50.835","20.7","BUSHEHR, IR",,,,,,,"  182","H,,S"
"IRM00040858","1993-12-09","28.945","50.835","20.7","BUSHEHR, IR",,,,,,,"  193","H,,S"
"IRM00040858","1993-12-18","28.945","50.835","20.7","BUSHEHR, IR",,,,,,,"  170","H,,S"
"IRM00040858","1994-01-12","28.945","50.835","20.7","BUSHEHR, IR",,,,,,,"  179","H,,S"
"IRM00040858","1994-02-06","28.945","50.835","20.7","BUSHEHR, IR",,,,,,,"  168","H,,S"
"IRM00040858","1994-02-10","28.945","50.835","20.7","BUSHEHR, IR",,,,,,,"  156","H,,S"
"IRM00040858","1994-02-15","28.945","50.835","20.7","BUSHEHR, IR",,,,,,,"  182","H,,S"
"IRM00040858","1994-02-23","28.945","50.835","20.7","BUSHEHR, IR",,,,,,,"  207","H,,S"
"IRM00040858","1994-02-25","28.945","50.835","20.7","BUSHEHR, IR",,,,,,,"  194","H,,S"
"IRM00040858","1994-02-26","28.945","50.835","20.7","BUSHEHR, IR",,,,,,,"  188","H,,S"
"IRM00040858","1994-03-07","28.945","50.835","20.7","BUSHEHR, IR",,,,,,,"  234","H,,S"
"IRM00040858","1994-03-10","28.945","50.835","20.7","BUSHEHR, IR",,,,,,,"  217","H,,S"
"IRM00040858","1994-03-12","28.945","50.835","20.7","BUSHEHR, IR",,,,,,,"  212","H,,S"
"IRM00040858","1994-03-16","28.945","50.835","20.7","BUSHEHR, IR",,,,,,,"  194","H,,S"
"IRM00040858","1994-03-23","28.945","50.835","20.7","BUSHEHR, IR",,,,,,,"  208","H,,S"
"IRM00040858","1994-03-25","28.945","50.835","20.7","BUSHEHR, IR",,,,,,,"  239","H,,S"
"IRM00040858","1994-03-27","28.945","50.835","20.7","BUSHEHR, IR",,,,,,,"  222","H,,S"
"IRM00040858","1994-03-29","28.945","50.835","20.7","BUSHEHR, IR",,,,,,,"  217","H,,S"
"IRM00040858","1994-03-30","28.945","50.835","20.7","BUSHEHR, IR",,,,,,,"  238","H,,S"
"IRM00040858","1994-03-31","28.945","50.835","20.7","BUSHEHR, IR",,,,,,,"  235","H,,S"
"IRM00040858","1994-04-01","28.945","50.835","20.7","BUSHEHR, IR",,,,,,,"  234","H,,S"
"IRM00040858","1994-04-03","28.945","50.835","20.7","BUSHEHR, IR",,,,,,,"  215","H,,S"
"IRM00040858","1994-04-05","28.945","50.835","20.7","BUSHEHR, IR",,,,,,,"  226","H,,S"
"IRM00040858","1994-04-06","28.945","50.835","20.7","BUSHEHR, IR",,,,,,,"  240","H,,S"
"IRM00040858","1994-04-09","28.945","50.835","20.7","BUSHEHR, IR",,,,,,,"  264","H,,S"
"IRM00040858","1994-04-11","28.945","50.835","20.7","BUSHEHR, IR",,,,,,,"  245","H,,S"
"IRM00040858","1994-04-18","28.945","50.835","20.7","BUSHEHR, IR",,,,,,,"  242","H,,S"
"IRM00040858","1994-04-20","28.945","50.835","20.7","BUSHEHR, IR",,,,,,,"  283","H,,S"
"IRM00040858","1994-04-23","28.945","50.835","20.7","BUSHEHR, IR",,,,,,,"  281","H,,S"
"IRM00040858","1994-04-25","28.945","50.835","20.7","BUSHEHR, IR",,,,,,,"  257","H,,S"
"IRM00040858","1994-04-29","28.945","50.835","20.7","BUSHEHR, IR",,,,,,,"  313","H,,S"
"IRM00040858","1994-05-09","28.945","50.835","20.7","BUSHEHR, IR",,,,,,,"  284","H,,S"
"IRM00040858","1994-05-15","28.945","50.835","20.7","BUSHEHR, IR",,,,,,,"  338","H,,S"
"IRM00040858","1994-05-17","28.945","50.835","20.7","BUSHEHR, IR",,,,,,,"  314","H,,S"
"IRM00040858","1994-06-08","28.945","50.835","20.7","BUSHEHR, IR","    0",",,S",,,,,"  321","H,,S"
"IRM00040858","1994-06-10","28.945","50.835","20.7","BUSHEHR, IR",,,,,,,"  332","H,,S"
"IRM00040858","1994-06-11","28.945","50.835","20.7","BUSHEHR, IR",,,,,,,"  377","H,,S"
"IRM00040858","1994-06-13","28.945","50.835","20.7","BUSHEHR, IR",,,,,,,"  334","H,,S"
"IRM00040858","1994-06-15","28.945","50.835","20.7","BUSHEHR, IR",,,,,,,"  323","H,,S"
"IRM00040858","1994-06-17","28.945","50.835","20.7","BUSHEHR, IR",,,,,,,"  318","H,,S"
"IRM00040858","1994-06-21","28.945","50.835","20.7","BUSHEHR, IR",,,,,,,"  326","H,,S"
"IRM00040858","1994-06-24","28.945","50.835","20.7","BUSHEHR, IR",,,"  360",",,S",,,"  326","H,,S"
"IRM00040858","1994-06-29","28.945","50.835","20.7","BUSHEHR, IR",,,,,,,"  308","H,,S"
"IRM00040858","1994-07-09","28.945","50.835","20.7","BUSHEHR, IR",,,,,,,"  332","H,,S"
"IRM00040858","1994-07-10","28.945","50.835","20.7","BUSHEHR, IR","    0",",,S",,,,,"  344","H,,S"
"IRM00040858","1994-07-13","28.945","50.835","20.7","BUSHEHR, IR",,,,,,,"  338","H,,S"
"IRM00040858","1994-09-23","28.945","50.835","20.7","BUSHEHR, IR",,,,,,,"  348","H,,S"
"IRM00040858","1995-01-20","28.945","50.835","20.7","BUSHEHR, IR",,,,,,,"  149","H,,S"
"IRM00040858","1995-01-23","28.945","50.835","20.7","BUSHEHR, IR",,,,,,,"  142","H,,S"
"IRM00040858","1995-01-25","28.945","50.835","20.7","BUSHEHR, IR",,,,,,,"  112","H,,S"
"IRM00040858","1995-01-27","28.945","50.835","20.7","BUSHEHR, IR",,,,,,,"  144","H,,S"
"IRM00040858","1995-03-17","28.945","50.835","20.7","BUSHEHR, IR",,,,,,,"  231","H,,S"
"IRM00040858","1995-06-25","28.945","50.835","20.7","BUSHEHR, IR",,,,,,,"  317","H,,S"
"IRM00040858","1995-06-27","28.945","50.835","20.7","BUSHEHR, IR",,,,,,,"  338","H,,S"
"IRM00040858","1995-07-09","28.945","50.835","20.7","BUSHEHR, IR",,,,,,,"  345","H,,S"
"IRM00040858","1995-07-15","28.945","50.835","20.7","BUSHEHR, IR",,,,,,,"  324","H,,S"
"IRM00040858","2004-02-24","28.945","50.835","20.7","BUSHEHR, IR",,,,,,,"  144","H,,S"
"IRM00040858","2004-02-25","28.945","50.835","20.7","BUSHEHR, IR",,,,,,,"  143","H,,S"
"IRM00040858","2004-02-26","28.945","50.835","20.7","BUSHEHR, IR",,,,,,,"  146","H,,S"
"IRM00040858","2004-02-27","28.945","50.835","20.7","BUSHEHR, IR",,,,,,,"  158","H,,S"
"IRM00040858","2004-02-28","28.945","50.835","20.7","BUSHEHR, IR","    0",",,S",,,,,"  165","H,,S"
"IRM00040858","2004-02-29","28.945","50.835","20.7","BUSHEHR, IR",,,,,,,"  166","H,,S"
"IRM00040858","2004-03-01","28.945","50.835","20.7","BUSHEHR, IR",,,,,,,"  171","H,,S"
"IRM00040858","2004-03-02","28.945","50.835","20.7","BUSHEHR, IR",,,,,,,"  182","H,,S"
"IRM00040858","2004-03-03","28.945","50.835","20.7","BUSHEHR, IR",,,,,,,"  188","H,,S"
"IRM00040858","2004-03-04","28.945","50.835","20.7","BUSHEHR, IR",,,,,,,"  199","H,,S"
"IRM00040858","2004-03-05","28.945","50.835","20.7","BUSHEHR, IR",,,,,,,"  216","H,,S"
"IRM00040858","2004-03-06","28.945","50.835","20.7","BUSHEHR, IR","    0",",,S",,,,,"  214","H,,S"
"IRM00040858","2004-03-07","28.945","50.835","20.7","BUSHEHR, IR",,,,,,,"  212","H,,S"
"IRM00040858","2004-03-08","28.945","50.835","20.7","BUSHEHR, IR",,,,,,,"  200","H,,S"
"IRM00040858","2004-03-09","28.945","50.835","20.7","BUSHEHR, IR",,,,,,,"  214","H,,S"
"IRM00040858","2004-03-10","28.945","50.835","20.7","BUSHEHR, IR",,,,,,,"  207","H,,S"
"IRM00040858","2004-03-11","28.945","50.835","20.7","BUSHEHR, IR",,,,,,,"  211","H,,S"
"IRM00040858","2004-03-19","28.945","50.835","20.7","BUSHEHR, IR",,,,,,,"  209","H,,S"
"IRM00040858","2004-03-20","28.945","50.835","20.7","BUSHEHR, IR",,,,,,,"  162","H,,S"
"IRM00040858","2004-03-21","28.945","50.835","20.7","BUSHEHR, IR",,,,,,,"  194","H,,S"
"IRM00040858","2004-04-03","28.945","50.835","20.7","BUSHEHR, IR",,,,,,,"  232","H,,S"
"IRM00040858","2004-04-04","28.945","50.835","20.7","BUSHEHR, IR",,,,,,,"  251","H,,S"
"IRM00040858","2004-04-05","28.945","50.835","20.7","BUSHEHR, IR",,,,,,,"  196","H,,S"
"IRM00040858","2004-04-06","28.945","50.835","20.7","BUSHEHR, IR",,,,,,,"  200","H,,S"
"IRM00040858","2004-04-14","28.945","50.835","20.7","BUSHEHR, IR",,,,,,,"  254","H,,S"
"IRM00040858","2004-04-15","28.945","50.835","20.7","BUSHEHR, IR",,,,,,,"  233","H,,S"
"IRM00040858","2004-04-16","28.945","50.835","20.7","BUSHEHR, IR",,,,,,,"  259","H,,S"
"IRM00040858","2004-04-17","28.945","50.835","20.7","BUSHEHR, IR",,,,,,,"  236","H,,S"
"IRM00040858","2004-04-18","28.945","50.835","20.7","BUSHEHR, IR",,,,,,,"  214","H,,S"
"IRM00040858","2004-04-19","28.945","50.835","20.7","BUSHEHR, IR",,,,,,,"  215","H,,S"
"IRM00040858","2004-04-20","28.945","50.835","20.7","BUSHEHR, IR",,,,,,,"  245","H,,S"
"IRM00040858","2004-04-21","28.945","50.835","20.7","BUSHEHR, IR",,,,,,,"  239","H,,S"
"IRM00040858","2004-04-22","28.945","50.835","20.7","BUSHEHR, IR",,,,,,,"  246","H,,S"
"IRM00040858","2004-04-23","28.945","50.835","20.7","BUSHEHR, IR",,,,,,,"  282","H,,S"
"IRM00040858","2004-04-24","28.945","50.835","20.7","BUSHEHR, IR",,,,,,,"  283","H,,S"
"IRM00040858","2004-04-25","28.945","50.835","20.7","BUSHEHR, IR",,,,,,,"  256","H,,S"
"IRM00040858","2004-04-26","28.945","50.835","20.7","BUSHEHR, IR",,,,,,,"  245","H,,S"
"IRM00040858","2004-04-27","28.945","50.835","20.7","BUSHEHR, IR",,,,,,,"  259","H,,S"
"IRM00040858","2004-04-28","28.945","50.835","20.7","BUSHEHR, IR",,,,,,,"  254","H,,S"
"IRM00040858","2004-04-29","28.945","50.835","20.7","BUSHEHR, IR",,,,,,,"  258","H,,S"
"IRM00040858","2004-04-30","28.945","50.835","20.7","BUSHEHR, IR",,,,,,,"  279","H,,S"
"IRM00040858","2004-05-01","28.945","50.835","20.7","BUSHEHR, IR",,,,,,,"  274","H,,S"
"IRM00040858","2004-05-02","28.945","50.835","20.7","BUSHEHR, IR",,,,,,,"  277","H,,S"
"IRM00040858","2004-05-11","28.945","50.835","20.7","BUSHEHR, IR",,,,,,,"  298","H,,S"
"IRM00040858","2004-05-12","28.945","50.835","20.7","BUSHEHR, IR",,,,,,,"  292","H,,S"
"IRM00040858","2004-05-13","28.945","50.835","20.7","BUSHEHR, IR",,,,,,,"  274","H,,S"
"IRM00040858","2004-05-14","28.945","50.835","20.7","BUSHEHR, IR",,,,,,,"  259","H,,S"
"IRM00040858","2004-05-15","28.945","50.835","20.7","BUSHEHR, IR",,,,,,,"  260","H,,S"
"IRM00040858","2004-05-16","28.945","50.835","20.7","BUSHEHR, IR",,,,,,,"  270","H,,S"
"IRM00040858","2004-05-17","28.945","50.835","20.7","BUSHEHR, IR",,,,,,,"  276","H,,S"
"IRM00040858","2004-05-18","28.945","50.835","20.7","BUSHEHR, IR",,,,,,,"  235","H,,S"
"IRM00040858","2004-05-22","28.945","50.835","20.7","BUSHEHR, IR",,,,,,,"  318","H,,S"
"IRM00040858","2004-05-23","28.945","50.835","20.7","BUSHEHR, IR",,,,,,,"  283","H,,S"
"IRM00040858","2004-05-24","28.945","50.835","20.7","BUSHEHR, IR",,,,,,,"  286","H,,S"
"IRM00040858","2004-05-25","28.945","50.835","20.7","BUSHEHR, IR",,,,,,,"  267","H,,S"
"IRM00040858","2004-05-26","28.945","50.835","20.7","BUSHEHR, IR",,,,,,,"  281","H,,S"
"IRM00040858","2004-05-27","28.945","50.835","20.7","BUSHEHR, IR",,,,,,,"  302","H,,S"
"IRM00040858","2004-05-28","28.945","50.835","20.7","BUSHEHR, IR",,,,,,,"  337","H,,S"
"IRM00040858","2004-05-29","28.945","50.835","20.7","BUSHEHR, IR",,,,,,,"  297","H,,S"
"IRM00040858","2004-05-30","28.945","50.835","20.7","BUSHEHR, IR",,,,,,,"  289","H,,S"
"IRM00040858","2004-05-31","28.945","50.835","20.7","BUSHEHR, IR",,,,,,,"  296","H,,S"
"IRM00040858","2004-06-01","28.945","50.835","20.7","BUSHEHR, IR",,,,,,,"  296","H,,S"
"IRM00040858","2004-06-02","28.945","50.835","20.7","BUSHEHR, IR",,,,,,,"  293","H,,S"
"IRM00040858","2004-06-03","28.945","50.835","20.7","BUSHEHR, IR",,,,,,,"  305","H,,S"
"IRM00040858","2004-06-04","28.945","50.835","20.7","BUSHEHR, IR",,,,,,,"  299","H,,S"
"IRM00040858","2004-06-05","28.945","50.835","20.7","BUSHEHR, IR",,,,,,,"  303","H,,S"
"IRM00040858","2004-06-06","28.945","50.835","20.7","BUSHEHR, IR",,,,,,,"  288","H,,S"
"IRM00040858","2004-06-07","28.945","50.835","20.7","BUSHEHR, IR",,,,,,,"  293","H,,S"
"IRM00040858","2004-06-08","28.945","50.835","20.7","BUSHEHR, IR",,,,,,,"  302","H,,S"
"IRM00040858","2004-06-09","28.945","50.835","20.7","BUSHEHR, IR",,,,,,,"  303","H,,S"
"IRM00040858","2004-06-10","28.945","50.835","20.7","BUSHEHR, IR",,,,,,,"  297","H,,S"
"IRM00040858","2004-06-11","28.945","50.835","20.7","BUSHEHR, IR",,,,,,,"  321","H,,S"
"IRM00040858","2004-06-12","28.945","50.835","20.7","BUSHEHR, IR",,,,,,,"  333","H,,S"
"IRM00040858","2004-06-13","28.945","50.835","20.7","BUSHEHR, IR",,,,,,,"  292","H,,S"
"IRM00040858","2004-06-14","28.945","50.835","20.7","BUSHEHR, IR",,,,,,,"  287","H,,S"
"IRM00040858","2004-06-15","28.945","50.835","20.7","BUSHEHR, IR",,,,,,,"  304","H,,S"
"IRM00040858","2004-06-16","28.945","50.835","20.7","BUSHEHR, IR",,,,,,,"  291","H,,S"
"IRM00040858","2004-06-17","28.945","50.835","20.7","BUSHEHR, IR",,,,,,,"  305","H,,S"
"IRM00040858","2004-08-24","28.945","50.835","20.7","BUSHEHR, IR",,,,,,,"  332","H,,S"
"IRM00040858","2004-08-25","28.945","50.835","20.7","BUSHEHR, IR",,,,,,,"  327","H,,S"
"IRM00040858","2004-08-26","28.945","50.835","20.7","BUSHEHR, IR",,,,,,,"  322","H,,S"
"IRM00040858","2004-08-27","28.945","50.835","20.7","BUSHEHR, IR",,,,,,,"  327","H,,S"
"IRM00040858","2004-08-28","28.945","50.835","20.7","BUSHEHR, IR",,,,,,,"  315","H,,S"
"IRM00040858","2004-08-29","28.945","50.835","20.7","BUSHEHR, IR",,,,,,,"  322","H,,S"
"IRM00040858","2004-08-30","28.945","50.835","20.7","BUSHEHR, IR",,,,,,,"  329","H,,S"
"IRM00040858","2004-09-01","28.945","50.835","20.7","BUSHEHR, IR",,,,,,,"  324","H,,S"
"IRM00040858","2004-09-02","28.945","50.835","20.7","BUSHEHR, IR",,,,,,,"  328","H,,S"
"IRM00040858","2004-09-03","28.945","50.835","20.7","BUSHEHR, IR",,,,,,,"  327","H,,S"
"IRM00040858","2004-09-04","28.945","50.835","20.7","BUSHEHR, IR",,,,,,,"  321","H,,S"
"IRM00040858","2004-09-05","28.945","50.835","20.7","BUSHEHR, IR",,,,,,,"  326","H,,S"
"IRM00040858","2004-09-06","28.945","50.835","20.7","BUSHEHR, IR",,,,,,,"  338","H,,S"
"IRM00040858","2004-09-07","28.945","50.835","20.7","BUSHEHR, IR",,,,,,,"  334","H,,S"
"IRM00040858","2004-09-08","28.945","50.835","20.7","BUSHEHR, IR",,,,,,,"  334","H,,S"
"IRM00040858","2004-09-13","28.945","50.835","20.7","BUSHEHR, IR",,,,,,,"  322","H,,S"
"IRM00040858","2004-09-14","28.945","50.835","20.7","BUSHEHR, IR",,,,,,,"  310","H,,S"
"IRM00040858","2004-09-18","28.945","50.835","20.7","BUSHEHR, IR",,,,,,,"  318","H,,S"
"IRM00040858","2004-09-21","28.945","50.835","20.7","BUSHEHR, IR",,,,,,,"  299","H,,S"
"IRM00040858","2004-09-22","28.945","50.835","20.7","BUSHEHR, IR",,,,,,,"  308","H,,S"
"IRM00040858","2004-09-25","28.945","50.835","20.7","BUSHEHR, IR",,,,,,,"  298","H,,S"
"IRM00040858","2004-09-26","28.945","50.835","20.7","BUSHEHR, IR",,,,,,,"  277","H,,S"
"IRM00040858","2004-10-03","28.945","50.835","20.7","BUSHEHR, IR",,,,,,,"  300","H,,S"
"IRM00040858","2004-10-04","28.945","50.835","20.7","BUSHEHR, IR",,,,,,,"  262","H,,S"
"IRM00040858","2004-10-21","28.945","50.835","20.7","BUSHEHR, IR",,,,,,,"  273","H,,S"
"IRM00040858","2004-10-24","28.945","50.835","20.7","BUSHEHR, IR",,,,,,,"  285","H,,S"
"IRM00040858","2004-10-26","28.945","50.835","20.7","BUSHEHR, IR",,,,,,,"  270","H,,S"
"IRM00040858","2004-10-27","28.945","50.835","20.7","BUSHEHR, IR",,,,,,,"  262","H,,S"
"IRM00040858","2004-10-28","28.945","50.835","20.7","BUSHEHR, IR",,,,,,,"  256","H,,S"
"IRM00040858","2004-10-29","28.945","50.835","20.7","BUSHEHR, IR",,,,,,,"  268","H,,S"
"IRM00040858","2004-11-06","28.945","50.835","20.7","BUSHEHR, IR",,,,,,,"  228","H,,S"
"IRM00040858","2004-11-07","28.945","50.835","20.7","BUSHEHR, IR",,,,,,,"  227","H,,S"
"IRM00040858","2004-11-23","28.945","50.835","20.7","BUSHEHR, IR",,,,,,,"  206","H,,S"
"IRM00040858","2004-11-27","28.945","50.835","20.7","BUSHEHR, IR",,,,,,,"  203","H,,S"
"IRM00040858","2004-11-29","28.945","50.835","20.7","BUSHEHR, IR",,,,,,,"  166","H,,S"
"IRM00040858","2004-12-02","28.945","50.835","20.7","BUSHEHR, IR",,,,,,,"  157","H,,S"
"IRM00040858","2004-12-03","28.945","50.835","20.7","BUSHEHR, IR",,,,,,,"  153","H,,S"
"IRM00040858","2004-12-04","28.945","50.835","20.7","BUSHEHR, IR",,,,,,,"  151","H,,S"
"IRM00040858","2004-12-05","28.945","50.835","20.7","BUSHEHR, IR",,,,,,,"  181","H,,S"
"IRM00040858","2004-12-06","28.945","50.835","20.7","BUSHEHR, IR",,,,,,,"  177","H,,S"
"IRM00040858","2004-12-07","28.945","50.835","20.7","BUSHEHR, IR",,,,,,,"  160","H,,S"
"IRM00040858","2004-12-08","28.945","50.835","20.7","BUSHEHR, IR",,,,,,,"  173","H,,S"
"IRM00040858","2004-12-09","28.945","50.835","20.7","BUSHEHR, IR",,,,,,,"  173","H,,S"
"IRM00040858","2004-12-12","28.945","50.835","20.7","BUSHEHR, IR",,,,,,,"  199","H,,S"
"IRM00040858","2004-12-13","28.945","50.835","20.7","BUSHEHR, IR",,,,,,,"  178","H,,S"
"IRM00040858","2004-12-14","28.945","50.835","20.7","BUSHEHR, IR",,,,,,,"  168","H,,S"
"IRM00040858","2004-12-15","28.945","50.835","20.7","BUSHEHR, IR",,,,,,,"  167","H,,S"
"IRM00040858","2004-12-17","28.945","50.835","20.7","BUSHEHR, IR",,,,,,,"  132","H,,S"
"IRM00040858","2004-12-19","28.945","50.835","20.7","BUSHEHR, IR",,,,,,,"  132","H,,S"
"IRM00040858","2004-12-20","28.945","50.835","20.7","BUSHEHR, IR",,,,,,,"  139","H,,S"
"IRM00040858","2004-12-21","28.945","50.835","20.7","BUSHEHR, IR",,,,,,,"  144","H,,S"
"IRM00040858","2004-12-22","28.945","50.835","20.7","BUSHEHR, IR",,,,,,,"  140","H,,S"
"IRM00040858","2004-12-23","28.945","50.835","20.7","BUSHEHR, IR",,,,,,,"  130","H,,S"
"IRM00040858","2004-12-24","28.945","50.835","20.7","BUSHEHR, IR",,,,,,,"  146","H,,S"
"IRM00040858","2004-12-25","28.945","50.835","20.7","BUSHEHR, IR",,,,,,,"  161","H,,S"
"IRM00040858","2004-12-26","28.945","50.835","20.7","BUSHEHR, IR",,,,,,,"  150","H,,S"
"IRM00040858","2004-12-27","28.945","50.835","20.7","BUSHEHR, IR",,,,,,,"  137","H,,S"
"IRM00040858","2004-12-28","28.945","50.835","20.7","BUSHEHR, IR",,,,,,,"  132","H,,S"
"IRM00040858","2004-12-29","28.945","50.835","20.7","BUSHEHR, IR",,,,,,,"  143","H,,S"
"IRM00040858","2004-12-30","28.945","50.835","20.7","BUSHEHR, IR",,,,,,,"  132","H,,S"
"IRM00040858","2004-12-31","28.945","50.835","20.7","BUSHEHR, IR",,,,,,,"  139","H,,S"
"IRM00040858","2005-01-01","28.945","50.835","20.7","BUSHEHR, IR",,,,,,,"  139","H,,S"
"IRM00040858","2005-01-02","28.945","50.835","20.7","BUSHEHR, IR",,,,,,,"  142","H,,S"
"IRM00040858","2005-01-03","28.945","50.835","20.7","BUSHEHR, IR",,,,,,,"  182","H,,S"
"IRM00040858","2005-01-08","28.945","50.835","20.7","BUSHEHR, IR",,,,,,,"  136","H,,S"
"IRM00040858","2005-01-09","28.945","50.835","20.7","BUSHEHR, IR",,,,,,,"  153","H,,S"
"IRM00040858","2005-01-10","28.945","50.835","20.7","BUSHEHR, IR",,,,,,,"  149","H,,S"
"IRM00040858","2005-01-11","28.945","50.835","20.7","BUSHEHR, IR",,,,,,,"  124","H,,S"
"IRM00040858","2005-01-12","28.945","50.835","20.7","BUSHEHR, IR",,,,,,,"  133","H,,S"
"IRM00040858","2005-01-13","28.945","50.835","20.7","BUSHEHR, IR",,,,,,,"  105","H,,S"
"IRM00040858","2005-01-14","28.945","50.835","20.7","BUSHEHR, IR",,,,,,,"  115","H,,S"
"IRM00040858","2005-01-15","28.945","50.835","20.7","BUSHEHR, IR",,,,,,,"  129","H,,S"
"IRM00040858","2005-01-16","28.945","50.835","20.7","BUSHEHR, IR",,,,,,,"  112","H,,S"
"IRM00040858","2005-01-23","28.945","50.835","20.7","BUSHEHR, IR",,,,,,,"  140","H,,S"
"IRM00040858","2005-01-24","28.945","50.835","20.7","BUSHEHR, IR",,,,,,,"  133","H,,S"
"IRM00040858","2005-01-25","28.945","50.835","20.7","BUSHEHR, IR",,,,,,,"  139","H,,S"
"IRM00040858","2005-01-26","28.945","50.835","20.7","BUSHEHR, IR",,,,,,,"  129","H,,S"
"IRM00040858","2005-01-27","28.945","50.835","20.7","BUSHEHR, IR",,,,,,,"  132","H,,S"
"IRM00040858","2005-01-28","28.945","50.835","20.7","BUSHEHR, IR",,,,,,,"  136","H,,S"
"IRM00040858","2005-01-29","28.945","50.835","20.7","BUSHEHR, IR",,,,,,,"  134","H,,S"
"IRM00040858","2005-01-30","28.945","50.835","20.7","BUSHEHR, IR",,,,,,,"  139","H,,S"
"IRM00040858","2005-01-31","28.945","50.835","20.7","BUSHEHR, IR",,,,,,,"  152","H,,S"
"IRM00040858","2005-02-01","28.945","50.835","20.7","BUSHEHR, IR",,,,,,,"  166","H,,S"
"IRM00040858","2005-02-02","28.945","50.835","20.7","BUSHEHR, IR",,,,,,,"  197","H,,S"
"IRM00040858","2005-02-03","28.945","50.835","20.7","BUSHEHR, IR",,,,,,,"  168","H,,S"
"IRM00040858","2005-02-04","28.945","50.835","20.7","BUSHEHR, IR",,,,,,,"  167","H,,S"
"IRM00040858","2005-02-05","28.945","50.835","20.7","BUSHEHR, IR",,,,,,,"  160","H,,S"
"IRM00040858","2005-02-06","28.945","50.835","20.7","BUSHEHR, IR",,,,,,,"  128","H,,S"
"IRM00040858","2005-02-08","28.945","50.835","20.7","BUSHEHR, IR",,,,,,,"  143","H,,S"
"IRM00040858","2005-02-09","28.945","50.835","20.7","BUSHEHR, IR",,,,,,,"  137","H,,S"
"IRM00040858","2005-02-10","28.945","50.835","20.7","BUSHEHR, IR",,,,,,,"  116","H,,S"
"IRM00040858","2005-02-11","28.945","50.835","20.7","BUSHEHR, IR",,,,,,,"  113","H,,S"
"IRM00040858","2005-02-12","28.945","50.835","20.7","BUSHEHR, IR",,,,,,,"  131","H,,S"
"IRM00040858","2005-02-13","28.945","50.835","20.7","BUSHEHR, IR",,,,,,,"  140","H,,S"
"IRM00040858","2005-02-14","28.945","50.835","20.7","BUSHEHR, IR",,,,,,,"  144","H,,S"
"IRM00040858","2005-02-15","28.945","50.835","20.7","BUSHEHR, IR",,,,,,,"  123","H,,S"
"IRM00040858","2005-02-16","28.945","50.835","20.7","BUSHEHR, IR",,,,,,,"  139","H,,S"
"IRM00040858","2005-02-17","28.945","50.835","20.7","BUSHEHR, IR",,,,,,,"  116","H,,S"
"IRM00040858","2005-02-19","28.945","50.835","20.7","BUSHEHR, IR",,,,,,,"  160","H,,S"
"IRM00040858","2005-02-20","28.945","50.835","20.7","BUSHEHR, IR",,,,,,,"  177","H,,S"
"IRM00040858","2005-02-21","28.945","50.835","20.7","BUSHEHR, IR",,,,,,,"  192","H,,S"
"IRM00040858","2005-02-22","28.945","50.835","20.7","BUSHEHR, IR",,,,,,,"  174","H,,S"
"IRM00040858","2005-02-23","28.945","50.835","20.7","BUSHEHR, IR",,,,,,,"  167","H,,S"
"IRM00040858","2005-02-24","28.945","50.835","20.7","BUSHEHR, IR",,,,,,,"  169","H,,S"
"IRM00040858","2005-02-25","28.945","50.835","20.7","BUSHEHR, IR",,,,,,,"  165","H,,S"
"IRM00040858","2005-02-26","28.945","50.835","20.7","BUSHEHR, IR",,,,,,,"  183","H,,S"
"IRM00040858","2005-02-27","28.945","50.835","20.7","BUSHEHR, IR",,,,,,,"  170","H,,S"
"IRM00040858","2005-02-28","28.945","50.835","20.7","BUSHEHR, IR",,,,,,,"  180","H,,S"
"IRM00040858","2005-03-01","28.945","50.835","20.7","BUSHEHR, IR",,,,,,,"  176","H,,S"
"IRM00040858","2005-03-05","28.945","50.835","20.7","BUSHEHR, IR",,,,,,,"  183","H,,S"
"IRM00040858","2005-03-06","28.945","50.835","20.7","BUSHEHR, IR",,,,,,,"  174","H,,S"
"IRM00040858","2005-03-07","28.945","50.835","20.7","BUSHEHR, IR",,,,,,,"  179","H,,S"
"IRM00040858","2005-03-08","28.945","50.835","20.7","BUSHEHR, IR",,,,,,,"  203","H,,S"
"IRM00040858","2005-03-09","28.945","50.835","20.7","BUSHEHR, IR",,,,,,,"  233","H,,S"
"IRM00040858","2005-03-10","28.945","50.835","20.7","BUSHEHR, IR",,,,,,,"  259","H,,S"
"IRM00040858","2005-03-11","28.945","50.835","20.7","BUSHEHR, IR",,,,,,,"  236","H,,S"
"IRM00040858","2005-03-12","28.945","50.835","20.7","BUSHEHR, IR",,,,,,,"  212","H,,S"
"IRM00040858","2005-03-13","28.945","50.835","20.7","BUSHEHR, IR",,,,,,,"  195","H,,S"
"IRM00040858","2005-03-14","28.945","50.835","20.7","BUSHEHR, IR",,,,,,,"  175","H,,S"
"IRM00040858","2005-03-15","28.945","50.835","20.7","BUSHEHR, IR",,,,,,,"  183","H,,S"
"IRM00040858","2005-03-16","28.945","50.835","20.7","BUSHEHR, IR",,,,,,,"  188","H,,S"
"IRM00040858","2005-03-17","28.945","50.835","20.7","BUSHEHR, IR",,,,,,,"  197","H,,S"
"IRM00040858","2005-03-18","28.945","50.835","20.7","BUSHEHR, IR",,,,,,,"  196","H,,S"
"IRM00040858","2005-03-19","28.945","50.835","20.7","BUSHEHR, IR",,,,,,,"  187","H,,S"
"IRM00040858","2005-03-20","28.945","50.835","20.7","BUSHEHR, IR",,,,,,,"  184","H,,S"
"IRM00040858","2005-03-21","28.945","50.835","20.7","BUSHEHR, IR",,,,,,,"  189","H,,S"
"IRM00040858","2005-03-22","28.945","50.835","20.7","BUSHEHR, IR",,,,,,,"  192","H,,S"
"IRM00040858","2005-03-23","28.945","50.835","20.7","BUSHEHR, IR",,,,,,,"  209","H,,S"
"IRM00040858","2005-03-24","28.945","50.835","20.7","BUSHEHR, IR",,,,,,,"  208","H,,S"
"IRM00040858","2005-03-25","28.945","50.835","20.7","BUSHEHR, IR",,,,,,,"  184","H,,S"
"IRM00040858","2005-03-26","28.945","50.835","20.7","BUSHEHR, IR",,,,,,,"  173","H,,S"
"IRM00040858","2005-03-27","28.945","50.835","20.7","BUSHEHR, IR",,,,,,,"  178","H,,S"
"IRM00040858","2005-03-28","28.945","50.835","20.7","BUSHEHR, IR",,,,,,,"  174","H,,S"
"IRM00040858","2005-03-29","28.945","50.835","20.7","BUSHEHR, IR",,,,,,,"  190","H,,S"
"IRM00040858","2005-03-30","28.945","50.835","20.7","BUSHEHR, IR",,,,,,,"  195","H,,S"
"IRM00040858","2005-03-31","28.945","50.835","20.7","BUSHEHR, IR",,,,,,,"  237","H,,S"
"IRM00040858","2005-04-01","28.945","50.835","20.7","BUSHEHR, IR",,,,,,,"  264","H,,S"
"IRM00040858","2005-04-02","28.945","50.835","20.7","BUSHEHR, IR",,,,,,,"  292","H,,S"
"IRM00040858","2005-04-03","28.945","50.835","20.7","BUSHEHR, IR",,,,,,,"  284","H,,S"
"IRM00040858","2005-04-04","28.945","50.835","20.7","BUSHEHR, IR",,,,,,,"  227","H,,S"
"IRM00040858","2005-04-05","28.945","50.835","20.7","BUSHEHR, IR",,,,,,,"  207","H,,S"
"IRM00040858","2005-04-06","28.945","50.835","20.7","BUSHEHR, IR",,,,,,,"  197","H,,S"
"IRM00040858","2005-04-07","28.945","50.835","20.7","BUSHEHR, IR",,,,,,,"  207","H,,S"
"IRM00040858","2005-04-08","28.945","50.835","20.7","BUSHEHR, IR",,,,,,,"  198","H,,S"
"IRM00040858","2005-04-09","28.945","50.835","20.7","BUSHEHR, IR",,,,,,,"  218","H,,S"
"IRM00040858","2005-04-10","28.945","50.835","20.7","BUSHEHR, IR",,,,,,,"  256","H,,S"
"IRM00040858","2005-04-11","28.945","50.835","20.7","BUSHEHR, IR",,,,,,,"  238","H,,S"
"IRM00040858","2005-04-12","28.945","50.835","20.7","BUSHEHR, IR",,,,,,,"  226","H,,S"
"IRM00040858","2005-04-13","28.945","50.835","20.7","BUSHEHR, IR",,,,,,,"  227","H,,S"
"IRM00040858","2005-04-14","28.945","50.835","20.7","BUSHEHR, IR",,,,,,,"  246","H,,S"
"IRM00040858","2005-04-15","28.945","50.835","20.7","BUSHEHR, IR",,,,,,,"  284","H,,S"
"IRM00040858","2005-04-16","28.945","50.835","20.7","BUSHEHR, IR",,,,,,,"  288","H,,S"
"IRM00040858","2005-04-17","28.945","50.835","20.7","BUSHEHR, IR",,,,,,,"  258","H,,S"
"IRM00040858","2005-04-18","28.945","50.835","20.7","BUSHEHR, IR",,,,,,,"  237","H,,S"
"IRM00040858","2005-04-19","28.945","50.835","20.7","BUSHEHR, IR",,,,,,,"  232","H,,S"
"IRM00040858","2005-04-20","28.945","50.835","20.7","BUSHEHR, IR",,,,,,,"  223","H,,S"
"IRM00040858","2005-04-21","28.945","50.835","20.7","BUSHEHR, IR",,,,,,,"  248","H,,S"
"IRM00040858","2005-04-22","28.945","50.835","20.7","BUSHEHR, IR",,,,,,,"  246","H,,S"
"IRM00040858","2005-04-23","28.945","50.835","20.7","BUSHEHR, IR",,,,,,,"  260","H,,S"
"IRM00040858","2005-04-24","28.945","50.835","20.7","BUSHEHR, IR",,,,,,,"  273","H,,S"
"IRM00040858","2005-04-25","28.945","50.835","20.7","BUSHEHR, IR",,,,,,,"  284","H,,S"
"IRM00040858","2005-04-26","28.945","50.835","20.7","BUSHEHR, IR",,,,,,,"  264","H,,S"
"IRM00040858","2005-04-27","28.945","50.835","20.7","BUSHEHR, IR",,,,,,,"  258","H,,S"
"IRM00040858","2005-04-28","28.945","50.835","20.7","BUSHEHR, IR",,,,,,,"  254","H,,S"
"IRM00040858","2005-04-29","28.945","50.835","20.7","BUSHEHR, IR",,,,,,,"  253","H,,S"
"IRM00040858","2005-04-30","28.945","50.835","20.7","BUSHEHR, IR",,,,,,,"  254","H,,S"
"IRM00040858","2005-05-01","28.945","50.835","20.7","BUSHEHR, IR",,,,,,,"  252","H,,S"
"IRM00040858","2005-05-02","28.945","50.835","20.7","BUSHEHR, IR",,,,,,,"  261","H,,S"
"IRM00040858","2005-05-03","28.945","50.835","20.7","BUSHEHR, IR",,,,,,,"  289","H,,S"
"IRM00040858","2005-05-04","28.945","50.835","20.7","BUSHEHR, IR",,,,,,,"  261","H,,S"
"IRM00040858","2005-05-05","28.945","50.835","20.7","BUSHEHR, IR",,,,,,,"  262","H,,S"
"IRM00040858","2005-05-06","28.945","50.835","20.7","BUSHEHR, IR",,,,,,,"  238","H,,S"
"IRM00040858","2005-05-07","28.945","50.835","20.7","BUSHEHR, IR",,,,,,,"  234","H,,S"
"IRM00040858","2005-05-08","28.945","50.835","20.7","BUSHEHR, IR",,,,,,,"  237","H,,S"
"IRM00040858","2005-05-09","28.945","50.835","20.7","BUSHEHR, IR",,,,,,,"  249","H,,S"
"IRM00040858","2005-05-10","28.945","50.835","20.7","BUSHEHR, IR",,,,,,,"  267","H,,S"
"IRM00040858","2005-05-11","28.945","50.835","20.7","BUSHEHR, IR",,,,,,,"  276","H,,S"
"IRM00040858","2005-05-12","28.945","50.835","20.7","BUSHEHR, IR",,,,,,,"  279","H,,S"
"IRM00040858","2005-05-13","28.945","50.835","20.7","BUSHEHR, IR",,,,,,,"  285","H,,S"
"IRM00040858","2005-05-14","28.945","50.835","20.7","BUSHEHR, IR",,,,,,,"  288","H,,S"
"IRM00040858","2005-05-15","28.945","50.835","20.7","BUSHEHR, IR",,,,,,,"  318","H,,S"
"IRM00040858","2005-05-16","28.945","50.835","20.7","BUSHEHR, IR",,,,,,,"  309","H,,S"
"IRM00040858","2005-05-17","28.945","50.835","20.7","BUSHEHR, IR",,,,,,,"  296","H,,S"
"IRM00040858","2005-05-18","28.945","50.835","20.7","BUSHEHR, IR",,,,,,,"  304","H,,S"
"IRM00040858","2005-05-19","28.945","50.835","20.7","BUSHEHR, IR",,,,,,,"  318","H,,S"
"IRM00040858","2005-05-20","28.945","50.835","20.7","BUSHEHR, IR",,,,,,,"  302","H,,S"
"IRM00040858","2005-05-21","28.945","50.835","20.7","BUSHEHR, IR",,,,,,,"  301","H,,S"
"IRM00040858","2005-05-22","28.945","50.835","20.7","BUSHEHR, IR",,,,,,,"  294","H,,S"
"IRM00040858","2005-05-23","28.945","50.835","20.7","BUSHEHR, IR",,,,,,,"  276","H,,S"
"IRM00040858","2005-05-24","28.945","50.835","20.7","BUSHEHR, IR",,,,,,,"  318","H,,S"
"IRM00040858","2005-05-25","28.945","50.835","20.7","BUSHEHR, IR",,,,,,,"  326","H,,S"
"IRM00040858","2005-05-26","28.945","50.835","20.7","BUSHEHR, IR",,,,,,,"  313","H,,S"
"IRM00040858","2005-05-27","28.945","50.835","20.7","BUSHEHR, IR",,,,,,,"  309","H,,S"
"IRM00040858","2005-05-28","28.945","50.835","20.7","BUSHEHR, IR",,,,,,,"  307","H,,S"
"IRM00040858","2005-05-29","28.945","50.835","20.7","BUSHEHR, IR",,,,,,,"  313","H,,S"
"IRM00040858","2005-05-30","28.945","50.835","20.7","BUSHEHR, IR",,,,,,,"  319","H,,S"
"IRM00040858","2005-06-14","28.945","50.835","20.7","BUSHEHR, IR",,,,,,,"  323","H,,S"
"IRM00040858","2005-06-26","28.945","50.835","20.7","BUSHEHR, IR",,,,,,,"  332","H,,S"
"IRM00040858","2005-06-27","28.945","50.835","20.7","BUSHEHR, IR",,,,,,,"  327","H,,S"
"IRM00040858","2005-06-28","28.945","50.835","20.7","BUSHEHR, IR",,,,,,,"  312","H,,S"
"IRM00040858","2005-06-29","28.945","50.835","20.7","BUSHEHR, IR",,,,,,,"  313","H,,S"
"IRM00040858","2005-06-30","28.945","50.835","20.7","BUSHEHR, IR",,,,,,,"  322","H,,S"
"IRM00040858","2005-07-01","28.945","50.835","20.7","BUSHEHR, IR",,,,,,,"  317","H,,S"
"IRM00040858","2005-07-02","28.945","50.835","20.7","BUSHEHR, IR",,,,,,,"  309","H,,S"
"IRM00040858","2005-07-03","28.945","50.835","20.7","BUSHEHR, IR",,,,,,,"  306","H,,S"
"IRM00040858","2005-07-04","28.945","50.835","20.7","BUSHEHR, IR",,,,,,,"  319","H,,S"
"IRM00040858","2005-07-05","28.945","50.835","20.7","BUSHEHR, IR",,,,,,,"  320","H,,S"
"IRM00040858","2005-07-06","28.945","50.835","20.7","BUSHEHR, IR",,,,,,,"  319","H,,S"
"IRM00040858","2005-07-07","28.945","50.835","20.7","BUSHEHR, IR",,,,,,,"  308","H,,S"
"IRM00040858","2005-07-08","28.945","50.835","20.7","BUSHEHR, IR",,,,,,,"  309","H,,S"
"IRM00040858","2005-07-09","28.945","50.835","20.7","BUSHEHR, IR",,,,,,,"  316","H,,S"
"IRM00040858","2005-07-10","28.945","50.835","20.7","BUSHEHR, IR",,,,,,,"  317","H,,S"
"IRM00040858","2005-07-11","28.945","50.835","20.7","BUSHEHR, IR",,,,,,,"  334","H,,S"
"IRM00040858","2005-07-12","28.945","50.835","20.7","BUSHEHR, IR",,,,,,,"  337","H,,S"
"IRM00040858","2005-07-13","28.945","50.835","20.7","BUSHEHR, IR",,,,,,,"  328","H,,S"
"IRM00040858","2005-07-14","28.945","50.835","20.7","BUSHEHR, IR",,,,,,,"  339","H,,S"
"IRM00040858","2005-07-15","28.945","50.835","20.7","BUSHEHR, IR",,,,,,,"  331","H,,S"
"IRM00040858","2005-07-16","28.945","50.835","20.7","BUSHEHR, IR",,,,,,,"  325","H,,S"
"IRM00040858","2005-07-17","28.945","50.835","20.7","BUSHEHR, IR",,,,,,,"  326","H,,S"
"IRM00040858","2005-07-18","28.945","50.835","20.7","BUSHEHR, IR",,,,,,,"  339","H,,S"
"IRM00040858","2005-07-19","28.945","50.835","20.7","BUSHEHR, IR",,,,,,,"  342","H,,S"
"IRM00040858","2005-07-20","28.945","50.835","20.7","BUSHEHR, IR",,,,,,,"  350","H,,S"
"IRM00040858","2005-07-21","28.945","50.835","20.7","BUSHEHR, IR",,,,,,,"  339","H,,S"
"IRM00040858","2005-07-22","28.945","50.835","20.7","BUSHEHR, IR",,,,,,,"  346","H,,S"
"IRM00040858","2005-07-23","28.945","50.835","20.7","BUSHEHR, IR",,,,,,,"  349","H,,S"
"IRM00040858","2005-07-24","28.945","50.835","20.7","BUSHEHR, IR",,,,,,,"  342","H,,S"
"IRM00040858","2005-07-25","28.945","50.835","20.7","BUSHEHR, IR",,,,,,,"  344","H,,S"
"IRM00040858","2005-07-26","28.945","50.835","20.7","BUSHEHR, IR",,,,,,,"  347","H,,S"
"IRM00040858","2005-07-27","28.945","50.835","20.7","BUSHEHR, IR",,,,,,,"  341","H,,S"
"IRM00040858","2005-07-28","28.945","50.835","20.7","BUSHEHR, IR",,,,,,,"  345","H,,S"
"IRM00040858","2005-07-29","28.945","50.835","20.7","BUSHEHR, IR",,,,,,,"  340","H,,S"
"IRM00040858","2005-07-30","28.945","50.835","20.7","BUSHEHR, IR",,,,,,,"  354","H,,S"
"IRM00040858","2005-07-31","28.945","50.835","20.7","BUSHEHR, IR",,,,,,,"  349","H,,S"
"IRM00040858","2005-08-01","28.945","50.835","20.7","BUSHEHR, IR",,,,,,,"  354","H,,S"
"IRM00040858","2005-08-02","28.945","50.835","20.7","BUSHEHR, IR",,,,,,,"  349","H,,S"
"IRM00040858","2005-08-03","28.945","50.835","20.7","BUSHEHR, IR",,,,,,,"  346","H,,S"
"IRM00040858","2005-08-04","28.945","50.835","20.7","BUSHEHR, IR",,,,,,,"  351","H,,S"
"IRM00040858","2005-08-05","28.945","50.835","20.7","BUSHEHR, IR",,,,,,,"  341","H,,S"
"IRM00040858","2005-08-06","28.945","50.835","20.7","BUSHEHR, IR",,,,,,,"  344","H,,S"
"IRM00040858","2005-08-07","28.945","50.835","20.7","BUSHEHR, IR",,,,,,,"  338","H,,S"
"IRM00040858","2005-08-08","28.945","50.835","20.7","BUSHEHR, IR",,,,,,,"  327","H,,S"
"IRM00040858","2005-08-09","28.945","50.835","20.7","BUSHEHR, IR",,,,,,,"  316","H,,S"
"IRM00040858","2005-08-10","28.945","50.835","20.7","BUSHEHR, IR",,,,,,,"  320","H,,S"
"IRM00040858","2005-08-11","28.945","50.835","20.7","BUSHEHR, IR",,,,,,,"  323","H,,S"
"IRM00040858","2005-08-12","28.945","50.835","20.7","BUSHEHR, IR",,,,,,,"  339","H,,S"
"IRM00040858","2005-08-13","28.945","50.835","20.7","BUSHEHR, IR",,,,,,,"  325","H,,S"
"IRM00040858","2005-08-14","28.945","50.835","20.7","BUSHEHR, IR",,,,,,,"  328","H,,S"
"IRM00040858","2005-08-15","28.945","50.835","20.7","BUSHEHR, IR",,,,,,,"  340","H,,S"
"IRM00040858","2005-08-16","28.945","50.835","20.7","BUSHEHR, IR",,,,,,,"  360","H,,S"
"IRM00040858","2005-08-17","28.945","50.835","20.7","BUSHEHR, IR",,,,,,,"  357","H,,S"
"IRM00040858","2005-08-18","28.945","50.835","20.7","BUSHEHR, IR",,,,,,,"  339","H,,S"
"IRM00040858","2005-08-19","28.945","50.835","20.7","BUSHEHR, IR",,,,,,,"  338","H,,S"
"IRM00040858","2005-08-20","28.945","50.835","20.7","BUSHEHR, IR",,,,,,,"  332","H,,S"
"IRM00040858","2005-08-21","28.945","50.835","20.7","BUSHEHR, IR",,,,,,,"  326","H,,S"
"IRM00040858","2005-08-22","28.945","50.835","20.7","BUSHEHR, IR",,,,,,,"  331","H,,S"
"IRM00040858","2005-08-23","28.945","50.835","20.7","BUSHEHR, IR",,,,,,,"  329","H,,S"
"IRM00040858","2005-08-24","28.945","50.835","20.7","BUSHEHR, IR",,,,,,,"  327","H,,S"
"IRM00040858","2005-08-25","28.945","50.835","20.7","BUSHEHR, IR",,,,,,,"  327","H,,S"
"IRM00040858","2005-08-26","28.945","50.835","20.7","BUSHEHR, IR",,,,,,,"  329","H,,S"
"IRM00040858","2005-08-27","28.945","50.835","20.7","BUSHEHR, IR",,,,,,,"  331","H,,S"
"IRM00040858","2005-08-28","28.945","50.835","20.7","BUSHEHR, IR",,,,,,,"  326","H,,S"
"IRM00040858","2005-08-29","28.945","50.835","20.7","BUSHEHR, IR",,,,,,,"  337","H,,S"
"IRM00040858","2005-08-30","28.945","50.835","20.7","BUSHEHR, IR",,,,,,,"  333","H,,S"
"IRM00040858","2005-08-31","28.945","50.835","20.7","BUSHEHR, IR",,,,,,,"  328","H,,S"
"IRM00040858","2005-09-01","28.945","50.835","20.7","BUSHEHR, IR",,,,,,,"  326","H,,S"
"IRM00040858","2005-09-02","28.945","50.835","20.7","BUSHEHR, IR",,,,,,,"  328","H,,S"
"IRM00040858","2005-09-03","28.945","50.835","20.7","BUSHEHR, IR",,,,,,,"  326","H,,S"
"IRM00040858","2005-09-04","28.945","50.835","20.7","BUSHEHR, IR",,,,,,,"  345","H,,S"
"IRM00040858","2005-09-05","28.945","50.835","20.7","BUSHEHR, IR",,,,,,,"  338","H,,S"
"IRM00040858","2005-09-06","28.945","50.835","20.7","BUSHEHR, IR",,,,,,,"  317","H,,S"
"IRM00040858","2005-09-07","28.945","50.835","20.7","BUSHEHR, IR",,,,,,,"  292","H,,S"
"IRM00040858","2005-09-08","28.945","50.835","20.7","BUSHEHR, IR",,,,,,,"  286","H,,S"
"IRM00040858","2005-09-09","28.945","50.835","20.7","BUSHEHR, IR",,,,,,,"  309","H,,S"
"IRM00040858","2005-09-10","28.945","50.835","20.7","BUSHEHR, IR",,,,,,,"  308","H,,S"
"IRM00040858","2005-09-11","28.945","50.835","20.7","BUSHEHR, IR",,,,,,,"  308","H,,S"
"IRM00040858","2005-09-12","28.945","50.835","20.7","BUSHEHR, IR",,,,,,,"  322","H,,S"
"IRM00040858","2005-09-13","28.945","50.835","20.7","BUSHEHR, IR",,,,,,,"  324","H,,S"
"IRM00040858","2005-09-14","28.945","50.835","20.7","BUSHEHR, IR",,,,,,,"  322","H,,S"
"IRM00040858","2005-09-15","28.945","50.835","20.7","BUSHEHR, IR",,,,,,,"  319","H,,S"
"IRM00040858","2005-09-16","28.945","50.835","20.7","BUSHEHR, IR",,,,,,,"  294","H,,S"
"IRM00040858","2005-09-17","28.945","50.835","20.7","BUSHEHR, IR",,,,,,,"  284","H,,S"
"IRM00040858","2005-09-18","28.945","50.835","20.7","BUSHEHR, IR",,,,,,,"  303","H,,S"
"IRM00040858","2005-09-19","28.945","50.835","20.7","BUSHEHR, IR",,,,,,,"  307","H,,S"
"IRM00040858","2005-09-20","28.945","50.835","20.7","BUSHEHR, IR",,,,,,,"  298","H,,S"
"IRM00040858","2005-09-21","28.945","50.835","20.7","BUSHEHR, IR",,,,,,,"  305","H,,S"
"IRM00040858","2005-09-22","28.945","50.835","20.7","BUSHEHR, IR",,,,,,,"  299","H,,S"
"IRM00040858","2005-09-23","28.945","50.835","20.7","BUSHEHR, IR",,,,,,,"  298","H,,S"
"IRM00040858","2005-09-24","28.945","50.835","20.7","BUSHEHR, IR",,,,,,,"  304","H,,S"
"IRM00040858","2005-09-25","28.945","50.835","20.7","BUSHEHR, IR",,,,,,,"  304","H,,S"
"IRM00040858","2005-09-26","28.945","50.835","20.7","BUSHEHR, IR",,,,,,,"  306","H,,S"
"IRM00040858","2005-09-27","28.945","50.835","20.7","BUSHEHR, IR",,,,,,,"  312","H,,S"
"IRM00040858","2005-09-28","28.945","50.835","20.7","BUSHEHR, IR",,,,,,,"  296","H,,S"
"IRM00040858","2005-09-29","28.945","50.835","20.7","BUSHEHR, IR",,,,,,,"  286","H,,S"
"IRM00040858","2005-09-30","28.945","50.835","20.7","BUSHEHR, IR",,,,,,,"  294","H,,S"
"IRM00040858","2005-10-01","28.945","50.835","20.7","BUSHEHR, IR",,,,,,,"  294","H,,S"
"IRM00040858","2005-10-02","28.945","50.835","20.7","BUSHEHR, IR",,,,,,,"  276","H,,S"
"IRM00040858","2005-10-03","28.945","50.835","20.7","BUSHEHR, IR",,,,,,,"  274","H,,S"
"IRM00040858","2005-10-08","28.945","50.835","20.7","BUSHEHR, IR",,,,,,,"  274","H,,S"
"IRM00040858","2005-10-09","28.945","50.835","20.7","BUSHEHR, IR",,,,,,,"  287","H,,S"
"IRM00040858","2005-10-10","28.945","50.835","20.7","BUSHEHR, IR",,,,,,,"  250","H,,S"
"IRM00040858","2005-10-11","28.945","50.835","20.7","BUSHEHR, IR",,,,,,,"  285","H,,S"
"IRM00040858","2005-10-12","28.945","50.835","20.7","BUSHEHR, IR",,,,,,,"  283","H,,S"
"IRM00040858","2005-10-13","28.945","50.835","20.7","BUSHEHR, IR",,,,,,,"  284","H,,S"
"IRM00040858","2005-10-14","28.945","50.835","20.7","BUSHEHR, IR",,,,,,,"  292","H,,S"
"IRM00040858","2005-10-15","28.945","50.835","20.7","BUSHEHR, IR",,,,,,,"  283","H,,S"
"IRM00040858","2005-10-16","28.945","50.835","20.7","BUSHEHR, IR",,,,,,,"  260","H,,S"
"IRM00040858","2005-10-17","28.945","50.835","20.7","BUSHEHR, IR",,,,,,,"  275","H,,S"
"IRM00040858","2005-10-18","28.945","50.835","20.7","BUSHEHR, IR",,,,,,,"  278","H,,S"
"IRM00040858","2005-10-19","28.945","50.835","20.7","BUSHEHR, IR",,,,,,,"  275","H,,S"
"IRM00040858","2005-10-20","28.945","50.835","20.7","BUSHEHR, IR",,,,,,,"  281","H,,S"
"IRM00040858","2005-10-21","28.945","50.835","20.7","BUSHEHR, IR",,,,,,,"  286","H,,S"
"IRM00040858","2005-10-22","28.945","50.835","20.7","BUSHEHR, IR",,,,,,,"  264","H,,S"
"IRM00040858","2005-10-23","28.945","50.835","20.7","BUSHEHR, IR",,,,,,,"  257","H,,S"
"IRM00040858","2005-10-24","28.945","50.835","20.7","BUSHEHR, IR",,,,,,,"  241","H,,S"
"IRM00040858","2005-10-25","28.945","50.835","20.7","BUSHEHR, IR",,,,,,,"  240","H,,S"
"IRM00040858","2005-10-26","28.945","50.835","20.7","BUSHEHR, IR",,,,,,,"  246","H,,S"
"IRM00040858","2005-10-27","28.945","50.835","20.7","BUSHEHR, IR",,,,,,,"  247","H,,S"
"IRM00040858","2005-10-28","28.945","50.835","20.7","BUSHEHR, IR",,,,,,,"  234","H,,S"
"IRM00040858","2005-10-29","28.945","50.835","20.7","BUSHEHR, IR",,,,,,,"  239","H,,S"
"IRM00040858","2005-10-30","28.945","50.835","20.7","BUSHEHR, IR",,,,,,,"  247","H,,S"
"IRM00040858","2005-11-08","28.945","50.835","20.7","BUSHEHR, IR",,,,,,,"  248","H,,S"
"IRM00040858","2005-11-09","28.945","50.835","20.7","BUSHEHR, IR",,,,,,,"  212","H,,S"
"IRM00040858","2005-11-10","28.945","50.835","20.7","BUSHEHR, IR",,,,,,,"  211","H,,S"
"IRM00040858","2005-11-11","28.945","50.835","20.7","BUSHEHR, IR",,,,,,,"  195","H,,S"
"IRM00040858","2005-11-12","28.945","50.835","20.7","BUSHEHR, IR",,,,,,,"  176","H,,S"
"IRM00040858","2005-11-13","28.945","50.835","20.7","BUSHEHR, IR",,,,,,,"  178","H,,S"
"IRM00040858","2005-11-15","28.945","50.835","20.7","BUSHEHR, IR",,,,,,,"  238","H,,S"
"IRM00040858","2005-11-16","28.945","50.835","20.7","BUSHEHR, IR",,,,,,,"  192","H,,S"
"IRM00040858","2005-11-17","28.945","50.835","20.7","BUSHEHR, IR",,,,,,,"  186","H,,S"
"IRM00040858","2005-11-18","28.945","50.835","20.7","BUSHEHR, IR",,,,,,,"  181","H,,S"
"IRM00040858","2005-11-20","28.945","50.835","20.7","BUSHEHR, IR",,,,,,,"  201","H,,S"
"IRM00040858","2005-11-21","28.945","50.835","20.7","BUSHEHR, IR",,,,,,,"  201","H,,S"
"IRM00040858","2005-11-22","28.945","50.835","20.7","BUSHEHR, IR",,,,,,,"  231","H,,S"
"IRM00040858","2005-11-23","28.945","50.835","20.7","BUSHEHR, IR",,,,,,,"  217","H,,S"
"IRM00040858","2005-11-24","28.945","50.835","20.7","BUSHEHR, IR",,,,,,,"  203","H,,S"
"IRM00040858","2005-11-26","28.945","50.835","20.7","BUSHEHR, IR",,,,,,,"  197","H,,S"
"IRM00040858","2005-11-28","28.945","50.835","20.7","BUSHEHR, IR",,,,,,,"  188","H,,S"
"IRM00040858","2005-11-29","28.945","50.835","20.7","BUSHEHR, IR",,,,,,,"  197","H,,S"
"IRM00040858","2005-11-30","28.945","50.835","20.7","BUSHEHR, IR",,,,,,,"  198","H,,S"
"IRM00040858","2005-12-01","28.945","50.835","20.7","BUSHEHR, IR",,,,,,,"  192","H,,S"
"IRM00040858","2005-12-02","28.945","50.835","20.7","BUSHEHR, IR",,,,,,,"  170","H,,S"
"IRM00040858","2005-12-06","28.945","50.835","20.7","BUSHEHR, IR",,,,,,,"  214","H,,S"
"IRM00040858","2005-12-07","28.945","50.835","20.7","BUSHEHR, IR",,,,,,,"  207","H,,S"
"IRM00040858","2005-12-08","28.945","50.835","20.7","BUSHEHR, IR",,,,,,,"  198","H,,S"
"IRM00040858","2005-12-09","28.945","50.835","20.7","BUSHEHR, IR",,,,,,,"  188","H,,S"
"IRM00040858","2005-12-10","28.945","50.835","20.7","BUSHEHR, IR",,,,,,,"  194","H,,S"
"IRM00040858","2005-12-11","28.945","50.835","20.7","BUSHEHR, IR",,,,,,,"  198","H,,S"
"IRM00040858","2005-12-12","28.945","50.835","20.7","BUSHEHR, IR",,,,,,,"  198","H,,S"
"IRM00040858","2005-12-13","28.945","50.835","20.7","BUSHEHR, IR",,,,,,,"  194","H,,S"
"IRM00040858","2005-12-14","28.945","50.835","20.7","BUSHEHR, IR",,,,,,,"  192","H,,S"
"IRM00040858","2005-12-15","28.945","50.835","20.7","BUSHEHR, IR",,,,,,,"  190","H,,S"
"IRM00040858","2005-12-16","28.945","50.835","20.7","BUSHEHR, IR",,,,,,,"  218","H,,S"
"IRM00040858","2005-12-17","28.945","50.835","20.7","BUSHEHR, IR",,,,,,,"  228","H,,S"
"IRM00040858","2005-12-18","28.945","50.835","20.7","BUSHEHR, IR",,,,,,,"  216","H,,S"
"IRM00040858","2005-12-19","28.945","50.835","20.7","BUSHEHR, IR",,,,,,,"  190","H,,S"
"IRM00040858","2005-12-20","28.945","50.835","20.7","BUSHEHR, IR",,,,,,,"  183","H,,S"
"IRM00040858","2005-12-21","28.945","50.835","20.7","BUSHEHR, IR",,,,,,,"  193","H,,S"
"IRM00040858","2005-12-22","28.945","50.835","20.7","BUSHEHR, IR",,,,,,,"  189","H,,S"
"IRM00040858","2005-12-23","28.945","50.835","20.7","BUSHEHR, IR",,,,,,,"  226","H,,S"
"IRM00040858","2005-12-24","28.945","50.835","20.7","BUSHEHR, IR",,,,,,,"  197","H,,S"
"IRM00040858","2005-12-25","28.945","50.835","20.7","BUSHEHR, IR",,,,,,,"  202","H,,S"
"IRM00040858","2005-12-26","28.945","50.835","20.7","BUSHEHR, IR",,,,,,,"  167","H,,S"
"IRM00040858","2005-12-27","28.945","50.835","20.7","BUSHEHR, IR",,,,,,,"  143","H,,S"
"IRM00040858","2005-12-28","28.945","50.835","20.7","BUSHEHR, IR",,,,,,,"  144","H,,S"
"IRM00040858","2005-12-29","28.945","50.835","20.7","BUSHEHR, IR",,,,,,,"  150","H,,S"
"IRM00040858","2005-12-30","28.945","50.835","20.7","BUSHEHR, IR",,,,,,,"  136","H,,S"
"IRM00040858","2005-12-31","28.945","50.835","20.7","BUSHEHR, IR",,,,,,,"  138","H,,S"
"IRM00040858","2006-01-01","28.945","50.835","20.7","BUSHEHR, IR",,,,,,,"  149","H,,S"
"IRM00040858","2006-01-02","28.945","50.835","20.7","BUSHEHR, IR",,,,,,,"  164","H,,S"
"IRM00040858","2006-01-03","28.945","50.835","20.7","BUSHEHR, IR",,,,,,,"  170","H,,S"
"IRM00040858","2006-01-04","28.945","50.835","20.7","BUSHEHR, IR",,,,,,,"  154","H,,S"
"IRM00040858","2006-01-05","28.945","50.835","20.7","BUSHEHR, IR",,,,,,,"  150","H,,S"
"IRM00040858","2006-01-06","28.945","50.835","20.7","BUSHEHR, IR",,,,,,,"  151","H,,S"
"IRM00040858","2006-01-07","28.945","50.835","20.7","BUSHEHR, IR",,,,,,,"  173","H,,S"
"IRM00040858","2006-01-08","28.945","50.835","20.7","BUSHEHR, IR",,,,,,,"  166","H,,S"
"IRM00040858","2006-01-09","28.945","50.835","20.7","BUSHEHR, IR",,,,,,,"  179","H,,S"
"IRM00040858","2006-01-10","28.945","50.835","20.7","BUSHEHR, IR",,,,,,,"  178","H,,S"
"IRM00040858","2006-01-11","28.945","50.835","20.7","BUSHEHR, IR",,,,,,,"  186","H,,S"
"IRM00040858","2006-01-12","28.945","50.835","20.7","BUSHEHR, IR",,,,,,,"  202","H,,S"
"IRM00040858","2006-01-13","28.945","50.835","20.7","BUSHEHR, IR",,,,,,,"  166","H,,S"
"IRM00040858","2006-01-14","28.945","50.835","20.7","BUSHEHR, IR",,,,,,,"  155","H,,S"
"IRM00040858","2006-01-15","28.945","50.835","20.7","BUSHEHR, IR",,,,,,,"  146","H,,S"
"IRM00040858","2006-01-16","28.945","50.835","20.7","BUSHEHR, IR",,,,,,,"  139","H,,S"
"IRM00040858","2006-01-17","28.945","50.835","20.7","BUSHEHR, IR",,,,,,,"  132","H,,S"
"IRM00040858","2006-01-18","28.945","50.835","20.7","BUSHEHR, IR",,,,,,,"  122","H,,S"
"IRM00040858","2006-01-19","28.945","50.835","20.7","BUSHEHR, IR",,,,,,,"  109","H,,S"
"IRM00040858","2006-01-20","28.945","50.835","20.7","BUSHEHR, IR",,,,,,,"  135","H,,S"
"IRM00040858","2006-01-21","28.945","50.835","20.7","BUSHEHR, IR",,,,,,,"  134","H,,S"
"IRM00040858","2006-01-22","28.945","50.835","20.7","BUSHEHR, IR",,,,,,,"  130","H,,S"
"IRM00040858","2006-01-23","28.945","50.835","20.7","BUSHEHR, IR",,,,,,,"  131","H,,S"
"IRM00040858","2006-01-24","28.945","50.835","20.7","BUSHEHR, IR",,,,,,,"  164","H,,S"
"IRM00040858","2006-01-25","28.945","50.835","20.7","BUSHEHR, IR",,,,,,,"  183","H,,S"
"IRM00040858","2006-01-26","28.945","50.835","20.7","BUSHEHR, IR",,,,,,,"  212","H,,S"
"IRM00040858","2006-01-27","28.945","50.835","20.7","BUSHEHR, IR",,,,,,,"  209","H,,S"
"IRM00040858","2006-01-28","28.945","50.835","20.7","BUSHEHR, IR",,,,,,,"  163","H,,S"
"IRM00040858","2006-01-29","28.945","50.835","20.7","BUSHEHR, IR",,,,,,,"  148","H,,S"
"IRM00040858","2006-01-30","28.945","50.835","20.7","BUSHEHR, IR",,,,,,,"  129","H,,S"
"IRM00040858","2006-01-31","28.945","50.835","20.7","BUSHEHR, IR",,,,,,,"  124","H,,S"
"IRM00040858","2006-02-01","28.945","50.835","20.7","BUSHEHR, IR",,,,,,,"  148","H,,S"
"IRM00040858","2006-02-02","28.945","50.835","20.7","BUSHEHR, IR",,,,,,,"  178","H,,S"
"IRM00040858","2006-02-03","28.945","50.835","20.7","BUSHEHR, IR",,,,,,,"  211","H,,S"
"IRM00040858","2006-02-04","28.945","50.835","20.7","BUSHEHR, IR",,,,,,,"  186","H,,S"
"IRM00040858","2006-02-05","28.945","50.835","20.7","BUSHEHR, IR",,,,,,,"  173","H,,S"
"IRM00040858","2006-02-06","28.945","50.835","20.7","BUSHEHR, IR",,,,,,,"  169","H,,S"
"IRM00040858","2006-02-07","28.945","50.835","20.7","BUSHEHR, IR",,,,,,,"  209","H,,S"
"IRM00040858","2006-02-08","28.945","50.835","20.7","BUSHEHR, IR",,,,,,,"  241","H,,S"
"IRM00040858","2006-02-09","28.945","50.835","20.7","BUSHEHR, IR",,,,,,,"  227","H,,S"
"IRM00040858","2006-02-10","28.945","50.835","20.7","BUSHEHR, IR",,,,,,,"  161","H,,S"
"IRM00040858","2006-02-11","28.945","50.835","20.7","BUSHEHR, IR",,,,,,,"  159","H,,S"
"IRM00040858","2006-02-12","28.945","50.835","20.7","BUSHEHR, IR",,,,,,,"  169","H,,S"
"IRM00040858","2006-02-13","28.945","50.835","20.7","BUSHEHR, IR",,,,,,,"  178","H,,S"
"IRM00040858","2006-02-14","28.945","50.835","20.7","BUSHEHR, IR",,,,,,,"  208","H,,S"
"IRM00040858","2006-02-15","28.945","50.835","20.7","BUSHEHR, IR",,,,,,,"  208","H,,S"
"IRM00040858","2006-02-16","28.945","50.835","20.7","BUSHEHR, IR",,,,,,,"  177","H,,S"
"IRM00040858","2006-02-17","28.945","50.835","20.7","BUSHEHR, IR",,,,,,,"  156","H,,S"
"IRM00040858","2006-02-18","28.945","50.835","20.7","BUSHEHR, IR",,,,,,,"  144","H,,S"
"IRM00040858","2006-02-19","28.945","50.835","20.7","BUSHEHR, IR",,,,,,,"  136","H,,S"
"IRM00040858","2006-02-20","28.945","50.835","20.7","BUSHEHR, IR",,,,,,,"  142","H,,S"
"IRM00040858","2006-02-21","28.945","50.835","20.7","BUSHEHR, IR",,,,,,,"  144","H,,S"
"IRM00040858","2006-02-22","28.945","50.835","20.7","BUSHEHR, IR",,,,,,,"  172","H,,S"
"IRM00040858","2006-02-23","28.945","50.835","20.7","BUSHEHR, IR",,,,,,,"  171","H,,S"
"IRM00040858","2006-02-24","28.945","50.835","20.7","BUSHEHR, IR",,,,,,,"  169","H,,S"
"IRM00040858","2006-02-25","28.945","50.835","20.7","BUSHEHR, IR",,,,,,,"  176","H,,S"
"IRM00040858","2006-02-26","28.945","50.835","20.7","BUSHEHR, IR",,,,,,,"  169","H,,S"
"IRM00040858","2006-02-27","28.945","50.835","20.7","BUSHEHR, IR",,,,,,,"  172","H,,S"
"IRM00040858","2006-02-28","28.945","50.835","20.7","BUSHEHR, IR",,,,,,,"  173","H,,S"
"IRM00040858","2006-03-01","28.945","50.835","20.7","BUSHEHR, IR",,,,,,,"  192","H,,S"
"IRM00040858","2006-03-02","28.945","50.835","20.7","BUSHEHR, IR",,,,,,,"  232","H,,S"
"IRM00040858","2006-03-03","28.945","50.835","20.7","BUSHEHR, IR",,,,,,,"  191","H,,S"
"IRM00040858","2006-03-04","28.945","50.835","20.7","BUSHEHR, IR",,,,,,,"  196","H,,S"
"IRM00040858","2006-03-05","28.945","50.835","20.7","BUSHEHR, IR",,,,,,,"  187","H,,S"
"IRM00040858","2006-03-06","28.945","50.835","20.7","BUSHEHR, IR",,,,,,,"  189","H,,S"
"IRM00040858","2006-03-07","28.945","50.835","20.7","BUSHEHR, IR",,,,,,,"  191","H,,S"
"IRM00040858","2006-03-08","28.945","50.835","20.7","BUSHEHR, IR",,,,,,,"  201","H,,S"
"IRM00040858","2006-03-09","28.945","50.835","20.7","BUSHEHR, IR",,,,,,,"  217","H,,S"
"IRM00040858","2006-03-10","28.945","50.835","20.7","BUSHEHR, IR",,,,,,,"  241","H,,S"
"IRM00040858","2006-03-11","28.945","50.835","20.7","BUSHEHR, IR",,,,,,,"  183","H,,S"
"IRM00040858","2006-03-12","28.945","50.835","20.7","BUSHEHR, IR",,,,,,,"  171","H,,S"
"IRM00040858","2006-03-13","28.945","50.835","20.7","BUSHEHR, IR",,,,,,,"  184","H,,S"
"IRM00040858","2006-03-14","28.945","50.835","20.7","BUSHEHR, IR",,,,,,,"  188","H,,S"
"IRM00040858","2006-03-15","28.945","50.835","20.7","BUSHEHR, IR",,,,,,,"  211","H,,S"
"IRM00040858","2006-03-16","28.945","50.835","20.7","BUSHEHR, IR",,,,,,,"  206","H,,S"
"IRM00040858","2006-03-17","28.945","50.835","20.7","BUSHEHR, IR",,,,,,,"  199","H,,S"
"IRM00040858","2006-03-18","28.945","50.835","20.7","BUSHEHR, IR",,,,,,,"  199","H,,S"
"IRM00040858","2006-03-19","28.945","50.835","20.7","BUSHEHR, IR",,,,,,,"  205","H,,S"
"IRM00040858","2006-03-20","28.945","50.835","20.7","BUSHEHR, IR",,,,,,,"  204","H,,S"
"IRM00040858","2006-03-21","28.945","50.835","20.7","BUSHEHR, IR",,,,,,,"  202","H,,S"
"IRM00040858","2006-03-22","28.945","50.835","20.7","BUSHEHR, IR",,,,,,,"  191","H,,S"
"IRM00040858","2006-03-23","28.945","50.835","20.7","BUSHEHR, IR",,,,,,,"  201","H,,S"
"IRM00040858","2006-03-24","28.945","50.835","20.7","BUSHEHR, IR",,,,,,,"  197","H,,S"
"IRM00040858","2006-03-25","28.945","50.835","20.7","BUSHEHR, IR",,,,,,,"  189","H,,S"
"IRM00040858","2006-03-26","28.945","50.835","20.7","BUSHEHR, IR",,,,,,,"  158","H,,S"
"IRM00040858","2006-03-27","28.945","50.835","20.7","BUSHEHR, IR",,,,,,,"  246","H,,S"
"IRM00040858","2006-03-28","28.945","50.835","20.7","BUSHEHR, IR",,,,,,,"  253","H,,S"
"IRM00040858","2006-03-29","28.945","50.835","20.7","BUSHEHR, IR",,,,,,,"  266","H,,S"
"IRM00040858","2006-03-30","28.945","50.835","20.7","BUSHEHR, IR",,,,,,,"  222","H,,S"
"IRM00040858","2006-03-31","28.945","50.835","20.7","BUSHEHR, IR",,,,,,,"  217","H,,S"
"IRM00040858","2006-04-01","28.945","50.835","20.7","BUSHEHR, IR",,,,,,,"  221","H,,S"
"IRM00040858","2006-04-02","28.945","50.835","20.7","BUSHEHR, IR",,,,,,,"  237","H,,S"
"IRM00040858","2006-04-03","28.945","50.835","20.7","BUSHEHR, IR",,,,,,,"  252","H,,S"
"IRM00040858","2006-04-04","28.945","50.835","20.7","BUSHEHR, IR",,,,,,,"  239","H,,S"
"IRM00040858","2006-04-05","28.945","50.835","20.7","BUSHEHR, IR",,,,,,,"  262","H,,S"
"IRM00040858","2006-04-06","28.945","50.835","20.7","BUSHEHR, IR",,,,,,,"  273","H,,S"
"IRM00040858","2006-04-07","28.945","50.835","20.7","BUSHEHR, IR",,,,,,,"  237","H,,S"
"IRM00040858","2006-04-08","28.945","50.835","20.7","BUSHEHR, IR",,,,,,,"  216","H,,S"
"IRM00040858","2006-04-09","28.945","50.835","20.7","BUSHEHR, IR",,,,,,,"  226","H,,S"
"IRM00040858","2006-04-10","28.945","50.835","20.7","BUSHEHR, IR",,,,,,,"  239","H,,S"
"IRM00040858","2006-04-11","28.945","50.835","20.7","BUSHEHR, IR",,,,,,,"  239","H,,S"
"IRM00040858","2006-04-12","28.945","50.835","20.7","BUSHEHR, IR",,,,,,,"  249","H,,S"
"IRM00040858","2006-04-13","28.945","50.835","20.7","BUSHEHR, IR",,,,,,,"  234","H,,S"
"IRM00040858","2006-04-14","28.945","50.835","20.7","BUSHEHR, IR",,,,,,,"  231","H,,S"
"IRM00040858","2006-04-15","28.945","50.835","20.7","BUSHEHR, IR",,,,,,,"  239","H,,S"
"IRM00040858","2006-04-16","28.945","50.835","20.7","BUSHEHR, IR",,,,,,,"  255","H,,S"
"IRM00040858","2006-04-17","28.945","50.835","20.7","BUSHEHR, IR",,,,,,,"  274","H,,S"
"IRM00040858","2006-04-18","28.945","50.835","20.7","BUSHEHR, IR",,,,,,,"  263","H,,S"
"IRM00040858","2006-04-19","28.945","50.835","20.7","BUSHEHR, IR",,,,,,,"  258","H,,S"
"IRM00040858","2006-04-20","28.945","50.835","20.7","BUSHEHR, IR",,,,,,,"  248","H,,S"
"IRM00040858","2006-04-21","28.945","50.835","20.7","BUSHEHR, IR",,,,,,,"  245","H,,S"
"IRM00040858","2006-04-22","28.945","50.835","20.7","BUSHEHR, IR",,,,,,,"  270","H,,S"
"IRM00040858","2006-04-23","28.945","50.835","20.7","BUSHEHR, IR",,,,,,,"  268","H,,S"
"IRM00040858","2006-04-24","28.945","50.835","20.7","BUSHEHR, IR",,,,,,,"  275","H,,S"
"IRM00040858","2006-04-25","28.945","50.835","20.7","BUSHEHR, IR",,,,,,,"  317","H,,S"
"IRM00040858","2006-04-26","28.945","50.835","20.7","BUSHEHR, IR",,,,,,,"  288","H,,S"
"IRM00040858","2006-04-27","28.945","50.835","20.7","BUSHEHR, IR",,,,,,,"  266","H,,S"
"IRM00040858","2006-04-28","28.945","50.835","20.7","BUSHEHR, IR",,,,,,,"  256","H,,S"
"IRM00040858","2006-04-29","28.945","50.835","20.7","BUSHEHR, IR",,,,,,,"  262","H,,S"
"IRM00040858","2006-04-30","28.945","50.835","20.7","BUSHEHR, IR",,,,,,,"  289","H,,S"
"IRM00040858","2006-05-01","28.945","50.835","20.7","BUSHEHR, IR",,,,,,,"  291","H,,S"
"IRM00040858","2006-05-02","28.945","50.835","20.7","BUSHEHR, IR",,,,,,,"  298","H,,S"
"IRM00040858","2006-05-03","28.945","50.835","20.7","BUSHEHR, IR",,,,,,,"  296","H,,S"
"IRM00040858","2006-05-04","28.945","50.835","20.7","BUSHEHR, IR",,,,,,,"  302","H,,S"
"IRM00040858","2006-05-05","28.945","50.835","20.7","BUSHEHR, IR",,,,,,,"  285","H,,S"
"IRM00040858","2006-05-06","28.945","50.835","20.7","BUSHEHR, IR",,,,,,,"  298","H,,S"
"IRM00040858","2006-05-07","28.945","50.835","20.7","BUSHEHR, IR",,,,,,,"  293","H,,S"
"IRM00040858","2006-05-08","28.945","50.835","20.7","BUSHEHR, IR",,,,,,,"  292","H,,S"
"IRM00040858","2006-05-09","28.945","50.835","20.7","BUSHEHR, IR",,,,,,,"  283","H,,S"
"IRM00040858","2006-05-10","28.945","50.835","20.7","BUSHEHR, IR",,,,,,,"  300","H,,S"
"IRM00040858","2006-05-11","28.945","50.835","20.7","BUSHEHR, IR",,,,,,,"  303","H,,S"
"IRM00040858","2006-05-12","28.945","50.835","20.7","BUSHEHR, IR",,,,,,,"  286","H,,S"
"IRM00040858","2006-05-13","28.945","50.835","20.7","BUSHEHR, IR",,,,,,,"  268","H,,S"
"IRM00040858","2006-05-14","28.945","50.835","20.7","BUSHEHR, IR",,,,,,,"  282","H,,S"
"IRM00040858","2006-05-15","28.945","50.835","20.7","BUSHEHR, IR",,,,,,,"  294","H,,S"
"IRM00040858","2006-05-16","28.945","50.835","20.7","BUSHEHR, IR",,,,,,,"  296","H,,S"
"IRM00040858","2006-05-17","28.945","50.835","20.7","BUSHEHR, IR",,,,,,,"  296","H,,S"
"IRM00040858","2006-05-18","28.945","50.835","20.7","BUSHEHR, IR",,,,,,,"  313","H,,S"
"IRM00040858","2006-05-19","28.945","50.835","20.7","BUSHEHR, IR",,,,,,,"  319","H,,S"
"IRM00040858","2006-05-20","28.945","50.835","20.7","BUSHEHR, IR",,,,,,,"  303","H,,S"
"IRM00040858","2006-05-21","28.945","50.835","20.7","BUSHEHR, IR",,,,,,,"  286","H,,S"
"IRM00040858","2006-05-22","28.945","50.835","20.7","BUSHEHR, IR",,,,,,,"  279","H,,S"
"IRM00040858","2006-05-23","28.945","50.835","20.7","BUSHEHR, IR",,,,,,,"  303","H,,S"
"IRM00040858","2006-05-24","28.945","50.835","20.7","BUSHEHR, IR",,,,,,,"  297","H,,S"
"IRM00040858","2006-05-25","28.945","50.835","20.7","BUSHEHR, IR",,,,,,,"  309","H,,S"
"IRM00040858","2006-05-26","28.945","50.835","20.7","BUSHEHR, IR",,,,,,,"  326","H,,S"
"IRM00040858","2006-05-27","28.945","50.835","20.7","BUSHEHR, IR",,,,,,,"  316","H,,S"
"IRM00040858","2006-05-28","28.945","50.835","20.7","BUSHEHR, IR",,,,,,,"  311","H,,S"
"IRM00040858","2006-05-29","28.945","50.835","20.7","BUSHEHR, IR",,,,,,,"  323","H,,S"
"IRM00040858","2006-05-30","28.945","50.835","20.7","BUSHEHR, IR",,,,,,,"  291","H,,S"
"IRM00040858","2006-05-31","28.945","50.835","20.7","BUSHEHR, IR",,,,,,,"  289","H,,S"
"IRM00040858","2006-06-01","28.945","50.835","20.7","BUSHEHR, IR",,,,,,,"  288","H,,S"
"IRM00040858","2006-06-02","28.945","50.835","20.7","BUSHEHR, IR",,,,,,,"  316","H,,S"
"IRM00040858","2006-06-03","28.945","50.835","20.7","BUSHEHR, IR",,,,,,,"  333","H,,S"
"IRM00040858","2006-06-04","28.945","50.835","20.7","BUSHEHR, IR",,,,,,,"  327","H,,S"
"IRM00040858","2006-06-05","28.945","50.835","20.7","BUSHEHR, IR",,,,,,,"  316","H,,S"
"IRM00040858","2006-06-06","28.945","50.835","20.7","BUSHEHR, IR",,,,,,,"  329","H,,S"
"IRM00040858","2006-06-07","28.945","50.835","20.7","BUSHEHR, IR",,,,,,,"  319","H,,S"
"IRM00040858","2006-06-08","28.945","50.835","20.7","BUSHEHR, IR",,,,,,,"  303","H,,S"
"IRM00040858","2006-06-09","28.945","50.835","20.7","BUSHEHR, IR",,,,,,,"  307","H,,S"
"IRM00040858","2006-06-10","28.945","50.835","20.7","BUSHEHR, IR",,,,,,,"  308","H,,S"
"IRM00040858","2006-06-11","28.945","50.835","20.7","BUSHEHR, IR",,,,,,,"  317","H,,S"
"IRM00040858","2006-06-12","28.945","50.835","20.7","BUSHEHR, IR",,,,,,,"  313","H,,S"
"IRM00040858","2006-06-13","28.945","50.835","20.7","BUSHEHR, IR",,,,,,,"  312","H,,S"
"IRM00040858","2006-06-14","28.945","50.835","20.7","BUSHEHR, IR",,,,,,,"  308","H,,S"
"IRM00040858","2006-06-15","28.945","50.835","20.7","BUSHEHR, IR",,,,,,,"  309","H,,S"
"IRM00040858","2006-06-16","28.945","50.835","20.7","BUSHEHR, IR",,,,,,,"  313","H,,S"
"IRM00040858","2006-06-17","28.945","50.835","20.7","BUSHEHR, IR",,,,,,,"  324","H,,S"
"IRM00040858","2006-06-18","28.945","50.835","20.7","BUSHEHR, IR",,,,,,,"  320","H,,S"
"IRM00040858","2006-06-19","28.945","50.835","20.7","BUSHEHR, IR",,,,,,,"  322","H,,S"
"IRM00040858","2006-06-20","28.945","50.835","20.7","BUSHEHR, IR",,,,,,,"  329","H,,S"
"IRM00040858","2006-06-21","28.945","50.835","20.7","BUSHEHR, IR",,,,,,,"  333","H,,S"
"IRM00040858","2006-06-22","28.945","50.835","20.7","BUSHEHR, IR",,,,,,,"  319","H,,S"
"IRM00040858","2006-06-23","28.945","50.835","20.7","BUSHEHR, IR",,,,,,,"  337","H,,S"
"IRM00040858","2006-06-24","28.945","50.835","20.7","BUSHEHR, IR",,,,,,,"  331","H,,S"
"IRM00040858","2006-06-25","28.945","50.835","20.7","BUSHEHR, IR",,,,,,,"  352","H,,S"
"IRM00040858","2006-06-26","28.945","50.835","20.7","BUSHEHR, IR",,,,,,,"  333","H,,S"
"IRM00040858","2006-06-27","28.945","50.835","20.7","BUSHEHR, IR",,,,,,,"  326","H,,S"
"IRM00040858","2006-06-28","28.945","50.835","20.7","BUSHEHR, IR",,,,,,,"  329","H,,S"
"IRM00040858","2006-06-29","28.945","50.835","20.7","BUSHEHR, IR",,,,,,,"  336","H,,S"
"IRM00040858","2006-06-30","28.945","50.835","20.7","BUSHEHR, IR",,,,,,,"  339","H,,S"
"IRM00040858","2006-07-01","28.945","50.835","20.7","BUSHEHR, IR",,,,,,,"  329","H,,S"
"IRM00040858","2006-07-02","28.945","50.835","20.7","BUSHEHR, IR",,,,,,,"  319","H,,S"
"IRM00040858","2006-07-03","28.945","50.835","20.7","BUSHEHR, IR",,,,,,,"  327","H,,S"
"IRM00040858","2006-07-04","28.945","50.835","20.7","BUSHEHR, IR",,,,,,,"  328","H,,S"
"IRM00040858","2006-07-05","28.945","50.835","20.7","BUSHEHR, IR",,,,,,,"  323","H,,S"
"IRM00040858","2006-07-06","28.945","50.835","20.7","BUSHEHR, IR",,,,,,,"  322","H,,S"
"IRM00040858","2006-07-07","28.945","50.835","20.7","BUSHEHR, IR",,,,,,,"  326","H,,S"
"IRM00040858","2006-07-08","28.945","50.835","20.7","BUSHEHR, IR",,,,,,,"  334","H,,S"
"IRM00040858","2006-07-09","28.945","50.835","20.7","BUSHEHR, IR",,,,,,,"  337","H,,S"
"IRM00040858","2006-07-10","28.945","50.835","20.7","BUSHEHR, IR",,,,,,,"  313","H,,S"
"IRM00040858","2006-07-11","28.945","50.835","20.7","BUSHEHR, IR",,,,,,,"  303","H,,S"
"IRM00040858","2006-07-12","28.945","50.835","20.7","BUSHEHR, IR",,,,,,,"  309","H,,S"
"IRM00040858","2006-07-13","28.945","50.835","20.7","BUSHEHR, IR",,,,,,,"  323","H,,S"
"IRM00040858","2006-07-14","28.945","50.835","20.7","BUSHEHR, IR",,,,,,,"  324","H,,S"
"IRM00040858","2006-07-15","28.945","50.835","20.7","BUSHEHR, IR",,,,,,,"  331","H,,S"
"IRM00040858","2006-07-16","28.945","50.835","20.7","BUSHEHR, IR",,,,,,,"  336","H,,S"
"IRM00040858","2006-07-17","28.945","50.835","20.7","BUSHEHR, IR",,,,,,,"  323","H,,S"
"IRM00040858","2006-07-18","28.945","50.835","20.7","BUSHEHR, IR",,,,,,,"  323","H,,S"
"IRM00040858","2006-07-19","28.945","50.835","20.7","BUSHEHR, IR",,,,,,,"  340","H,,S"
"IRM00040858","2006-07-20","28.945","50.835","20.7","BUSHEHR, IR",,,,,,,"  322","H,,S"
"IRM00040858","2006-07-21","28.945","50.835","20.7","BUSHEHR, IR",,,,,,,"  329","H,,S"
"IRM00040858","2006-07-22","28.945","50.835","20.7","BUSHEHR, IR",,,,,,,"  327","H,,S"
"IRM00040858","2006-07-23","28.945","50.835","20.7","BUSHEHR, IR",,,,,,,"  328","H,,S"
"IRM00040858","2006-07-24","28.945","50.835","20.7","BUSHEHR, IR",,,,,,,"  338","H,,S"
"IRM00040858","2006-07-25","28.945","50.835","20.7","BUSHEHR, IR",,,,,,,"  333","H,,S"
"IRM00040858","2006-07-26","28.945","50.835","20.7","BUSHEHR, IR",,,,,,,"  350","H,,S"
"IRM00040858","2006-07-27","28.945","50.835","20.7","BUSHEHR, IR",,,,,,,"  351","H,,S"
"IRM00040858","2006-07-28","28.945","50.835","20.7","BUSHEHR, IR",,,,,,,"  348","H,,S"
"IRM00040858","2006-07-29","28.945","50.835","20.7","BUSHEHR, IR",,,,,,,"  341","H,,S"
"IRM00040858","2006-07-30","28.945","50.835","20.7","BUSHEHR, IR",,,,,,,"  342","H,,S"
"IRM00040858","2006-07-31","28.945","50.835","20.7","BUSHEHR, IR",,,,,,,"  323","H,,S"
"IRM00040858","2006-08-01","28.945","50.835","20.7","BUSHEHR, IR",,,,,,,"  327","H,,S"
"IRM00040858","2006-08-02","28.945","50.835","20.7","BUSHEHR, IR",,,,,,,"  336","H,,S"
"IRM00040858","2006-08-03","28.945","50.835","20.7","BUSHEHR, IR",,,,,,,"  335","H,,S"
"IRM00040858","2006-08-04","28.945","50.835","20.7","BUSHEHR, IR",,,,,,,"  324","H,,S"
"IRM00040858","2006-08-05","28.945","50.835","20.7","BUSHEHR, IR",,,,,,,"  336","H,,S"
"IRM00040858","2006-08-06","28.945","50.835","20.7","BUSHEHR, IR",,,,,,,"  331","H,,S"
"IRM00040858","2006-08-07","28.945","50.835","20.7","BUSHEHR, IR",,,,,,,"  332","H,,S"
"IRM00040858","2006-08-08","28.945","50.835","20.7","BUSHEHR, IR",,,,,,,"  327","H,,S"
"IRM00040858","2006-08-09","28.945","50.835","20.7","BUSHEHR, IR",,,,,,,"  332","H,,S"
"IRM00040858","2006-08-10","28.945","50.835","20.7","BUSHEHR, IR",,,,,,,"  342","H,,S"
"IRM00040858","2006-08-11","28.945","50.835","20.7","BUSHEHR, IR",,,,,,,"  341","H,,S"
"IRM00040858","2006-08-12","28.945","50.835","20.7","BUSHEHR, IR",,,,,,,"  341","H,,S"
"IRM00040858","2006-08-13","28.945","50.835","20.7","BUSHEHR, IR",,,,,,,"  344","H,,S"
"IRM00040858","2006-08-14","28.945","50.835","20.7","BUSHEHR, IR",,,,,,,"  346","H,,S"
"IRM00040858","2006-08-15","28.945","50.835","20.7","BUSHEHR, IR",,,,,,,"  342","H,,S"
"IRM00040858","2006-08-16","28.945","50.835","20.7","BUSHEHR, IR",,,,,,,"  349","H,,S"
"IRM00040858","2006-08-17","28.945","50.835","20.7","BUSHEHR, IR",,,,,,,"  356","H,,S"
"IRM00040858","2006-08-18","28.945","50.835","20.7","BUSHEHR, IR",,,,,,,"  351","H,,S"
"IRM00040858","2006-08-19","28.945","50.835","20.7","BUSHEHR, IR",,,,,,,"  348","H,,S"
"IRM00040858","2006-08-20","28.945","50.835","20.7","BUSHEHR, IR",,,,,,,"  348","H,,S"
"IRM00040858","2006-08-21","28.945","50.835","20.7","BUSHEHR, IR",,,,,,,"  346","H,,S"
"IRM00040858","2006-08-22","28.945","50.835","20.7","BUSHEHR, IR",,,,,,,"  344","H,,S"
"IRM00040858","2006-08-23","28.945","50.835","20.7","BUSHEHR, IR",,,,,,,"  339","H,,S"
"IRM00040858","2006-08-24","28.945","50.835","20.7","BUSHEHR, IR",,,,,,,"  336","H,,S"
"IRM00040858","2006-08-25","28.945","50.835","20.7","BUSHEHR, IR",,,,,,,"  352","H,,S"
"IRM00040858","2006-08-26","28.945","50.835","20.7","BUSHEHR, IR",,,,,,,"  349","H,,S"
"IRM00040858","2006-08-27","28.945","50.835","20.7","BUSHEHR, IR",,,,,,,"  341","H,,S"
"IRM00040858","2006-08-28","28.945","50.835","20.7","BUSHEHR, IR",,,,,,,"  341","H,,S"
"IRM00040858","2006-08-29","28.945","50.835","20.7","BUSHEHR, IR",,,,,,,"  334","H,,S"
"IRM00040858","2006-08-30","28.945","50.835","20.7","BUSHEHR, IR",,,,,,,"  336","H,,S"
"IRM00040858","2006-08-31","28.945","50.835","20.7","BUSHEHR, IR",,,,,,,"  354","H,,S"
"IRM00040858","2006-09-01","28.945","50.835","20.7","BUSHEHR, IR",,,,,,,"  339","H,,S"
"IRM00040858","2006-09-02","28.945","50.835","20.7","BUSHEHR, IR",,,,,,,"  343","H,,S"
"IRM00040858","2006-09-03","28.945","50.835","20.7","BUSHEHR, IR",,,,,,,"  344","H,,S"
"IRM00040858","2006-09-04","28.945","50.835","20.7","BUSHEHR, IR",,,,,,,"  343","H,,S"
"IRM00040858","2006-09-05","28.945","50.835","20.7","BUSHEHR, IR",,,,,,,"  336","H,,S"
"IRM00040858","2006-09-06","28.945","50.835","20.7","BUSHEHR, IR",,,,,,,"  343","H,,S"
"IRM00040858","2006-09-07","28.945","50.835","20.7","BUSHEHR, IR",,,,,,,"  331","H,,S"
"IRM00040858","2006-09-08","28.945","50.835","20.7","BUSHEHR, IR",,,,,,,"  330","H,,S"
"IRM00040858","2006-09-09","28.945","50.835","20.7","BUSHEHR, IR",,,,,,,"  323","H,,S"
"IRM00040858","2006-09-10","28.945","50.835","20.7","BUSHEHR, IR",,,,,,,"  328","H,,S"
"IRM00040858","2006-09-11","28.945","50.835","20.7","BUSHEHR, IR",,,,,,,"  322","H,,S"
"IRM00040858","2006-09-12","28.945","50.835","20.7","BUSHEHR, IR",,,,,,,"  332","H,,S"
"IRM00040858","2006-09-13","28.945","50.835","20.7","BUSHEHR, IR",,,,,,,"  324","H,,S"
"IRM00040858","2006-09-14","28.945","50.835","20.7","BUSHEHR, IR",,,,,,,"  339","H,,S"
"IRM00040858","2006-09-15","28.945","50.835","20.7","BUSHEHR, IR",,,,,,,"  323","H,,S"
"IRM00040858","2006-09-16","28.945","50.835","20.7","BUSHEHR, IR",,,,,,,"  321","H,,S"
"IRM00040858","2006-09-17","28.945","50.835","20.7","BUSHEHR, IR",,,,,,,"  327","H,,S"
"IRM00040858","2006-09-18","28.945","50.835","20.7","BUSHEHR, IR",,,,,,,"  318","H,,S"
"IRM00040858","2006-09-19","28.945","50.835","20.7","BUSHEHR, IR",,,,,,,"  309","H,,S"
"IRM00040858","2006-09-20","28.945","50.835","20.7","BUSHEHR, IR",,,,,,,"  291","H,,S"
"IRM00040858","2006-09-21","28.945","50.835","20.7","BUSHEHR, IR",,,,,,,"  298","H,,S"
"IRM00040858","2006-09-22","28.945","50.835","20.7","BUSHEHR, IR",,,,,,,"  297","H,,S"
"IRM00040858","2006-09-23","28.945","50.835","20.7","BUSHEHR, IR",,,,,,,"  302","H,,S"
"IRM00040858","2006-09-24","28.945","50.835","20.7","BUSHEHR, IR",,,,,,,"  304","H,,S"
"IRM00040858","2006-09-25","28.945","50.835","20.7","BUSHEHR, IR",,,,,,,"  306","H,,S"
"IRM00040858","2006-09-26","28.945","50.835","20.7","BUSHEHR, IR",,,,,,,"  307","H,,S"
"IRM00040858","2006-09-27","28.945","50.835","20.7","BUSHEHR, IR",,,,,,,"  317","H,,S"
"IRM00040858","2006-09-28","28.945","50.835","20.7","BUSHEHR, IR",,,,,,,"  313","H,,S"
"IRM00040858","2006-09-29","28.945","50.835","20.7","BUSHEHR, IR",,,,,,,"  296","H,,S"
"IRM00040858","2006-09-30","28.945","50.835","20.7","BUSHEHR, IR",,,,,,,"  288","H,,S"
"IRM00040858","2006-10-01","28.945","50.835","20.7","BUSHEHR, IR",,,,,,,"  289","H,,S"
"IRM00040858","2006-10-02","28.945","50.835","20.7","BUSHEHR, IR",,,,,,,"  289","H,,S"
"IRM00040858","2006-10-03","28.945","50.835","20.7","BUSHEHR, IR",,,,,,,"  290","H,,S"
"IRM00040858","2006-10-04","28.945","50.835","20.7","BUSHEHR, IR",,,,,,,"  295","H,,S"
"IRM00040858","2006-10-05","28.945","50.835","20.7","BUSHEHR, IR",,,,,,,"  306","H,,S"
"IRM00040858","2006-10-06","28.945","50.835","20.7","BUSHEHR, IR",,,,,,,"  301","H,,S"
"IRM00040858","2006-10-07","28.945","50.835","20.7","BUSHEHR, IR",,,,,,,"  286","H,,S"
"IRM00040858","2006-10-08","28.945","50.835","20.7","BUSHEHR, IR",,,,,,,"  280","H,,S"
"IRM00040858","2006-10-09","28.945","50.835","20.7","BUSHEHR, IR",,,,,,,"  275","H,,S"
"IRM00040858","2006-10-10","28.945","50.835","20.7","BUSHEHR, IR",,,,,,,"  278","H,,S"
"IRM00040858","2006-10-11","28.945","50.835","20.7","BUSHEHR, IR",,,,,,,"  281","H,,S"
"IRM00040858","2006-10-12","28.945","50.835","20.7","BUSHEHR, IR",,,,,,,"  274","H,,S"
"IRM00040858","2006-10-13","28.945","50.835","20.7","BUSHEHR, IR",,,,,,,"  285","H,,S"
"IRM00040858","2006-10-14","28.945","50.835","20.7","BUSHEHR, IR",,,,,,,"  299","H,,S"
"IRM00040858","2006-10-15","28.945","50.835","20.7","BUSHEHR, IR",,,,,,,"  301","H,,S"
"IRM00040858","2006-10-16","28.945","50.835","20.7","BUSHEHR, IR",,,,,,,"  326","H,,S"
"IRM00040858","2006-10-17","28.945","50.835","20.7","BUSHEHR, IR",,,,,,,"  299","H,,S"
"IRM00040858","2006-10-18","28.945","50.835","20.7","BUSHEHR, IR",,,,,,,"  285","H,,S"
"IRM00040858","2006-10-19","28.945","50.835","20.7","BUSHEHR, IR",,,,,,,"  282","H,,S"
"IRM00040858","2006-10-20","28.945","50.835","20.7","BUSHEHR, IR",,,,,,,"  283","H,,S"
"IRM00040858","2006-10-21","28.945","50.835","20.7","BUSHEHR, IR",,,,,,,"  287","H,,S"
"IRM00040858","2006-10-22","28.945","50.835","20.7","BUSHEHR, IR",,,,,,,"  301","H,,S"
"IRM00040858","2006-10-23","28.945","50.835","20.7","BUSHEHR, IR",,,,,,,"  281","H,,S"
"IRM00040858","2006-10-24","28.945","50.835","20.7","BUSHEHR, IR",,,,,,,"  286","H,,S"
"IRM00040858","2006-10-25","28.945","50.835","20.7","BUSHEHR, IR",,,,,,,"  291","H,,S"
"IRM00040858","2006-10-26","28.945","50.835","20.7","BUSHEHR, IR",,,,,,,"  288","H,,S"
"IRM00040858","2006-10-27","28.945","50.835","20.7","BUSHEHR, IR",,,,,,,"  288","H,,S"
"IRM00040858","2006-10-28","28.945","50.835","20.7","BUSHEHR, IR",,,,,,,"  287","H,,S"
"IRM00040858","2006-10-29","28.945","50.835","20.7","BUSHEHR, IR",,,,,,,"  271","H,,S"
"IRM00040858","2006-10-30","28.945","50.835","20.7","BUSHEHR, IR",,,,,,,"  281","H,,S"
"IRM00040858","2006-10-31","28.945","50.835","20.7","BUSHEHR, IR",,,,,,,"  289","H,,S"
"IRM00040858","2006-11-01","28.945","50.835","20.7","BUSHEHR, IR",,,,,,,"  282","H,,S"
"IRM00040858","2006-11-02","28.945","50.835","20.7","BUSHEHR, IR",,,,,,,"  271","H,,S"
"IRM00040858","2006-11-03","28.945","50.835","20.7","BUSHEHR, IR",,,,,,,"  282","H,,S"
"IRM00040858","2006-11-04","28.945","50.835","20.7","BUSHEHR, IR",,,,,,,"  259","H,,S"
"IRM00040858","2006-11-05","28.945","50.835","20.7","BUSHEHR, IR",,,,,,,"  273","H,,S"
"IRM00040858","2006-11-06","28.945","50.835","20.7","BUSHEHR, IR",,,,,,,"  244","H,,S"
"IRM00040858","2006-11-07","28.945","50.835","20.7","BUSHEHR, IR",,,,,,,"  277","H,,S"
"IRM00040858","2006-11-08","28.945","50.835","20.7","BUSHEHR, IR",,,,,,,"  256","H,,S"
"IRM00040858","2006-11-09","28.945","50.835","20.7","BUSHEHR, IR",,,,,,,"  223","H,,S"
"IRM00040858","2006-11-10","28.945","50.835","20.7","BUSHEHR, IR",,,,,,,"  218","H,,S"
"IRM00040858","2006-11-11","28.945","50.835","20.7","BUSHEHR, IR",,,,,,,"  237","H,,S"
"IRM00040858","2006-11-12","28.945","50.835","20.7","BUSHEHR, IR",,,,,,,"  260","H,,S"
"IRM00040858","2006-11-13","28.945","50.835","20.7","BUSHEHR, IR",,,,,,,"  280","H,,S"
"IRM00040858","2006-11-14","28.945","50.835","20.7","BUSHEHR, IR",,,,,,,"  252","H,,S"
"IRM00040858","2006-11-15","28.945","50.835","20.7","BUSHEHR, IR",,,,,,,"  224","H,,S"
"IRM00040858","2006-11-16","28.945","50.835","20.7","BUSHEHR, IR",,,,,,,"  218","H,,S"
"IRM00040858","2006-11-17","28.945","50.835","20.7","BUSHEHR, IR",,,,,,,"  215","H,,S"
"IRM00040858","2006-11-18","28.945","50.835","20.7","BUSHEHR, IR",,,,,,,"  178","H,,S"
"IRM00040858","2006-11-19","28.945","50.835","20.7","BUSHEHR, IR",,,,,,,"  172","H,,S"
"IRM00040858","2006-11-20","28.945","50.835","20.7","BUSHEHR, IR",,,,,,,"  194","H,,S"
"IRM00040858","2006-11-21","28.945","50.835","20.7","BUSHEHR, IR",,,,,,,"  162","H,,S"
"IRM00040858","2006-11-22","28.945","50.835","20.7","BUSHEHR, IR",,,,,,,"  178","H,,S"
"IRM00040858","2006-11-23","28.945","50.835","20.7","BUSHEHR, IR",,,,,,,"  184","H,,S"
"IRM00040858","2006-11-24","28.945","50.835","20.7","BUSHEHR, IR",,,,,,,"  201","H,,S"
"IRM00040858","2006-11-25","28.945","50.835","20.7","BUSHEHR, IR",,,,,,,"  215","H,,S"
"IRM00040858","2006-11-26","28.945","50.835","20.7","BUSHEHR, IR",,,,,,,"  193","H,,S"
"IRM00040858","2006-11-27","28.945","50.835","20.7","BUSHEHR, IR",,,,,,,"  186","H,,S"
"IRM00040858","2006-11-28","28.945","50.835","20.7","BUSHEHR, IR",,,,,,,"  183","H,,S"
"IRM00040858","2006-11-29","28.945","50.835","20.7","BUSHEHR, IR",,,,,,,"  174","H,,S"
"IRM00040858","2006-11-30","28.945","50.835","20.7","BUSHEHR, IR",,,,,,,"  176","H,,S"
"IRM00040858","2006-12-01","28.945","50.835","20.7","BUSHEHR, IR",,,,,,,"  157","H,,S"
"IRM00040858","2006-12-02","28.945","50.835","20.7","BUSHEHR, IR",,,,,,,"  161","H,,S"
"IRM00040858","2006-12-03","28.945","50.835","20.7","BUSHEHR, IR",,,,,,,"  164","H,,S"
"IRM00040858","2006-12-04","28.945","50.835","20.7","BUSHEHR, IR",,,,,,,"  169","H,,S"
"IRM00040858","2006-12-05","28.945","50.835","20.7","BUSHEHR, IR",,,,,,,"  162","H,,S"
"IRM00040858","2006-12-06","28.945","50.835","20.7","BUSHEHR, IR",,,,,,,"  194","H,,S"
"IRM00040858","2006-12-07","28.945","50.835","20.7","BUSHEHR, IR",,,,,,,"  164","H,,S"
"IRM00040858","2006-12-08","28.945","50.835","20.7","BUSHEHR, IR",,,,,,,"  166","H,,S"
"IRM00040858","2006-12-09","28.945","50.835","20.7","BUSHEHR, IR",,,,,,,"  154","H,,S"
"IRM00040858","2006-12-10","28.945","50.835","20.7","BUSHEHR, IR",,,,,,,"  169","H,,S"
"IRM00040858","2006-12-11","28.945","50.835","20.7","BUSHEHR, IR",,,,,,,"  157","H,,S"
"IRM00040858","2006-12-12","28.945","50.835","20.7","BUSHEHR, IR",,,,,,,"  141","H,,S"
"IRM00040858","2006-12-13","28.945","50.835","20.7","BUSHEHR, IR",,,,,,,"  131","H,,S"
"IRM00040858","2006-12-14","28.945","50.835","20.7","BUSHEHR, IR",,,,,,,"  138","H,,S"
"IRM00040858","2006-12-15","28.945","50.835","20.7","BUSHEHR, IR",,,,,,,"  133","H,,S"
"IRM00040858","2006-12-16","28.945","50.835","20.7","BUSHEHR, IR",,,,,,,"  134","H,,S"
"IRM00040858","2006-12-17","28.945","50.835","20.7","BUSHEHR, IR",,,,,,,"  117","H,,S"
"IRM00040858","2006-12-18","28.945","50.835","20.7","BUSHEHR, IR",,,,,,,"  139","H,,S"
"IRM00040858","2006-12-19","28.945","50.835","20.7","BUSHEHR, IR",,,,,,,"  128","H,,S"
"IRM00040858","2006-12-20","28.945","50.835","20.7","BUSHEHR, IR",,,,,,,"  128","H,,S"
"IRM00040858","2006-12-21","28.945","50.835","20.7","BUSHEHR, IR",,,,,,,"  130","H,,S"
"IRM00040858","2006-12-22","28.945","50.835","20.7","BUSHEHR, IR",,,,,,,"  121","H,,S"
"IRM00040858","2006-12-23","28.945","50.835","20.7","BUSHEHR, IR",,,,,,,"  143","H,,S"
"IRM00040858","2006-12-24","28.945","50.835","20.7","BUSHEHR, IR",,,,,,,"  127","H,,S"
"IRM00040858","2006-12-25","28.945","50.835","20.7","BUSHEHR, IR",,,,,,,"  134","H,,S"
"IRM00040858","2006-12-26","28.945","50.835","20.7","BUSHEHR, IR",,,,,,,"  131","H,,S"
"IRM00040858","2006-12-27","28.945","50.835","20.7","BUSHEHR, IR",,,,,,,"  164","H,,S"
"IRM00040858","2006-12-28","28.945","50.835","20.7","BUSHEHR, IR",,,,,,,"  145","H,,S"
"IRM00040858","2006-12-29","28.945","50.835","20.7","BUSHEHR, IR",,,,,,,"  103","H,,S"
"IRM00040858","2006-12-30","28.945","50.835","20.7","BUSHEHR, IR",,,,,,,"   92","H,,S"
"IRM00040858","2006-12-31","28.945","50.835","20.7","BUSHEHR, IR",,,,,,,"  101","H,,S"
"IRM00040858","2007-01-01","28.945","50.835","20.7","BUSHEHR, IR",,,,,,,"  103","H,,S"
"IRM00040858","2007-01-02","28.945","50.835","20.7","BUSHEHR, IR",,,,,,,"  108","H,,S"
"IRM00040858","2007-01-03","28.945","50.835","20.7","BUSHEHR, IR",,,,,,,"  106","H,,S"
"IRM00040858","2007-01-04","28.945","50.835","20.7","BUSHEHR, IR",,,,,,,"  111","H,,S"
"IRM00040858","2007-01-05","28.945","50.835","20.7","BUSHEHR, IR",,,,,,,"  121","H,,S"
"IRM00040858","2007-01-06","28.945","50.835","20.7","BUSHEHR, IR",,,,,,,"  158","H,,S"
"IRM00040858","2007-01-07","28.945","50.835","20.7","BUSHEHR, IR",,,,,,,"  134","H,,S"
"IRM00040858","2007-01-08","28.945","50.835","20.7","BUSHEHR, IR",,,,,,,"  132","H,,S"
"IRM00040858","2007-01-09","28.945","50.835","20.7","BUSHEHR, IR",,,,,,,"  129","H,,S"
"IRM00040858","2007-01-10","28.945","50.835","20.7","BUSHEHR, IR",,,,,,,"  119","H,,S"
"IRM00040858","2007-01-11","28.945","50.835","20.7","BUSHEHR, IR",,,,,,,"  129","H,,S"
"IRM00040858","2007-01-12","28.945","50.835","20.7","BUSHEHR, IR",,,,,,,"  158","H,,S"
"IRM00040858","2007-01-13","28.945","50.835","20.7","BUSHEHR, IR",,,,,,,"  148","H,,S"
"IRM00040858","2007-01-14","28.945","50.835","20.7","BUSHEHR, IR",,,,,,,"  133","H,,S"
"IRM00040858","2007-01-15","28.945","50.835","20.7","BUSHEHR, IR",,,,,,,"  122","H,,S"
"IRM00040858","2007-01-16","28.945","50.835","20.7","BUSHEHR, IR",,,,,,,"  109","H,,S"
"IRM00040858","2007-01-17","28.945","50.835","20.7","BUSHEHR, IR",,,,,,,"  119","H,,S"
"IRM00040858","2007-01-18","28.945","50.835","20.7","BUSHEHR, IR",,,,,,,"  107","H,,S"
"IRM00040858","2007-01-19","28.945","50.835","20.7","BUSHEHR, IR",,,,,,,"  111","H,,S"
"IRM00040858","2007-01-20","28.945","50.835","20.7","BUSHEHR, IR",,,,,,,"  114","H,,S"
"IRM00040858","2007-01-21","28.945","50.835","20.7","BUSHEHR, IR",,,,,,,"  143","H,,S"
"IRM00040858","2007-01-22","28.945","50.835","20.7","BUSHEHR, IR",,,,,,,"  154","H,,S"
"IRM00040858","2007-01-23","28.945","50.835","20.7","BUSHEHR, IR",,,,,,,"  135","H,,S"
"IRM00040858","2007-01-24","28.945","50.835","20.7","BUSHEHR, IR",,,,,,,"  128","H,,S"
"IRM00040858","2007-01-25","28.945","50.835","20.7","BUSHEHR, IR",,,,,,,"  133","H,,S"
"IRM00040858","2007-01-26","28.945","50.835","20.7","BUSHEHR, IR",,,,,,,"  139","H,,S"
"IRM00040858","2007-01-27","28.945","50.835","20.7","BUSHEHR, IR",,,,,,,"  150","H,,S"
"IRM00040858","2007-01-28","28.945","50.835","20.7","BUSHEHR, IR",,,,,,,"  138","H,,S"
"IRM00040858","2007-01-29","28.945","50.835","20.7","BUSHEHR, IR",,,,,,,"  164","H,,S"
"IRM00040858","2007-01-30","28.945","50.835","20.7","BUSHEHR, IR",,,,,,,"  180","H,,S"
"IRM00040858","2007-01-31","28.945","50.835","20.7","BUSHEHR, IR",,,,,,,"  186","H,,S"
"IRM00040858","2007-02-01","28.945","50.835","20.7","BUSHEHR, IR",,,,,,,"  190","H,,S"
"IRM00040858","2007-02-02","28.945","50.835","20.7","BUSHEHR, IR",,,,,,,"  180","H,,S"
"IRM00040858","2007-02-03","28.945","50.835","20.7","BUSHEHR, IR",,,,,,,"  174","H,,S"
"IRM00040858","2007-02-04","28.945","50.835","20.7","BUSHEHR, IR",,,,,,,"  178","H,,S"
"IRM00040858","2007-02-05","28.945","50.835","20.7","BUSHEHR, IR",,,,,,,"  156","H,,S"
"IRM00040858","2007-02-06","28.945","50.835","20.7","BUSHEHR, IR",,,,,,,"  168","H,,S"
"IRM00040858","2007-02-07","28.945","50.835","20.7","BUSHEHR, IR",,,,,,,"  183","H,,S"
"IRM00040858","2007-02-08","28.945","50.835","20.7","BUSHEHR, IR",,,,,,,"  146","H,,S"
"IRM00040858","2007-02-09","28.945","50.835","20.7","BUSHEHR, IR",,,,,,,"  142","H,,S"
"IRM00040858","2007-02-10","28.945","50.835","20.7","BUSHEHR, IR",,,,,,,"  149","H,,S"
"IRM00040858","2007-02-11","28.945","50.835","20.7","BUSHEHR, IR",,,,,,,"  144","H,,S"
"IRM00040858","2007-02-12","28.945","50.835","20.7","BUSHEHR, IR",,,,,,,"  159","H,,S"
"IRM00040858","2007-02-13","28.945","50.835","20.7","BUSHEHR, IR",,,,,,,"  164","H,,S"
"IRM00040858","2007-02-14","28.945","50.835","20.7","BUSHEHR, IR",,,,,,,"  182","H,,S"
"IRM00040858","2007-02-15","28.945","50.835","20.7","BUSHEHR, IR",,,,,,,"  173","H,,S"
"IRM00040858","2007-02-16","28.945","50.835","20.7","BUSHEHR, IR",,,,,,,"  184","H,,S"
"IRM00040858","2007-02-17","28.945","50.835","20.7","BUSHEHR, IR",,,,,,,"  163","H,,S"
"IRM00040858","2007-02-18","28.945","50.835","20.7","BUSHEHR, IR",,,,,,,"  172","H,,S"
"IRM00040858","2007-02-19","28.945","50.835","20.7","BUSHEHR, IR",,,,,,,"  182","H,,S"
"IRM00040858","2007-02-20","28.945","50.835","20.7","BUSHEHR, IR",,,,,,,"  173","H,,S"
"IRM00040858","2007-02-21","28.945","50.835","20.7","BUSHEHR, IR",,,,,,,"  169","H,,S"
"IRM00040858","2007-02-22","28.945","50.835","20.7","BUSHEHR, IR",,,,,,,"  171","H,,S"
"IRM00040858","2007-02-23","28.945","50.835","20.7","BUSHEHR, IR",,,,,,,"  186","H,,S"
"IRM00040858","2007-02-24","28.945","50.835","20.7","BUSHEHR, IR",,,,,,,"  166","H,,S"
"IRM00040858","2007-02-25","28.945","50.835","20.7","BUSHEHR, IR",,,,,,,"  189","H,,S"
"IRM00040858","2007-02-26","28.945","50.835","20.7","BUSHEHR, IR",,,,,,,"  188","H,,S"
"IRM00040858","2007-02-27","28.945","50.835","20.7","BUSHEHR, IR",,,,,,,"  188","H,,S"
"IRM00040858","2007-02-28","28.945","50.835","20.7","BUSHEHR, IR",,,,,,,"  178","H,,S"
"IRM00040858","2007-03-01","28.945","50.835","20.7","BUSHEHR, IR",,,,,,,"  199","H,,S"
"IRM00040858","2007-03-03","28.945","50.835","20.7","BUSHEHR, IR",,,,,,,"  181","H,,S"
"IRM00040858","2007-03-04","28.945","50.835","20.7","BUSHEHR, IR",,,,,,,"  176","H,,S"
"IRM00040858","2007-03-05","28.945","50.835","20.7","BUSHEHR, IR",,,,,,,"  176","H,,S"
"IRM00040858","2007-03-06","28.945","50.835","20.7","BUSHEHR, IR",,,,,,,"  198","H,,S"
"IRM00040858","2007-03-07","28.945","50.835","20.7","BUSHEHR, IR",,,,,,,"  192","H,,S"
"IRM00040858","2007-03-08","28.945","50.835","20.7","BUSHEHR, IR",,,,,,,"  178","H,,S"
"IRM00040858","2007-03-09","28.945","50.835","20.7","BUSHEHR, IR",,,,,,,"  177","H,,S"
"IRM00040858","2007-03-10","28.945","50.835","20.7","BUSHEHR, IR",,,,,,,"  197","H,,S"
"IRM00040858","2007-03-11","28.945","50.835","20.7","BUSHEHR, IR",,,,,,,"  191","H,,S"
"IRM00040858","2007-03-12","28.945","50.835","20.7","BUSHEHR, IR",,,,,,,"  179","H,,S"
"IRM00040858","2007-03-13","28.945","50.835","20.7","BUSHEHR, IR",,,,,,,"  207","H,,S"
"IRM00040858","2007-03-14","28.945","50.835","20.7","BUSHEHR, IR",,,,,,,"  242","H,,S"
"IRM00040858","2007-03-15","28.945","50.835","20.7","BUSHEHR, IR",,,,,,,"  251","H,,S"
"IRM00040858","2007-03-16","28.945","50.835","20.7","BUSHEHR, IR",,,,,,,"  202","H,,S"
"IRM00040858","2007-03-17","28.945","50.835","20.7","BUSHEHR, IR",,,,,,,"  172","H,,S"
"IRM00040858","2007-03-18","28.945","50.835","20.7","BUSHEHR, IR",,,,,,,"  176","H,,S"
"IRM00040858","2007-03-19","28.945","50.835","20.7","BUSHEHR, IR",,,,,,,"  164","H,,S"
"IRM00040858","2007-03-20","28.945","50.835","20.7","BUSHEHR, IR",,,,,,,"  169","H,,S"
"IRM00040858","2007-03-21","28.945","50.835","20.7","BUSHEHR, IR",,,,,,,"  199","H,,S"
"IRM00040858","2007-03-22","28.945","50.835","20.7","BUSHEHR, IR",,,,,,,"  228","H,,S"
"IRM00040858","2007-03-23","28.945","50.835","20.7","BUSHEHR, IR",,,,,,,"  214","H,,S"
"IRM00040858","2007-03-24","28.945","50.835","20.7","BUSHEHR, IR",,,,,,,"  212","H,,S"
"IRM00040858","2007-03-25","28.945","50.835","20.7","BUSHEHR, IR",,,,,,,"  224","H,,S"
"IRM00040858","2007-03-26","28.945","50.835","20.7","BUSHEHR, IR",,,,,,,"  249","H,,S"
"IRM00040858","2007-03-27","28.945","50.835","20.7","BUSHEHR, IR",,,,,,,"  231","H,,S"
"IRM00040858","2007-03-28","28.945","50.835","20.7","BUSHEHR, IR",,,,,,,"  214","H,,S"
"IRM00040858","2007-03-29","28.945","50.835","20.7","BUSHEHR, IR",,,,,,,"  206","H,,S"
"IRM00040858","2007-03-30","28.945","50.835","20.7","BUSHEHR, IR",,,,,,,"  202","H,,S"
"IRM00040858","2007-03-31","28.945","50.835","20.7","BUSHEHR, IR",,,,,,,"  205","H,,S"
"IRM00040858","2007-04-01","28.945","50.835","20.7","BUSHEHR, IR",,,,,,,"  212","H,,S"
"IRM00040858","2007-04-02","28.945","50.835","20.7","BUSHEHR, IR",,,,,,,"  233","H,,S"
"IRM00040858","2007-04-03","28.945","50.835","20.7","BUSHEHR, IR",,,,,,,"  209","H,,S"
"IRM00040858","2007-04-04","28.945","50.835","20.7","BUSHEHR, IR",,,,,,,"  232","H,,S"
"IRM00040858","2007-04-05","28.945","50.835","20.7","BUSHEHR, IR",,,,,,,"  238","H,,S"
"IRM00040858","2007-04-06","28.945","50.835","20.7","BUSHEHR, IR",,,,,,,"  229","H,,S"
"IRM00040858","2007-04-07","28.945","50.835","20.7","BUSHEHR, IR",,,,,,,"  231","H,,S"
"IRM00040858","2007-04-08","28.945","50.835","20.7","BUSHEHR, IR",,,,,,,"  264","H,,S"
"IRM00040858","2007-04-09","28.945","50.835","20.7","BUSHEHR, IR",,,,,,,"  274","H,,S"
"IRM00040858","2007-04-10","28.945","50.835","20.7","BUSHEHR, IR",,,,,,,"  300","H,,S"
"IRM00040858","2007-04-11","28.945","50.835","20.7","BUSHEHR, IR",,,,,,,"  265","H,,S"
"IRM00040858","2007-04-12","28.945","50.835","20.7","BUSHEHR, IR",,,,,,,"  263","H,,S"
"IRM00040858","2007-04-13","28.945","50.835","20.7","BUSHEHR, IR",,,,,,,"  248","H,,S"
"IRM00040858","2007-04-14","28.945","50.835","20.7","BUSHEHR, IR",,,,,,,"  246","H,,S"
"IRM00040858","2007-04-15","28.945","50.835","20.7","BUSHEHR, IR",,,,,,,"  230","H,,S"
"IRM00040858","2007-04-16","28.945","50.835","20.7","BUSHEHR, IR",,,,,,,"  228","H,,S"
"IRM00040858","2007-04-17","28.945","50.835","20.7","BUSHEHR, IR",,,,,,,"  244","H,,S"
"IRM00040858","2007-04-18","28.945","50.835","20.7","BUSHEHR, IR",,,,,,,"  274","H,,S"
"IRM00040858","2007-04-19","28.945","50.835","20.7","BUSHEHR, IR",,,,,,,"  273","H,,S"
"IRM00040858","2007-04-20","28.945","50.835","20.7","BUSHEHR, IR",,,,,,,"  253","H,,S"
"IRM00040858","2007-04-21","28.945","50.835","20.7","BUSHEHR, IR",,,,,,,"  257","H,,S"
"IRM00040858","2007-04-22","28.945","50.835","20.7","BUSHEHR, IR",,,,,,,"  262","H,,S"
"IRM00040858","2007-04-23","28.945","50.835","20.7","BUSHEHR, IR",,,,,,,"  252","H,,S"
"IRM00040858","2007-04-24","28.945","50.835","20.7","BUSHEHR, IR",,,,,,,"  275","H,,S"
"IRM00040858","2007-04-25","28.945","50.835","20.7","BUSHEHR, IR",,,,,,,"  284","H,,S"
"IRM00040858","2007-04-26","28.945","50.835","20.7","BUSHEHR, IR",,,,,,,"  309","H,,S"
"IRM00040858","2007-04-27","28.945","50.835","20.7","BUSHEHR, IR",,,,,,,"  294","H,,S"
"IRM00040858","2007-04-28","28.945","50.835","20.7","BUSHEHR, IR",,,,,,,"  272","H,,S"
"IRM00040858","2007-04-29","28.945","50.835","20.7","BUSHEHR, IR",,,,,,,"  281","H,,S"
"IRM00040858","2007-04-30","28.945","50.835","20.7","BUSHEHR, IR",,,,,,,"  328","H,,S"
"IRM00040858","2007-05-01","28.945","50.835","20.7","BUSHEHR, IR",,,,,,,"  294","H,,S"
"IRM00040858","2007-05-02","28.945","50.835","20.7","BUSHEHR, IR",,,,,,,"  286","H,,S"
"IRM00040858","2007-05-03","28.945","50.835","20.7","BUSHEHR, IR",,,,,,,"  284","H,,S"
"IRM00040858","2007-05-04","28.945","50.835","20.7","BUSHEHR, IR",,,,,,,"  293","H,,S"
"IRM00040858","2007-05-05","28.945","50.835","20.7","BUSHEHR, IR",,,,,,,"  295","H,,S"
"IRM00040858","2007-05-06","28.945","50.835","20.7","BUSHEHR, IR",,,,,,,"  291","H,,S"
"IRM00040858","2007-05-07","28.945","50.835","20.7","BUSHEHR, IR",,,,,,,"  285","H,,S"
"IRM00040858","2007-05-08","28.945","50.835","20.7","BUSHEHR, IR",,,,,,,"  279","H,,S"
"IRM00040858","2007-05-09","28.945","50.835","20.7","BUSHEHR, IR",,,,,,,"  285","H,,S"
"IRM00040858","2007-05-10","28.945","50.835","20.7","BUSHEHR, IR",,,,,,,"  293","H,,S"
"IRM00040858","2007-05-11","28.945","50.835","20.7","BUSHEHR, IR",,,,,,,"  307","H,,S"
"IRM00040858","2007-05-12","28.945","50.835","20.7","BUSHEHR, IR",,,,,,,"  321","H,,S"
"IRM00040858","2007-05-13","28.945","50.835","20.7","BUSHEHR, IR",,,,,,,"  322","H,,S"
"IRM00040858","2007-05-14","28.945","50.835","20.7","BUSHEHR, IR",,,,,,,"  321","H,,S"
"IRM00040858","2007-05-15","28.945","50.835","20.7","BUSHEHR, IR",,,,,,,"  332","H,,S"
"IRM00040858","2007-05-16","28.945","50.835","20.7","BUSHEHR, IR",,,,,,,"  301","H,,S"
"IRM00040858","2007-05-17","28.945","50.835","20.7","BUSHEHR, IR",,,,,,,"  301","H,,S"
"IRM00040858","2007-05-18","28.945","50.835","20.7","BUSHEHR, IR",,,,,,,"  299","H,,S"
"IRM00040858","2007-05-19","28.945","50.835","20.7","BUSHEHR, IR",,,,,,,"  299","H,,S"
"IRM00040858","2007-05-20","28.945","50.835","20.7","BUSHEHR, IR",,,,,,,"  305","H,,S"
"IRM00040858","2007-05-21","28.945","50.835","20.7","BUSHEHR, IR",,,,,,,"  292","H,,S"
"IRM00040858","2007-05-22","28.945","50.835","20.7","BUSHEHR, IR",,,,,,,"  300","H,,S"
"IRM00040858","2007-05-23","28.945","50.835","20.7","BUSHEHR, IR",,,,,,,"  301","H,,S"
"IRM00040858","2007-05-24","28.945","50.835","20.7","BUSHEHR, IR",,,,,,,"  312","H,,S"
"IRM00040858","2007-05-25","28.945","50.835","20.7","BUSHEHR, IR",,,,,,,"  310","H,,S"
"IRM00040858","2007-05-26","28.945","50.835","20.7","BUSHEHR, IR",,,,,,,"  303","H,,S"
"IRM00040858","2007-05-27","28.945","50.835","20.7","BUSHEHR, IR",,,,,,,"  316","H,,S"
"IRM00040858","2007-05-28","28.945","50.835","20.7","BUSHEHR, IR",,,,,,,"  342","H,,S"
"IRM00040858","2007-05-29","28.945","50.835","20.7","BUSHEHR, IR",,,,,,,"  331","H,,S"
"IRM00040858","2007-05-30","28.945","50.835","20.7","BUSHEHR, IR",,,,,,,"  352","H,,S"
"IRM00040858","2007-05-31","28.945","50.835","20.7","BUSHEHR, IR",,,,,,,"  321","H,,S"
"IRM00040858","2007-06-01","28.945","50.835","20.7","BUSHEHR, IR",,,,,,,"  336","H,,S"
"IRM00040858","2007-06-02","28.945","50.835","20.7","BUSHEHR, IR",,,,,,,"  347","H,,S"
"IRM00040858","2007-06-03","28.945","50.835","20.7","BUSHEHR, IR",,,,,,,"  335","H,,S"
"IRM00040858","2007-06-04","28.945","50.835","20.7","BUSHEHR, IR",,,,,,,"  328","H,,S"
"IRM00040858","2007-06-05","28.945","50.835","20.7","BUSHEHR, IR",,,,,,,"  306","H,,S"
"IRM00040858","2007-06-06","28.945","50.835","20.7","BUSHEHR, IR",,,,,,,"  301","H,,S"
"IRM00040858","2007-06-07","28.945","50.835","20.7","BUSHEHR, IR",,,,,,,"  312","H,,S"
"IRM00040858","2007-06-08","28.945","50.835","20.7","BUSHEHR, IR",,,,,,,"  308","H,,S"
"IRM00040858","2007-06-09","28.945","50.835","20.7","BUSHEHR, IR",,,,,,,"  308","H,,S"
"IRM00040858","2007-06-10","28.945","50.835","20.7","BUSHEHR, IR",,,,,,,"  329","H,,S"
"IRM00040858","2007-06-11","28.945","50.835","20.7","BUSHEHR, IR",,,,,,,"  312","H,,S"
"IRM00040858","2007-06-12","28.945","50.835","20.7","BUSHEHR, IR",,,,,,,"  331","H,,S"
"IRM00040858","2007-06-13","28.945","50.835","20.7","BUSHEHR, IR",,,,,,,"  329","H,,S"
"IRM00040858","2007-06-14","28.945","50.835","20.7","BUSHEHR, IR",,,,,,,"  321","H,,S"
"IRM00040858","2007-06-15","28.945","50.835","20.7","BUSHEHR, IR",,,,,,,"  316","H,,S"
"IRM00040858","2007-06-16","28.945","50.835","20.7","BUSHEHR, IR",,,,,,,"  314","H,,S"
"IRM00040858","2007-06-17","28.945","50.835","20.7","BUSHEHR, IR",,,,,,,"  318","H,,S"
"IRM00040858","2007-06-18","28.945","50.835","20.7","BUSHEHR, IR",,,,,,,"  330","H,,S"
"IRM00040858","2007-06-19","28.945","50.835","20.7","BUSHEHR, IR",,,,,,,"  324","H,,S"
"IRM00040858","2007-06-20","28.945","50.835","20.7","BUSHEHR, IR",,,,,,,"  324","H,,S"
"IRM00040858","2007-06-21","28.945","50.835","20.7","BUSHEHR, IR",,,,,,,"  319","H,,S"
"IRM00040858","2007-06-22","28.945","50.835","20.7","BUSHEHR, IR",,,,,,,"  325","H,,S"
"IRM00040858","2007-06-23","28.945","50.835","20.7","BUSHEHR, IR",,,,,,,"  328","H,,S"
"IRM00040858","2007-06-24","28.945","50.835","20.7","BUSHEHR, IR",,,,,,,"  316","H,,S"
"IRM00040858","2007-06-25","28.945","50.835","20.7","BUSHEHR, IR",,,,,,,"  317","H,,S"
"IRM00040858","2007-06-26","28.945","50.835","20.7","BUSHEHR, IR",,,,,,,"  321","H,,S"
"IRM00040858","2007-06-27","28.945","50.835","20.7","BUSHEHR, IR",,,,,,,"  327","H,,S"
"IRM00040858","2007-06-28","28.945","50.835","20.7","BUSHEHR, IR",,,,,,,"  316","H,,S"
"IRM00040858","2007-06-29","28.945","50.835","20.7","BUSHEHR, IR",,,,,,,"  336","H,,S"
"IRM00040858","2007-06-30","28.945","50.835","20.7","BUSHEHR, IR",,,,,,,"  335","H,,S"
"IRM00040858","2007-07-01","28.945","50.835","20.7","BUSHEHR, IR",,,,,,,"  331","H,,S"
"IRM00040858","2007-07-02","28.945","50.835","20.7","BUSHEHR, IR",,,,,,,"  344","H,,S"
"IRM00040858","2007-07-03","28.945","50.835","20.7","BUSHEHR, IR",,,,,,,"  339","H,,S"
"IRM00040858","2007-07-04","28.945","50.835","20.7","BUSHEHR, IR",,,,,,,"  334","H,,S"
"IRM00040858","2007-07-05","28.945","50.835","20.7","BUSHEHR, IR",,,,,,,"  330","H,,S"
"IRM00040858","2007-07-06","28.945","50.835","20.7","BUSHEHR, IR",,,,,,,"  331","H,,S"
"IRM00040858","2007-07-07","28.945","50.835","20.7","BUSHEHR, IR",,,,,,,"  329","H,,S"
"IRM00040858","2007-07-08","28.945","50.835","20.7","BUSHEHR, IR",,,,,,,"  326","H,,S"
"IRM00040858","2007-07-09","28.945","50.835","20.7","BUSHEHR, IR",,,,,,,"  326","H,,S"
"IRM00040858","2007-07-10","28.945","50.835","20.7","BUSHEHR, IR",,,,,,,"  330","H,,S"
"IRM00040858","2007-07-11","28.945","50.835","20.7","BUSHEHR, IR",,,,,,,"  336","H,,S"
"IRM00040858","2007-07-12","28.945","50.835","20.7","BUSHEHR, IR",,,,,,,"  336","H,,S"
"IRM00040858","2007-07-13","28.945","50.835","20.7","BUSHEHR, IR",,,,,,,"  342","H,,S"
"IRM00040858","2007-07-14","28.945","50.835","20.7","BUSHEHR, IR",,,,,,,"  338","H,,S"
"IRM00040858","2007-07-15","28.945","50.835","20.7","BUSHEHR, IR",,,,,,,"  336","H,,S"
"IRM00040858","2007-07-16","28.945","50.835","20.7","BUSHEHR, IR",,,,,,,"  327","H,,S"
"IRM00040858","2007-07-17","28.945","50.835","20.7","BUSHEHR, IR",,,,,,,"  321","H,,S"
"IRM00040858","2007-07-18","28.945","50.835","20.7","BUSHEHR, IR",,,,,,,"  322","H,,S"
"IRM00040858","2007-07-19","28.945","50.835","20.7","BUSHEHR, IR",,,,,,,"  313","H,,S"
"IRM00040858","2007-07-20","28.945","50.835","20.7","BUSHEHR, IR",,,,,,,"  324","H,,S"
"IRM00040858","2007-07-21","28.945","50.835","20.7","BUSHEHR, IR",,,,,,,"  329","H,,S"
"IRM00040858","2007-07-22","28.945","50.835","20.7","BUSHEHR, IR",,,,,,,"  328","H,,S"
"IRM00040858","2007-07-23","28.945","50.835","20.7","BUSHEHR, IR",,,,,,,"  326","H,,S"
"IRM00040858","2007-07-24","28.945","50.835","20.7","BUSHEHR, IR",,,,,,,"  326","H,,S"
"IRM00040858","2007-07-25","28.945","50.835","20.7","BUSHEHR, IR",,,,,,,"  321","H,,S"
"IRM00040858","2007-07-26","28.945","50.835","20.7","BUSHEHR, IR",,,,,,,"  323","H,,S"
"IRM00040858","2007-07-27","28.945","50.835","20.7","BUSHEHR, IR",,,,,,,"  333","H,,S"
"IRM00040858","2007-07-28","28.945","50.835","20.7","BUSHEHR, IR",,,,,,,"  342","H,,S"
"IRM00040858","2007-07-29","28.945","50.835","20.7","BUSHEHR, IR",,,,,,,"  337","H,,S"
"IRM00040858","2007-07-30","28.945","50.835","20.7","BUSHEHR, IR",,,,,,,"  329","H,,S"
"IRM00040858","2007-07-31","28.945","50.835","20.7","BUSHEHR, IR",,,,,,,"  334","H,,S"
"IRM00040858","2007-08-01","28.945","50.835","20.7","BUSHEHR, IR",,,,,,,"  347","H,,S"
"IRM00040858","2007-08-02","28.945","50.835","20.7","BUSHEHR, IR",,,,,,,"  356","H,,S"
"IRM00040858","2007-08-03","28.945","50.835","20.7","BUSHEHR, IR",,,,,,,"  358","H,,S"
"IRM00040858","2007-08-04","28.945","50.835","20.7","BUSHEHR, IR",,,,,,,"  348","H,,S"
"IRM00040858","2007-08-05","28.945","50.835","20.7","BUSHEHR, IR",,,,,,,"  349","H,,S"
"IRM00040858","2007-08-06","28.945","50.835","20.7","BUSHEHR, IR",,,,,,,"  347","H,,S"
"IRM00040858","2007-08-07","28.945","50.835","20.7","BUSHEHR, IR",,,,,,,"  341","H,,S"
"IRM00040858","2007-08-08","28.945","50.835","20.7","BUSHEHR, IR",,,,,,,"  350","H,,S"
"IRM00040858","2007-08-09","28.945","50.835","20.7","BUSHEHR, IR",,,,,,,"  346","H,,S"
"IRM00040858","2007-08-10","28.945","50.835","20.7","BUSHEHR, IR",,,,,,,"  334","H,,S"
"IRM00040858","2007-08-11","28.945","50.835","20.7","BUSHEHR, IR",,,,,,,"  338","H,,S"
"IRM00040858","2007-08-12","28.945","50.835","20.7","BUSHEHR, IR",,,,,,,"  341","H,,S"
"IRM00040858","2007-08-13","28.945","50.835","20.7","BUSHEHR, IR",,,,,,,"  351","H,,S"
"IRM00040858","2007-08-14","28.945","50.835","20.7","BUSHEHR, IR",,,,,,,"  347","H,,S"
"IRM00040858","2007-08-15","28.945","50.835","20.7","BUSHEHR, IR",,,,,,,"  338","H,,S"
"IRM00040858","2007-08-16","28.945","50.835","20.7","BUSHEHR, IR",,,,,,,"  333","H,,S"
"IRM00040858","2007-08-17","28.945","50.835","20.7","BUSHEHR, IR",,,,,,,"  333","H,,S"
"IRM00040858","2007-08-18","28.945","50.835","20.7","BUSHEHR, IR",,,,,,,"  331","H,,S"
"IRM00040858","2007-08-19","28.945","50.835","20.7","BUSHEHR, IR",,,,,,,"  332","H,,S"
"IRM00040858","2007-08-20","28.945","50.835","20.7","BUSHEHR, IR",,,,,,,"  346","H,,S"
"IRM00040858","2007-08-21","28.945","50.835","20.7","BUSHEHR, IR",,,,,,,"  339","H,,S"
"IRM00040858","2007-08-22","28.945","50.835","20.7","BUSHEHR, IR",,,,,,,"  346","H,,S"
"IRM00040858","2007-08-23","28.945","50.835","20.7","BUSHEHR, IR",,,,,,,"  343","H,,S"
"IRM00040858","2007-08-24","28.945","50.835","20.7","BUSHEHR, IR",,,,,,,"  339","H,,S"
"IRM00040858","2007-08-25","28.945","50.835","20.7","BUSHEHR, IR",,,,,,,"  338","H,,S"
"IRM00040858","2007-08-26","28.945","50.835","20.7","BUSHEHR, IR",,,,,,,"  337","H,,S"
"IRM00040858","2007-08-27","28.945","50.835","20.7","BUSHEHR, IR",,,,,,,"  336","H,,S"
"IRM00040858","2007-08-28","28.945","50.835","20.7","BUSHEHR, IR",,,,,,,"  302","H,,S"
"IRM00040858","2007-08-29","28.945","50.835","20.7","BUSHEHR, IR",,,,,,,"  341","H,,S"
"IRM00040858","2007-08-30","28.945","50.835","20.7","BUSHEHR, IR",,,,,,,"  347","H,,S"
"IRM00040858","2007-08-31","28.945","50.835","20.7","BUSHEHR, IR",,,,,,,"  337","H,,S"
"IRM00040858","2007-09-01","28.945","50.835","20.7","BUSHEHR, IR",,,,,,,"  337","H,,S"
"IRM00040858","2007-09-02","28.945","50.835","20.7","BUSHEHR, IR",,,,,,,"  334","H,,S"
"IRM00040858","2007-09-03","28.945","50.835","20.7","BUSHEHR, IR",,,,,,,"  334","H,,S"
"IRM00040858","2007-09-04","28.945","50.835","20.7","BUSHEHR, IR",,,,,,,"  346","H,,S"
"IRM00040858","2007-09-05","28.945","50.835","20.7","BUSHEHR, IR",,,,,,,"  346","H,,S"
"IRM00040858","2007-09-06","28.945","50.835","20.7","BUSHEHR, IR",,,,,,,"  334","H,,S"
"IRM00040858","2007-09-07","28.945","50.835","20.7","BUSHEHR, IR",,,,,,,"  343","H,,S"
"IRM00040858","2007-09-08","28.945","50.835","20.7","BUSHEHR, IR",,,,,,,"  334","H,,S"
"IRM00040858","2007-09-09","28.945","50.835","20.7","BUSHEHR, IR",,,,,,,"  329","H,,S"
"IRM00040858","2007-09-10","28.945","50.835","20.7","BUSHEHR, IR",,,,,,,"  330","H,,S"
"IRM00040858","2007-09-11","28.945","50.835","20.7","BUSHEHR, IR",,,,,,,"  329","H,,S"
"IRM00040858","2007-09-12","28.945","50.835","20.7","BUSHEHR, IR",,,,,,,"  321","H,,S"
"IRM00040858","2007-09-13","28.945","50.835","20.7","BUSHEHR, IR",,,,,,,"  327","H,,S"
"IRM00040858","2007-09-14","28.945","50.835","20.7","BUSHEHR, IR",,,,,,,"  324","H,,S"
"IRM00040858","2007-09-15","28.945","50.835","20.7","BUSHEHR, IR",,,,,,,"  327","H,,S"
"IRM00040858","2007-09-16","28.945","50.835","20.7","BUSHEHR, IR",,,,,,,"  334","H,,S"
"IRM00040858","2007-09-17","28.945","50.835","20.7","BUSHEHR, IR",,,,,,,"  326","H,,S"
"IRM00040858","2007-09-18","28.945","50.835","20.7","BUSHEHR, IR",,,,,,,"  323","H,,S"
"IRM00040858","2007-09-19","28.945","50.835","20.7","BUSHEHR, IR",,,,,,,"  321","H,,S"
"IRM00040858","2007-09-20","28.945","50.835","20.7","BUSHEHR, IR",,,,,,,"  319","H,,S"
"IRM00040858","2007-09-21","28.945","50.835","20.7","BUSHEHR, IR",,,,,,,"  325","H,,S"
"IRM00040858","2007-09-22","28.945","50.835","20.7","BUSHEHR, IR",,,,,,,"  314","H,,S"
"IRM00040858","2007-09-23","28.945","50.835","20.7","BUSHEHR, IR",,,,,,,"  314","H,,S"
"IRM00040858","2007-09-24","28.945","50.835","20.7","BUSHEHR, IR",,,,,,,"  312","H,,S"
"IRM00040858","2007-09-25","28.945","50.835","20.7","BUSHEHR, IR",,,,,,,"  316","H,,S"
"IRM00040858","2007-09-26","28.945","50.835","20.7","BUSHEHR, IR",,,,,,,"  324","H,,S"
"IRM00040858","2007-09-27","28.945","50.835","20.7","BUSHEHR, IR",,,,,,,"  311","H,,S"
"IRM00040858","2007-09-29","28.945","50.835","20.7","BUSHEHR, IR",,,,,,,"  310","H,,S"
"IRM00040858","2007-09-30","28.945","50.835","20.7","BUSHEHR, IR",,,,,,,"  299","H,,S"
"IRM00040858","2007-10-01","28.945","50.835","20.7","BUSHEHR, IR",,,,,,,"  306","H,,S"
"IRM00040858","2007-10-02","28.945","50.835","20.7","BUSHEHR, IR",,,,,,,"  313","H,,S"
"IRM00040858","2007-10-03","28.945","50.835","20.7","BUSHEHR, IR",,,,,,,"  314","H,,S"
"IRM00040858","2007-10-04","28.945","50.835","20.7","BUSHEHR, IR",,,,,,,"  301","H,,S"
"IRM00040858","2007-10-05","28.945","50.835","20.7","BUSHEHR, IR",,,,,,,"  303","H,,S"
"IRM00040858","2007-10-06","28.945","50.835","20.7","BUSHEHR, IR",,,,,,,"  299","H,,S"
"IRM00040858","2007-10-07","28.945","50.835","20.7","BUSHEHR, IR",,,,,,,"  295","H,,S"
"IRM00040858","2007-10-08","28.945","50.835","20.7","BUSHEHR, IR",,,,,,,"  302","H,,S"
"IRM00040858","2007-10-09","28.945","50.835","20.7","BUSHEHR, IR",,,,,,,"  308","H,,S"
"IRM00040858","2007-10-10","28.945","50.835","20.7","BUSHEHR, IR",,,,,,,"  293","H,,S"
"IRM00040858","2007-10-11","28.945","50.835","20.7","BUSHEHR, IR",,,,,,,"  291","H,,S"
"IRM00040858","2007-10-12","28.945","50.835","20.7","BUSHEHR, IR",,,,,,,"  288","H,,S"
"IRM00040858","2007-10-13","28.945","50.835","20.7","BUSHEHR, IR",,,,,,,"  281","H,,S"
"IRM00040858","2007-10-14","28.945","50.835","20.7","BUSHEHR, IR",,,,,,,"  286","H,,S"
"IRM00040858","2007-10-15","28.945","50.835","20.7","BUSHEHR, IR",,,,,,,"  286","H,,S"
"IRM00040858","2007-10-16","28.945","50.835","20.7","BUSHEHR, IR",,,,,,,"  287","H,,S"
"IRM00040858","2007-10-17","28.945","50.835","20.7","BUSHEHR, IR",,,,,,,"  283","H,,S"
"IRM00040858","2007-10-18","28.945","50.835","20.7","BUSHEHR, IR",,,,,,,"  279","H,,S"
"IRM00040858","2007-10-19","28.945","50.835","20.7","BUSHEHR, IR",,,,,,,"  286","H,,S"
"IRM00040858","2007-10-20","28.945","50.835","20.7","BUSHEHR, IR",,,,,,,"  286","H,,S"
"IRM00040858","2007-10-21","28.945","50.835","20.7","BUSHEHR, IR",,,,,,,"  279","H,,S"
"IRM00040858","2007-10-22","28.945","50.835","20.7","BUSHEHR, IR",,,,,,,"  283","H,,S"
"IRM00040858","2007-10-23","28.945","50.835","20.7","BUSHEHR, IR",,,,,,,"  287","H,,S"
"IRM00040858","2007-10-24","28.945","50.835","20.7","BUSHEHR, IR",,,,,,,"  276","H,,S"
"IRM00040858","2007-10-25","28.945","50.835","20.7","BUSHEHR, IR",,,,,,,"  282","H,,S"
"IRM00040858","2007-10-26","28.945","50.835","20.7","BUSHEHR, IR",,,,,,,"  275","H,,S"
"IRM00040858","2007-10-27","28.945","50.835","20.7","BUSHEHR, IR",,,,,,,"  293","H,,S"
"IRM00040858","2007-11-01","28.945","50.835","20.7","BUSHEHR, IR",,,,,,,"  270","H,,S"
"IRM00040858","2007-11-02","28.945","50.835","20.7","BUSHEHR, IR",,,,,,,"  241","H,,S"
"IRM00040858","2007-11-03","28.945","50.835","20.7","BUSHEHR, IR",,,,,,,"  236","H,,S"
"IRM00040858","2007-11-04","28.945","50.835","20.7","BUSHEHR, IR",,,,,,,"  236","H,,S"
"IRM00040858","2007-11-05","28.945","50.835","20.7","BUSHEHR, IR",,,,,,,"  246","H,,S"
"IRM00040858","2007-11-06","28.945","50.835","20.7","BUSHEHR, IR",,,,,,,"  244","H,,S"
"IRM00040858","2007-11-07","28.945","50.835","20.7","BUSHEHR, IR",,,,,,,"  234","H,,S"
"IRM00040858","2007-11-08","28.945","50.835","20.7","BUSHEHR, IR",,,,,,,"  230","H,,S"
"IRM00040858","2007-11-09","28.945","50.835","20.7","BUSHEHR, IR",,,,,,,"  244","H,,S"
"IRM00040858","2007-11-10","28.945","50.835","20.7","BUSHEHR, IR",,,,,,,"  233","H,,S"
"IRM00040858","2007-11-11","28.945","50.835","20.7","BUSHEHR, IR",,,,,,,"  238","H,,S"
"IRM00040858","2007-11-12","28.945","50.835","20.7","BUSHEHR, IR",,,,,,,"  226","H,,S"
"IRM00040858","2007-11-13","28.945","50.835","20.7","BUSHEHR, IR",,,,,,,"  239","H,,S"
"IRM00040858","2007-11-14","28.945","50.835","20.7","BUSHEHR, IR",,,,,,,"  246","H,,S"
"IRM00040858","2007-11-15","28.945","50.835","20.7","BUSHEHR, IR",,,,,,,"  241","H,,S"
"IRM00040858","2007-11-16","28.945","50.835","20.7","BUSHEHR, IR",,,,,,,"  226","H,,S"
"IRM00040858","2007-11-17","28.945","50.835","20.7","BUSHEHR, IR",,,,,,,"  228","H,,S"
"IRM00040858","2007-11-18","28.945","50.835","20.7","BUSHEHR, IR",,,,,,,"  248","H,,S"
"IRM00040858","2007-11-19","28.945","50.835","20.7","BUSHEHR, IR",,,,,,,"  251","H,,S"
"IRM00040858","2007-11-20","28.945","50.835","20.7","BUSHEHR, IR",,,,,,,"  257","H,,S"
"IRM00040858","2007-11-21","28.945","50.835","20.7","BUSHEHR, IR",,,,,,,"  251","H,,S"
"IRM00040858","2007-11-22","28.945","50.835","20.7","BUSHEHR, IR",,,,,,,"  258","H,,S"
"IRM00040858","2007-11-23","28.945","50.835","20.7","BUSHEHR, IR",,,,,,,"  251","H,,S"
"IRM00040858","2007-11-24","28.945","50.835","20.7","BUSHEHR, IR",,,,,,,"  229","H,,S"
"IRM00040858","2007-11-25","28.945","50.835","20.7","BUSHEHR, IR",,,,,,,"  198","H,,S"
"IRM00040858","2007-11-26","28.945","50.835","20.7","BUSHEHR, IR",,,,,,,"  184","H,,S"
"IRM00040858","2007-11-27","28.945","50.835","20.7","BUSHEHR, IR",,,,,,,"  179","H,,S"
"IRM00040858","2007-11-28","28.945","50.835","20.7","BUSHEHR, IR",,,,,,,"  161","H,,S"
"IRM00040858","2007-11-29","28.945","50.835","20.7","BUSHEHR, IR",,,,,,,"  163","H,,S"
"IRM00040858","2007-11-30","28.945","50.835","20.7","BUSHEHR, IR",,,,,,,"  174","H,,S"
"IRM00040858","2007-12-01","28.945","50.835","20.7","BUSHEHR, IR",,,,,,,"  176","H,,S"
"IRM00040858","2007-12-02","28.945","50.835","20.7","BUSHEHR, IR",,,,,,,"  231","H,,S"
"IRM00040858","2007-12-03","28.945","50.835","20.7","BUSHEHR, IR",,,,,,,"  194","H,,S"
"IRM00040858","2007-12-04","28.945","50.835","20.7","BUSHEHR, IR",,,,,,,"  178","H,,S"
"IRM00040858","2007-12-05","28.945","50.835","20.7","BUSHEHR, IR",,,,,,,"  184","H,,S"
"IRM00040858","2007-12-06","28.945","50.835","20.7","BUSHEHR, IR",,,,,,,"  203","H,,S"
"IRM00040858","2007-12-07","28.945","50.835","20.7","BUSHEHR, IR",,,,,,,"  224","H,,S"
"IRM00040858","2007-12-08","28.945","50.835","20.7","BUSHEHR, IR",,,,,,,"  229","H,,S"
"IRM00040858","2007-12-09","28.945","50.835","20.7","BUSHEHR, IR",,,,,,,"  197","H,,S"
"IRM00040858","2007-12-10","28.945","50.835","20.7","BUSHEHR, IR",,,,,,,"  183","H,,S"
"IRM00040858","2007-12-11","28.945","50.835","20.7","BUSHEHR, IR",,,,,,,"  171","H,,S"
"IRM00040858","2007-12-12","28.945","50.835","20.7","BUSHEHR, IR",,,,,,,"  178","H,,S"
"IRM00040858","2007-12-13","28.945","50.835","20.7","BUSHEHR, IR",,,,,,,"  173","H,,S"
"IRM00040858","2007-12-14","28.945","50.835","20.7","BUSHEHR, IR",,,,,,,"  195","H,,S"
"IRM00040858","2007-12-15","28.945","50.835","20.7","BUSHEHR, IR",,,,,,,"  202","H,,S"
"IRM00040858","2007-12-16","28.945","50.835","20.7","BUSHEHR, IR",,,,,,,"  200","H,,S"
"IRM00040858","2007-12-17","28.945","50.835","20.7","BUSHEHR, IR",,,,,,,"  215","H,,S"
"IRM00040858","2007-12-18","28.945","50.835","20.7","BUSHEHR, IR",,,,,,,"  182","H,,S"
"IRM00040858","2007-12-19","28.945","50.835","20.7","BUSHEHR, IR",,,,,,,"  162","H,,S"
"IRM00040858","2007-12-20","28.945","50.835","20.7","BUSHEHR, IR",,,,,,,"  170","H,,S"
"IRM00040858","2007-12-21","28.945","50.835","20.7","BUSHEHR, IR",,,,,,,"  148","H,,S"
"IRM00040858","2007-12-22","28.945","50.835","20.7","BUSHEHR, IR",,,,,,,"  135","H,,S"
"IRM00040858","2007-12-23","28.945","50.835","20.7","BUSHEHR, IR",,,,,,,"  128","H,,S"
"IRM00040858","2007-12-24","28.945","50.835","20.7","BUSHEHR, IR",,,,,,,"  132","H,,S"
"IRM00040858","2007-12-25","28.945","50.835","20.7","BUSHEHR, IR",,,,,,,"  139","H,,S"
"IRM00040858","2007-12-26","28.945","50.835","20.7","BUSHEHR, IR",,,,,,,"  142","H,,S"
"IRM00040858","2007-12-27","28.945","50.835","20.7","BUSHEHR, IR",,,,,,,"  124","H,,S"
"IRM00040858","2007-12-28","28.945","50.835","20.7","BUSHEHR, IR",,,,,,,"  121","H,,S"
"IRM00040858","2007-12-29","28.945","50.835","20.7","BUSHEHR, IR",,,,,,,"  126","H,,S"
"IRM00040858","2007-12-30","28.945","50.835","20.7","BUSHEHR, IR",,,,,,,"  143","H,,S"
"IRM00040858","2007-12-31","28.945","50.835","20.7","BUSHEHR, IR",,,,,,,"  190","H,,S"
"IRM00040858","2008-01-01","28.945","50.835","20.7","BUSHEHR, IR",,,,,,,"  191","H,,S"
"IRM00040858","2008-01-02","28.945","50.835","20.7","BUSHEHR, IR",,,,,,,"  215","H,,S"
"IRM00040858","2008-01-03","28.945","50.835","20.7","BUSHEHR, IR",,,,,,,"  202","H,,S"
"IRM00040858","2008-01-04","28.945","50.835","20.7","BUSHEHR, IR",,,,,,,"  164","H,,S"
"IRM00040858","2008-01-05","28.945","50.835","20.7","BUSHEHR, IR",,,,,,,"  172","H,,S"
"IRM00040858","2008-01-06","28.945","50.835","20.7","BUSHEHR, IR",,,,,,,"  133","H,,S"
"IRM00040858","2008-01-07","28.945","50.835","20.7","BUSHEHR, IR",,,,,,,"   92","H,,S"
"IRM00040858","2008-01-08","28.945","50.835","20.7","BUSHEHR, IR",,,,,,,"   98","H,,S"
"IRM00040858","2008-01-09","28.945","50.835","20.7","BUSHEHR, IR",,,,,,,"  106","H,,S"
"IRM00040858","2008-01-10","28.945","50.835","20.7","BUSHEHR, IR",,,,,,,"  118","H,,S"
"IRM00040858","2008-01-11","28.945","50.835","20.7","BUSHEHR, IR",,,,,,,"  112","H,,S"
"IRM00040858","2008-01-12","28.945","50.835","20.7","BUSHEHR, IR",,,,,,,"  114","H,,S"
"IRM00040858","2008-01-13","28.945","50.835","20.7","BUSHEHR, IR",,,,,,,"   99","H,,S"
"IRM00040858","2008-01-14","28.945","50.835","20.7","BUSHEHR, IR",,,,,,,"   99","H,,S"
"IRM00040858","2008-01-15","28.945","50.835","20.7","BUSHEHR, IR",,,,,,,"   84","H,,S"
"IRM00040858","2008-01-16","28.945","50.835","20.7","BUSHEHR, IR",,,,,,,"   92","H,,S"
"IRM00040858","2008-01-17","28.945","50.835","20.7","BUSHEHR, IR",,,,,,,"  101","H,,S"
"IRM00040858","2008-01-18","28.945","50.835","20.7","BUSHEHR, IR",,,,,,,"  115","H,,S"
"IRM00040858","2008-01-19","28.945","50.835","20.7","BUSHEHR, IR",,,,,,,"  125","H,,S"
"IRM00040858","2008-01-20","28.945","50.835","20.7","BUSHEHR, IR",,,"  172",",,S",,,"  134","H,,S"
"IRM00040858","2008-01-21","28.945","50.835","20.7","BUSHEHR, IR","    0",",,S","  184",",,S","  110",",,S","  153","H,,S"
"IRM00040858","2008-01-22","28.945","50.835","20.7","BUSHEHR, IR","    0",",,S","  172",",,S",,,"  151","H,,S"
"IRM00040858","2008-01-23","28.945","50.835","20.7","BUSHEHR, IR",,,,,"  125",",,S","  141","H,,S"
"IRM00040858","2008-01-24","28.945","50.835","20.7","BUSHEHR, IR","   20","D,,S","  155",",,S",,,"  134","H,,S"
"IRM00040858","2008-01-25","28.945","50.835","20.7","BUSHEHR, IR","    0",",,S","  140",",,S",,,"  111","H,,S"
"IRM00040858","2008-01-26","28.945","50.835","20.7","BUSHEHR, IR","    0",",,S",,,"   80",",,S","  134","H,,S"
"IRM00040858","2008-01-27","28.945","50.835","20.7","BUSHEHR, IR","  216",",,S","  170",",,S",,,"  146","H,,S"
"IRM00040858","2008-01-28","28.945","50.835","20.7","BUSHEHR, IR","    0",",,S","  142",",,S",,,"  118","H,,S"
"IRM00040858","2008-01-29","28.945","50.835","20.7","BUSHEHR, IR","    0",",,S","  178",",,S",,,"  127","H,,S"
"IRM00040858","2008-01-30","28.945","50.835","20.7","BUSHEHR, IR","    0",",,S","  214",",,S","   80",",,S","  161","H,,S"
"IRM00040858","2008-01-31","28.945","50.835","20.7","BUSHEHR, IR","    0",",,S","  220",",,S",,,"  154","H,,S"
"IRM00040858","2008-02-01","28.945","50.835","20.7","BUSHEHR, IR","    3",",,S","  120",",,S",,,"  106","H,,S"
"IRM00040858","2008-02-02","28.945","50.835","20.7","BUSHEHR, IR","    0",",,S","  130",",,S","   90",",,S","  110","H,,S"
"IRM00040858","2008-02-03","28.945","50.835","20.7","BUSHEHR, IR","    0",",,S","  130",",,S","  100",",,S","  113","H,,S"
"IRM00040858","2008-02-04","28.945","50.835","20.7","BUSHEHR, IR","    0",",,S","  145",",,S",,,"  107","H,,S"
"IRM00040858","2008-02-05","28.945","50.835","20.7","BUSHEHR, IR","    0",",,S","  190",",,S","   55",",,S","  122","H,,S"
"IRM00040858","2008-02-06","28.945","50.835","20.7","BUSHEHR, IR","    0",",,S","  168",",,S","   45",",,S","  116","H,,S"
"IRM00040858","2008-02-07","28.945","50.835","20.7","BUSHEHR, IR","    0",",,S","  174",",,S","   48",",,S","  119","H,,S"
"IRM00040858","2008-02-08","28.945","50.835","20.7","BUSHEHR, IR","    0",",,S","  197",",,S","   65",",,S","  138","H,,S"
"IRM00040858","2008-02-09","28.945","50.835","20.7","BUSHEHR, IR","    0",",,S","  204",",,S","   85",",,S","  149","H,,S"
"IRM00040858","2008-02-10","28.945","50.835","20.7","BUSHEHR, IR","    0",",,S","  192",",,S",,,"  149","H,,S"
"IRM00040858","2008-02-11","28.945","50.835","20.7","BUSHEHR, IR","    0",",,S","  230",",,S","  100",",,S","  177","H,,S"
"IRM00040858","2008-02-12","28.945","50.835","20.7","BUSHEHR, IR","    0",",,S","  255",",,S","  145",",,S","  202","H,,S"
"IRM00040858","2008-02-13","28.945","50.835","20.7","BUSHEHR, IR","    5",",,S","  210",",,S",,,"  180","H,,S"
"IRM00040858","2008-02-14","28.945","50.835","20.7","BUSHEHR, IR","    0",",,S","  205",",,S","  128",",,S","  172","H,,S"
"IRM00040858","2008-02-15","28.945","50.835","20.7","BUSHEHR, IR","    0",",,S","  235",",,S","  140",",,S","  184","H,,S"
"IRM00040858","2008-02-16","28.945","50.835","20.7","BUSHEHR, IR","    0",",,S",,,,,"  154","H,,S"
"IRM00040858","2008-02-17","28.945","50.835","20.7","BUSHEHR, IR","    0",",,S","  175",",,S","  130",",,S","  151","H,,S"
"IRM00040858","2008-02-18","28.945","50.835","20.7","BUSHEHR, IR","    0",",,S","  208",",,S","   94",",,S","  164","H,,S"
"IRM00040858","2008-02-19","28.945","50.835","20.7","BUSHEHR, IR","    0",",,S","  284",",,S","  145",",,S","  204","H,,S"
"IRM00040858","2008-02-20","28.945","50.835","20.7","BUSHEHR, IR","    0",",,S","  175",",,S",,,"  153","H,,S"
"IRM00040858","2008-02-21","28.945","50.835","20.7","BUSHEHR, IR","    0",",,S","  148",",,S","   95",",,S","  125","H,,S"
"IRM00040858","2008-02-22","28.945","50.835","20.7","BUSHEHR, IR","    0",",,S","  160",",,S","   80",",,S","  120","H,,S"
"IRM00040858","2008-02-23","28.945","50.835","20.7","BUSHEHR, IR","    0",",,S","  170",",,S","   70",",,S","  129","H,,S"
"IRM00040858","2008-02-24","28.945","50.835","20.7","BUSHEHR, IR","    0",",,S","  188",",,S","   55",",,S","  131","H,,S"
"IRM00040858","2008-02-25","28.945","50.835","20.7","BUSHEHR, IR","    0",",,S","  245",",,S","   90",",,S","  173","H,,S"
"IRM00040858","2008-02-26","28.945","50.835","20.7","BUSHEHR, IR","    0",",,S","  265",",,S","  125",",,S","  211","H,,S"
"IRM00040858","2008-02-27","28.945","50.835","20.7","BUSHEHR, IR","    0",",,S","  265",",,S",,,"  187","H,,S"
"IRM00040858","2008-02-28","28.945","50.835","20.7","BUSHEHR, IR","    0",",,S","  196",",,S",,,"  169","H,,S"
"IRM00040858","2008-02-29","28.945","50.835","20.7","BUSHEHR, IR","    0",",,S","  195",",,S","  125",",,S","  164","H,,S"
"IRM00040858","2008-03-01","28.945","50.835","20.7","BUSHEHR, IR","    0",",,S","  200",",,S",,,"  166","H,,S"
"IRM00040858","2008-03-02","28.945","50.835","20.7","BUSHEHR, IR","    0",",,S","  245",",,S","  105",",,S","  183","H,,S"
"IRM00040858","2008-03-03","28.945","50.835","20.7","BUSHEHR, IR","    0",",,S","  300",",,S","  145",",,S","  207","H,,S"
"IRM00040858","2008-03-04","28.945","50.835","20.7","BUSHEHR, IR","    0",",,S","  210",",,S","  135",",,S","  180","H,,S"
"IRM00040858","2008-03-05","28.945","50.835","20.7","BUSHEHR, IR","    0",",,S","  186",",,S","  150",",,S","  169","H,,S"
"IRM00040858","2008-03-06","28.945","50.835","20.7","BUSHEHR, IR","    0",",,S","  275",",,S",,,"  186","H,,S"
"IRM00040858","2008-03-07","28.945","50.835","20.7","BUSHEHR, IR","    0",",,S","  225",",,S","  120",",,S","  176","H,,S"
"IRM00040858","2008-03-08","28.945","50.835","20.7","BUSHEHR, IR","    0",",,S",,,"  110",",,S","  172","H,,S"
"IRM00040858","2008-03-09","28.945","50.835","20.7","BUSHEHR, IR","    0",",,S","  230",",,S","  118",",,S","  185","H,,S"
"IRM00040858","2008-03-10","28.945","50.835","20.7","BUSHEHR, IR","    0",",,S","  270",",,S","  130",",,S","  192","H,,S"
"IRM00040858","2008-03-11","28.945","50.835","20.7","BUSHEHR, IR","    0",",,S","  245",",,S","  120",",,S","  191","H,,S"
"IRM00040858","2008-03-12","28.945","50.835","20.7","BUSHEHR, IR","    0",",,S","  290",",,S","  138",",,S","  216","H,,S"
"IRM00040858","2008-03-13","28.945","50.835","20.7","BUSHEHR, IR","    0",",,S","  305",",,S","  140",",,S","  234","H,,S"
"IRM00040858","2008-03-14","28.945","50.835","20.7","BUSHEHR, IR","    0",",,S","  280",",,S",,,"  226","H,,S"
"IRM00040858","2008-03-15","28.945","50.835","20.7","BUSHEHR, IR","    0",",,S","  240",",,S",,,"  201","H,,S"
"IRM00040858","2008-03-16","28.945","50.835","20.7","BUSHEHR, IR","    0",",,S","  235",",,S","  136",",,S","  201","H,,S"
"IRM00040858","2008-03-17","28.945","50.835","20.7","BUSHEHR, IR","    0",",,S","  225",",,S","  170",",,S","  198","H,,S"
"IRM00040858","2008-03-18","28.945","50.835","20.7","BUSHEHR, IR","    0",",,S","  270",",,S",,,"  201","H,,S"
"IRM00040858","2008-03-19","28.945","50.835","20.7","BUSHEHR, IR","    0",",,S",,,"  165",",,S","  234","H,,S"
"IRM00040858","2008-03-20","28.945","50.835","20.7","BUSHEHR, IR","    0",",,S","  334",",,S","  195",",,S","  225","H,,S"
"IRM00040858","2008-03-21","28.945","50.835","20.7","BUSHEHR, IR","    0",",,S","  240",",,S",,,"  212","H,,S"
"IRM00040858","2008-03-22","28.945","50.835","20.7","BUSHEHR, IR","    0",",,S","  246",",,S","  160",",,S","  213","H,,S"
"IRM00040858","2008-03-23","28.945","50.835","20.7","BUSHEHR, IR","    0",",,S","  250",",,S","  175",",,S","  216","H,,S"
"IRM00040858","2008-03-24","28.945","50.835","20.7","BUSHEHR, IR","    0",",,S","  280",",,S","  155",",,S","  218","H,,S"
"IRM00040858","2008-03-25","28.945","50.835","20.7","BUSHEHR, IR","    0",",,S","  330",",,S","  160",",,S","  238","H,,S"
"IRM00040858","2008-03-26","28.945","50.835","20.7","BUSHEHR, IR","    0",",,S","  354",",,S","  176",",,S","  267","H,,S"
"IRM00040858","2008-03-27","28.945","50.835","20.7","BUSHEHR, IR","    0",",,S","  350",",,S","  220",",,S","  290","H,,S"
"IRM00040858","2008-03-28","28.945","50.835","20.7","BUSHEHR, IR","    0",",,S","  312",",,S",,,"  277","H,,S"
"IRM00040858","2008-03-29","28.945","50.835","20.7","BUSHEHR, IR","    0",",,S","  310",",,S","  176",",,S","  252","H,,S"
"IRM00040858","2008-03-30","28.945","50.835","20.7","BUSHEHR, IR","    0",",,S","  312",",,S","  180",",,S","  258","H,,S"
"IRM00040858","2008-03-31","28.945","50.835","20.7","BUSHEHR, IR","    0",",,S","  350",",,S","  210",",,S","  275","H,,S"
"IRM00040858","2008-04-01","28.945","50.835","20.7","BUSHEHR, IR","    0",",,S","  346",",,S",,,"  261","H,,S"
"IRM00040858","2008-04-02","28.945","50.835","20.7","BUSHEHR, IR","    0",",,S","  270",",,S","  192",",,S","  240","H,,S"
"IRM00040858","2008-04-03","28.945","50.835","20.7","BUSHEHR, IR","    0",",,S","  252",",,S",,,"  219","H,,S"
"IRM00040858","2008-04-04","28.945","50.835","20.7","BUSHEHR, IR","    0",",,S","  282",",,S","  155",",,S","  227","H,,S"
"IRM00040858","2008-04-05","28.945","50.835","20.7","BUSHEHR, IR","    0",",,S","  270",",,S","  175",",,S","  235","H,,S"
"IRM00040858","2008-04-06","28.945","50.835","20.7","BUSHEHR, IR","    0",",,S","  284",",,S","  190",",,S","  237","H,,S"
"IRM00040858","2008-04-07","28.945","50.835","20.7","BUSHEHR, IR","    0",",,S","  295",",,S","  192",",,S","  243","H,,S"
"IRM00040858","2008-04-08","28.945","50.835","20.7","BUSHEHR, IR","   13",",,S","  284",",,S","  215",",,S","  239","H,,S"
"IRM00040858","2008-04-09","28.945","50.835","20.7","BUSHEHR, IR","    0",",,S","  268",",,S",,,"  233","H,,S"
"IRM00040858","2008-04-10","28.945","50.835","20.7","BUSHEHR, IR","    0",",,S","  260",",,S","  200",",,S","  226","H,,S"
"IRM00040858","2008-04-11","28.945","50.835","20.7","BUSHEHR, IR","    0",",,S","  270",",,S","  190",",,S","  236","H,,S"
"IRM00040858","2008-04-12","28.945","50.835","20.7","BUSHEHR, IR","    0",",,S","  300",",,S","  195",",,S","  247","H,,S"
"IRM00040858","2008-04-13","28.945","50.835","20.7","BUSHEHR, IR","    0",",,S","  260",",,S","  205",",,S","  247","H,,S"
"IRM00040858","2008-04-14","28.945","50.835","20.7","BUSHEHR, IR","    0",",,S","  270",",,S","  200",",,S","  251","H,,S"
"IRM00040858","2008-04-15","28.945","50.835","20.7","BUSHEHR, IR",,,"  285",",,S","  184",",,S","  243","H,,S"
"IRM00040858","2008-04-16","28.945","50.835","20.7","BUSHEHR, IR","    0",",,S","  300",",,S","  175",",,S","  258","H,,S"
"IRM00040858","2008-04-17","28.945","50.835","20.7","BUSHEHR, IR","    0",",,S","  324",",,S","  170",",,S","  263","H,,S"
"IRM00040858","2008-04-18","28.945","50.835","20.7","BUSHEHR, IR","    0",",,S",,,"  230",",,S","  257","H,,S"
"IRM00040858","2008-04-19","28.945","50.835","20.7","BUSHEHR, IR","    0",",,S","  262",",,S",,,"  235","H,,S"
"IRM00040858","2008-04-20","28.945","50.835","20.7","BUSHEHR, IR","    0",",,S",,,"  165",",,S","  253","H,,S"
"IRM00040858","2008-04-21","28.945","50.835","20.7","BUSHEHR, IR","    0",",,S","  282",",,S","  186",",,S","  242","H,,S"
"IRM00040858","2008-04-22","28.945","50.835","20.7","BUSHEHR, IR","    0",",,S","  285",",,S","  200",",,S","  244","H,,S"
"IRM00040858","2008-04-23","28.945","50.835","20.7","BUSHEHR, IR","    0",",,S","  310",",,S","  180",",,S","  252","H,,S"
"IRM00040858","2008-04-24","28.945","50.835","20.7","BUSHEHR, IR","    0",",,S","  300",",,S","  194",",,S","  256","H,,S"
"IRM00040858","2008-04-25","28.945","50.835","20.7","BUSHEHR, IR","    0",",,S","  304",",,S","  206",",,S","  263","H,,S"
"IRM00040858","2008-04-26","28.945","50.835","20.7","BUSHEHR, IR","    0",",,S","  330",",,S","  200",",,S","  267","H,,S"
"IRM00040858","2008-04-27","28.945","50.835","20.7","BUSHEHR, IR","    0",",,S","  320",",,S",,,"  264","H,,S"
"IRM00040858","2008-04-28","28.945","50.835","20.7","BUSHEHR, IR","    0",",,S","  315",",,S","  194",",,S","  259","H,,S"
"IRM00040858","2008-04-29","28.945","50.835","20.7","BUSHEHR, IR","    0",",,S","  320",",,S","  210",",,S","  286","H,,S"
"IRM00040858","2008-04-30","28.945","50.835","20.7","BUSHEHR, IR","    0",",,S","  336",",,S","  265",",,S","  291","H,,S"
"IRM00040858","2008-05-01","28.945","50.835","20.7","BUSHEHR, IR","    0",",,S","  330",",,S","  265",",,S","  293","H,,S"
"IRM00040858","2008-05-02","28.945","50.835","20.7","BUSHEHR, IR","    0",",,S","  340",",,S","  205",",,S","  288","H,,S"
"IRM00040858","2008-05-03","28.945","50.835","20.7","BUSHEHR, IR","    0",",,S","  360",",,S","  245",",,S","  298","H,,S"
"IRM00040858","2008-05-04","28.945","50.835","20.7","BUSHEHR, IR","    0",",,S","  375",",,S","  235",",,S","  281","H,,S"
"IRM00040858","2008-05-05","28.945","50.835","20.7","BUSHEHR, IR","    0",",,S","  370",",,S","  242",",,S","  308","H,,S"
"IRM00040858","2008-05-06","28.945","50.835","20.7","BUSHEHR, IR","    0",",,S","  350",",,S",,,"  286","H,,S"
"IRM00040858","2008-05-07","28.945","50.835","20.7","BUSHEHR, IR","    0",",,S","  330",",,S","  220",",,S","  276","H,,S"
"IRM00040858","2008-05-08","28.945","50.835","20.7","BUSHEHR, IR","    0",",,S","  370",",,S","  240",",,S","  299","H,,S"
"IRM00040858","2008-05-09","28.945","50.835","20.7","BUSHEHR, IR","    0",",,S",,,"  240",",,S","  288","H,,S"
"IRM00040858","2008-05-10","28.945","50.835","20.7","BUSHEHR, IR","    0",",,S","  328",",,S","  230",",,S","  285","H,,S"
"IRM00040858","2008-05-11","28.945","50.835","20.7","BUSHEHR, IR","    0",",,S","  334",",,S","  250",",,S","  296","H,,S"
"IRM00040858","2008-05-12","28.945","50.835","20.7","BUSHEHR, IR","    0",",,S","  365",",,S","  255",",,S","  300","H,,S"
"IRM00040858","2008-05-13","28.945","50.835","20.7","BUSHEHR, IR","    0",",,S","  335",",,S","  265",",,S","  302","H,,S"
"IRM00040858","2008-05-14","28.945","50.835","20.7","BUSHEHR, IR","    0",",,S","  332",",,S","  232",",,S","  294","H,,S"
"IRM00040858","2008-05-15","28.945","50.835","20.7","BUSHEHR, IR","    0",",,S","  330",",,S","  258",",,S","  296","H,,S"
"IRM00040858","2008-05-16","28.945","50.835","20.7","BUSHEHR, IR","    0",",,S","  320",",,S",,,"  288","H,,S"
"IRM00040858","2008-05-17","28.945","50.835","20.7","BUSHEHR, IR","    0",",,S","  334",",,S","  228",",,S","  300","H,,S"
"IRM00040858","2008-05-18","28.945","50.835","20.7","BUSHEHR, IR","    0",",,S","  336",",,S",,,"  305","H,,S"
"IRM00040858","2008-05-19","28.945","50.835","20.7","BUSHEHR, IR","    0",",,S","  340",",,S","  252",",,S","  303","H,,S"
"IRM00040858","2008-05-20","28.945","50.835","20.7","BUSHEHR, IR","    0",",,S","  340",",,S","  264",",,S","  311","H,,S"
"IRM00040858","2008-05-21","28.945","50.835","20.7","BUSHEHR, IR","    0",",,S","  328",",,S",,,"  301","H,,S"
"IRM00040858","2008-05-22","28.945","50.835","20.7","BUSHEHR, IR","    0",",,S","  315",",,S",,,"  291","H,,S"
"IRM00040858","2008-05-23","28.945","50.835","20.7","BUSHEHR, IR","    0",",,S","  336",",,S","  245",",,S","  293","H,,S"
"IRM00040858","2008-05-24","28.945","50.835","20.7","BUSHEHR, IR","    0",",,S","  340",",,S",,,"  293","H,,S"
"IRM00040858","2008-05-25","28.945","50.835","20.7","BUSHEHR, IR","    0",",,S","  344",",,S","  238",",,S","  296","H,,S"
"IRM00040858","2008-05-26","28.945","50.835","20.7","BUSHEHR, IR","    0",",,S","  335",",,S","  230",",,S","  280","H,,S"
"IRM00040858","2008-05-27","28.945","50.835","20.7","BUSHEHR, IR","    0",",,S","  360",",,S","  245",",,S","  303","H,,S"
"IRM00040858","2008-05-28","28.945","50.835","20.7","BUSHEHR, IR","    0",",,S","  385",",,S","  255",",,S","  324","H,,S"
"IRM00040858","2008-05-29","28.945","50.835","20.7","BUSHEHR, IR","    0",",,S","  408",",,S","  265",",,S","  329","H,,S"
"IRM00040858","2008-05-30","28.945","50.835","20.7","BUSHEHR, IR","    0",",,S",,,"  276",",,S","  326","H,,S"
"IRM00040858","2008-05-31","28.945","50.835","20.7","BUSHEHR, IR","    0",",,S","  356",",,S",,,"  320","H,,S"
"IRM00040858","2008-06-01","28.945","50.835","20.7","BUSHEHR, IR","    0",",,S",,,"  266",",,S","  336","H,,S"
"IRM00040858","2008-06-02","28.945","50.835","20.7","BUSHEHR, IR","    0",",,S","  368",",,S","  274",",,S","  330","H,,S"
"IRM00040858","2008-06-03","28.945","50.835","20.7","BUSHEHR, IR","    0",",,S","  450",",,S","  280",",,S","  345","H,,S"
"IRM00040858","2008-06-04","28.945","50.835","20.7","BUSHEHR, IR","    0",",,S","  370",",,S","  306",",,S","  335","H,,S"
"IRM00040858","2008-06-05","28.945","50.835","20.7","BUSHEHR, IR","    0",",,S","  346",",,S",,,"  321","H,,S"
"IRM00040858","2008-06-06","28.945","50.835","20.7","BUSHEHR, IR","    0",",,S","  330",",,S","  290",",,S","  306","H,,S"
"IRM00040858","2008-06-07","28.945","50.835","20.7","BUSHEHR, IR",,,"  330",",,S",,,"  301","H,,S"
"IRM00040858","2008-06-08","28.945","50.835","20.7","BUSHEHR, IR","    0",",,S","  325",",,S","  264",",,S","  309","H,,S"
"IRM00040858","2008-06-09","28.945","50.835","20.7","BUSHEHR, IR","    0",",,S","  320",",,S",,,"  296","H,,S"
"IRM00040858","2008-06-10","28.945","50.835","20.7","BUSHEHR, IR","    0",",,S","  332",",,S",,,"  288","H,,S"
"IRM00040858","2008-06-11","28.945","50.835","20.7","BUSHEHR, IR","    0",",,S","  336",",,S","  235",",,S","  303","H,,S"
"IRM00040858","2008-06-12","28.945","50.835","20.7","BUSHEHR, IR","    0",",,S",,,"  275",",,S","  307","H,,S"
"IRM00040858","2008-06-13","28.945","50.835","20.7","BUSHEHR, IR","    0",",,S","  335",",,S","  290",",,S","  309","H,,S"
"IRM00040858","2008-06-14","28.945","50.835","20.7","BUSHEHR, IR","    0",",,S","  320",",,S",,,"  301","H,,S"
"IRM00040858","2008-06-15","28.945","50.835","20.7","BUSHEHR, IR",,,"  320",",,S","  280",",,S","  297","H,,S"
"IRM00040858","2008-06-16","28.945","50.835","20.7","BUSHEHR, IR","    0",",,S","  330",",,S","  265",",,S","  306","H,,S"
"IRM00040858","2008-06-17","28.945","50.835","20.7","BUSHEHR, IR","    0",",,S","  320",",,S",,,"  298","H,,S"
"IRM00040858","2008-06-18","28.945","50.835","20.7","BUSHEHR, IR",,,,,,,"  294","H,,S"
"IRM00040858","2008-06-19","28.945","50.835","20.7","BUSHEHR, IR",,,"  335",",,S","  250",",,S","  294","H,,S"
"IRM00040858","2008-06-20","28.945","50.835","20.7","BUSHEHR, IR",,,"  360",",,S",,,"  306","H,,S"
"IRM00040858","2008-06-21","28.945","50.835","20.7","BUSHEHR, IR","    0",",,S",,,"  246",",,S","  314","H,,S"
"IRM00040858","2008-06-22","28.945","50.835","20.7","BUSHEHR, IR","    0",",,S","  344",",,S","  246",",,S","  310","H,,S"
"IRM00040858","2008-06-23","28.945","50.835","20.7","BUSHEHR, IR",,,,,,,"  321","H,,S"
"IRM00040858","2008-06-24","28.945","50.835","20.7","BUSHEHR, IR",,,"  360",",,S","  270",",,S","  327","H,,S"
"IRM00040858","2008-06-25","28.945","50.835","20.7","BUSHEHR, IR","    0",",,S","  364",",,S","  315",",,S","  337","H,,S"
"IRM00040858","2008-06-26","28.945","50.835","20.7","BUSHEHR, IR","    0",",,S","  360",",,S","  290",",,S","  329","H,,S"
"IRM00040858","2008-06-27","28.945","50.835","20.7","BUSHEHR, IR","    0",",,S","  405",",,S",,,"  325","H,,S"
"IRM00040858","2008-06-28","28.945","50.835","20.7","BUSHEHR, IR","    0",",,S","  360",",,S","  260",",,S","  319","H,,S"
"IRM00040858","2008-06-29","28.945","50.835","20.7","BUSHEHR, IR","    0",",,S","  380",",,S","  280",",,S","  334","H,,S"
"IRM00040858","2008-06-30","28.945","50.835","20.7","BUSHEHR, IR","    0",",,S","  388",",,S",,,"  338","H,,S"
"IRM00040858","2008-07-01","28.945","50.835","20.7","BUSHEHR, IR","    0",",,S",,,"  298",",,S","  333","H,,S"
"IRM00040858","2008-07-02","28.945","50.835","20.7","BUSHEHR, IR","    0",",,S","  375",",,S","  290",",,S","  323","H,,S"
"IRM00040858","2008-07-03","28.945","50.835","20.7","BUSHEHR, IR","    0",",,S","  362",",,S","  276",",,S","  321","H,,S"
"IRM00040858","2008-07-04","28.945","50.835","20.7","BUSHEHR, IR","    0",",,S","  356",",,S",,,"  322","H,,S"
"IRM00040858","2008-07-05","28.945","50.835","20.7","BUSHEHR, IR","    0",",,S","  365",",,S","  266",",,S","  337","H,,S"
"IRM00040858","2008-07-06","28.945","50.835","20.7","BUSHEHR, IR","    0",",,S","  366",",,S","  320",",,S","  337","H,,S"
"IRM00040858","2008-07-07","28.945","50.835","20.7","BUSHEHR, IR","    0",",,S","  350",",,S",,,"  322","H,,S"
"IRM00040858","2008-07-08","28.945","50.835","20.7","BUSHEHR, IR","    0",",,S","  350",",,S","  284",",,S","  323","H,,S"
"IRM00040858","2008-07-09","28.945","50.835","20.7","BUSHEHR, IR","    0",",,S","  362",",,S",,,"  328","H,,S"
"IRM00040858","2008-07-10","28.945","50.835","20.7","BUSHEHR, IR","    0",",,S","  350",",,S","  260",",,S","  315","H,,S"
"IRM00040858","2008-07-11","28.945","50.835","20.7","BUSHEHR, IR","    0",",,S","  350",",,S",,,"  319","H,,S"
"IRM00040858","2008-07-12","28.945","50.835","20.7","BUSHEHR, IR","    0",",,S","  360",",,S","  290",",,S","  333","H,,S"
"IRM00040858","2008-07-13","28.945","50.835","20.7","BUSHEHR, IR",,,"  365",",,S","  320",",,S","  340","H,,S"
"IRM00040858","2008-07-14","28.945","50.835","20.7","BUSHEHR, IR","    0",",,S",,,"  290",",,S","  336","H,,S"
"IRM00040858","2008-07-15","28.945","50.835","20.7","BUSHEHR, IR","    0",",,S","  375",",,S","  295",",,S","  333","H,,S"
"IRM00040858","2008-07-16","28.945","50.835","20.7","BUSHEHR, IR","    0",",,S","  370",",,S",,,"  340","H,,S"
"IRM00040858","2008-07-17","28.945","50.835","20.7","BUSHEHR, IR","    0",",,S","  385",",,S","  330",",,S","  354","H,,S"
"IRM00040858","2008-07-18","28.945","50.835","20.7","BUSHEHR, IR","    0",",,S","  390",",,S",,,"  342","H,,S"
"IRM00040858","2008-07-19","28.945","50.835","20.7","BUSHEHR, IR","    0",",,S","  440",",,S","  275",",,S","  349","H,,S"
"IRM00040858","2008-07-20","28.945","50.835","20.7","BUSHEHR, IR","    0",",,S","  380",",,S","  280",",,S","  341","H,,S"
"IRM00040858","2008-07-21","28.945","50.835","20.7","BUSHEHR, IR","    0",",,S","  400",",,S","  206",",O,S","  352","H,,S"
"IRM00040858","2008-07-22","28.945","50.835","20.7","BUSHEHR, IR","    0",",,S","  430",",,S","  306",",,S","  360","H,,S"
"IRM00040858","2008-07-23","28.945","50.835","20.7","BUSHEHR, IR",,,"  400",",,S","  300",",,S","  336","H,,S"
"IRM00040858","2008-07-24","28.945","50.835","20.7","BUSHEHR, IR","    0",",,S","  390",",,S","  300",",,S","  341","H,,S"
"IRM00040858","2008-07-25","28.945","50.835","20.7","BUSHEHR, IR","    0",",,S","  395",",,S","  284",",,S","  348","H,,S"
"IRM00040858","2008-07-26","28.945","50.835","20.7","BUSHEHR, IR","    0",",,S","  383",",,S","  300",",,S","  341","H,,S"
"IRM00040858","2008-07-27","28.945","50.835","20.7","BUSHEHR, IR","    0",",,S","  400",",,S","  300",",,S","  344","H,,S"
"IRM00040858","2008-07-28","28.945","50.835","20.7","BUSHEHR, IR","    0",",,S","  388",",,S","  310",",,S","  349","H,,S"
"IRM00040858","2008-07-29","28.945","50.835","20.7","BUSHEHR, IR","    0",",,S","  370",",,S",,,"  341","H,,S"
"IRM00040858","2008-07-30","28.945","50.835","20.7","BUSHEHR, IR","    0",",,S","  365",",,S","  295",",,S","  332","H,,S"
"IRM00040858","2008-07-31","28.945","50.835","20.7","BUSHEHR, IR","    0",",,S","  370",",,S","  288",",,S","  332","H,,S"
"IRM00040858","2008-08-01","28.945","50.835","20.7","BUSHEHR, IR","    0",",,S","  376",",,S","  315",",,S","  343","H,,S"
"IRM00040858","2008-08-02","28.945","50.835","20.7","BUSHEHR, IR","    0",",,S","  372",",,S","  304",",,S","  345","H,,S"
"IRM00040858","2008-08-03","28.945","50.835","20.7","BUSHEHR, IR","    0",",,S","  385",",,S","  318",",,S","  341","H,,S"
"IRM00040858","2008-08-04","28.945","50.835","20.7","BUSHEHR, IR","    0",",,S","  370",",,S","  315",",,S","  343","H,,S"
"IRM00040858","2008-08-05","28.945","50.835","20.7","BUSHEHR, IR","    0",",,S","  376",",,S","  310",",,S","  338","H,,S"
"IRM00040858","2008-08-06","28.945","50.835","20.7","BUSHEHR, IR",,,,,"  320",",,S","  336","H,,S"
"IRM00040858","2008-08-10","28.945","50.835","20.7","BUSHEHR, IR",,,"  392",",,S",,,"  349","H,,S"
"IRM00040858","2008-08-11","28.945","50.835","20.7","BUSHEHR, IR","    0",",,S","  385",",,S","  300",",,S","  345","H,,S"
"IRM00040858","2008-08-12","28.945","50.835","20.7","BUSHEHR, IR","    0",",,S","  388",",,S","  298",",,S","  352","H,,S"
"IRM00040858","2008-08-13","28.945","50.835","20.7","BUSHEHR, IR","    0",",,S","  380",",,S","  342",",,S","  353","H,,S"
"IRM00040858","2008-08-14","28.945","50.835","20.7","BUSHEHR, IR","    0",",,S","  370",",,S",,,"  343","H,,S"
"IRM00040858","2008-08-15","28.945","50.835","20.7","BUSHEHR, IR","    0",",,S","  378",",,S","  290",",,S","  336","H,,S"
"IRM00040858","2008-08-16","28.945","50.835","20.7","BUSHEHR, IR","    0",",,S","  370",",,S","  280",",,S","  331","H,,S"
"IRM00040858","2008-08-17","28.945","50.835","20.7","BUSHEHR, IR","    0",",,S","  368",",,S","  302",",,S","  329","H,,S"
"IRM00040858","2008-08-18","28.945","50.835","20.7","BUSHEHR, IR","    0",",,S","  375",",,S","  290",",,S","  329","H,,S"
"IRM00040858","2008-08-19","28.945","50.835","20.7","BUSHEHR, IR","    0",",,S","  400",",,S","  300",",,S","  333","H,,S"
"IRM00040858","2008-08-20","28.945","50.835","20.7","BUSHEHR, IR","    0",",,S","  404",",,S","  300",",,S","  339","H,,S"
"IRM00040858","2008-08-21","28.945","50.835","20.7","BUSHEHR, IR",,,,,"  285",",,S","  331","H,,S"
"IRM00040858","2008-08-22","28.945","50.835","20.7","BUSHEHR, IR","    0",",,S","  386",",,S","  290",",,S","  338","H,,S"
"IRM00040858","2008-08-23","28.945","50.835","20.7","BUSHEHR, IR","    0",",,S","  380",",,S","  310",",,S","  345","H,,S"
"IRM00040858","2008-08-24","28.945","50.835","20.7","BUSHEHR, IR","    0",",,S","  380",",,S","  304",",,S","  341","H,,S"
"IRM00040858","2008-08-25","28.945","50.835","20.7","BUSHEHR, IR","    0",",,S","  376",",,S","  280",",,S","  329","H,,S"
"IRM00040858","2008-08-26","28.945","50.835","20.7","BUSHEHR, IR","    0",",,S","  380",",,S","  275",",,S","  331","H,,S"
"IRM00040858","2008-08-27","28.945","50.835","20.7","BUSHEHR, IR","    0",",,S","  380",",,S",,,"  332","H,,S"
"IRM00040858","2008-08-28","28.945","50.835","20.7","BUSHEHR, IR","    0",",,S","  380",",,S","  300",",,S","  340","H,,S"
"IRM00040858","2008-08-29","28.945","50.835","20.7","BUSHEHR, IR","    0",",,S","  384",",,S","  300",",,S","  338","H,,S"
"IRM00040858","2008-08-30","28.945","50.835","20.7","BUSHEHR, IR","    0",",,S","  392",",,S","  288",",,S","  339","H,,S"
"IRM00040858","2008-08-31","28.945","50.835","20.7","BUSHEHR, IR","    0",",,S","  380",",,S","  300",",,S","  341","H,,S"
"IRM00040858","2008-09-01","28.945","50.835","20.7","BUSHEHR, IR","    0",",,S","  390",",,S","  305",",,S","  345","H,,S"
"IRM00040858","2008-09-02","28.945","50.835","20.7","BUSHEHR, IR",,,"  380",",,S","  296",",,S","  345","H,,S"
"IRM00040858","2008-09-03","28.945","50.835","20.7","BUSHEHR, IR","    0",",,S","  380",",,S",,,"  340","H,,S"
"IRM00040858","2008-09-04","28.945","50.835","20.7","BUSHEHR, IR","    0",",,S","  375",",,S",,,"  326","H,,S"
"IRM00040858","2008-09-05","28.945","50.835","20.7","BUSHEHR, IR",,,"  380",",,S","  300",",,S","  346","H,,S"
"IRM00040858","2008-09-06","28.945","50.835","20.7","BUSHEHR, IR",,,,,"  300",",,S","  333","H,,S"
"IRM00040858","2008-09-07","28.945","50.835","20.7","BUSHEHR, IR","    0",",,S",,,"  290",",,S","  346","H,,S"
"IRM00040858","2008-09-08","28.945","50.835","20.7","BUSHEHR, IR","    0",",,S","  400",",,S","  310",",,S","  354","H,,S"
"IRM00040858","2008-09-09","28.945","50.835","20.7","BUSHEHR, IR","    0",",,S","  390",",,S",,,"  339","H,,S"
"IRM00040858","2008-09-10","28.945","50.835","20.7","BUSHEHR, IR","    0",",,S","  390",",,S",,,"  342","H,,S"
"IRM00040858","2008-09-11","28.945","50.835","20.7","BUSHEHR, IR","    0",",,S","  408",",,S",,,"  348","H,,S"
"IRM00040858","2008-09-12","28.945","50.835","20.7","BUSHEHR, IR",,,"  385",",,S","  320",",,S","  346","H,,S"
"IRM00040858","2008-09-13","28.945","50.835","20.7","BUSHEHR, IR",,,"  370",",,S",,,"  326","H,,S"
"IRM00040858","2008-09-14","28.945","50.835","20.7","BUSHEHR, IR","    0",",,S","  365",",,S",,,"  313","H,,S"
"IRM00040858","2008-09-15","28.945","50.835","20.7","BUSHEHR, IR","    0",",,S",,,"  245",",,S","  329","H,,S"
"IRM00040858","2008-09-16","28.945","50.835","20.7","BUSHEHR, IR","    0",",,S","  370",",,S",,,"  342","H,,S"
"IRM00040858","2008-09-17","28.945","50.835","20.7","BUSHEHR, IR","    0",",,S","  360",",,S",,,"  327","H,,S"
"IRM00040858","2008-09-18","28.945","50.835","20.7","BUSHEHR, IR","    0",",,S","  360",",,S",,,"  317","H,,S"
"IRM00040858","2008-09-19","28.945","50.835","20.7","BUSHEHR, IR","    0",",,S","  365",",,S","  250",",,S","  309","H,,S"
"IRM00040858","2008-09-20","28.945","50.835","20.7","BUSHEHR, IR","    0",",,S","  360",",,S","  260",",,S","  316","H,,S"
"IRM00040858","2008-09-21","28.945","50.835","20.7","BUSHEHR, IR","    0",",,S","  376",",,S",,,"  318","H,,S"
"IRM00040858","2008-09-22","28.945","50.835","20.7","BUSHEHR, IR","    0",",,S","  365",",,S","  246",",,S","  312","H,,S"
"IRM00040858","2008-09-23","28.945","50.835","20.7","BUSHEHR, IR","    0",",,S","  366",",,S","  238",",,S","  304","H,,S"
"IRM00040858","2008-09-24","28.945","50.835","20.7","BUSHEHR, IR","    0",",,S",,,"  250",",,S","  314","H,,S"
"IRM00040858","2008-09-25","28.945","50.835","20.7","BUSHEHR, IR","    0",",,S","  355",",,S","  265",",,S","  308","H,,S"
"IRM00040858","2008-09-26","28.945","50.835","20.7","BUSHEHR, IR","    0",",,S","  345",",,S","  264",",,S","  309","H,,S"
"IRM00040858","2008-09-27","28.945","50.835","20.7","BUSHEHR, IR","    0",",,S",,,,,"  318","H,,S"
"IRM00040858","2008-09-28","28.945","50.835","20.7","BUSHEHR, IR","    0",",,S","  362",",,S","  254",",,S","  314","H,,S"
"IRM00040858","2008-09-29","28.945","50.835","20.7","BUSHEHR, IR","    0",",,S","  340",",,S","  265",",,S","  314","H,,S"
"IRM00040858","2008-09-30","28.945","50.835","20.7","BUSHEHR, IR","    0",",,S","  340",",,S","  280",",,S","  306","H,,S"
"IRM00040858","2008-10-01","28.945","50.835","20.7","BUSHEHR, IR","    0",",,S","  350",",,S","  250",",,S","  302","H,,S"
"IRM00040858","2008-10-02","28.945","50.835","20.7","BUSHEHR, IR","    0",",,S","  310",",,S",,,"  288","H,,S"
"IRM00040858","2008-10-03","28.945","50.835","20.7","BUSHEHR, IR","    0",",,S","  325",",,S","  235",",,S","  282","H,,S"
"IRM00040858","2008-10-04","28.945","50.835","20.7","BUSHEHR, IR","    0",",,S","  318",",,S",,,"  268","H,,S"
"IRM00040858","2008-10-05","28.945","50.835","20.7","BUSHEHR, IR","    0",",,S","  322",",,S","  202",",,S","  268","H,,S"
"IRM00040858","2008-10-06","28.945","50.835","20.7","BUSHEHR, IR","    0",",,S","  328",",,S","  198",",,S","  251","H,,S"
"IRM00040858","2008-10-07","28.945","50.835","20.7","BUSHEHR, IR","    0",",,S","  322",",,S",,,"  267","H,,S"
"IRM00040858","2008-10-08","28.945","50.835","20.7","BUSHEHR, IR","    0",",,S",,,,,"  277","H,,S"
"IRM00040858","2008-10-09","28.945","50.835","20.7","BUSHEHR, IR","    0",",,S","  326",",,S","  218",",,S","  297","H,,S"
"IRM00040858","2008-10-10","28.945","50.835","20.7","BUSHEHR, IR","    0",",,S","  330",",,S",,,"  288","H,,S"
"IRM00040858","2008-10-11","28.945","50.835","20.7","BUSHEHR, IR","    0",",,S","  325",",,S","  258",",,S","  289","H,,S"
"IRM00040858","2008-10-12","28.945","50.835","20.7","BUSHEHR, IR","    0",",,S","  325",",,S",,,"  286","H,,S"
"IRM00040858","2008-10-13","28.945","50.835","20.7","BUSHEHR, IR","    0",",,S","  332",",,S","  248",",,S","  287","H,,S"
"IRM00040858","2008-10-14","28.945","50.835","20.7","BUSHEHR, IR","    0",",,S","  330",",,S",,,"  281","H,,S"
"IRM00040858","2008-10-15","28.945","50.835","20.7","BUSHEHR, IR","    0",",,S",,,"  212",",,S","  278","H,,S"
"IRM00040858","2008-10-16","28.945","50.835","20.7","BUSHEHR, IR","    0",",,S","  338",",,S","  228",",,S","  286","H,,S"
"IRM00040858","2008-10-17","28.945","50.835","20.7","BUSHEHR, IR","    0",",,S","  336",",,S","  240",",,S","  286","H,,S"
"IRM00040858","2008-10-18","28.945","50.835","20.7","BUSHEHR, IR","    0",",,S","  330",",,S",,,"  289","H,,S"
"IRM00040858","2008-10-19","28.945","50.835","20.7","BUSHEHR, IR","    0",",,S","  325",",,S","  250",",,S","  295","H,,S"
"IRM00040858","2008-10-20","28.945","50.835","20.7","BUSHEHR, IR",,,"  315",",,S","  208",",,S","  268","H,,S"
"IRM00040858","2008-10-21","28.945","50.835","20.7","BUSHEHR, IR","    0",",,S","  330",",,S","  215",",,S","  271","H,,S"
"IRM00040858","2008-10-22","28.945","50.835","20.7","BUSHEHR, IR","    0",",,S","  346",",,S","  225",",,S","  276","H,,S"
"IRM00040858","2008-10-23","28.945","50.835","20.7","BUSHEHR, IR","    0",",,S","  358",",,S","  224",",,S","  283","H,,S"
"IRM00040858","2008-10-24","28.945","50.835","20.7","BUSHEHR, IR","    0",",,S","  326",",,S","  206",",,S","  274","H,,S"
"IRM00040858","2008-10-25","28.945","50.835","20.7","BUSHEHR, IR","    0",",,S","  325",",,S",,,"  278","H,,S"
"IRM00040858","2008-10-26","28.945","50.835","20.7","BUSHEHR, IR","    0",",,S","  340",",,S",,,"  283","H,,S"
"IRM00040858","2008-10-27","28.945","50.835","20.7","BUSHEHR, IR","    0",",,S","  322",",,S","  245",",,S","  283","H,,S"
"IRM00040858","2008-10-28","28.945","50.835","20.7","BUSHEHR, IR","    0",",,S",,,,,"  263","H,,S"
"IRM00040858","2008-10-29","28.945","50.835","20.7","BUSHEHR, IR","    0",",,S","  316",",,S","  210",",,S","  270","H,,S"
"IRM00040858","2008-10-30","28.945","50.835","20.7","BUSHEHR, IR","   13",",,S","  292",",,S",,,"  266","H,,S"
"IRM00040858","2008-10-31","28.945","50.835","20.7","BUSHEHR, IR","   36",",,S",,,,,"  224","H,,S"
"IRM00040858","2008-11-01","28.945","50.835","20.7","BUSHEHR, IR","   18",",,S","  265",",,S",,,"  229","H,,S"
"IRM00040858","2008-11-02","28.945","50.835","20.7","BUSHEHR, IR","    0",",,S",,,"  210",",,S","  240","H,,S"
"IRM00040858","2008-11-03","28.945","50.835","20.7","BUSHEHR, IR","    0",",,S","  262",",,S",,,"  224","H,,S"
"IRM00040858","2008-11-04","28.945","50.835","20.7","BUSHEHR, IR","  132",",,S","  270",",,S","  190",",,S","  240","H,,S"
"IRM00040858","2008-11-05","28.945","50.835","20.7","BUSHEHR, IR","    0",",,S","  254",",,S",,,"  234","H,,S"
"IRM00040858","2008-11-06","28.945","50.835","20.7","BUSHEHR, IR","    0",",,S","  260",",,S",,,"  225","H,,S"
"IRM00040858","2008-11-07","28.945","50.835","20.7","BUSHEHR, IR","    3",",,S","  242",",,S",,,"  219","H,,S"
"IRM00040858","2008-11-08","28.945","50.835","20.7","BUSHEHR, IR","    0",",,S","  250",",,S","  180",",,S","  221","H,,S"
"IRM00040858","2008-11-09","28.945","50.835","20.7","BUSHEHR, IR","    0",",,S","  256",",,S",,,"  218","H,,S"
"IRM00040858","2008-11-10","28.945","50.835","20.7","BUSHEHR, IR","    0",",,S","  265",",,S","  170",",,S","  226","H,,S"
"IRM00040858","2008-11-11","28.945","50.835","20.7","BUSHEHR, IR","    0",",,S","  255",",,S","  195",",,S","  230","H,,S"
"IRM00040858","2008-11-12","28.945","50.835","20.7","BUSHEHR, IR","    0",",,S",,,"  185",",,S","  226","H,,S"
"IRM00040858","2008-11-13","28.945","50.835","20.7","BUSHEHR, IR","    0",",,S","  270",",,S",,,"  230","H,,S"
"IRM00040858","2008-11-14","28.945","50.835","20.7","BUSHEHR, IR","    0",",,S","  270",",,S","  170",",,S","  224","H,,S"
"IRM00040858","2008-11-15","28.945","50.835","20.7","BUSHEHR, IR","    0",",,S","  252",",,S","  200",",,S","  221","H,,S"
"IRM00040858","2008-11-16","28.945","50.835","20.7","BUSHEHR, IR","    0",",,S",,,,,"  203","H,,S"
"IRM00040858","2008-11-17","28.945","50.835","20.7","BUSHEHR, IR","    0",",,S","  245",",,S",,,"  203","H,,S"
"IRM00040858","2008-11-18","28.945","50.835","20.7","BUSHEHR, IR",,,"  245",",,S",,,"  197","H,,S"
"IRM00040858","2008-11-19","28.945","50.835","20.7","BUSHEHR, IR","    0",",,S","  250",",,S","  162",",,S","  203","H,,S"
"IRM00040858","2008-11-20","28.945","50.835","20.7","BUSHEHR, IR","    0",",,S","  255",",,S","  136",",,S","  208","H,,S"
"IRM00040858","2008-11-21","28.945","50.835","20.7","BUSHEHR, IR","    0",",,S","  260",",,S","  135",",,S","  208","H,,S"
"IRM00040858","2008-11-22","28.945","50.835","20.7","BUSHEHR, IR","    0",",,S","  270",",,S","  160",",,S","  224","H,,S"
"IRM00040858","2008-11-23","28.945","50.835","20.7","BUSHEHR, IR","    0",",,S","  290",",,S","  184",",,S","  238","H,,S"
"IRM00040858","2008-11-24","28.945","50.835","20.7","BUSHEHR, IR","    0",",,S","  304",",,S","  186",",,S","  238","H,,S"
"IRM00040858","2008-11-25","28.945","50.835","20.7","BUSHEHR, IR","    0",",,S","  250",",,S",,,"  219","H,,S"
"IRM00040858","2008-11-26","28.945","50.835","20.7","BUSHEHR, IR","    0",",,S","  234",",,S","  160",",,S","  204","H,,S"
"IRM00040858","2008-11-27","28.945","50.835","20.7","BUSHEHR, IR","    0",",,S","  240",",,S",,,"  195","H,,S"
"IRM00040858","2008-11-28","28.945","50.835","20.7","BUSHEHR, IR","    0",",,S","  250",",,S","  135",",,S","  204","H,,S"
"IRM00040858","2008-11-29","28.945","50.835","20.7","BUSHEHR, IR","    0",",,S","  275",",,S","  175",",,S","  230","H,,S"
"IRM00040858","2008-11-30","28.945","50.835","20.7","BUSHEHR, IR",,,,,,,"  208","H,,S"
"IRM00040858","2008-12-01","28.945","50.835","20.7","BUSHEHR, IR","    0",",,S",,,,,"  178","H,,S"
"IRM00040858","2008-12-02","28.945","50.835","20.7","BUSHEHR, IR","    0",",,S","  200",",,S",,,"  173","H,,S"
"IRM00040858","2008-12-03","28.945","50.835","20.7","BUSHEHR, IR",,,,,,,"  177","H,,S"
"IRM00040858","2008-12-04","28.945","50.835","20.7","BUSHEHR, IR",,,,,,,"  180","H,,S"
"IRM00040858","2008-12-05","28.945","50.835","20.7","BUSHEHR, IR","    0",",,S",,,,,"  187","H,,S"
"IRM00040858","2008-12-06","28.945","50.835","20.7","BUSHEHR, IR","    0",",,S","  250",",,S",,,"  183","H,,S"
"IRM00040858","2008-12-07","28.945","50.835","20.7","BUSHEHR, IR","    0",",,S","  230",",,S","  108",",,S","  178","H,,S"
"IRM00040858","2008-12-08","28.945","50.835","20.7","BUSHEHR, IR","    0",",,S","  226",",,S","   98",",,S","  173","H,,S"
"IRM00040858","2008-12-09","28.945","50.835","20.7","BUSHEHR, IR","    0",",,S","  240",",,S","   96",",,S","  181","H,,S"
"IRM00040858","2008-12-10","28.945","50.835","20.7","BUSHEHR, IR","    0",",,S","  245",",,S","  130",",,S","  182","H,,S"
"IRM00040858","2008-12-11","28.945","50.835","20.7","BUSHEHR, IR",,,"  226",",,S",,,"  193","H,,S"
"IRM00040858","2008-12-12","28.945","50.835","20.7","BUSHEHR, IR","    0",",,S","  196",",,S",,,"  170","H,,S"
"IRM00040858","2008-12-13","28.945","50.835","20.7","BUSHEHR, IR","    0",",,S","  185",",,S",,,"  154","H,,S"
"IRM00040858","2008-12-14","28.945","50.835","20.7","BUSHEHR, IR","    0",",,S","  200",",,S",,,"  166","H,,S"
"IRM00040858","2008-12-15","28.945","50.835","20.7","BUSHEHR, IR","    0",",,S","  195",",,S",,,"  163","H,,S"
"IRM00040858","2008-12-16","28.945","50.835","20.7","BUSHEHR, IR","    0",",,S","  182",",,S",,,"  146","H,,S"
"IRM00040858","2008-12-17","28.945","50.835","20.7","BUSHEHR, IR",,,"  172",",,S",,,"  134","H,,S"
"IRM00040858","2008-12-18","28.945","50.835","20.7","BUSHEHR, IR","    0",",,S","  180",",,S",,,"  132","H,,S"
"IRM00040858","2008-12-19","28.945","50.835","20.7","BUSHEHR, IR","    0",",,S","  180",",,S",,,"  137","H,,S"
"IRM00040858","2008-12-20","28.945","50.835","20.7","BUSHEHR, IR","    0",",,S","  186",",,S","   95",",,S","  142","H,,S"
"IRM00040858","2008-12-21","28.945","50.835","20.7","BUSHEHR, IR","    0",",,S",,,"   60",",,S","  148","H,,S"
"IRM00040858","2008-12-22","28.945","50.835","20.7","BUSHEHR, IR","    0",",,S","  240",",,S",,,"  172","H,,S"
"IRM00040858","2008-12-23","28.945","50.835","20.7","BUSHEHR, IR",,,,,,,"  194","H,,S"
"IRM00040858","2008-12-24","28.945","50.835","20.7","BUSHEHR, IR",,,,,,,"  191","H,,S"
"IRM00040858","2008-12-25","28.945","50.835","20.7","BUSHEHR, IR","    0",",,S",,,"  134",",,S","  191","H,,S"
"IRM00040858","2008-12-26","28.945","50.835","20.7","BUSHEHR, IR",,,,,,,"  197","H,,S"
"IRM00040858","2008-12-27","28.945","50.835","20.7","BUSHEHR, IR",,,,,,,"  190","H,,S"
"IRM00040858","2008-12-28","28.945","50.835","20.7","BUSHEHR, IR","    0",",,S",,,,,"  173","H,,S"
"IRM00040858","2008-12-29","28.945","50.835","20.7","BUSHEHR, IR","    0",",,S","  190",",,S",,,"  161","H,,S"
"IRM00040858","2008-12-30","28.945","50.835","20.7","BUSHEHR, IR","    0",",,S","  202",",,S",,,"  166","H,,S"
"IRM00040858","2008-12-31","28.945","50.835","20.7","BUSHEHR, IR","    0",",,S","  230",",,S","  120",",,S","  188","H,,S"
"IRM00040858","2009-01-01","28.945","50.835","20.7","BUSHEHR, IR","    0",",,S","  250",",,S",,,"  205","H,,S"
"IRM00040858","2009-01-02","28.945","50.835","20.7","BUSHEHR, IR","  287",",,S",,,,,"  106","H,,S"
"IRM00040858","2009-01-03","28.945","50.835","20.7","BUSHEHR, IR","    0",",,S","  115",",,S",,,"   89","H,,S"
"IRM00040858","2009-01-04","28.945","50.835","20.7","BUSHEHR, IR",,,"  130",",,S","   70",",,S","  103","H,,S"
"IRM00040858","2009-01-05","28.945","50.835","20.7","BUSHEHR, IR",,,,,,,"  114","H,,S"
"IRM00040858","2009-01-06","28.945","50.835","20.7","BUSHEHR, IR","    0",",,S",,,,,"  113","H,,S"
"IRM00040858","2009-01-07","28.945","50.835","20.7","BUSHEHR, IR","    0",",,S","  170",",,S",,,"  120","H,,S"
"IRM00040858","2009-01-08","28.945","50.835","20.7","BUSHEHR, IR","    0",",,S","  175",",,S",,,"  135","H,,S"
"IRM00040858","2009-01-09","28.945","50.835","20.7","BUSHEHR, IR","    0",",,S","  180",",,S",,,"  136","H,,S"
"IRM00040858","2009-01-10","28.945","50.835","20.7","BUSHEHR, IR","    0",",,S","  180",",,S","   58",",,S","  138","H,,S"
"IRM00040858","2009-01-11","28.945","50.835","20.7","BUSHEHR, IR","    0",",,S",,,"   80",",,S","  142","H,,S"
"IRM00040858","2009-01-12","28.945","50.835","20.7","BUSHEHR, IR","    0",",,S","  195",",,S",,,"  157","H,,S"
"IRM00040858","2009-01-13","28.945","50.835","20.7","BUSHEHR, IR","    3",",,S","  145",",,S",,,"  126","H,,S"
"IRM00040858","2009-01-14","28.945","50.835","20.7","BUSHEHR, IR","    0",",,S","  155",",,S",,,"  123","H,,S"
"IRM00040858","2009-01-15","28.945","50.835","20.7","BUSHEHR, IR","    0",",,S","  180",",,S","   72",",,S","  126","H,,S"
"IRM00040858","2009-01-16","28.945","50.835","20.7","BUSHEHR, IR","    0",",,S","  172",",,S","   74",",,S","  127","H,,S"
"IRM00040858","2009-01-17","28.945","50.835","20.7","BUSHEHR, IR","    0",",,S","  180",",,S","   60",",,S","  119","H,,S"
"IRM00040858","2009-01-18","28.945","50.835","20.7","BUSHEHR, IR","    0",",,S","  200",",,S","   90",",,S","  142","H,,S"
"IRM00040858","2009-01-19","28.945","50.835","20.7","BUSHEHR, IR","    0",",,S","  210",",,S","  130",",,S","  163","H,,S"
"IRM00040858","2009-01-20","28.945","50.835","20.7","BUSHEHR, IR","    0",",,S","  206",",,S","  146",",,S","  168","H,,S"
"IRM00040858","2009-01-21","28.945","50.835","20.7","BUSHEHR, IR","    0",",,S","  200",",,S",,,"  166","H,,S"
"IRM00040858","2009-01-22","28.945","50.835","20.7","BUSHEHR, IR","    0",",,S",,,,,"  157","H,,S"
"IRM00040858","2009-01-23","28.945","50.835","20.7","BUSHEHR, IR","   15",",,S",,,"  108",",,S","  132","H,,S"
"IRM00040858","2009-01-24","28.945","50.835","20.7","BUSHEHR, IR","    0",",,S","  180",",,S",,,"  134","H,,S"
"IRM00040858","2009-01-25","28.945","50.835","20.7","BUSHEHR, IR","    0",",,S","  170",",,S","   85",",,S","  141","H,,S"
"IRM00040858","2009-01-26","28.945","50.835","20.7","BUSHEHR, IR","    0",",,S","  190",",,S","   85",",,S","  147","H,,S"
"IRM00040858","2009-01-27","28.945","50.835","20.7","BUSHEHR, IR","    0",",,S","  195",",,S",,,"  149","H,,S"
"IRM00040858","2009-01-28","28.945","50.835","20.7","BUSHEHR, IR","    0",",,S","  200",",,S",,,"  153","H,,S"
"IRM00040858","2009-01-29","28.945","50.835","20.7","BUSHEHR, IR","    0",",,S","  202",",,S",,,"  147","H,,S"
"IRM00040858","2009-01-30","28.945","50.835","20.7","BUSHEHR, IR","    0",",,S","  230",",,S",,,"  166","H,,S"
"IRM00040858","2009-01-31","28.945","50.835","20.7","BUSHEHR, IR","   10",",,S","  245",",,S","  148",",,S","  202","H,,S"
"IRM00040858","2009-02-01","28.945","50.835","20.7","BUSHEHR, IR","   10",",,S","  220",",,S",,,"  187","H,,S"
"IRM00040858","2009-02-02","28.945","50.835","20.7","BUSHEHR, IR","   10",",,S","  195",",,S","  145",",,S","  174","H,,S"
"IRM00040858","2009-02-03","28.945","50.835","20.7","BUSHEHR, IR","    0",",,S","  195",",,S",,,"  168","H,,S"
"IRM00040858","2009-02-04","28.945","50.835","20.7","BUSHEHR, IR","    0",",,S","  192",",,S","  128",",,S","  160","H,,S"
"IRM00040858","2009-02-05","28.945","50.835","20.7","BUSHEHR, IR","    0",",,S","  195",",,S","  105",",,S","  154","H,,S"
"IRM00040858","2009-02-06","28.945","50.835","20.7","BUSHEHR, IR","    0",",,S","  215",",,S","  110",",,S","  168","H,,S"
"IRM00040858","2009-02-07","28.945","50.835","20.7","BUSHEHR, IR","    0",",,S","  240",",,S","  150",",,S","  186","H,,S"
"IRM00040858","2009-02-08","28.945","50.835","20.7","BUSHEHR, IR","    3",",,S","  250",",,S","  140",",,S","  192","H,,S"
"IRM00040858","2009-02-09","28.945","50.835","20.7","BUSHEHR, IR","    0",",,S","  205",",,S","  115",",,S","  168","H,,S"
"IRM00040858","2009-02-10","28.945","50.835","20.7","BUSHEHR, IR","    0",",,S",,,"  136",",,S","  188","H,,S"
"IRM00040858","2009-02-11","28.945","50.835","20.7","BUSHEHR, IR","    0",",,S","  245",",,S",,,"  192","H,,S"
"IRM00040858","2009-02-12","28.945","50.835","20.7","BUSHEHR, IR","    0",",,S","  190",",,S",,,"  167","H,,S"
"IRM00040858","2009-02-13","28.945","50.835","20.7","BUSHEHR, IR","    0",",,S","  195",",,S",,,"  167","H,,S"
"IRM00040858","2009-02-14","28.945","50.835","20.7","BUSHEHR, IR","    0",",,S","  202",",,S","  100",",,S","  163","H,,S"
"IRM00040858","2009-02-15","28.945","50.835","20.7","BUSHEHR, IR","    0",",,S","  226",",,S","  140",",,S","  182","H,,S"
"IRM00040858","2009-02-16","28.945","50.835","20.7","BUSHEHR, IR","    0",",,S","  258",",,S",,,"  201","H,,S"
"IRM00040858","2009-02-17","28.945","50.835","20.7","BUSHEHR, IR","    8",",,S","  280",",,S","  180",",,S","  233","H,,S"
"IRM00040858","2009-02-18","28.945","50.835","20.7","BUSHEHR, IR","    0",",,S",,,,,"  182","H,,S"
"IRM00040858","2009-02-19","28.945","50.835","20.7","BUSHEHR, IR","    0",",,S","  195",",,S",,,"  173","H,,S"
"IRM00040858","2009-02-20","28.945","50.835","20.7","BUSHEHR, IR","    0",",,S","  222",",,S",,,"  169","H,,S"
"IRM00040858","2009-02-21","28.945","50.835","20.7","BUSHEHR, IR","    0",",,S","  236",",,S","  145",",,S","  201","H,,S"
"IRM00040858","2009-02-22","28.945","50.835","20.7","BUSHEHR, IR","    0",",,S","  210",",,S",,,"  184","H,,S"
"IRM00040858","2009-02-23","28.945","50.835","20.7","BUSHEHR, IR","    0",",,S","  210",",,S",,,"  183","H,,S"
"IRM00040858","2009-02-24","28.945","50.835","20.7","BUSHEHR, IR","    0",",,S","  232",",,S","  126",",,S","  186","H,,S"
"IRM00040858","2009-02-25","28.945","50.835","20.7","BUSHEHR, IR","    0",",,S","  220",",,S","  160",",,S","  188","H,,S"
"IRM00040858","2009-02-26","28.945","50.835","20.7","BUSHEHR, IR","    3",",,S","  222",",,S",,,"  188","H,,S"
"IRM00040858","2009-02-27","28.945","50.835","20.7","BUSHEHR, IR","    0",",,S","  302",",,S","  150",",,S","  223","H,,S"
"IRM00040858","2009-02-28","28.945","50.835","20.7","BUSHEHR, IR","    0",",,S","  288",",,S",,,"  211","H,,S"
"IRM00040858","2009-03-01","28.945","50.835","20.7","BUSHEHR, IR","   10",",,S","  212",",,S",,,"  181","H,,S"
"IRM00040858","2009-03-02","28.945","50.835","20.7","BUSHEHR, IR","    3",",,S",,,,,"  173","H,,S"
"IRM00040858","2009-03-03","28.945","50.835","20.7","BUSHEHR, IR","    0",",,S","  202",",,S",,,"  159","H,,S"
"IRM00040858","2009-03-04","28.945","50.835","20.7","BUSHEHR, IR","    0",",,S","  208",",,S","  100",",,S","  168","H,,S"
"IRM00040858","2009-03-05","28.945","50.835","20.7","BUSHEHR, IR","    0",",,S","  215",",,S","  106",",,S","  178","H,,S"
"IRM00040858","2009-03-06","28.945","50.835","20.7","BUSHEHR, IR","    0",",,S","  220",",,S","  150",",,S","  186","H,,S"
"IRM00040858","2009-03-07","28.945","50.835","20.7","BUSHEHR, IR","    0",",,S","  222",",,S",,,"  188","H,,S"
"IRM00040858","2009-03-08","28.945","50.835","20.7","BUSHEHR, IR","    0",",,S","  232",",,S","  120",",,S","  179","H,,S"
"IRM00040858","2009-03-09","28.945","50.835","20.7","BUSHEHR, IR","    0",",,S","  255",",,S","  125",",,S","  190","H,,S"
"IRM00040858","2009-03-10","28.945","50.835","20.7","BUSHEHR, IR","    0",",,S","  316",",,S","  150",",,S","  228","H,,S"
"IRM00040858","2009-03-11","28.945","50.835","20.7","BUSHEHR, IR","    0",",,S","  215",",,S",,,"  188","H,,S"
"IRM00040858","2009-03-12","28.945","50.835","20.7","BUSHEHR, IR","    0",",,S","  235",",,S","  140",",,S","  197","H,,S"
"IRM00040858","2009-03-13","28.945","50.835","20.7","BUSHEHR, IR","    0",",,S","  238",",,S",,,"  197","H,,S"
"IRM00040858","2009-03-14","28.945","50.835","20.7","BUSHEHR, IR","    0",",,S","  256",",,S","  146",",,S","  215","H,,S"
"IRM00040858","2009-03-15","28.945","50.835","20.7","BUSHEHR, IR","    0",",,S","  300",",,S","  182",",,S","  224","H,,S"
"IRM00040858","2009-03-16","28.945","50.835","20.7","BUSHEHR, IR","    0",",,S","  240",",,S","  180",",,S","  218","H,,S"
"IRM00040858","2009-03-17","28.945","50.835","20.7","BUSHEHR, IR","    0",",,S",,,,,"  206","H,,S"
"IRM00040858","2009-03-18","28.945","50.835","20.7","BUSHEHR, IR","    0",",,S","  226",",,S","  178",",,S","  198","H,,S"
"IRM00040858","2009-03-19","28.945","50.835","20.7","BUSHEHR, IR","    0",",,S","  280",",,S","  144",",,S","  214","H,,S"
"IRM00040858","2009-03-20","28.945","50.835","20.7","BUSHEHR, IR","    0",",,S","  250",",,S","  154",",,S","  214","H,,S"
"IRM00040858","2009-03-21","28.945","50.835","20.7","BUSHEHR, IR","    0",",,S",,,,,"  233","H,,S"
"IRM00040858","2009-03-22","28.945","50.835","20.7","BUSHEHR, IR","    8",",,S","  250",",,S","  156",",,S","  226","H,,S"
"IRM00040858","2009-03-23","28.945","50.835","20.7","BUSHEHR, IR","    0",",,S","  230",",,S",,,"  193","H,,S"
"IRM00040858","2009-03-24","28.945","50.835","20.7","BUSHEHR, IR","    0",",,S","  265",",,S","  116",",,S","  214","H,,S"
"IRM00040858","2009-03-25","28.945","50.835","20.7","BUSHEHR, IR","    5",",,S","  230",",,S",,,"  215","H,,S"
"IRM00040858","2009-03-26","28.945","50.835","20.7","BUSHEHR, IR","    0",",,S","  220",",,S",,,"  195","H,,S"
"IRM00040858","2009-03-27","28.945","50.835","20.7","BUSHEHR, IR","    3",",,S","  216",",,S","  154",",,S","  188","H,,S"
"IRM00040858","2009-03-28","28.945","50.835","20.7","BUSHEHR, IR","    0",",,S","  250",",,S","  136",",,S","  191","H,,S"
"IRM00040858","2009-03-29","28.945","50.835","20.7","BUSHEHR, IR",,,,,,,"  213","H,,S"
"IRM00040858","2009-03-30","28.945","50.835","20.7","BUSHEHR, IR","  104",",,S","  220",",,S",,,"  188","H,,S"
"IRM00040858","2009-03-31","28.945","50.835","20.7","BUSHEHR, IR","    0",",,S",,,,,"  177","H,,S"
"IRM00040858","2009-04-01","28.945","50.835","20.7","BUSHEHR, IR","   18",",,S",,,,,"  183","H,,S"
"IRM00040858","2009-04-02","28.945","50.835","20.7","BUSHEHR, IR","    0",",,S","  240",",,S","  155",",,S","  196","H,,S"
"IRM00040858","2009-04-03","28.945","50.835","20.7","BUSHEHR, IR","    0",",,S","  200",",,S","  156",",,S","  180","H,,S"
"IRM00040858","2009-04-04","28.945","50.835","20.7","BUSHEHR, IR","   10",",,S","  240",",,S","  168",",,S","  198","H,,S"
"IRM00040858","2009-04-05","28.945","50.835","20.7","BUSHEHR, IR","    0",",,S","  232",",,S",,,"  201","H,,S"
"IRM00040858","2009-04-06","28.945","50.835","20.7","BUSHEHR, IR","    0",",,S",,,"  162",",,S","  221","H,,S"
"IRM00040858","2009-04-07","28.945","50.835","20.7","BUSHEHR, IR","    0",",,S","  260",",,S","  158",",,S","  224","H,,S"
"IRM00040858","2009-04-08","28.945","50.835","20.7","BUSHEHR, IR","    0",",,S","  275",",,S",,,"  236","H,,S"
"IRM00040858","2009-04-09","28.945","50.835","20.7","BUSHEHR, IR","    0",",,S","  340",",,S","  225",",,S","  269","H,,S"
"IRM00040858","2009-04-10","28.945","50.835","20.7","BUSHEHR, IR","   25",",,S","  285",",,S",,,"  239","H,,S"
"IRM00040858","2009-04-11","28.945","50.835","20.7","BUSHEHR, IR","    5",",,S",,,,,"  254","H,,S"
"IRM00040858","2009-04-12","28.945","50.835","20.7","BUSHEHR, IR","    0",",,S","  328",",,S","  216",",,S","  262","H,,S"
"IRM00040858","2009-04-13","28.945","50.835","20.7","BUSHEHR, IR","    0",",,S",,,"  210",",,S","  237","H,,S"
"IRM00040858","2009-04-14","28.945","50.835","20.7","BUSHEHR, IR","    0",",,S","  250",",,S","  215",",,S","  234","H,,S"
"IRM00040858","2009-04-15","28.945","50.835","20.7","BUSHEHR, IR",,,"  280",",,S",,,"  238","H,,S"
"IRM00040858","2009-04-16","28.945","50.835","20.7","BUSHEHR, IR","    0",",,S","  294",",,S","  215",",,S","  258","H,,S"
"IRM00040858","2009-04-17","28.945","50.835","20.7","BUSHEHR, IR","    0",",,S","  295",",,S","  222",",,S","  255","H,,S"
"IRM00040858","2009-04-18","28.945","50.835","20.7","BUSHEHR, IR","    0",",,S","  292",",,S",,,"  246","H,,S"
"IRM00040858","2009-04-19","28.945","50.835","20.7","BUSHEHR, IR","    0",",,S",,,"  166",",,S","  229","H,,S"
"IRM00040858","2009-04-20","28.945","50.835","20.7","BUSHEHR, IR",,,"  270",",,S",,,"  245","H,,S"
"IRM00040858","2009-04-21","28.945","50.835","20.7","BUSHEHR, IR",,,,,,,"  232","H,,S"
"IRM00040858","2009-04-22","28.945","50.835","20.7","BUSHEHR, IR","    0",",,S",,,"  150",",,S","  233","H,,S"
"IRM00040858","2009-04-23","28.945","50.835","20.7","BUSHEHR, IR",,,"  290",",,S",,,"  249","H,,S"
"IRM00040858","2009-04-24","28.945","50.835","20.7","BUSHEHR, IR",,,,,,,"  284","H,,S"
"IRM00040858","2009-04-25","28.945","50.835","20.7","BUSHEHR, IR",,,,,,,"  311","H,,S"
"IRM00040858","2009-04-26","28.945","50.835","20.7","BUSHEHR, IR",,,,,,,"  307","H,,S"
"IRM00040858","2009-04-27","28.945","50.835","20.7","BUSHEHR, IR",,,,,,,"  292","H,,S"
"IRM00040858","2009-04-28","28.945","50.835","20.7","BUSHEHR, IR",,,,,,,"  289","H,,S"
"IRM00040858","2009-04-29","28.945","50.835","20.7","BUSHEHR, IR",,,,,,,"  307","H,,S"
"IRM00040858","2009-04-30","28.945","50.835","20.7","BUSHEHR, IR","    0",",,S","  356",",,S","  285",",,S","  324","H,,S"
"IRM00040858","2009-05-01","28.945","50.835","20.7","BUSHEHR, IR","    0",",,S","  378",",,S",,,"  327","H,,S"
"IRM00040858","2009-05-02","28.945","50.835","20.7","BUSHEHR, IR","    0",",,S",,,,,"  273","H,,S"
"IRM00040858","2009-05-03","28.945","50.835","20.7","BUSHEHR, IR","    0",",,S","  285",",,S",,,"  263","H,,S"
"IRM00040858","2009-05-04","28.945","50.835","20.7","BUSHEHR, IR","    0",",,S","  292",",,S",,,"  260","H,,S"
"IRM00040858","2009-05-05","28.945","50.835","20.7","BUSHEHR, IR","    0",",,S","  330",",,S","  215",",,S","  282","H,,S"
"IRM00040858","2009-05-06","28.945","50.835","20.7","BUSHEHR, IR","    0",",,S","  368",",,S",,,"  299","H,,S"
"IRM00040858","2009-05-07","28.945","50.835","20.7","BUSHEHR, IR",,,,,,,"  294","H,,S"
"IRM00040858","2009-05-08","28.945","50.835","20.7","BUSHEHR, IR",,,"  348",",,S",,,"  299","H,,S"
"IRM00040858","2009-05-09","28.945","50.835","20.7","BUSHEHR, IR","    0",",,S","  330",",,S","  260",",,S","  296","H,,S"
"IRM00040858","2009-05-10","28.945","50.835","20.7","BUSHEHR, IR","    0",",,S",,,,,"  287","H,,S"
"IRM00040858","2009-05-11","28.945","50.835","20.7","BUSHEHR, IR","    0",",,S",,,"  248",",,S","  291","H,,S"
"IRM00040858","2009-05-12","28.945","50.835","20.7","BUSHEHR, IR",,,,,,,"  297","H,,S"
"IRM00040858","2009-05-13","28.945","50.835","20.7","BUSHEHR, IR",,,,,,,"  302","H,,S"
"IRM00040858","2009-05-14","28.945","50.835","20.7","BUSHEHR, IR",,,"  330",",,S",,,"  296","H,,S"
"IRM00040858","2009-05-15","28.945","50.835","20.7","BUSHEHR, IR",,,,,,,"  296","H,,S"
"IRM00040858","2009-05-16","28.945","50.835","20.7","BUSHEHR, IR",,,"  325",",,S",,,"  291","H,,S"
"IRM00040858","2009-05-17","28.945","50.835","20.7","BUSHEHR, IR","    0",",,S","  310",",,S",,,"  285","H,,S"
"IRM00040858","2009-05-18","28.945","50.835","20.7","BUSHEHR, IR","    0",",,S","  325",",,S",,,"  294","H,,S"
"IRM00040858","2009-05-19","28.945","50.835","20.7","BUSHEHR, IR","    0",",,S",,,"  226",",,S","  285","H,,S"
"IRM00040858","2009-05-20","28.945","50.835","20.7","BUSHEHR, IR","    0",",,S","  340",",,S","  220",",,S","  290","H,,S"
"IRM00040858","2009-05-21","28.945","50.835","20.7","BUSHEHR, IR","    0",",,S",,,,,"  307","H,,S"
"IRM00040858","2009-05-22","28.945","50.835","20.7","BUSHEHR, IR",,,,,,,"  314","H,,S"
"IRM00040858","2009-05-23","28.945","50.835","20.7","BUSHEHR, IR","    0",",,S",,,,,"  314","H,,S"
"IRM00040858","2009-05-24","28.945","50.835","20.7","BUSHEHR, IR",,,,,,,"  328","H,,S"
"IRM00040858","2009-05-25","28.945","50.835","20.7","BUSHEHR, IR",,,,,,,"  343","H,,S"
"IRM00040858","2009-05-26","28.945","50.835","20.7","BUSHEHR, IR","    0",",,S",,,,,"  341","H,,S"
"IRM00040858","2009-05-27","28.945","50.835","20.7","BUSHEHR, IR",,,,,,,"  348","H,,S"
"IRM00040858","2009-05-28","28.945","50.835","20.7","BUSHEHR, IR",,,,,,,"  357","H,,S"
"IRM00040858","2009-05-29","28.945","50.835","20.7","BUSHEHR, IR",,,,,,,"  356","H,,S"
"IRM00040858","2009-05-30","28.945","50.835","20.7","BUSHEHR, IR",,,,,,,"  349","H,,S"
"IRM00040858","2009-05-31","28.945","50.835","20.7","BUSHEHR, IR",,,,,,,"  318","H,,S"
"IRM00040858","2009-06-01","28.945","50.835","20.7","BUSHEHR, IR",,,,,,,"  307","H,,S"
"IRM00040858","2009-06-02","28.945","50.835","20.7","BUSHEHR, IR",,,,,,,"  303","H,,S"
"IRM00040858","2009-06-03","28.945","50.835","20.7","BUSHEHR, IR",,,,,,,"  308","H,,S"
"IRM00040858","2009-06-04","28.945","50.835","20.7","BUSHEHR, IR",,,,,,,"  305","H,,S"
"IRM00040858","2009-06-05","28.945","50.835","20.7","BUSHEHR, IR",,,,,,,"  309","H,,S"
"IRM00040858","2009-06-06","28.945","50.835","20.7","BUSHEHR, IR",,,,,,,"  306","H,,S"
"IRM00040858","2009-06-07","28.945","50.835","20.7","BUSHEHR, IR",,,,,,,"  333","H,,S"
"IRM00040858","2009-06-08","28.945","50.835","20.7","BUSHEHR, IR",,,,,,,"  312","H,,S"
"IRM00040858","2009-06-09","28.945","50.835","20.7","BUSHEHR, IR","    0",",,S",,,,,"  338","H,,S"
"IRM00040858","2009-06-10","28.945","50.835","20.7","BUSHEHR, IR","    0",",,S",,,,,"  330","H,,S"
"IRM00040858","2009-06-11","28.945","50.835","20.7","BUSHEHR, IR","    0",",,S","  366",",,S",,,"  334","H,,S"
"IRM00040858","2009-06-12","28.945","50.835","20.7","BUSHEHR, IR",,,,,,,"  333","H,,S"
"IRM00040858","2009-06-13","28.945","50.835","20.7","BUSHEHR, IR","    0",",,S","  390",",,S","  290",",,S","  333","H,,S"
"IRM00040858","2009-06-14","28.945","50.835","20.7","BUSHEHR, IR","    0",",,S",,,"  295",",,S","  334","H,,S"
"IRM00040858","2009-06-15","28.945","50.835","20.7","BUSHEHR, IR","    0",",,S","  376",",,S",,,"  339","H,,S"
"IRM00040858","2009-06-16","28.945","50.835","20.7","BUSHEHR, IR","    0",",,S","  405",",,S",,,"  338","H,,S"
"IRM00040858","2009-06-17","28.945","50.835","20.7","BUSHEHR, IR","    0",",,S",,,"  300",",,S","  347","H,,S"
"IRM00040858","2009-06-18","28.945","50.835","20.7","BUSHEHR, IR","    0",",,S","  455",",,S",,,"  357","H,,S"
"IRM00040858","2009-06-19","28.945","50.835","20.7","BUSHEHR, IR","    0",",,S",,,"  310",",,S","  336","H,,S"
"IRM00040858","2009-06-20","28.945","50.835","20.7","BUSHEHR, IR","    0",",,S",,,,,"  326","H,,S"
"IRM00040858","2009-06-21","28.945","50.835","20.7","BUSHEHR, IR",,,,,,,"  327","H,,S"
"IRM00040858","2009-06-22","28.945","50.835","20.7","BUSHEHR, IR","    0",",,S","  402",",,S",,,"  322","H,,S"
"IRM00040858","2009-06-23","28.945","50.835","20.7","BUSHEHR, IR","    0",",,S","  360",",,S","  260",",,S","  319","H,,S"
"IRM00040858","2009-06-24","28.945","50.835","20.7","BUSHEHR, IR",,,"  366",",,S","  276",",,S","  325","H,,S"
"IRM00040858","2009-06-25","28.945","50.835","20.7","BUSHEHR, IR","    0",",,S",,,,,"  321","H,,S"
"IRM00040858","2009-06-26","28.945","50.835","20.7","BUSHEHR, IR","    0",",,S","  360",",,S","  262",",,S","  319","H,,S"
"IRM00040858","2009-06-27","28.945","50.835","20.7","BUSHEHR, IR","    0",",,S",,,"  265",",,S","  327","H,,S"
"IRM00040858","2009-06-28","28.945","50.835","20.7","BUSHEHR, IR",,,,,,,"  339","H,,S"
"IRM00040858","2009-06-29","28.945","50.835","20.7","BUSHEHR, IR",,,,,,,"  351","H,,S"
"IRM00040858","2009-06-30","28.945","50.835","20.7","BUSHEHR, IR",,,,,,,"  332","H,,S"
"IRM00040858","2009-07-01","28.945","50.835","20.7","BUSHEHR, IR",,,,,,,"  327","H,,S"
"IRM00040858","2009-07-02","28.945","50.835","20.7","BUSHEHR, IR",,,,,,,"  329","H,,S"
"IRM00040858","2009-07-03","28.945","50.835","20.7","BUSHEHR, IR",,,,,,,"  327","H,,S"
"IRM00040858","2009-07-04","28.945","50.835","20.7","BUSHEHR, IR",,,,,,,"  326","H,,S"
"IRM00040858","2009-07-05","28.945","50.835","20.7","BUSHEHR, IR",,,,,,,"  334","H,,S"
"IRM00040858","2009-07-06","28.945","50.835","20.7","BUSHEHR, IR",,,,,,,"  326","H,,S"
"IRM00040858","2009-07-07","28.945","50.835","20.7","BUSHEHR, IR",,,,,,,"  322","H,,S"
"IRM00040858","2009-07-08","28.945","50.835","20.7","BUSHEHR, IR",,,,,,,"  322","H,,S"
"IRM00040858","2009-07-09","28.945","50.835","20.7","BUSHEHR, IR",,,,,,,"  329","H,,S"
"IRM00040858","2009-07-10","28.945","50.835","20.7","BUSHEHR, IR",,,,,,,"  342","H,,S"
"IRM00040858","2009-07-11","28.945","50.835","20.7","BUSHEHR, IR",,,,,,,"  333","H,,S"
"IRM00040858","2009-07-12","28.945","50.835","20.7","BUSHEHR, IR",,,,,,,"  333","H,,S"
"IRM00040858","2009-07-13","28.945","50.835","20.7","BUSHEHR, IR",,,,,,,"  345","H,,S"
"IRM00040858","2009-07-14","28.945","50.835","20.7","BUSHEHR, IR",,,,,,,"  347","H,,S"
"IRM00040858","2009-07-15","28.945","50.835","20.7","BUSHEHR, IR",,,,,,,"  339","H,,S"
"IRM00040858","2009-07-16","28.945","50.835","20.7","BUSHEHR, IR",,,,,,,"  333","H,,S"
"IRM00040858","2009-07-17","28.945","50.835","20.7","BUSHEHR, IR",,,,,,,"  333","H,,S"
"IRM00040858","2009-07-18","28.945","50.835","20.7","BUSHEHR, IR",,,,,,,"  327","H,,S"
"IRM00040858","2009-07-19","28.945","50.835","20.7","BUSHEHR, IR",,,,,,,"  334","H,,S"
"IRM00040858","2009-07-20","28.945","50.835","20.7","BUSHEHR, IR",,,,,,,"  332","H,,S"
"IRM00040858","2009-07-21","28.945","50.835","20.7","BUSHEHR, IR",,,,,,,"  336","H,,S"
"IRM00040858","2009-07-22","28.945","50.835","20.7","BUSHEHR, IR",,,,,,,"  342","H,,S"
"IRM00040858","2009-07-23","28.945","50.835","20.7","BUSHEHR, IR",,,,,,,"  336","H,,S"
"IRM00040858","2009-07-24","28.945","50.835","20.7","BUSHEHR, IR",,,,,,,"  340","H,,S"
"IRM00040858","2009-07-25","28.945","50.835","20.7","BUSHEHR, IR",,,,,,,"  336","H,,S"
"IRM00040858","2009-07-26","28.945","50.835","20.7","BUSHEHR, IR",,,,,,,"  338","H,,S"
"IRM00040858","2009-07-27","28.945","50.835","20.7","BUSHEHR, IR",,,,,,,"  338","H,,S"
"IRM00040858","2009-07-28","28.945","50.835","20.7","BUSHEHR, IR",,,,,,,"  333","H,,S"
"IRM00040858","2009-07-29","28.945","50.835","20.7","BUSHEHR, IR","    0",",,S",,,"  275",",,S","  328","H,,S"
"IRM00040858","2009-07-30","28.945","50.835","20.7","BUSHEHR, IR","    0",",,S","  360",",,S","  312",",,S","  334","H,,S"
"IRM00040858","2009-07-31","28.945","50.835","20.7","BUSHEHR, IR",,,,,,,"  326","H,,S"
"IRM00040858","2009-08-01","28.945","50.835","20.7","BUSHEHR, IR",,,"  362",",,S","  290",",,S","  329","H,,S"
"IRM00040858","2009-08-02","28.945","50.835","20.7","BUSHEHR, IR","    0",",,S","  368",",,S",,,"  331","H,,S"
"IRM00040858","2009-08-03","28.945","50.835","20.7","BUSHEHR, IR","    0",",,S","  362",",,S",,,"  328","H,,S"
"IRM00040858","2009-08-04","28.945","50.835","20.7","BUSHEHR, IR","    0",",,S",,,,,"  334","H,,S"
"IRM00040858","2009-08-05","28.945","50.835","20.7","BUSHEHR, IR",,,"  390",",,S",,,"  337","H,,S"
"IRM00040858","2009-08-06","28.945","50.835","20.7","BUSHEHR, IR","    0",",,S","  390",",,S",,,"  352","H,,S"
"IRM00040858","2009-08-07","28.945","50.835","20.7","BUSHEHR, IR","    0",",,S","  380",",,S","  306",",,S","  346","H,,S"
"IRM00040858","2009-08-08","28.945","50.835","20.7","BUSHEHR, IR","    0",",,S","  376",",,S",,,"  344","H,,S"
"IRM00040858","2009-08-09","28.945","50.835","20.7","BUSHEHR, IR","    0",",,S","  375",",,S",,,"  346","H,,S"
"IRM00040858","2009-08-10","28.945","50.835","20.7","BUSHEHR, IR","    0",",,S",,,"  276",",,S","  345","H,,S"
"IRM00040858","2009-08-11","28.945","50.835","20.7","BUSHEHR, IR",,,"  365",",,S",,,"  342","H,,S"
"IRM00040858","2009-08-12","28.945","50.835","20.7","BUSHEHR, IR","    0",",,S","  360",",,S",,,"  323","H,,S"
"IRM00040858","2009-08-13","28.945","50.835","20.7","BUSHEHR, IR",,,,,,,"  323","H,,S"
"IRM00040858","2009-08-14","28.945","50.835","20.7","BUSHEHR, IR",,,,,,,"  322","H,,S"
"IRM00040858","2009-08-15","28.945","50.835","20.7","BUSHEHR, IR","    0",",,S",,,,,"  327","H,,S"
"IRM00040858","2009-08-16","28.945","50.835","20.7","BUSHEHR, IR","    0",",,S","  364",",,S",,,"  318","H,,S"
"IRM00040858","2009-08-17","28.945","50.835","20.7","BUSHEHR, IR","    0",",,S","  372",",,S",,,"  329","H,,S"
"IRM00040858","2009-08-18","28.945","50.835","20.7","BUSHEHR, IR","    0",",,S","  360",",,S","  292",",,S","  334","H,,S"
"IRM00040858","2009-08-19","28.945","50.835","20.7","BUSHEHR, IR","    0",",,S",,,,,"  335","H,,S"
"IRM00040858","2009-08-20","28.945","50.835","20.7","BUSHEHR, IR",,,,,,,"  331","H,,S"
"IRM00040858","2009-08-21","28.945","50.835","20.7","BUSHEHR, IR",,,,,,,"  340","H,,S"
"IRM00040858","2009-08-22","28.945","50.835","20.7","BUSHEHR, IR",,,,,,,"  341","H,,S"
"IRM00040858","2009-08-23","28.945","50.835","20.7","BUSHEHR, IR",,,"  394",",,S",,,"  345","H,,S"
"IRM00040858","2009-08-24","28.945","50.835","20.7","BUSHEHR, IR","    0",",,S",,,,,"  354","H,,S"
"IRM00040858","2009-08-25","28.945","50.835","20.7","BUSHEHR, IR","    0",",,S","  372",",,S",,,"  334","H,,S"
"IRM00040858","2009-08-26","28.945","50.835","20.7","BUSHEHR, IR","    0",",,S","  390",",,S","  292",",,S","  335","H,,S"
"IRM00040858","2009-08-27","28.945","50.835","20.7","BUSHEHR, IR","    0",",,S","  370",",,S","  274",",,S","  333","H,,S"
"IRM00040858","2009-08-28","28.945","50.835","20.7","BUSHEHR, IR","    0",",,S",,,"  305",",,S","  352","H,,S"
"IRM00040858","2009-08-29","28.945","50.835","20.7","BUSHEHR, IR",,,"  386",",,S",,,"  359","H,,S"
"IRM00040858","2009-08-30","28.945","50.835","20.7","BUSHEHR, IR","    0",",,S","  390",",,S",,,"  352","H,,S"
"IRM00040858","2009-08-31","28.945","50.835","20.7","BUSHEHR, IR","    0",",,S","  370",",,S",,,"  340","H,,S"
"IRM00040858","2009-09-01","28.945","50.835","20.7","BUSHEHR, IR","    0",",,S",,,,,"  322","H,,S"
"IRM00040858","2009-09-02","28.945","50.835","20.7","BUSHEHR, IR","    0",",,S",,,"  258",",,S","  319","H,,S"
"IRM00040858","2009-09-03","28.945","50.835","20.7","BUSHEHR, IR",,,"  364",",,S",,,"  316","H,,S"
"IRM00040858","2009-09-04","28.945","50.835","20.7","BUSHEHR, IR","    0",",,S","  366",",,S","  272",",,S","  323","H,,S"
"IRM00040858","2009-09-05","28.945","50.835","20.7","BUSHEHR, IR","    0",",,S","  365",",,S",,,"  320","H,,S"
"IRM00040858","2009-09-06","28.945","50.835","20.7","BUSHEHR, IR",,,,,,,"  321","H,,S"
"IRM00040858","2009-09-07","28.945","50.835","20.7","BUSHEHR, IR","    0",",,S","  370",",,S",,,"  319","H,,S"
"IRM00040858","2009-09-08","28.945","50.835","20.7","BUSHEHR, IR","    0",",,S","  386",",,S","  272",",,S","  323","H,,S"
"IRM00040858","2009-09-09","28.945","50.835","20.7","BUSHEHR, IR","    0",",,S",,,,,"  319","H,,S"
"IRM00040858","2009-09-10","28.945","50.835","20.7","BUSHEHR, IR","    0",",,S","  362",",,S",,,"  311","H,,S"
"IRM00040858","2009-09-11","28.945","50.835","20.7","BUSHEHR, IR",,,"  368",",,S","  255",",,S","  325","H,,S"
"IRM00040858","2009-09-12","28.945","50.835","20.7","BUSHEHR, IR","    0",",,S","  368",",,S",,,"  319","H,,S"
"IRM00040858","2009-09-13","28.945","50.835","20.7","BUSHEHR, IR","    0",",,S","  384",",,S","  246",",,S","  312","H,,S"
"IRM00040858","2009-09-14","28.945","50.835","20.7","BUSHEHR, IR","    0",",,S","  358",",,S",,,"  309","H,,S"
"IRM00040858","2009-09-15","28.945","50.835","20.7","BUSHEHR, IR","    0",",,S","  370",",,S",,,"  323","H,,S"
"IRM00040858","2009-09-16","28.945","50.835","20.7","BUSHEHR, IR",,,"  354",",,S",,,"  318","H,,S"
"IRM00040858","2009-09-17","28.945","50.835","20.7","BUSHEHR, IR","    0",",,S","  360",",,S","  255",",,S","  313","H,,S"
"IRM00040858","2009-09-18","28.945","50.835","20.7","BUSHEHR, IR","    0",",,S","  368",",,S","  265",",,S","  322","H,,S"
"IRM00040858","2009-09-19","28.945","50.835","20.7","BUSHEHR, IR","    0",",,S","  370",",,S","  284",",,S","  329","H,,S"
"IRM00040858","2009-09-20","28.945","50.835","20.7","BUSHEHR, IR","    0",",,S","  390",",,S",,,"  342","H,,S"
"IRM00040858","2009-09-21","28.945","50.835","20.7","BUSHEHR, IR","    0",",,S","  370",",,S",,,"  322","H,,S"
"IRM00040858","2009-09-22","28.945","50.835","20.7","BUSHEHR, IR","    0",",,S",,,"  280",",,S","  321","H,,S"
"IRM00040858","2009-09-23","28.945","50.835","20.7","BUSHEHR, IR","    0",",,S","  355",",,S","  276",",,S","  319","H,,S"
"IRM00040858","2009-09-24","28.945","50.835","20.7","BUSHEHR, IR","    0",",,S",,,"  250",",,S","  306","H,,S"
"IRM00040858","2009-09-25","28.945","50.835","20.7","BUSHEHR, IR","    0",",,S","  336",",,S","  265",",,S","  312","H,,S"
"IRM00040858","2009-09-26","28.945","50.835","20.7","BUSHEHR, IR","    0",",,S",,,,,"  302","H,,S"
"IRM00040858","2009-09-27","28.945","50.835","20.7","BUSHEHR, IR","    0",",,S","  334",",,S",,,"  291","H,,S"
"IRM00040858","2009-09-28","28.945","50.835","20.7","BUSHEHR, IR","    0",",,S",,,,,"  287","H,,S"
"IRM00040858","2009-09-29","28.945","50.835","20.7","BUSHEHR, IR","    0",",,S","  340",",,S","  216",",,S","  294","H,,S"
"IRM00040858","2009-09-30","28.945","50.835","20.7","BUSHEHR, IR","    0",",,S","  346",",,S",,,"  306","H,,S"
"IRM00040858","2009-10-01","28.945","50.835","20.7","BUSHEHR, IR",,,"  338",",,S",,,"  298","H,,S"
"IRM00040858","2009-10-02","28.945","50.835","20.7","BUSHEHR, IR","    0",",,S",,,"  236",",,S","  303","H,,S"
"IRM00040858","2009-10-03","28.945","50.835","20.7","BUSHEHR, IR","    0",",,S","  340",",,S",,,"  298","H,,S"
"IRM00040858","2009-10-04","28.945","50.835","20.7","BUSHEHR, IR","    0",",,S","  320",",,S",,,"  278","H,,S"
"IRM00040858","2009-10-05","28.945","50.835","20.7","BUSHEHR, IR","    0",",,S","  338",",,S",,,"  286","H,,S"
"IRM00040858","2009-10-06","28.945","50.835","20.7","BUSHEHR, IR","    0",",,S","  320",",,S","  235",",,S","  275","H,,S"
"IRM00040858","2009-10-07","28.945","50.835","20.7","BUSHEHR, IR","    0",",,S",,,,,"  280","H,,S"
"IRM00040858","2009-10-08","28.945","50.835","20.7","BUSHEHR, IR","    0",",,S",,,"  230",",,S","  284","H,,S"
"IRM00040858","2009-10-09","28.945","50.835","20.7","BUSHEHR, IR","    0",",,S","  325",",,S","  230",",,S","  283","H,,S"
"IRM00040858","2009-10-10","28.945","50.835","20.7","BUSHEHR, IR","    0",",,S","  340",",,S",,,"  282","H,,S"
"IRM00040858","2009-10-11","28.945","50.835","20.7","BUSHEHR, IR","    0",",,S","  318",",,S","  210",",,S","  271","H,,S"
"IRM00040858","2009-10-12","28.945","50.835","20.7","BUSHEHR, IR","    0",",,S","  332",",,S","  208",",,S","  278","H,,S"
"IRM00040858","2009-10-13","28.945","50.835","20.7","BUSHEHR, IR","    0",",,S","  320",",,S","  210",",,S","  263","H,,S"
"IRM00040858","2009-10-14","28.945","50.835","20.7","BUSHEHR, IR","    0",",,S",,,"  220",",,S","  287","H,,S"
"IRM00040858","2009-10-16","28.945","50.835","20.7","BUSHEHR, IR","    0",",,S","  315",",,S",,,"  267","H,,S"
"IRM00040858","2009-10-17","28.945","50.835","20.7","BUSHEHR, IR","    0",",,S","  315",",,S","  205",",,S","  259","H,,S"
"IRM00040858","2009-10-18","28.945","50.835","20.7","BUSHEHR, IR","    0",",,S",,,"  190",",,S","  261","H,,S"
"IRM00040858","2009-10-19","28.945","50.835","20.7","BUSHEHR, IR","    0",",,S","  320",",,S","  215",",,S","  264","H,,S"
"IRM00040858","2009-10-20","28.945","50.835","20.7","BUSHEHR, IR","    0",",,S","  330",",,S",,,"  274","H,,S"
"IRM00040858","2009-10-21","28.945","50.835","20.7","BUSHEHR, IR"," 1725",",,S","  325",",,S","  230",",,S","  278","H,,S"
"IRM00040858","2009-10-22","28.945","50.835","20.7","BUSHEHR, IR","    0",",,S",,,,,"  280","H,,S"
"IRM00040858","2009-10-23","28.945","50.835","20.7","BUSHEHR, IR","    0",",,S","  326",",,S",,,"  277","H,,S"
"IRM00040858","2009-10-24","28.945","50.835","20.7","BUSHEHR, IR","    0",",,S","  324",",,S","  220",",,S","  269","H,,S"
"IRM00040858","2009-10-25","28.945","50.835","20.7","BUSHEHR, IR","    0",",,S",,,"  234",",,S","  276","H,,S"
"IRM00040858","2009-10-26","28.945","50.835","20.7","BUSHEHR, IR","    0",",,S","  326",",,S",,,"  278","H,,S"
"IRM00040858","2009-10-27","28.945","50.835","20.7","BUSHEHR, IR","    0",",,S","  335",",,S",,,"  279","H,,S"
"IRM00040858","2009-10-28","28.945","50.835","20.7","BUSHEHR, IR","    0",",,S","  340",",,S","  238",",,S","  289","H,,S"
"IRM00040858","2009-10-29","28.945","50.835","20.7","BUSHEHR, IR","   61",",,S","  310",",,S",,,"  280","H,,S"
"IRM00040858","2009-10-30","28.945","50.835","20.7","BUSHEHR, IR","    0",",,S",,,,,"  288","H,,S"
"IRM00040858","2009-10-31","28.945","50.835","20.7","BUSHEHR, IR","    0",",,S","  330",",,S",,,"  277","H,,S"
"IRM00040858","2009-11-01","28.945","50.835","20.7","BUSHEHR, IR","    0",",,S","  318",",,S",,,"  274","H,,S"
"IRM00040858","2009-11-02","28.945","50.835","20.7","BUSHEHR, IR","    0",",,S",,,"  220",",,S","  280","H,,S"
"IRM00040858","2009-11-03","28.945","50.835","20.7","BUSHEHR, IR","    0",",,S","  345",",,S",,,"  291","H,,S"
"IRM00040858","2009-11-04","28.945","50.835","20.7","BUSHEHR, IR","  254",",,S","  290",",,S",,,"  259","H,,S"
"IRM00040858","2009-11-05","28.945","50.835","20.7","BUSHEHR, IR","    0",",,S","  290",",,S",,,"  265","H,,S"
"IRM00040858","2009-11-06","28.945","50.835","20.7","BUSHEHR, IR",,,"  304",",,S","  230",",,S","  269","H,,S"
"IRM00040858","2009-11-07","28.945","50.835","20.7","BUSHEHR, IR","    0",",,S","  298",",,S",,,"  267","H,,S"
"IRM00040858","2009-11-08","28.945","50.835","20.7","BUSHEHR, IR","    0",",,S","  300",",,S",,,"  254","H,,S"
"IRM00040858","2009-11-09","28.945","50.835","20.7","BUSHEHR, IR","    0",",,S","  292",",,S",,,"  238","H,,S"
"IRM00040858","2009-11-10","28.945","50.835","20.7","BUSHEHR, IR","    0",",,S","  286",",,S","  175",",,S","  237","H,,S"
"IRM00040858","2009-11-11","28.945","50.835","20.7","BUSHEHR, IR","    0",",,S",,,"  180",",,S","  242","H,,S"
"IRM00040858","2009-11-12","28.945","50.835","20.7","BUSHEHR, IR",,,"  284",",,S",,,"  241","H,,S"
"IRM00040858","2009-11-13","28.945","50.835","20.7","BUSHEHR, IR","    0",",,S","  282",",,S","  170",",,S","  231","H,,S"
"IRM00040858","2009-11-14","28.945","50.835","20.7","BUSHEHR, IR","    0",",,S","  302",",,S","  165",",,S","  239","H,,S"
"IRM00040858","2009-11-15","28.945","50.835","20.7","BUSHEHR, IR","    0",",,S","  285",",,S",,,"  240","H,,S"
"IRM00040858","2009-11-16","28.945","50.835","20.7","BUSHEHR, IR","    0",",,S","  280",",,S","  194",",,S","  236","H,,S"
"IRM00040858","2009-11-17","28.945","50.835","20.7","BUSHEHR, IR","    0",",,S","  296",",,S","  195",",,S","  248","H,,S"
"IRM00040858","2009-11-18","28.945","50.835","20.7","BUSHEHR, IR","    0",",,S",,,,,"  252","H,,S"
"IRM00040858","2009-11-19","28.945","50.835","20.7","BUSHEHR, IR","    0",",,S","  246",",,S","  182",",,S","  212","H,,S"
"IRM00040858","2009-11-20","28.945","50.835","20.7","BUSHEHR, IR","    0",",,S",,,,,"  199","H,,S"
"IRM00040858","2009-11-21","28.945","50.835","20.7","BUSHEHR, IR","    0",",,S","  230",",,S",,,"  187","H,,S"
"IRM00040858","2009-11-22","28.945","50.835","20.7","BUSHEHR, IR","    0",",,S","  225",",,S",,,"  196","H,,S"
"IRM00040858","2009-11-23","28.945","50.835","20.7","BUSHEHR, IR","    0",",,S","  222",",,S","  150",",,S","  190","H,,S"
"IRM00040858","2009-11-24","28.945","50.835","20.7","BUSHEHR, IR","    0",",,S",,,"  140",",,S","  179","H,,S"
"IRM00040858","2009-11-25","28.945","50.835","20.7","BUSHEHR, IR",,,,,,,"  201","H,,S"
"IRM00040858","2009-11-26","28.945","50.835","20.7","BUSHEHR, IR",,,"  200",",,S",,,"  181","H,,S"
"IRM00040858","2009-11-27","28.945","50.835","20.7","BUSHEHR, IR",,,"  225",",,S","  168",",,S","  202","H,,S"
"IRM00040858","2009-11-28","28.945","50.835","20.7","BUSHEHR, IR",,,"  210",",,S",,,"  188","H,,S"
"IRM00040858","2009-11-29","28.945","50.835","20.7","BUSHEHR, IR",,,"  210",",,S",,,"  184","H,,S"
"IRM00040858","2009-11-30","28.945","50.835","20.7","BUSHEHR, IR","    0",",,S",,,,,"  171","H,,S"
"IRM00040858","2009-12-01","28.945","50.835","20.7","BUSHEHR, IR","    0",",,S","  205",",,S",,,"  173","H,,S"
"IRM00040858","2009-12-02","28.945","50.835","20.7","BUSHEHR, IR","    0",",,S","  205",",,S",,,"  170","H,,S"
"IRM00040858","2009-12-03","28.945","50.835","20.7","BUSHEHR, IR","    0",",,S",,,,,"  166","H,,S"
"IRM00040858","2009-12-04","28.945","50.835","20.7","BUSHEHR, IR","    0",",,S","  202",",,S","   95",",,S","  160","H,,S"
"IRM00040858","2009-12-05","28.945","50.835","20.7","BUSHEHR, IR","    0",",,S",,,,,"  182","H,,S"
"IRM00040858","2009-12-06","28.945","50.835","20.7","BUSHEHR, IR","   15",",,S","  205",",,S",,,"  178","H,,S"
"IRM00040858","2009-12-07","28.945","50.835","20.7","BUSHEHR, IR","    0",",,S",,,,,"  186","H,,S"
"IRM00040858","2009-12-08","28.945","50.835","20.7","BUSHEHR, IR","  419",",,S","  220",",,S",,,"  193","H,,S"
"IRM00040858","2009-12-09","28.945","50.835","20.7","BUSHEHR, IR","    0",",,S","  206",",,S",,,"  179","H,,S"
"IRM00040858","2009-12-10","28.945","50.835","20.7","BUSHEHR, IR","    0",",,S","  192",",,S","  140",",,S","  163","H,,S"
"IRM00040858","2009-12-11","28.945","50.835","20.7","BUSHEHR, IR","    0",",,S",,,"  140",",,S","  165","H,,S"
"IRM00040858","2009-12-12","28.945","50.835","20.7","BUSHEHR, IR","    0",",,S",,,"  136",",,S","  193","H,,S"
"IRM00040858","2009-12-13","28.945","50.835","20.7","BUSHEHR, IR",,,"  218",",,S",,,"  183","H,,S"
"IRM00040858","2009-12-14","28.945","50.835","20.7","BUSHEHR, IR",,,"  210",",,S",,,"  178","H,,S"
"IRM00040858","2009-12-15","28.945","50.835","20.7","BUSHEHR, IR","    0",",,S","  204",",,S",,,"  175","H,,S"
"IRM00040858","2009-12-16","28.945","50.835","20.7","BUSHEHR, IR","    0",",,S","  208",",,S","  120",",,S","  166","H,,S"
"IRM00040858","2009-12-17","28.945","50.835","20.7","BUSHEHR, IR","    0",",,S",,,,,"  187","H,,S"
"IRM00040858","2009-12-18","28.945","50.835","20.7","BUSHEHR, IR","   91",",,S","  216",",,S","  155",",,S","  179","H,,S"
"IRM00040858","2009-12-19","28.945","50.835","20.7","BUSHEHR, IR","   41",",,S",,,"  155",",,S","  182","H,,S"
"IRM00040858","2009-12-20","28.945","50.835","20.7","BUSHEHR, IR","    0",",,S",,,,,"  179","H,,S"
"IRM00040858","2009-12-21","28.945","50.835","20.7","BUSHEHR, IR","    0",",,S","  200",",,S",,,"  174","H,,S"
"IRM00040858","2009-12-22","28.945","50.835","20.7","BUSHEHR, IR","    0",",,S","  225",",,S",,,"  179","H,,S"
"IRM00040858","2009-12-23","28.945","50.835","20.7","BUSHEHR, IR","    0",",,S","  234",",,S","  150",",,S","  192","H,,S"
"IRM00040858","2009-12-24","28.945","50.835","20.7","BUSHEHR, IR","   89",",,S","  220",",,S","  155",",,S","  187","H,,S"
"IRM00040858","2009-12-25","28.945","50.835","20.7","BUSHEHR, IR","    0",",,S",,,,,"  190","H,,S"
"IRM00040858","2009-12-26","28.945","50.835","20.7","BUSHEHR, IR","    0",",,S","  205",",,S",,,"  174","H,,S"
"IRM00040858","2009-12-27","28.945","50.835","20.7","BUSHEHR, IR",,,,,,,"  173","H,,S"
"IRM00040858","2009-12-28","28.945","50.835","20.7","BUSHEHR, IR","    0",",,S",,,,,"  174","H,,S"
"IRM00040858","2009-12-29","28.945","50.835","20.7","BUSHEHR, IR","    0",",,S",,,,,"  172","H,,S"
"IRM00040858","2009-12-30","28.945","50.835","20.7","BUSHEHR, IR",,,"  212",",,S","  120",",,S","  167","H,,S"
"IRM00040858","2009-12-31","28.945","50.835","20.7","BUSHEHR, IR","    0",",,S","  200",",,S","  145",",,S","  177","H,,S"
"IRM00040858","2010-01-01","28.945","50.835","20.7","BUSHEHR, IR",,,"  190",",,S",,,"  168","H,,S"
"IRM00040858","2010-01-02","28.945","50.835","20.7","BUSHEHR, IR","    0",",,S","  175",",,S",,,"  148","H,,S"
"IRM00040858","2010-01-03","28.945","50.835","20.7","BUSHEHR, IR","    0",",,S","  170",",,S",,,"  138","H,,S"
"IRM00040858","2010-01-04","28.945","50.835","20.7","BUSHEHR, IR","    0",",,S","  224",",,S",,,"  167","H,,S"
"IRM00040858","2010-01-05","28.945","50.835","20.7","BUSHEHR, IR",,,,,"  105",",,S","  162","H,,S"
"IRM00040858","2010-01-06","28.945","50.835","20.7","BUSHEHR, IR","    0",",,S","  202",",,S","  114",",,S","  169","H,,S"
"IRM00040858","2010-01-07","28.945","50.835","20.7","BUSHEHR, IR","    0",",,S",,,,,"  150","H,,S"
"IRM00040858","2010-01-08","28.945","50.835","20.7","BUSHEHR, IR","    0",",,S","  192",",,S",,,"  146","H,,S"
"IRM00040858","2010-01-09","28.945","50.835","20.7","BUSHEHR, IR",,,"  200",",,S","  100",",,S","  156","H,,S"
"IRM00040858","2010-01-10","28.945","50.835","20.7","BUSHEHR, IR","    0",",,S","  205",",,S",,,"  178","H,,S"
"IRM00040858","2010-01-11","28.945","50.835","20.7","BUSHEHR, IR","    0",",,S","  212",",,S",,,"  166","H,,S"
"IRM00040858","2010-01-12","28.945","50.835","20.7","BUSHEHR, IR","    0",",,S","  214",",,S",,,"  158","H,,S"
"IRM00040858","2010-01-13","28.945","50.835","20.7","BUSHEHR, IR","    0",",,S","  218",",,S","   96",",,S","  168","H,,S"
"IRM00040858","2010-01-14","28.945","50.835","20.7","BUSHEHR, IR","    0",",,S","  230",",,S","  150",",,S","  178","H,,S"
"IRM00040858","2010-01-15","28.945","50.835","20.7","BUSHEHR, IR",,,"  230",",,S","  130",",,S","  178","H,,S"
"IRM00040858","2010-01-16","28.945","50.835","20.7","BUSHEHR, IR","    0",",,S","  230",",,S","  115",",,S","  173","H,,S"
"IRM00040858","2010-01-17","28.945","50.835","20.7","BUSHEHR, IR","    0",",,S","  214",",,S",,,"  167","H,,S"
"IRM00040858","2010-01-18","28.945","50.835","20.7","BUSHEHR, IR","    0",",,S","  235",",,S",,,"  183","H,,S"
"IRM00040858","2010-01-19","28.945","50.835","20.7","BUSHEHR, IR","    0",",,S","  232",",,S",,,"  187","H,,S"
"IRM00040858","2010-01-20","28.945","50.835","20.7","BUSHEHR, IR","    0",",,S",,,"  150",",,S","  191","H,,S"
"IRM00040858","2010-01-21","28.945","50.835","20.7","BUSHEHR, IR",,,"  258",",,S",,,"  203","H,,S"
"IRM00040858","2010-01-22","28.945","50.835","20.7","BUSHEHR, IR","    0",",,S","  216",",,S","  140",",,S","  183","H,,S"
"IRM00040858","2010-01-23","28.945","50.835","20.7","BUSHEHR, IR",,,"  210",",,S",,,"  179","H,,S"
"IRM00040858","2010-01-24","28.945","50.835","20.7","BUSHEHR, IR","    8",",,S",,,,,"  184","H,,S"
"IRM00040858","2010-01-25","28.945","50.835","20.7","BUSHEHR, IR","    0",",,S","  235",",,S","  170",",,S","  198","H,,S"
"IRM00040858","2010-01-26","28.945","50.835","20.7","BUSHEHR, IR","    0",",,S","  202",",,S",,,"  180","H,,S"
"IRM00040858","2010-01-27","28.945","50.835","20.7","BUSHEHR, IR","    0",",,S",,,,,"  145","H,,S"
"IRM00040858","2010-01-28","28.945","50.835","20.7","BUSHEHR, IR","    0",",,S","  150",",,S",,,"  116","H,,S"
"IRM00040858","2010-01-29","28.945","50.835","20.7","BUSHEHR, IR",,,,,"   56",",,S","  147","H,,S"
"IRM00040858","2010-01-30","28.945","50.835","20.7","BUSHEHR, IR","    0",",,S",,,"  125",",,S","  177","H,,S"
"IRM00040858","2010-01-31","28.945","50.835","20.7","BUSHEHR, IR","    0",",,S","  242",",,S","  136",",,S","  187","H,,S"
"IRM00040858","2010-02-01","28.945","50.835","20.7","BUSHEHR, IR","    8",",,S","  262",",,S","  172",",,S","  216","H,,S"
"IRM00040858","2010-02-02","28.945","50.835","20.7","BUSHEHR, IR","   10",",,S","  235",",,S","  184",",,S","  206","H,,S"
"IRM00040858","2010-02-03","28.945","50.835","20.7","BUSHEHR, IR","    0",",,S","  242",",,S",,,"  217","H,,S"
"IRM00040858","2010-02-04","28.945","50.835","20.7","BUSHEHR, IR",,,"  246",",,S",,,"  211","H,,S"
"IRM00040858","2010-02-05","28.945","50.835","20.7","BUSHEHR, IR","    0",",,S","  192",",,S",,,"  161","H,,S"
"IRM00040858","2010-02-06","28.945","50.835","20.7","BUSHEHR, IR","    0",",,S","  170",",,S",,,"  144","H,,S"
"IRM00040858","2010-02-07","28.945","50.835","20.7","BUSHEHR, IR","    0",",,S","  140",",,S",,,"  120","H,,S"
"IRM00040858","2010-02-08","28.945","50.835","20.7","BUSHEHR, IR","    0",",,S","  160",",,S","   45",",,S","  128","H,,S"
"IRM00040858","2010-02-09","28.945","50.835","20.7","BUSHEHR, IR","    0",",,S","  180",",,S","   70",",,S","  130","H,,S"
"IRM00040858","2010-02-10","28.945","50.835","20.7","BUSHEHR, IR","    0",",,S","  220",",,S",,,"  161","H,,S"
"IRM00040858","2010-02-11","28.945","50.835","20.7","BUSHEHR, IR",,,"  212",",,S",,,"  169","H,,S"
"IRM00040858","2010-02-12","28.945","50.835","20.7","BUSHEHR, IR",,,,,,,"  163","H,,S"
"IRM00040858","2010-02-13","28.945","50.835","20.7","BUSHEHR, IR","    0",",,S","  225",",,S",,,"  169","H,,S"
"IRM00040858","2010-02-14","28.945","50.835","20.7","BUSHEHR, IR","    0",",,S","  240",",,S","  125",",,S","  183","H,,S"
"IRM00040858","2010-02-15","28.945","50.835","20.7","BUSHEHR, IR","    0",",,S","  230",",,S","  124",",,S","  177","H,,S"
"IRM00040858","2010-02-16","28.945","50.835","20.7","BUSHEHR, IR","    0",",,S","  242",",,S","  120",",,S","  183","H,,S"
"IRM00040858","2010-02-17","28.945","50.835","20.7","BUSHEHR, IR","    0",",,S","  260",",,S",,,"  197","H,,S"
"IRM00040858","2010-02-18","28.945","50.835","20.7","BUSHEHR, IR","    0",",,S",,,"  140",",,S","  214","H,,S"
"IRM00040858","2010-02-19","28.945","50.835","20.7","BUSHEHR, IR",,,,,,,"  230","H,,S"
"IRM00040858","2010-02-20","28.945","50.835","20.7","BUSHEHR, IR","    0",",,S","  262",",,S",,,"  217","H,,S"
"IRM00040858","2010-02-21","28.945","50.835","20.7","BUSHEHR, IR","    0",",,S","  220",",,S",,,"  193","H,,S"
"IRM00040858","2010-02-22","28.945","50.835","20.7","BUSHEHR, IR","    0",",,S",,,,,"  174","H,,S"
"IRM00040858","2010-02-23","28.945","50.835","20.7","BUSHEHR, IR","    0",",,S","  234",",,S","  156",",,S","  199","H,,S"
"IRM00040858","2010-02-24","28.945","50.835","20.7","BUSHEHR, IR","    0",",,S","  274",",,S",,,"  211","H,,S"
"IRM00040858","2010-02-25","28.945","50.835","20.7","BUSHEHR, IR","    0",",,S","  280",",,S",,,"  213","H,,S"
"IRM00040858","2010-02-26","28.945","50.835","20.7","BUSHEHR, IR","    0",",,S","  285",",,S","  160",",,S","  223","H,,S"
"IRM00040858","2010-02-27","28.945","50.835","20.7","BUSHEHR, IR","    0",",,S","  245",",,S",,,"  209","H,,S"
"IRM00040858","2010-02-28","28.945","50.835","20.7","BUSHEHR, IR","    0",",,S","  240",",,S",,,"  197","H,,S"
"IRM00040858","2010-03-01","28.945","50.835","20.7","BUSHEHR, IR","    0",",,S","  285",",,S","  145",",,S","  213","H,,S"
"IRM00040858","2010-03-02","28.945","50.835","20.7","BUSHEHR, IR","    8",",,S","  236",",,S",,,"  201","H,,S"
"IRM00040858","2010-03-03","28.945","50.835","20.7","BUSHEHR, IR","    0",",,S","  215",",,S",,,"  174","H,,S"
"IRM00040858","2010-03-04","28.945","50.835","20.7","BUSHEHR, IR","    0",",,S","  245",",,S","  120",",,S","  194","H,,S"
"IRM00040858","2010-03-05","28.945","50.835","20.7","BUSHEHR, IR","    0",",,S","  210",",,S",,,"  194","H,,S"
"IRM00040858","2010-03-06","28.945","50.835","20.7","BUSHEHR, IR","    0",",,S","  228",",,S",,,"  189","H,,S"
"IRM00040858","2010-03-07","28.945","50.835","20.7","BUSHEHR, IR","    0",",,S","  260",",,S","  140",",,S","  202","H,,S"
"IRM00040858","2010-03-08","28.945","50.835","20.7","BUSHEHR, IR","    0",",,S",,,"  175",",,S","  228","H,,S"
"IRM00040858","2010-03-09","28.945","50.835","20.7","BUSHEHR, IR","    0",",,S","  245",",,S",,,"  202","H,,S"
"IRM00040858","2010-03-10","28.945","50.835","20.7","BUSHEHR, IR","    0",",,S","  266",",,S","  145",",,S","  208","H,,S"
"IRM00040858","2010-03-11","28.945","50.835","20.7","BUSHEHR, IR","    0",",,S","  275",",,S","  150",",,S","  213","H,,S"
"IRM00040858","2010-03-12","28.945","50.835","20.7","BUSHEHR, IR","    0",",,S","  300",",,S","  150",",,S","  227","H,,S"
"IRM00040858","2010-03-13","28.945","50.835","20.7","BUSHEHR, IR","    0",",,S","  298",",,S","  170",",,S","  233","H,,S"
"IRM00040858","2010-03-14","28.945","50.835","20.7","BUSHEHR, IR","    0",",,S","  298",",,S",,,"  238","H,,S"
"IRM00040858","2010-03-15","28.945","50.835","20.7","BUSHEHR, IR","    0",",,S","  306",",,S","  154",",,S","  236","H,,S"
"IRM00040858","2010-03-16","28.945","50.835","20.7","BUSHEHR, IR","    0",",,S","  300",",,S","  155",",,S","  243","H,,S"
"IRM00040858","2010-03-17","28.945","50.835","20.7","BUSHEHR, IR","    0",",,S","  330",",,S","  190",",,S","  260","H,,S"
"IRM00040858","2010-03-18","28.945","50.835","20.7","BUSHEHR, IR","    0",",,S","  305",",,S","  180",",,S","  253","H,,S"
"IRM00040858","2010-03-19","28.945","50.835","20.7","BUSHEHR, IR",,,"  328",",,S","  176",",,S","  241","H,,S"
"IRM00040858","2010-03-20","28.945","50.835","20.7","BUSHEHR, IR","    0",",,S","  240",",,S",,,"  220","H,,S"
"IRM00040858","2010-03-21","28.945","50.835","20.7","BUSHEHR, IR","    0",",,S","  234",",,S","  186",",,S","  214","H,,S"
"IRM00040858","2010-03-22","28.945","50.835","20.7","BUSHEHR, IR","    0",",,S",,,"  190",",,S","  209","H,,S"
"IRM00040858","2010-03-23","28.945","50.835","20.7","BUSHEHR, IR","    0",",,S","  246",",,S",,,"  213","H,,S"
"IRM00040858","2010-03-24","28.945","50.835","20.7","BUSHEHR, IR","    0",",,S","  256",",,S",,,"  216","H,,S"
"IRM00040858","2010-03-25","28.945","50.835","20.7","BUSHEHR, IR","    0",",,S","  286",",,S","  160",",,S","  222","H,,S"
"IRM00040858","2010-03-26","28.945","50.835","20.7","BUSHEHR, IR","    0","D,,S","  320",",,S","  170",",,S","  249","H,,S"
"IRM00040858","2010-03-27","28.945","50.835","20.7","BUSHEHR, IR","    0",",,S","  320",",,S",,,"  242","H,,S"
"IRM00040858","2010-03-28","28.945","50.835","20.7","BUSHEHR, IR","    0",",,S",,,,,"  232","H,,S"
"IRM00040858","2010-03-29","28.945","50.835","20.7","BUSHEHR, IR",,,,,"  180",",,S","  229","H,,S"
"IRM00040858","2010-03-30","28.945","50.835","20.7","BUSHEHR, IR","    0",",,S","  270",",,S","  190",",,S","  226","H,,S"
"IRM00040858","2010-03-31","28.945","50.835","20.7","BUSHEHR, IR","    0",",,S","  280",",,S","  185",",,S","  240","H,,S"
"IRM00040858","2010-04-01","28.945","50.835","20.7","BUSHEHR, IR","    0",",,S",,,,,"  226","H,,S"
"IRM00040858","2010-04-02","28.945","50.835","20.7","BUSHEHR, IR",,,"  250",",,S",,,"  219","H,,S"
"IRM00040858","2010-04-03","28.945","50.835","20.7","BUSHEHR, IR",,,"  280",",,S",,,"  232","H,,S"
"IRM00040858","2010-04-04","28.945","50.835","20.7","BUSHEHR, IR","    0",",,S","  280",",,S",,,"  244","H,,S"
"IRM00040858","2010-04-05","28.945","50.835","20.7","BUSHEHR, IR","    0",",,S","  274",",,S","  200",",,S","  246","H,,S"
"IRM00040858","2010-04-06","28.945","50.835","20.7","BUSHEHR, IR","    0",",,S","  304",",,S",,,"  245","H,,S"
"IRM00040858","2010-04-07","28.945","50.835","20.7","BUSHEHR, IR","    0",",,S","  278",",,S","  190",",,S","  238","H,,S"
"IRM00040858","2010-04-08","28.945","50.835","20.7","BUSHEHR, IR","    0",",,S","  364",",,S","  215",",,S","  269","H,,S"
"IRM00040858","2010-04-09","28.945","50.835","20.7","BUSHEHR, IR",,,,,"  232",",,S","  286","H,,S"
"IRM00040858","2010-04-10","28.945","50.835","20.7","BUSHEHR, IR",,,"  290",",,S",,,"  259","H,,S"
"IRM00040858","2010-04-11","28.945","50.835","20.7","BUSHEHR, IR","    0",",,S","  288",",,S",,,"  256","H,,S"
"IRM00040858","2010-04-12","28.945","50.835","20.7","BUSHEHR, IR","    0",",,S","  282",",,S",,,"  248","H,,S"
"IRM00040858","2010-04-13","28.945","50.835","20.7","BUSHEHR, IR","    0",",,S","  305",",,S","  200",",,S","  269","H,,S"
"IRM00040858","2010-04-14","28.945","50.835","20.7","BUSHEHR, IR","    0",",,S","  315",",,S",,,"  256","H,,S"
"IRM00040858","2010-04-15","28.945","50.835","20.7","BUSHEHR, IR","   71",",,S","  315",",,S","  225",",,S","  261","H,,S"
"IRM00040858","2010-04-16","28.945","50.835","20.7","BUSHEHR, IR","    0",",,S","  290",",,S",,,"  255","H,,S"
"IRM00040858","2010-04-17","28.945","50.835","20.7","BUSHEHR, IR","    0",",,S","  330",",,S",,,"  265","H,,S"
"IRM00040858","2010-04-18","28.945","50.835","20.7","BUSHEHR, IR","    5",",,S","  280",",,S","  235",",,S","  252","H,,S"
"IRM00040858","2010-04-19","28.945","50.835","20.7","BUSHEHR, IR","    8",",,S","  280",",,S",,,"  255","H,,S"
"IRM00040858","2010-04-20","28.945","50.835","20.7","BUSHEHR, IR","    0",",,S","  290",",,S",,,"  257","H,,S"
"IRM00040858","2010-04-21","28.945","50.835","20.7","BUSHEHR, IR","    0",",,S","  300",",,S","  195",",,S","  254","H,,S"
"IRM00040858","2010-04-22","28.945","50.835","20.7","BUSHEHR, IR","    0",",,S","  352",",,S","  225",",,S","  298","H,,S"
"IRM00040858","2010-04-23","28.945","50.835","20.7","BUSHEHR, IR","    0",",,S","  338",",,S",,,"  297","H,,S"
"IRM00040858","2010-04-24","28.945","50.835","20.7","BUSHEHR, IR","    0",",,S","  270",",,S","  220",",,S","  251","H,,S"
"IRM00040858","2010-04-25","28.945","50.835","20.7","BUSHEHR, IR","    0",",,S",,,"  230",",,S","  259","H,,S"
"IRM00040858","2010-04-26","28.945","50.835","20.7","BUSHEHR, IR","    0",",,S",,,"  210",",,S","  253","H,,S"
"IRM00040858","2010-04-27","28.945","50.835","20.7","BUSHEHR, IR","    0",",,S","  300",",,S",,,"  259","H,,S"
"IRM00040858","2010-04-28","28.945","50.835","20.7","BUSHEHR, IR","    0",",,S","  304",",,S",,,"  274","H,,S"
"IRM00040858","2010-04-29","28.945","50.835","20.7","BUSHEHR, IR","    0",",,S","  366",",,S","  240",",,S","  307","H,,S"
"IRM00040858","2010-04-30","28.945","50.835","20.7","BUSHEHR, IR","    0",",,S",,,"  256",",,S","  271","H,,S"
"IRM00040858","2010-05-01","28.945","50.835","20.7","BUSHEHR, IR","    0",",,S","  362",",,S","  235",",,S","  292","H,,S"
"IRM00040858","2010-05-02","28.945","50.835","20.7","BUSHEHR, IR","    0",",,S","  306",",,S",,,"  267","H,,S"
"IRM00040858","2010-05-03","28.945","50.835","20.7","BUSHEHR, IR","    3",",,S","  290",",,S","  245",",,S","  263","H,,S"
"IRM00040858","2010-05-04","28.945","50.835","20.7","BUSHEHR, IR","    0",",,S","  310",",,S","  248",",,S","  272","H,,S"
"IRM00040858","2010-05-05","28.945","50.835","20.7","BUSHEHR, IR",,,,,,,"  280","H,,S"
"IRM00040858","2010-05-06","28.945","50.835","20.7","BUSHEHR, IR",,,"  296",",,S",,,"  268","H,,S"
"IRM00040858","2010-05-07","28.945","50.835","20.7","BUSHEHR, IR","    0",",,S","  305",",,S",,,"  274","H,,S"
"IRM00040858","2010-05-08","28.945","50.835","20.7","BUSHEHR, IR","    0",",,S","  368",",,S","  220",",,S","  296","H,,S"
"IRM00040858","2010-05-09","28.945","50.835","20.7","BUSHEHR, IR","    0",",,S","  318",",,S",,,"  272","H,,S"
"IRM00040858","2010-05-10","28.945","50.835","20.7","BUSHEHR, IR","    0",",,S",,,"  214",",,S","  296","H,,S"
"IRM00040858","2010-05-11","28.945","50.835","20.7","BUSHEHR, IR","    0",",,S","  384",",,S",,,"  306","H,,S"
"IRM00040858","2010-05-12","28.945","50.835","20.7","BUSHEHR, IR",,,"  348",",,S","  240",",,S","  299","H,,S"
"IRM00040858","2010-05-13","28.945","50.835","20.7","BUSHEHR, IR",,,,,,,"  319","H,,S"
"IRM00040858","2010-05-14","28.945","50.835","20.7","BUSHEHR, IR","    0",",,S","  356",",,S",,,"  305","H,,S"
"IRM00040858","2010-05-15","28.945","50.835","20.7","BUSHEHR, IR","    0",",,S","  350",",,S","  260",",,S","  307","H,,S"
"IRM00040858","2010-05-16","28.945","50.835","20.7","BUSHEHR, IR",,,,,,,"  304","H,,S"
"IRM00040858","2010-05-17","28.945","50.835","20.7","BUSHEHR, IR",,,,,,,"  302","H,,S"
"IRM00040858","2010-05-18","28.945","50.835","20.7","BUSHEHR, IR","    0",",,S",,,,,"  310","H,,S"
"IRM00040858","2010-05-19","28.945","50.835","20.7","BUSHEHR, IR","    0",",,S","  365",",,S","  275",",,S","  313","H,,S"
"IRM00040858","2010-05-20","28.945","50.835","20.7","BUSHEHR, IR",,,,,,,"  319","H,,S"
"IRM00040858","2010-05-21","28.945","50.835","20.7","BUSHEHR, IR",,,,,,,"  326","H,,S"
"IRM00040858","2010-05-22","28.945","50.835","20.7","BUSHEHR, IR",,,,,,,"  316","H,,S"
"IRM00040858","2010-05-23","28.945","50.835","20.7","BUSHEHR, IR",,,"  346",",,S",,,"  307","H,,S"
"IRM00040858","2010-05-24","28.945","50.835","20.7","BUSHEHR, IR",,,"  364",",,S","  260",",,S","  318","H,,S"
"IRM00040858","2010-05-25","28.945","50.835","20.7","BUSHEHR, IR","    0",",,S",,,,,"  298","H,,S"
"IRM00040858","2010-05-26","28.945","50.835","20.7","BUSHEHR, IR","    0",",,S",,,"  242",",,S","  295","H,,S"
"IRM00040858","2010-05-27","28.945","50.835","20.7","BUSHEHR, IR","    0",",,S","  324",",,S","  270",",,S","  298","H,,S"
"IRM00040858","2010-05-28","28.945","50.835","20.7","BUSHEHR, IR","    0",",,S","  324",",,S",,,"  291","H,,S"
"IRM00040858","2010-05-29","28.945","50.835","20.7","BUSHEHR, IR","    0",",,S",,,,,"  318","H,,S"
"IRM00040858","2010-05-30","28.945","50.835","20.7","BUSHEHR, IR","    0",",,S",,,,,"  308","H,,S"
"IRM00040858","2010-05-31","28.945","50.835","20.7","BUSHEHR, IR","    0",",,S","  352",",,S","  274",",,S","  314","H,,S"
"IRM00040858","2010-06-01","28.945","50.835","20.7","BUSHEHR, IR","    0",",,S",,,,,"  313","H,,S"
"IRM00040858","2010-06-02","28.945","50.835","20.7","BUSHEHR, IR",,,"  342",",,S",,,"  303","H,,S"
"IRM00040858","2010-06-03","28.945","50.835","20.7","BUSHEHR, IR","    0",",,S","  356",",,S",,,"  313","H,,S"
"IRM00040858","2010-06-04","28.945","50.835","20.7","BUSHEHR, IR",,,"  352",",,S","  268",",,S","  310","H,,S"
"IRM00040858","2010-06-05","28.945","50.835","20.7","BUSHEHR, IR","    0",",,S",,,"  270",",,S","  313","H,,S"
"IRM00040858","2010-06-06","28.945","50.835","20.7","BUSHEHR, IR","    0",",,S",,,,,"  317","H,,S"
"IRM00040858","2010-06-07","28.945","50.835","20.7","BUSHEHR, IR",,,,,,,"  326","H,,S"
"IRM00040858","2010-06-08","28.945","50.835","20.7","BUSHEHR, IR","  599",",,S","  355",",,S",,,"  324","H,,S"
"IRM00040858","2010-06-09","28.945","50.835","20.7","BUSHEHR, IR","    0","D,,S","  350",",,S","  295",",,S","  329","H,,S"
"IRM00040858","2010-06-10","28.945","50.835","20.7","BUSHEHR, IR","  701",",,S",,,"  296",",,S","  341","H,,S"
"IRM00040858","2010-06-11","28.945","50.835","20.7","BUSHEHR, IR",,,,,,,"  318","H,,S"
"IRM00040858","2010-06-12","28.945","50.835","20.7","BUSHEHR, IR",,,,,,,"  318","H,,S"
"IRM00040858","2010-06-13","28.945","50.835","20.7","BUSHEHR, IR",,,,,,,"  329","H,,S"
"IRM00040858","2010-06-14","28.945","50.835","20.7","BUSHEHR, IR",,,"  380",",,S",,,"  343","H,,S"
"IRM00040858","2010-06-15","28.945","50.835","20.7","BUSHEHR, IR",,,,,,,"  354","H,,S"
"IRM00040858","2010-06-16","28.945","50.835","20.7","BUSHEHR, IR","  599",",,S",,,,,"  340","H,,S"
"IRM00040858","2010-06-17","28.945","50.835","20.7","BUSHEHR, IR","    0",",,S","  402",",,S","  280",",,S","  337","H,,S"
"IRM00040858","2010-06-18","28.945","50.835","20.7","BUSHEHR, IR","    0",",,S","  395",",,S","  294",",,S","  347","H,,S"
"IRM00040858","2010-06-19","28.945","50.835","20.7","BUSHEHR, IR","    0",",,S","  442",",,S",,,"  365","H,,S"
"IRM00040858","2010-06-20","28.945","50.835","20.7","BUSHEHR, IR","    0",",,S","  408",",,S","  315",",,S","  355","H,,S"
"IRM00040858","2010-06-21","28.945","50.835","20.7","BUSHEHR, IR",,,,,,,"  357","H,,S"
"IRM00040858","2010-06-22","28.945","50.835","20.7","BUSHEHR, IR",,,,,,,"  356","H,,S"
"IRM00040858","2010-06-23","28.945","50.835","20.7","BUSHEHR, IR",,,,,,,"  348","H,,S"
"IRM00040858","2010-06-24","28.945","50.835","20.7","BUSHEHR, IR",,,,,,,"  339","H,,S"
"IRM00040858","2010-06-25","28.945","50.835","20.7","BUSHEHR, IR",,,,,,,"  336","H,,S"
"IRM00040858","2010-06-26","28.945","50.835","20.7","BUSHEHR, IR",,,,,,,"  322","H,,S"
"IRM00040858","2010-06-27","28.945","50.835","20.7","BUSHEHR, IR",,,,,,,"  316","H,,S"
"IRM00040858","2010-06-28","28.945","50.835","20.7","BUSHEHR, IR",,,,,,,"  315","H,,S"
"IRM00040858","2010-06-29","28.945","50.835","20.7","BUSHEHR, IR",,,,,,,"  314","H,,S"
"IRM00040858","2010-06-30","28.945","50.835","20.7","BUSHEHR, IR",,,,,,,"  318","H,,S"
"IRM00040858","2010-07-01","28.945","50.835","20.7","BUSHEHR, IR",,,,,,,"  321","H,,S"
"IRM00040858","2010-07-02","28.945","50.835","20.7","BUSHEHR, IR",,,,,,,"  315","H,,S"
"IRM00040858","2010-07-03","28.945","50.835","20.7","BUSHEHR, IR",,,,,,,"  322","H,,S"
"IRM00040858","2010-07-04","28.945","50.835","20.7","BUSHEHR, IR",,,,,,,"  326","H,,S"
"IRM00040858","2010-07-05","28.945","50.835","20.7","BUSHEHR, IR",,,,,,,"  327","H,,S"
"IRM00040858","2010-07-06","28.945","50.835","20.7","BUSHEHR, IR",,,,,,,"  344","H,,S"
"IRM00040858","2010-07-07","28.945","50.835","20.7","BUSHEHR, IR",,,"  370",",,S",,,"  340","H,,S"
"IRM00040858","2010-07-08","28.945","50.835","20.7","BUSHEHR, IR",,,,,,,"  337","H,,S"
"IRM00040858","2010-07-09","28.945","50.835","20.7","BUSHEHR, IR",,,,,,,"  351","H,,S"
"IRM00040858","2010-07-10","28.945","50.835","20.7","BUSHEHR, IR",,,,,,,"  343","H,,S"
"IRM00040858","2010-07-11","28.945","50.835","20.7","BUSHEHR, IR",,,,,,,"  348","H,,S"
"IRM00040858","2010-07-12","28.945","50.835","20.7","BUSHEHR, IR",,,,,,,"  351","H,,S"
"IRM00040858","2010-07-13","28.945","50.835","20.7","BUSHEHR, IR",,,,,,,"  352","H,,S"
"IRM00040858","2010-07-14","28.945","50.835","20.7","BUSHEHR, IR",,,,,,,"  352","H,,S"
"IRM00040858","2010-07-15","28.945","50.835","20.7","BUSHEHR, IR",,,,,,,"  348","H,,S"
"IRM00040858","2010-07-16","28.945","50.835","20.7","BUSHEHR, IR",,,,,,,"  348","H,,S"
"IRM00040858","2010-07-17","28.945","50.835","20.7","BUSHEHR, IR","    0",",,S",,,"  310",",,S","  372","H,,S"
"IRM00040858","2010-07-18","28.945","50.835","20.7","BUSHEHR, IR",,,"  388",",,S",,,"  362","H,,S"
"IRM00040858","2010-07-19","28.945","50.835","20.7","BUSHEHR, IR","    0",",,S","  378",",,S",,,"  350","H,,S"
"IRM00040858","2010-07-20","28.945","50.835","20.7","BUSHEHR, IR","    0",",,S",,,,,"  337","H,,S"
"IRM00040858","2010-07-21","28.945","50.835","20.7","BUSHEHR, IR",,,,,,,"  333","H,,S"
"IRM00040858","2010-07-22","28.945","50.835","20.7","BUSHEHR, IR","    0",",,S",,,"  292",",,S","  343","H,,S"
"IRM00040858","2010-07-23","28.945","50.835","20.7","BUSHEHR, IR",,,,,,,"  351","H,,S"
"IRM00040858","2010-07-24","28.945","50.835","20.7","BUSHEHR, IR","    0",",,S",,,,,"  344","H,,S"
"IRM00040858","2010-07-25","28.945","50.835","20.7","BUSHEHR, IR","    0",",,S","  390",",,S",,,"  350","H,,S"
"IRM00040858","2010-07-26","28.945","50.835","20.7","BUSHEHR, IR","    0",",,S","  388",",,S","  300",",,S","  348","H,,S"
"IRM00040858","2010-07-27","28.945","50.835","20.7","BUSHEHR, IR","    0",",,S",,,,,"  347","H,,S"
"IRM00040858","2010-07-28","28.945","50.835","20.7","BUSHEHR, IR","    0",",,S","  380",",,S",,,"  348","H,,S"
"IRM00040858","2010-07-29","28.945","50.835","20.7","BUSHEHR, IR","    0",",,S","  400",",,S",,,"  353","H,,S"
"IRM00040858","2010-07-30","28.945","50.835","20.7","BUSHEHR, IR","    0",",,S",,,"  320",",,S","  358","H,,S"
"IRM00040858","2010-07-31","28.945","50.835","20.7","BUSHEHR, IR","    0",",,S","  444",",,S",,,"  360","H,,S"
"IRM00040858","2010-08-01","28.945","50.835","20.7","BUSHEHR, IR","    0",",,S","  430",",,S",,,"  367","H,,S"
"IRM00040858","2010-08-02","28.945","50.835","20.7","BUSHEHR, IR","    0",",,S",,,"  315",",,S","  366","H,,S"
"IRM00040858","2010-08-03","28.945","50.835","20.7","BUSHEHR, IR","    0",",,S","  420",",,S",,,"  362","H,,S"
"IRM00040858","2010-08-04","28.945","50.835","20.7","BUSHEHR, IR","    0",",,S","  392",",,S",,,"  350","H,,S"
"IRM00040858","2010-08-05","28.945","50.835","20.7","BUSHEHR, IR","    0",",,S",,,"  306",",,S","  344","H,,S"
"IRM00040858","2010-08-06","28.945","50.835","20.7","BUSHEHR, IR",,,,,,,"  344","H,,S"
"IRM00040858","2010-08-07","28.945","50.835","20.7","BUSHEHR, IR","    0",",,S","  390",",,S","  295",",,S","  349","H,,S"
"IRM00040858","2010-08-08","28.945","50.835","20.7","BUSHEHR, IR",,,,,,,"  366","H,,S"
"IRM00040858","2010-08-09","28.945","50.835","20.7","BUSHEHR, IR","    0",",,S","  390",",,S",,,"  347","H,,S"
"IRM00040858","2010-08-10","28.945","50.835","20.7","BUSHEHR, IR","    0",",,S","  406",",,S","  300",",,S","  349","H,,S"
"IRM00040858","2010-08-11","28.945","50.835","20.7","BUSHEHR, IR","    0",",,S",,,"  300",",,S","  350","H,,S"
"IRM00040858","2010-08-12","28.945","50.835","20.7","BUSHEHR, IR",,,"  392",",,S",,,"  341","H,,S"
"IRM00040858","2010-08-13","28.945","50.835","20.7","BUSHEHR, IR","    0",",,S","  394",",,S",,,"  346","H,,S"
"IRM00040858","2010-08-14","28.945","50.835","20.7","BUSHEHR, IR","    0",",,S",,,"  310",",,S","  352","H,,S"
"IRM00040858","2010-08-15","28.945","50.835","20.7","BUSHEHR, IR",,,"  382",",,S",,,"  352","H,,S"
"IRM00040858","2010-08-16","28.945","50.835","20.7","BUSHEHR, IR","    0",",,S",,,,,"  358","H,,S"
"IRM00040858","2010-08-17","28.945","50.835","20.7","BUSHEHR, IR","    0",",,S",,,"  310",",,S","  357","H,,S"
"IRM00040858","2010-08-18","28.945","50.835","20.7","BUSHEHR, IR",,,"  390",",,S",,,"  352","H,,S"
"IRM00040858","2010-08-19","28.945","50.835","20.7","BUSHEHR, IR","    0",",,S","  392",",,S",,,"  352","H,,S"
"IRM00040858","2010-08-20","28.945","50.835","20.7","BUSHEHR, IR","    0",",,S",,,"  320",",,S","  352","H,,S"
"IRM00040858","2010-08-21","28.945","50.835","20.7","BUSHEHR, IR",,,"  380",",,S",,,"  345","H,,S"
"IRM00040858","2010-08-22","28.945","50.835","20.7","BUSHEHR, IR","    0",",,S","  376",",,S","  315",",,S","  344","H,,S"
"IRM00040858","2010-08-23","28.945","50.835","20.7","BUSHEHR, IR","    0",",,S",,,"  306",",,S","  345","H,,S"
"IRM00040858","2010-08-24","28.945","50.835","20.7","BUSHEHR, IR",,,"  376",",,S",,,"  339","H,,S"
"IRM00040858","2010-08-25","28.945","50.835","20.7","BUSHEHR, IR","    0",",,S","  386",",,S",,,"  341","H,,S"
"IRM00040858","2010-08-26","28.945","50.835","20.7","BUSHEHR, IR","    0",",,S",,,"  290",",,S","  349","H,,S"
"IRM00040858","2010-08-27","28.945","50.835","20.7","BUSHEHR, IR",,,"  390",",,S",,,"  347","H,,S"
"IRM00040858","2010-08-28","28.945","50.835","20.7","BUSHEHR, IR","    0",",,S","  384",",,S","  315",",,S","  346","H,,S"
"IRM00040858","2010-08-29","28.945","50.835","20.7","BUSHEHR, IR","    0",",,S",,,"  315",",,S","  349","H,,S"
"IRM00040858","2010-08-30","28.945","50.835","20.7","BUSHEHR, IR",,,"  390",",,S",,,"  348","H,,S"
"IRM00040858","2010-08-31","28.945","50.835","20.7","BUSHEHR, IR","    0",",,S","  392",",,S",,,"  344","H,,S"
"IRM00040858","2010-09-01","28.945","50.835","20.7","BUSHEHR, IR","    0",",,S",,,"  294",",,S","  346","H,,S"
"IRM00040858","2010-09-02","28.945","50.835","20.7","BUSHEHR, IR","    0",",,S",,,"  308",",,S","  350","H,,S"
"IRM00040858","2010-09-03","28.945","50.835","20.7","BUSHEHR, IR",,,"  384",",,S",,,"  356","H,,S"
"IRM00040858","2010-09-04","28.945","50.835","20.7","BUSHEHR, IR","    0",",,S","  412",",,S",,,"  358","H,,S"
"IRM00040858","2010-09-05","28.945","50.835","20.7","BUSHEHR, IR","    0",",,S","  392",",,S","  290",",,S","  339","H,,S"
"IRM00040858","2010-09-06","28.945","50.835","20.7","BUSHEHR, IR","    0",",,S",,,"  290",",,S","  338","H,,S"
"IRM00040858","2010-09-07","28.945","50.835","20.7","BUSHEHR, IR",,,"  376",",,S",,,"  331","H,,S"
"IRM00040858","2010-09-08","28.945","50.835","20.7","BUSHEHR, IR","    0",",,S","  382",",,S","  282",",,S","  332","H,,S"
"IRM00040858","2010-09-09","28.945","50.835","20.7","BUSHEHR, IR","    0",",,S",,,"  300",",,S","  348","H,,S"
"IRM00040858","2010-09-10","28.945","50.835","20.7","BUSHEHR, IR","    0",",,S","  382",",,S","  320",",,S","  355","H,,S"
"IRM00040858","2010-09-11","28.945","50.835","20.7","BUSHEHR, IR",,,"  386",",,S",,,"  341","H,,S"
"IRM00040858","2010-09-12","28.945","50.835","20.7","BUSHEHR, IR","    0",",,S","  386",",,S",,,"  329","H,,S"
"IRM00040858","2010-09-13","28.945","50.835","20.7","BUSHEHR, IR","    0",",,S",,,"  260",",,S","  325","H,,S"
"IRM00040858","2010-09-14","28.945","50.835","20.7","BUSHEHR, IR",,,,,,,"  324","H,,S"
"IRM00040858","2010-09-15","28.945","50.835","20.7","BUSHEHR, IR","    0",",,S","  380",",,S","  268",",,S","  340","H,,S"
"IRM00040858","2010-09-16","28.945","50.835","20.7","BUSHEHR, IR","    0",",,S","  372",",,S",,,"  327","H,,S"
"IRM00040858","2010-09-17","28.945","50.835","20.7","BUSHEHR, IR","    0",",,S","  366",",,S","  265",",,S","  320","H,,S"
"IRM00040858","2010-09-18","28.945","50.835","20.7","BUSHEHR, IR","    0",",,S",,,,,"  319","H,,S"
"IRM00040858","2010-09-19","28.945","50.835","20.7","BUSHEHR, IR",,,"  365",",,S","  256",",,S","  315","H,,S"
"IRM00040858","2010-09-20","28.945","50.835","20.7","BUSHEHR, IR","    0",",,S","  370",",,S","  255",",,S","  317","H,,S"
"IRM00040858","2010-09-21","28.945","50.835","20.7","BUSHEHR, IR","    0",",,S",,,,,"  319","H,,S"
"IRM00040858","2010-09-22","28.945","50.835","20.7","BUSHEHR, IR","    0",",,S","  366",",,S","  270",",,S","  318","H,,S"
"IRM00040858","2010-09-23","28.945","50.835","20.7","BUSHEHR, IR",,,"  366",",,S","  256",",,S","  320","H,,S"
"IRM00040858","2010-09-24","28.945","50.835","20.7","BUSHEHR, IR","    0",",,S",,,,,"  329","H,,S"
"IRM00040858","2010-09-25","28.945","50.835","20.7","BUSHEHR, IR","    0",",,S","  370",",,S",,,"  330","H,,S"
"IRM00040858","2010-09-26","28.945","50.835","20.7","BUSHEHR, IR","    0",",,S","  372",",,S","  278",",,S","  323","H,,S"
"IRM00040858","2010-09-27","28.945","50.835","20.7","BUSHEHR, IR","    0",",,S",,,"  276",",,S","  311","H,,S"
"IRM00040858","2010-09-28","28.945","50.835","20.7","BUSHEHR, IR","    0",",,S","  366",",,S","  275",",,S","  332","H,,S"
"IRM00040858","2010-09-29","28.945","50.835","20.7","BUSHEHR, IR","    0",",,S","  372",",,S",,,"  333","H,,S"
"IRM00040858","2010-09-30","28.945","50.835","20.7","BUSHEHR, IR","    0",",,S","  364",",,S","  268",",,S","  318","H,,S"
"IRM00040858","2010-10-01","28.945","50.835","20.7","BUSHEHR, IR","    0",",,S","  360",",,S","  266",",,S","  316","H,,S"
"IRM00040858","2010-10-02","28.945","50.835","20.7","BUSHEHR, IR","    0",",,S","  356",",,S",,,"  314","H,,S"
"IRM00040858","2010-10-03","28.945","50.835","20.7","BUSHEHR, IR","    0",",,S",,,"  264",",,S","  311","H,,S"
"IRM00040858","2010-10-04","28.945","50.835","20.7","BUSHEHR, IR","    0",",,S","  356",",,S",,,"  315","H,,S"
"IRM00040858","2010-10-05","28.945","50.835","20.7","BUSHEHR, IR",,,"  364",",,S","  264",",,S","  318","H,,S"
"IRM00040858","2010-10-06","28.945","50.835","20.7","BUSHEHR, IR","    0",",,S","  368",",,S","  265",",,S","  327","H,,S"
"IRM00040858","2010-10-07","28.945","50.835","20.7","BUSHEHR, IR","    0",",,S","  364",",,S","  288",",,S","  328","H,,S"
"IRM00040858","2010-10-08","28.945","50.835","20.7","BUSHEHR, IR","    0",",,S","  354",",,S","  230",",,S","  301","H,,S"
"IRM00040858","2010-10-09","28.945","50.835","20.7","BUSHEHR, IR","    0",",,S","  350",",,S","  220",",,S","  294","H,,S"
"IRM00040858","2010-10-10","28.945","50.835","20.7","BUSHEHR, IR","    0",",,S","  355",",,S",,,"  314","H,,S"
"IRM00040858","2010-10-11","28.945","50.835","20.7","BUSHEHR, IR","    0",",,S","  352",",,S",,,"  311","H,,S"
"IRM00040858","2010-10-12","28.945","50.835","20.7","BUSHEHR, IR","    0",",,S","  352",",,S","  248",",,S","  310","H,,S"
"IRM00040858","2010-10-13","28.945","50.835","20.7","BUSHEHR, IR","    0",",,S","  300",",,S",,,"  282","H,,S"
"IRM00040858","2010-10-14","28.945","50.835","20.7","BUSHEHR, IR","    0",",,S","  308",",,S",,,"  271","H,,S"
"IRM00040858","2010-10-15","28.945","50.835","20.7","BUSHEHR, IR","    0",",,S","  326",",,S","  200",",,S","  270","H,,S"
"IRM00040858","2010-10-16","28.945","50.835","20.7","BUSHEHR, IR","    0",",,S","  330",",,S",,,"  282","H,,S"
"IRM00040858","2010-10-17","28.945","50.835","20.7","BUSHEHR, IR","    0",",,S","  326",",,S","  226",",,S","  282","H,,S"
"IRM00040858","2010-10-18","28.945","50.835","20.7","BUSHEHR, IR","    0",",,S","  332",",,S","  236",",,S","  291","H,,S"
"IRM00040858","2010-10-19","28.945","50.835","20.7","BUSHEHR, IR","    0",",,S","  342",",,S","  225",",,S","  286","H,,S"
"IRM00040858","2010-10-20","28.945","50.835","20.7","BUSHEHR, IR","    0",",,S","  336",",,S","  224",",,S","  278","H,,S"
"IRM00040858","2010-10-21","28.945","50.835","20.7","BUSHEHR, IR","    0",",,S","  332",",,S","  228",",,S","  279","H,,S"
"IRM00040858","2010-10-22","28.945","50.835","20.7","BUSHEHR, IR","    0",",,S","  330",",,S","  225",",,S","  271","H,,S"
"IRM00040858","2010-10-23","28.945","50.835","20.7","BUSHEHR, IR","    0",",,S","  328",",,S","  210",",,S","  272","H,,S"
"IRM00040858","2010-10-24","28.945","50.835","20.7","BUSHEHR, IR","    0",",,S","  332",",,S","  224",",,S","  278","H,,S"
"IRM00040858","2010-10-25","28.945","50.835","20.7","BUSHEHR, IR","    0",",,S","  324",",,S","  228",",,S","  276","H,,S"
"IRM00040858","2010-10-26","28.945","50.835","20.7","BUSHEHR, IR","    0",",,S","  320",",,S","  220",",,S","  273","H,,S"
"IRM00040858","2010-10-27","28.945","50.835","20.7","BUSHEHR, IR","    0",",,S","  316",",,S","  220",",,S","  274","H,,S"
"IRM00040858","2010-10-28","28.945","50.835","20.7","BUSHEHR, IR","    0",",,S","  312",",,S",,,"  273","H,,S"
"IRM00040858","2010-10-29","28.945","50.835","20.7","BUSHEHR, IR","    0",",,S","  316",",,S","  196",",,S","  262","H,,S"
"IRM00040858","2010-10-30","28.945","50.835","20.7","BUSHEHR, IR","    0",",,S","  320",",,S","  215",",,S","  269","H,,S"
"IRM00040858","2010-10-31","28.945","50.835","20.7","BUSHEHR, IR",,,"  320",",,S",,,"  272","H,,S"
"IRM00040858","2010-11-01","28.945","50.835","20.7","BUSHEHR, IR","    0",",,S","  322",",,S",,,"  277","H,,S"
"IRM00040858","2010-11-02","28.945","50.835","20.7","BUSHEHR, IR","    0",",,S","  320",",,S",,,"  276","H,,S"
"IRM00040858","2010-11-03","28.945","50.835","20.7","BUSHEHR, IR","    0",",,S","  336",",,S","  230",",,S","  264","H,,S"
"IRM00040858","2010-11-04","28.945","50.835","20.7","BUSHEHR, IR","    8",",,S","  294",",,S","  236",",,S","  268","H,,S"
"IRM00040858","2010-11-05","28.945","50.835","20.7","BUSHEHR, IR","    0",",,S","  286",",,S","  228",",,S","  256","H,,S"
"IRM00040858","2010-11-06","28.945","50.835","20.7","BUSHEHR, IR","    0",",,S","  286",",,S",,,"  247","H,,S"
"IRM00040858","2010-11-07","28.945","50.835","20.7","BUSHEHR, IR","    0",",,S","  296",",,S",,,"  245","H,,S"
"IRM00040858","2010-11-08","28.945","50.835","20.7","BUSHEHR, IR","    0",",,S","  316",",,S","  210",",,S","  251","H,,S"
"IRM00040858","2010-11-09","28.945","50.835","20.7","BUSHEHR, IR","    0",",,S","  316",",,S",,,"  259","H,,S"
"IRM00040858","2010-11-10","28.945","50.835","20.7","BUSHEHR, IR","    0",",,S","  294",",,S",,,"  251","H,,S"
"IRM00040858","2010-11-11","28.945","50.835","20.7","BUSHEHR, IR","    0",",,S","  290",",,S","  185",",,S","  239","H,,S"
"IRM00040858","2010-11-12","28.945","50.835","20.7","BUSHEHR, IR","    0",",,S","  288",",,S","  170",",,S","  232","H,,S"
"IRM00040858","2010-11-13","28.945","50.835","20.7","BUSHEHR, IR",,,"  288",",,S","  165",",,S","  234","H,,S"
"IRM00040858","2010-11-14","28.945","50.835","20.7","BUSHEHR, IR","    0",",,S","  280",",,S","  170",",,S","  235","H,,S"
"IRM00040858","2010-11-15","28.945","50.835","20.7","BUSHEHR, IR","    0",",,S",,,,,"  236","H,,S"
"IRM00040858","2010-11-16","28.945","50.835","20.7","BUSHEHR, IR","    0",",,S","  328",",,S","  175",",,S","  247","H,,S"
"IRM00040858","2010-11-17","28.945","50.835","20.7","BUSHEHR, IR","    0",",,S","  280",",,S",,,"  232","H,,S"
"IRM00040858","2010-11-18","28.945","50.835","20.7","BUSHEHR, IR","    0",",,S","  280",",,S","  160",",,S","  223","H,,S"
"IRM00040858","2010-11-19","28.945","50.835","20.7","BUSHEHR, IR","    0",",,S","  276",",,S",,,"  214","H,,S"
"IRM00040858","2010-11-20","28.945","50.835","20.7","BUSHEHR, IR","    0",",,S","  270",",,S","  135",",,S","  214","H,,S"
"IRM00040858","2010-11-21","28.945","50.835","20.7","BUSHEHR, IR","    0",",,S","  260",",,S",,,"  212","H,,S"
"IRM00040858","2010-11-22","28.945","50.835","20.7","BUSHEHR, IR","    0",",,S","  264",",,S","  128",",,S","  202","H,,S"
"IRM00040858","2010-11-23","28.945","50.835","20.7","BUSHEHR, IR","    0",",,S","  262",",,S",,,"  215","H,,S"
"IRM00040858","2010-11-24","28.945","50.835","20.7","BUSHEHR, IR","    0",",,S","  256",",,S","  138",",,S","  204","H,,S"
"IRM00040858","2010-11-25","28.945","50.835","20.7","BUSHEHR, IR","    0",",,S","  252",",,S","  105",",,S","  194","H,,S"
"IRM00040858","2010-11-26","28.945","50.835","20.7","BUSHEHR, IR",,,,,,,"  205","H,,S"
"IRM00040858","2010-11-27","28.945","50.835","20.7","BUSHEHR, IR","    0",",,S","  248",",,S",,,"  192","H,,S"
"IRM00040858","2010-11-28","28.945","50.835","20.7","BUSHEHR, IR","    0",",,S","  254",",,S","  108",",,S","  171","H,,S"
"IRM00040858","2010-11-29","28.945","50.835","20.7","BUSHEHR, IR","    0",",,S","  268",",,S","  105",",,S","  182","H,,S"
"IRM00040858","2010-11-30","28.945","50.835","20.7","BUSHEHR, IR","    0",",,S","  255",",,S","  120",",,S","  188","H,,S"
"IRM00040858","2010-12-01","28.945","50.835","20.7","BUSHEHR, IR","    0",",,S","  250",",,S","  125",",,S","  199","H,,S"
"IRM00040858","2010-12-02","28.945","50.835","20.7","BUSHEHR, IR","    0",",,S","  244",",,S",,,"  189","H,,S"
"IRM00040858","2010-12-03","28.945","50.835","20.7","BUSHEHR, IR","    0",",,S","  248",",,S",,,"  187","H,,S"
"IRM00040858","2010-12-04","28.945","50.835","20.7","BUSHEHR, IR","    0",",,S","  240",",,S",,,"  182","H,,S"
"IRM00040858","2010-12-05","28.945","50.835","20.7","BUSHEHR, IR","    0",",,S","  254",",,S","   95",",,S","  193","H,,S"
"IRM00040858","2010-12-06","28.945","50.835","20.7","BUSHEHR, IR","    0",",,S","  248",",,S",,,"  195","H,,S"
"IRM00040858","2010-12-07","28.945","50.835","20.7","BUSHEHR, IR","    0",",,S",,,"  110",",,S","  189","H,,S"
"IRM00040858","2010-12-08","28.945","50.835","20.7","BUSHEHR, IR","    0",",,S","  244",",,S","  105",",,S","  188","H,,S"
"IRM00040858","2010-12-09","28.945","50.835","20.7","BUSHEHR, IR","    0",",,S","  242",",,S","   95",",,S","  181","H,,S"
"IRM00040858","2010-12-10","28.945","50.835","20.7","BUSHEHR, IR","    0",",,S",,,,,"  165","H,,S"
"IRM00040858","2010-12-11","28.945","50.835","20.7","BUSHEHR, IR","    0",",,S","  266",",,S","  130",",,S","  198","H,,S"
"IRM00040858","2010-12-12","28.945","50.835","20.7","BUSHEHR, IR","    0",",,S",,,,,"  222","H,,S"
"IRM00040858","2010-12-13","28.945","50.835","20.7","BUSHEHR, IR","    0",",,S","  282",",,S",,,"  204","H,,S"
"IRM00040858","2010-12-14","28.945","50.835","20.7","BUSHEHR, IR","    0",",,S","  190",",,S","  125",",,S","  166","H,,S"
"IRM00040858","2010-12-15","28.945","50.835","20.7","BUSHEHR, IR","    0",",,S","  200",",,S",,,"  162","H,,S"
"IRM00040858","2010-12-16","28.945","50.835","20.7","BUSHEHR, IR","    0",",,S",,,,,"  155","H,,S"
"IRM00040858","2010-12-17","28.945","50.835","20.7","BUSHEHR, IR","    0",",,S","  220",",,S","   75",",,S","  152","H,,S"
"IRM00040858","2010-12-18","28.945","50.835","20.7","BUSHEHR, IR","    0",",,S","  242",",,S","   90",",,S","  174","H,,S"
"IRM00040858","2010-12-19","28.945","50.835","20.7","BUSHEHR, IR","    0",",,S","  244",",,S","  135",",,S","  188","H,,S"
"IRM00040858","2010-12-20","28.945","50.835","20.7","BUSHEHR, IR","    0",",,S","  234",",,S",,,"  189","H,,S"
"IRM00040858","2010-12-21","28.945","50.835","20.7","BUSHEHR, IR","    0",",,S","  218",",,S","  160",",,S","  191","H,,S"
"IRM00040858","2010-12-22","28.945","50.835","20.7","BUSHEHR, IR","    0",",,S","  212",",,S","  160",",,S","  182","H,,S"
"IRM00040858","2010-12-23","28.945","50.835","20.7","BUSHEHR, IR","    0",",,S","  208",",,S",,,"  171","H,,S"
"IRM00040858","2010-12-24","28.945","50.835","20.7","BUSHEHR, IR","    0",",,S","  205",",,S",,,"  168","H,,S"
"IRM00040858","2010-12-25","28.945","50.835","20.7","BUSHEHR, IR","    0",",,S","  214",",,S",,,"  177","H,,S"
"IRM00040858","2010-12-26","28.945","50.835","20.7","BUSHEHR, IR","    0",",,S","  194",",,S",,,"  162","H,,S"
"IRM00040858","2010-12-27","28.945","50.835","20.7","BUSHEHR, IR","    0",",,S","  205",",,S",,,"  152","H,,S"
"IRM00040858","2010-12-28","28.945","50.835","20.7","BUSHEHR, IR","    0",",,S","  215",",,S","   88",",,S","  156","H,,S"
"IRM00040858","2010-12-29","28.945","50.835","20.7","BUSHEHR, IR","    0",",,S",,,,,"  155","H,,S"
"IRM00040858","2010-12-30","28.945","50.835","20.7","BUSHEHR, IR","    0",",,S",,,"   90",",,S","  167","H,,S"
"IRM00040858","2010-12-31","28.945","50.835","20.7","BUSHEHR, IR","    0",",,S","  240",",,S","  150",",,S","  187","H,,S"
"IRM00040858","2011-01-01","28.945","50.835","20.7","BUSHEHR, IR","    0",",,S",,,"  144",",,S","  184","H,,S"
"IRM00040858","2011-01-02","28.945","50.835","20.7","BUSHEHR, IR","    0",",,S","  186",",,S","  140",",,S","  160","H,,S"
"IRM00040858","2011-01-03","28.945","50.835","20.7","BUSHEHR, IR","    0",",,S",,,"  140",",,S","  169","H,,S"
"IRM00040858","2011-01-04","28.945","50.835","20.7","BUSHEHR, IR","    0",",,S","  210",",,S",,,"  159","H,,S"
"IRM00040858","2011-01-05","28.945","50.835","20.7","BUSHEHR, IR","    0",",,S","  252",",,S","  130",",,S","  188","H,,S"
"IRM00040858","2011-01-06","28.945","50.835","20.7","BUSHEHR, IR","    0",",,S","  242",",,S","  160",",,S","  199","H,,S"
"IRM00040858","2011-01-07","28.945","50.835","20.7","BUSHEHR, IR","    0",",,S","  216",",,S",,,"  186","H,,S"
"IRM00040858","2011-01-08","28.945","50.835","20.7","BUSHEHR, IR","    0",",,S","  225",",,S",,,"  181","H,,S"
"IRM00040858","2011-01-09","28.945","50.835","20.7","BUSHEHR, IR","    0",",,S","  240",",,S","  148",",,S","  198","H,,S"
"IRM00040858","2011-01-10","28.945","50.835","20.7","BUSHEHR, IR","   81",",,S","  192",",,S",,,"  164","H,,S"
"IRM00040858","2011-01-11","28.945","50.835","20.7","BUSHEHR, IR","    0",",,S","  176",",,S","  110",",,S","  151","H,,S"
"IRM00040858","2011-01-12","28.945","50.835","20.7","BUSHEHR, IR","    0",",,S","  206",",,S",,,"  145","H,,S"
"IRM00040858","2011-01-13","28.945","50.835","20.7","BUSHEHR, IR","    0",",,S","  160",",,S",,,"  134","H,,S"
"IRM00040858","2011-01-14","28.945","50.835","20.7","BUSHEHR, IR","    0",",,S","  176",",,S",,,"  142","H,,S"
"IRM00040858","2011-01-15","28.945","50.835","20.7","BUSHEHR, IR","   41",",,S","  184",",,S",,,"  156","H,,S"
"IRM00040858","2011-01-16","28.945","50.835","20.7","BUSHEHR, IR","  163",",,S","  165",",,S",,,"  144","H,,S"
"IRM00040858","2011-01-17","28.945","50.835","20.7","BUSHEHR, IR","    0",",,S","  156",",,S",,,"  131","H,,S"
"IRM00040858","2011-01-18","28.945","50.835","20.7","BUSHEHR, IR","    0",",,S","  168",",,S",,,"  139","H,,S"
"IRM00040858","2011-01-19","28.945","50.835","20.7","BUSHEHR, IR","   69",",,S","  170",",,S","  125",",,S","  149","H,,S"
"IRM00040858","2011-01-20","28.945","50.835","20.7","BUSHEHR, IR","    0",",,S","  178",",,S","  125",",,S","  152","H,,S"
"IRM00040858","2011-01-21","28.945","50.835","20.7","BUSHEHR, IR","    0",",,S","  180",",,S",,,"  146","H,,S"
"IRM00040858","2011-01-22","28.945","50.835","20.7","BUSHEHR, IR","    0",",,S","  186",",,S","   85",",,S","  146","H,,S"
"IRM00040858","2011-01-23","28.945","50.835","20.7","BUSHEHR, IR","    0",",,S","  186",",,S","   96",",,S","  152","H,,S"
"IRM00040858","2011-01-24","28.945","50.835","20.7","BUSHEHR, IR","    0",",,S","  190",",,S",,,"  144","H,,S"
"IRM00040858","2011-01-25","28.945","50.835","20.7","BUSHEHR, IR","    0",",,S","  180",",,S","   80",",,S","  152","H,,S"
"IRM00040858","2011-01-26","28.945","50.835","20.7","BUSHEHR, IR","   38",",,S",,,"  140",",,S","  157","H,,S"
"IRM00040858","2011-01-27","28.945","50.835","20.7","BUSHEHR, IR","    0",",,S",,,,,"  183","H,,S"
"IRM00040858","2011-01-28","28.945","50.835","20.7","BUSHEHR, IR","   81",",,S","  204",",,S",,,"  173","H,,S"
"IRM00040858","2011-01-29","28.945","50.835","20.7","BUSHEHR, IR","    0",",,S","  162",",,S","  126",",,S","  148","H,,S"
"IRM00040858","2011-01-30","28.945","50.835","20.7","BUSHEHR, IR","    0",",,S","  196",",,S","  120",",,S","  161","H,,S"
"IRM00040858","2011-01-31","28.945","50.835","20.7","BUSHEHR, IR","   41",",,S","  244",",,S",,,"  202","H,,S"
"IRM00040858","2011-02-01","28.945","50.835","20.7","BUSHEHR, IR","  221",",,S",,,,,"  187","H,,S"
"IRM00040858","2011-02-02","28.945","50.835","20.7","BUSHEHR, IR","    3",",,S",,,,,"  181","H,,S"
"IRM00040858","2011-02-03","28.945","50.835","20.7","BUSHEHR, IR","    0",",,S",,,,,"  129","H,,S"
"IRM00040858","2011-02-04","28.945","50.835","20.7","BUSHEHR, IR","    0",",,S","  152",",,S",,,"  128","H,,S"
"IRM00040858","2011-02-05","28.945","50.835","20.7","BUSHEHR, IR","    0",",,S","  174",",,S","  115",",,S","  142","H,,S"
"IRM00040858","2011-02-06","28.945","50.835","20.7","BUSHEHR, IR","    3",",,S","  156",",,S",,,"  138","H,,S"
"IRM00040858","2011-02-07","28.945","50.835","20.7","BUSHEHR, IR","    0",",,S","  172",",,S","  110",",,S","  136","H,,S"
"IRM00040858","2011-02-08","28.945","50.835","20.7","BUSHEHR, IR","    0",",,S","  210",",,S","  118",",,S","  162","H,,S"
"IRM00040858","2011-02-09","28.945","50.835","20.7","BUSHEHR, IR","  173",",,S","  180",",,S",,,"  156","H,,S"
"IRM00040858","2011-02-10","28.945","50.835","20.7","BUSHEHR, IR","   13",",,S","  174",",,S",,,"  152","H,,S"
"IRM00040858","2011-02-11","28.945","50.835","20.7","BUSHEHR, IR","    0",",,S","  146",",,S",,,"  122","H,,S"
"IRM00040858","2011-02-12","28.945","50.835","20.7","BUSHEHR, IR","   53",",,S","  176",",,S",,,"  135","H,,S"
"IRM00040858","2011-02-13","28.945","50.835","20.7","BUSHEHR, IR","    0",",,S","  148",",,S",,,"  122","H,,S"
"IRM00040858","2011-02-14","28.945","50.835","20.7","BUSHEHR, IR","    0",",,S","  168",",,S","   96",",,S","  131","H,,S"
"IRM00040858","2011-02-15","28.945","50.835","20.7","BUSHEHR, IR","    0",",,S","  178",",,S",,,"  134","H,,S"
"IRM00040858","2011-02-16","28.945","50.835","20.7","BUSHEHR, IR","    0",",,S","  236",",,S",,,"  177","H,,S"
"IRM00040858","2011-02-17","28.945","50.835","20.7","BUSHEHR, IR","    0",",,S","  234",",,S",,,"  186","H,,S"
"IRM00040858","2011-02-18","28.945","50.835","20.7","BUSHEHR, IR","    0",",,S","  204",",,S",,,"  171","H,,S"
"IRM00040858","2011-02-19","28.945","50.835","20.7","BUSHEHR, IR","    0",",,S",,,"  126",",,S","  169","H,,S"
"IRM00040858","2011-02-20","28.945","50.835","20.7","BUSHEHR, IR",,,,,,,"  192","H,,S"
"IRM00040858","2011-02-21","28.945","50.835","20.7","BUSHEHR, IR",,,,,,,"  199","H,,S"
"IRM00040858","2011-02-22","28.945","50.835","20.7","BUSHEHR, IR",,,,,,,"  177","H,,S"
"IRM00040858","2011-02-23","28.945","50.835","20.7","BUSHEHR, IR","    0",",,S","  222",",,S","  130",",,S","  178","H,,S"
"IRM00040858","2011-02-24","28.945","50.835","20.7","BUSHEHR, IR","    0",",,S","  254",",,S",,,"  190","H,,S"
"IRM00040858","2011-02-25","28.945","50.835","20.7","BUSHEHR, IR","    0",",,S","  234",",,S","  130",",,S","  187","H,,S"
"IRM00040858","2011-02-26","28.945","50.835","20.7","BUSHEHR, IR","   15",",,S","  254",",,S",,,"  211","H,,S"
"IRM00040858","2011-02-27","28.945","50.835","20.7","BUSHEHR, IR","    5",",,S","  266",",,S","  188",",,S","  213","H,,S"
"IRM00040858","2011-02-28","28.945","50.835","20.7","BUSHEHR, IR","    0",",,S","  222",",,S",,,"  198","H,,S"
"IRM00040858","2011-03-01","28.945","50.835","20.7","BUSHEHR, IR","    0",",,S",,,,,"  202","H,,S"
"IRM00040858","2011-03-02","28.945","50.835","20.7","BUSHEHR, IR","    0",",,S","  212",",,S",,,"  192","H,,S"
"IRM00040858","2011-03-03","28.945","50.835","20.7","BUSHEHR, IR","    0",",,S","  214",",,S","  166",",,S","  187","H,,S"
"IRM00040858","2011-03-04","28.945","50.835","20.7","BUSHEHR, IR","    0",",,S","  214",",,S",,,"  177","H,,S"
"IRM00040858","2011-03-05","28.945","50.835","20.7","BUSHEHR, IR","    0",",,S","  194",",,S","  140",",,S","  162","H,,S"
"IRM00040858","2011-03-06","28.945","50.835","20.7","BUSHEHR, IR","    0",",,S","  210",",,S","  126",",,S","  167","H,,S"
"IRM00040858","2011-03-07","28.945","50.835","20.7","BUSHEHR, IR","    0",",,S","  204",",,S","  118",",,S","  167","H,,S"
"IRM00040858","2011-03-08","28.945","50.835","20.7","BUSHEHR, IR","    0",",,S","  266",",,S","  130",",,S","  196","H,,S"
"IRM00040858","2011-03-09","28.945","50.835","20.7","BUSHEHR, IR","    0",",,S","  280",",,S","  164",",,S","  208","H,,S"
"IRM00040858","2011-03-10","28.945","50.835","20.7","BUSHEHR, IR","   10",",,S","  280",",,S","  176",",,S","  229","H,,S"
"IRM00040858","2011-03-11","28.945","50.835","20.7","BUSHEHR, IR","   23",",,S","  282",",,S",,,"  229","H,,S"
"IRM00040858","2011-03-12","28.945","50.835","20.7","BUSHEHR, IR","    0",",,S","  256",",,S","  195",",,S","  222","H,,S"
"IRM00040858","2011-03-13","28.945","50.835","20.7","BUSHEHR, IR","    5",",,S","  298",",,S",,,"  224","H,,S"
"IRM00040858","2011-03-14","28.945","50.835","20.7","BUSHEHR, IR","    5",",,S","  202",",,S","  145",",,S","  176","H,,S"
"IRM00040858","2011-03-15","28.945","50.835","20.7","BUSHEHR, IR","    0",",,S","  200",",,S","  145",",,S","  176","H,,S"
"IRM00040858","2011-03-16","28.945","50.835","20.7","BUSHEHR, IR","    0",",,S","  195",",,S",,,"  176","H,,S"
"IRM00040858","2011-03-17","28.945","50.835","20.7","BUSHEHR, IR","    0",",,S","  206",",,S","  160",",,S","  178","H,,S"
"IRM00040858","2011-03-18","28.945","50.835","20.7","BUSHEHR, IR","    0",",,S","  222",",,S",,,"  183","H,,S"
"IRM00040858","2011-03-19","28.945","50.835","20.7","BUSHEHR, IR","    0",",,S","  226",",,S","  115",",,S","  175","H,,S"
"IRM00040858","2011-03-20","28.945","50.835","20.7","BUSHEHR, IR","    0",",,S","  230",",,S","  124",",,S","  184","H,,S"
"IRM00040858","2011-03-21","28.945","50.835","20.7","BUSHEHR, IR","    0",",,S",,,"  135",",,S","  205","H,,S"
"IRM00040858","2011-03-22","28.945","50.835","20.7","BUSHEHR, IR",,,,,,,"  210","H,,S"
"IRM00040858","2011-03-23","28.945","50.835","20.7","BUSHEHR, IR",,,,,,,"  228","H,,S"
"IRM00040858","2011-03-24","28.945","50.835","20.7","BUSHEHR, IR","    0",",,S","  242",",,S","  154",",,S","  211","H,,S"
"IRM00040858","2011-03-25","28.945","50.835","20.7","BUSHEHR, IR","    0",",,S","  330",",,S",,,"  227","H,,S"
"IRM00040858","2011-03-26","28.945","50.835","20.7","BUSHEHR, IR","    0",",,S","  204",",,S",,,"  188","H,,S"
"IRM00040858","2011-03-27","28.945","50.835","20.7","BUSHEHR, IR","    0",",,S","  224",",,S",,,"  189","H,,S"
"IRM00040858","2011-03-28","28.945","50.835","20.7","BUSHEHR, IR","    0",",,S","  235",",,S","  130",",,S","  196","H,,S"
"IRM00040858","2011-03-29","28.945","50.835","20.7","BUSHEHR, IR","    0",",,S","  250",",,S","  135",",,S","  206","H,,S"
"IRM00040858","2011-03-30","28.945","50.835","20.7","BUSHEHR, IR","    0",",,S","  242",",,S","  150",",,S","  203","H,,S"
"IRM00040858","2011-03-31","28.945","50.835","20.7","BUSHEHR, IR","    0",",,S","  246",",,S",,,"  204","H,,S"
"IRM00040858","2011-04-01","28.945","50.835","20.7","BUSHEHR, IR","    0",",,S","  262",",,S","  150",",,S","  210","H,,S"
"IRM00040858","2011-04-02","28.945","50.835","20.7","BUSHEHR, IR","    0",",,S","  260",",,S","  155",",,S","  218","H,,S"
"IRM00040858","2011-04-03","28.945","50.835","20.7","BUSHEHR, IR","    0",",,S",,,"  180",",,S","  251","H,,S"
"IRM00040858","2011-04-04","28.945","50.835","20.7","BUSHEHR, IR","    0",",,S","  302",",,S",,,"  257","H,,S"
"IRM00040858","2011-04-05","28.945","50.835","20.7","BUSHEHR, IR","    0",",,S",,,"  224",",,S","  280","H,,S"
"IRM00040858","2011-04-06","28.945","50.835","20.7","BUSHEHR, IR","    0",",,S","  330",",,S",,,"  254","H,,S"
"IRM00040858","2011-04-07","28.945","50.835","20.7","BUSHEHR, IR","    0",",,S",,,,,"  233","H,,S"
"IRM00040858","2011-04-08","28.945","50.835","20.7","BUSHEHR, IR","    0",",,S","  310",",,S","  216",",,S","  253","H,,S"
"IRM00040858","2011-04-09","28.945","50.835","20.7","BUSHEHR, IR","    0",",,S","  286",",,S",,,"  246","H,,S"
"IRM00040858","2011-04-10","28.945","50.835","20.7","BUSHEHR, IR","    0",",,S","  304",",,S",,,"  242","H,,S"
"IRM00040858","2011-04-11","28.945","50.835","20.7","BUSHEHR, IR","    0",",,S","  290",",,S","  186",",,S","  229","H,,S"
"IRM00040858","2011-04-12","28.945","50.835","20.7","BUSHEHR, IR","    0",",,S","  338",",,S","  175",",,S","  261","H,,S"
"IRM00040858","2011-04-13","28.945","50.835","20.7","BUSHEHR, IR","    0",",,S","  294",",,S",,,"  258","H,,S"
"IRM00040858","2011-04-14","28.945","50.835","20.7","BUSHEHR, IR","    0",",,S","  252",",,S","  206",",,S","  226","H,,S"
"IRM00040858","2011-04-15","28.945","50.835","20.7","BUSHEHR, IR","    0",",,S","  254",",,S",,,"  215","H,,S"
"IRM00040858","2011-04-16","28.945","50.835","20.7","BUSHEHR, IR","    0",",,S","  264",",,S","  140",",,S","  213","H,,S"
"IRM00040858","2011-04-17","28.945","50.835","20.7","BUSHEHR, IR","    0",",,S","  268",",,S",,,"  221","H,,S"
"IRM00040858","2011-04-18","28.945","50.835","20.7","BUSHEHR, IR","    0",",,S","  274",",,S","  174",",,S","  229","H,,S"
"IRM00040858","2011-04-19","28.945","50.835","20.7","BUSHEHR, IR","    0",",,S","  282",",,S","  170",",,S","  236","H,,S"
"IRM00040858","2011-04-20","28.945","50.835","20.7","BUSHEHR, IR","    0",",,S","  318",",,S","  180",",,S","  253","H,,S"
"IRM00040858","2011-04-21","28.945","50.835","20.7","BUSHEHR, IR","    0",",,S",,,,,"  276","H,,S"
"IRM00040858","2011-04-22","28.945","50.835","20.7","BUSHEHR, IR","    0",",,S","  336",",,S","  200",",,S","  269","H,,S"
"IRM00040858","2011-04-23","28.945","50.835","20.7","BUSHEHR, IR","    0",",,S","  340",",,S",,,"  265","H,,S"
"IRM00040858","2011-04-24","28.945","50.835","20.7","BUSHEHR, IR","    0",",,S",,,"  210",",,S","  276","H,,S"
"IRM00040858","2011-04-25","28.945","50.835","20.7","BUSHEHR, IR",,,,,,,"  291","H,,S"
"IRM00040858","2011-04-26","28.945","50.835","20.7","BUSHEHR, IR",,,,,,,"  277","H,,S"
"IRM00040858","2011-04-27","28.945","50.835","20.7","BUSHEHR, IR","    0",",,S","  302",",,S","  230",",,S","  272","H,,S"
"IRM00040858","2011-04-28","28.945","50.835","20.7","BUSHEHR, IR","    0",",,S","  284",",,S",,,"  258","H,,S"
"IRM00040858","2011-04-29","28.945","50.835","20.7","BUSHEHR, IR","    0",",,S","  315",",,S","  200",",,S","  266","H,,S"
"IRM00040858","2011-04-30","28.945","50.835","20.7","BUSHEHR, IR","    0",",,S","  372",",,S","  235",",,S","  296","H,,S"
"IRM00040858","2011-05-01","28.945","50.835","20.7","BUSHEHR, IR","    0",",,S","  340",",,S","  256",",,S","  282","H,,S"
"IRM00040858","2011-05-02","28.945","50.835","20.7","BUSHEHR, IR","    0",",,S",,,,,"  273","H,,S"
"IRM00040858","2011-05-03","28.945","50.835","20.7","BUSHEHR, IR","    0",",,S","  298",",,S",,,"  258","H,,S"
"IRM00040858","2011-05-04","28.945","50.835","20.7","BUSHEHR, IR","    0",",,S","  312",",,S","  215",",,S","  263","H,,S"
"IRM00040858","2011-05-05","28.945","50.835","20.7","BUSHEHR, IR","    0",",,S","  304",",,S","  216",",,S","  266","H,,S"
"IRM00040858","2011-05-06","28.945","50.835","20.7","BUSHEHR, IR","    0",",,S","  326",",,S","  228",",,S","  283","H,,S"
"IRM00040858","2011-05-07","28.945","50.835","20.7","BUSHEHR, IR","    0","D,,S",,,"  250",",,S","  297","H,,S"
"IRM00040858","2011-05-08","28.945","50.835","20.7","BUSHEHR, IR","    0",",,S","  370",",,S","  255",",,S","  318","H,,S"
"IRM00040858","2011-05-09","28.945","50.835","20.7","BUSHEHR, IR","    0",",,S","  372",",,S","  276",",,S","  304","H,,S"
"IRM00040858","2011-05-10","28.945","50.835","20.7","BUSHEHR, IR","    0",",,S","  334",",,S","  255",",,S","  293","H,,S"
"IRM00040858","2011-05-11","28.945","50.835","20.7","BUSHEHR, IR","    0",",,S","  410",",,S","  255",",,S","  345","H,,S"
"IRM00040858","2011-05-12","28.945","50.835","20.7","BUSHEHR, IR","    0",",,S","  436",",,S",,,"  358","H,,S"
"IRM00040858","2011-05-13","28.945","50.835","20.7","BUSHEHR, IR","    0",",,S","  344",",,S","  265",",,S","  310","H,,S"
"IRM00040858","2011-05-14","28.945","50.835","20.7","BUSHEHR, IR","    0",",,S","  412",",,S",,,"  321","H,,S"
"IRM00040858","2011-05-15","28.945","50.835","20.7","BUSHEHR, IR","    0",",,S","  380",",,S",,,"  315","H,,S"
"IRM00040858","2011-05-16","28.945","50.835","20.7","BUSHEHR, IR","    0",",,S",,,,,"  314","H,,S"
"IRM00040858","2011-05-17","28.945","50.835","20.7","BUSHEHR, IR","    0",",,S","  416",",,S","  265",",,S","  332","H,,S"
"IRM00040858","2011-05-18","28.945","50.835","20.7","BUSHEHR, IR","    0",",,S","  376",",,S","  270",",,S","  316","H,,S"
"IRM00040858","2011-05-19","28.945","50.835","20.7","BUSHEHR, IR","    0",",,S","  372",",,S","  260",",,S","  324","H,,S"
"IRM00040858","2011-05-20","28.945","50.835","20.7","BUSHEHR, IR","    0",",,S",,,"  310",",,S","  337","H,,S"
"IRM00040858","2011-05-21","28.945","50.835","20.7","BUSHEHR, IR","    0",",,S","  354",",,S",,,"  326","H,,S"
"IRM00040858","2011-05-22","28.945","50.835","20.7","BUSHEHR, IR","    0",",,S","  352",",,S",,,"  318","H,,S"
"IRM00040858","2011-05-23","28.945","50.835","20.7","BUSHEHR, IR","    0",",,S","  350",",,S",,,"  312","H,,S"
"IRM00040858","2011-05-24","28.945","50.835","20.7","BUSHEHR, IR","    0",",,S","  342",",,S","  280",",,S","  306","H,,S"
"IRM00040858","2011-05-25","28.945","50.835","20.7","BUSHEHR, IR","    0",",,S","  332",",,S",,,"  304","H,,S"
"IRM00040858","2011-05-26","28.945","50.835","20.7","BUSHEHR, IR","    0",",,S","  326",",,S","  278",",,S","  300","H,,S"
"IRM00040858","2011-05-27","28.945","50.835","20.7","BUSHEHR, IR","    0",",,S","  346",",,S","  280",",,S","  303","H,,S"
"IRM00040858","2011-05-28","28.945","50.835","20.7","BUSHEHR, IR","    0",",,S","  324",",,S",,,"  293","H,,S"
"IRM00040858","2011-05-29","28.945","50.835","20.7","BUSHEHR, IR","    0",",,S",,,"  240",",,S","  301","H,,S"
"IRM00040858","2011-05-30","28.945","50.835","20.7","BUSHEHR, IR","    0",",,S","  352",",,S","  255",",,S","  302","H,,S"
"IRM00040858","2011-05-31","28.945","50.835","20.7","BUSHEHR, IR","    0",",,S","  350",",,S","  264",",,S","  318","H,,S"
"IRM00040858","2011-06-01","28.945","50.835","20.7","BUSHEHR, IR","    0",",,S","  376",",,S","  285",",,S","  330","H,,S"
"IRM00040858","2011-06-02","28.945","50.835","20.7","BUSHEHR, IR","    0",",,S","  370",",,S","  270",",,S","  327","H,,S"
"IRM00040858","2011-06-03","28.945","50.835","20.7","BUSHEHR, IR","    0",",,S",,,"  290",",,S","  329","H,,S"
"IRM00040858","2011-06-04","28.945","50.835","20.7","BUSHEHR, IR","    0",",,S",,,"  300",",,S","  324","H,,S"
"IRM00040858","2011-06-05","28.945","50.835","20.7","BUSHEHR, IR","    0",",,S","  354",",,S",,,"  316","H,,S"
"IRM00040858","2011-06-06","28.945","50.835","20.7","BUSHEHR, IR","    0",",,S","  372",",,S","  280",",,S","  329","H,,S"
"IRM00040858","2011-06-07","28.945","50.835","20.7","BUSHEHR, IR","    0",",,S","  365",",,S","  282",",,S","  335","H,,S"
"IRM00040858","2011-06-08","28.945","50.835","20.7","BUSHEHR, IR","    0",",,S","  376",",,S","  304",",,S","  340","H,,S"
"IRM00040858","2011-06-09","28.945","50.835","20.7","BUSHEHR, IR","    0",",,S","  378",",,S",,,"  342","H,,S"
"IRM00040858","2011-06-10","28.945","50.835","20.7","BUSHEHR, IR","    0",",,S","  358",",,S","  294",",,S","  329","H,,S"
"IRM00040858","2011-06-11","28.945","50.835","20.7","BUSHEHR, IR","    0",",,S","  354",",,S",,,"  326","H,,S"
"IRM00040858","2011-06-12","28.945","50.835","20.7","BUSHEHR, IR","    0",",,S","  352",",,S","  300",",,S","  328","H,,S"
"IRM00040858","2011-06-13","28.945","50.835","20.7","BUSHEHR, IR","    0",",,S","  346",",,S","  290",",,S","  317","H,,S"
"IRM00040858","2011-06-14","28.945","50.835","20.7","BUSHEHR, IR","    0",",,S","  346",",,S","  290",",,S","  315","H,,S"
"IRM00040858","2011-06-15","28.945","50.835","20.7","BUSHEHR, IR","    0",",,S",,,"  300",",,S","  313","H,,S"
"IRM00040858","2011-06-16","28.945","50.835","20.7","BUSHEHR, IR",,,,,,,"  309","H,,S"
"IRM00040858","2011-06-17","28.945","50.835","20.7","BUSHEHR, IR",,,,,,,"  314","H,,S"
"IRM00040858","2011-06-18","28.945","50.835","20.7","BUSHEHR, IR",,,,,,,"  308","H,,S"
"IRM00040858","2011-06-19","28.945","50.835","20.7","BUSHEHR, IR",,,,,,,"  320","H,,S"
"IRM00040858","2011-06-20","28.945","50.835","20.7","BUSHEHR, IR","    0",",,S","  340",",,S","  290",",,S","  315","H,,S"
"IRM00040858","2011-06-21","28.945","50.835","20.7","BUSHEHR, IR","    0",",,S","  352",",,S","  285",",,S","  323","H,,S"
"IRM00040858","2011-06-22","28.945","50.835","20.7","BUSHEHR, IR","    0",",,S","  344",",,S",,,"  311","H,,S"
"IRM00040858","2011-06-23","28.945","50.835","20.7","BUSHEHR, IR","    0",",,S","  358",",,S",,,"  312","H,,S"
"IRM00040858","2011-06-24","28.945","50.835","20.7","BUSHEHR, IR","    0",",,S","  368",",,S",,,"  310","H,,S"
"IRM00040858","2011-06-25","28.945","50.835","20.7","BUSHEHR, IR","    0",",,S",,,"  255",",,S","  316","H,,S"
"IRM00040858","2011-06-26","28.945","50.835","20.7","BUSHEHR, IR","    0",",,S","  380",",,S",,,"  308","H,,S"
"IRM00040858","2011-06-27","28.945","50.835","20.7","BUSHEHR, IR","    0",",,S","  382",",,S","  256",",,S","  320","H,,S"
"IRM00040858","2011-06-28","28.945","50.835","20.7","BUSHEHR, IR","    0",",,S","  364",",,S","  275",",,S","  331","H,,S"
"IRM00040858","2011-06-29","28.945","50.835","20.7","BUSHEHR, IR","    0",",,S","  364",",,S",,,"  330","H,,S"
"IRM00040858","2011-06-30","28.945","50.835","20.7","BUSHEHR, IR","    0",",,S","  354",",,S","  290",",,S","  326","H,,S"
"IRM00040858","2011-07-01","28.945","50.835","20.7","BUSHEHR, IR","    0",",,S","  340",",,S",,,"  311","H,,S"
"IRM00040858","2011-07-02","28.945","50.835","20.7","BUSHEHR, IR",,,"  346",",,S","  276",",,S","  316","H,,S"
"IRM00040858","2011-07-03","28.945","50.835","20.7","BUSHEHR, IR","    0",",,S","  344",",,S","  280",",,S","  319","H,,S"
"IRM00040858","2011-07-04","28.945","50.835","20.7","BUSHEHR, IR","    0",",,S","  346",",,S",,,"  312","H,,S"
"IRM00040858","2011-07-05","28.945","50.835","20.7","BUSHEHR, IR","    0",",,S","  356",",,S","  270",",,S","  317","H,,S"
"IRM00040858","2011-07-06","28.945","50.835","20.7","BUSHEHR, IR","    0",",,S","  360",",,S","  265",",,S","  313","H,,S"
"IRM00040858","2011-07-07","28.945","50.835","20.7","BUSHEHR, IR","    0",",,S","  382",",,S","  260",",,S","  321","H,,S"
"IRM00040858","2011-07-08","28.945","50.835","20.7","BUSHEHR, IR","    0",",,S","  390",",,S","  270",",,S","  336","H,,S"
"IRM00040858","2011-07-09","28.945","50.835","20.7","BUSHEHR, IR","    0",",,S","  370",",,S","  300",",,S","  337","H,,S"
"IRM00040858","2011-07-10","28.945","50.835","20.7","BUSHEHR, IR","    0",",,S","  380",",,S",,,"  336","H,,S"
"IRM00040858","2011-07-11","28.945","50.835","20.7","BUSHEHR, IR","    0",",,S","  426",",,S","  295",",,S","  346","H,,S"
"IRM00040858","2011-07-12","28.945","50.835","20.7","BUSHEHR, IR","    0",",,S","  382",",,S","  318",",,S","  339","H,,S"
"IRM00040858","2011-07-13","28.945","50.835","20.7","BUSHEHR, IR","    0",",,S","  365",",,S","  296",",,S","  332","H,,S"
"IRM00040858","2011-07-14","28.945","50.835","20.7","BUSHEHR, IR","    0",",,S","  368",",,S",,,"  332","H,,S"
"IRM00040858","2011-07-15","28.945","50.835","20.7","BUSHEHR, IR","    0",",,S","  402",",,S","  295",",,S","  348","H,,S"
"IRM00040858","2011-07-16","28.945","50.835","20.7","BUSHEHR, IR","    0",",,S","  376",",,S","  298",",,S","  342","H,,S"
"IRM00040858","2011-07-17","28.945","50.835","20.7","BUSHEHR, IR","    0",",,S","  380",",,S","  294",",,S","  346","H,,S"
"IRM00040858","2011-07-18","28.945","50.835","20.7","BUSHEHR, IR","    0",",,S","  404",",,S","  290",",,S","  341","H,,S"
"IRM00040858","2011-07-19","28.945","50.835","20.7","BUSHEHR, IR","    0",",,S","  382",",,S","  280",",,S","  335","H,,S"
"IRM00040858","2011-07-20","28.945","50.835","20.7","BUSHEHR, IR","    0",",,S","  398",",,S","  280",",,S","  334","H,,S"
"IRM00040858","2011-07-21","28.945","50.835","20.7","BUSHEHR, IR","    0",",,S","  418",",,S","  276",",,S","  343","H,,S"
"IRM00040858","2011-07-22","28.945","50.835","20.7","BUSHEHR, IR","    0",",,S","  376",",,S","  276",",,S","  343","H,,S"
"IRM00040858","2011-07-23","28.945","50.835","20.7","BUSHEHR, IR","    0",",,S","  406",",,S",,,"  356","H,,S"
"IRM00040858","2011-07-24","28.945","50.835","20.7","BUSHEHR, IR","    0",",,S","  390",",,S","  300",",,S","  349","H,,S"
"IRM00040858","2011-07-25","28.945","50.835","20.7","BUSHEHR, IR","    0",",,S","  396",",,S","  306",",,S","  347","H,,S"
"IRM00040858","2011-07-26","28.945","50.835","20.7","BUSHEHR, IR","    0",",,S","  384",",,S","  290",",,S","  343","H,,S"
"IRM00040858","2011-07-27","28.945","50.835","20.7","BUSHEHR, IR","    0",",,S","  400",",,S",,,"  345","H,,S"
"IRM00040858","2011-07-28","28.945","50.835","20.7","BUSHEHR, IR","    0",",,S","  380",",,S",,,"  339","H,,S"
"IRM00040858","2011-07-29","28.945","50.835","20.7","BUSHEHR, IR","    0",",,S",,,"  280",",,S","  347","H,,S"
"IRM00040858","2011-07-30","28.945","50.835","20.7","BUSHEHR, IR","    0",",,S","  392",",,S","  280",",,S","  339","H,,S"
"IRM00040858","2011-07-31","28.945","50.835","20.7","BUSHEHR, IR","    0",",,S",,,"  280",",,S","  342","H,,S"
"IRM00040858","2011-08-01","28.945","50.835","20.7","BUSHEHR, IR","    0",",,S","  394",",,S","  305",",,S","  343","H,,S"
"IRM00040858","2011-08-02","28.945","50.835","20.7","BUSHEHR, IR","    0",",,S","  394",",,S","  295",",,S","  343","H,,S"
"IRM00040858","2011-08-03","28.945","50.835","20.7","BUSHEHR, IR","    0",",,S","  374",",,S",,,"  336","H,,S"
"IRM00040858","2011-08-04","28.945","50.835","20.7","BUSHEHR, IR","    0",",,S","  390",",,S",,,"  340","H,,S"
"IRM00040858","2011-08-05","28.945","50.835","20.7","BUSHEHR, IR","    0",",,S","  386",",,S","  306",",,S","  349","H,,S"
"IRM00040858","2011-08-06","28.945","50.835","20.7","BUSHEHR, IR","    0",",,S","  382",",,S","  312",",,S","  354","H,,S"
"IRM00040858","2011-08-07","28.945","50.835","20.7","BUSHEHR, IR","    0",",,S",,,,,"  347","H,,S"
"IRM00040858","2011-08-08","28.945","50.835","20.7","BUSHEHR, IR","    0",",,S","  396",",,S","  320",",,S","  362","H,,S"
"IRM00040858","2011-08-09","28.945","50.835","20.7","BUSHEHR, IR","    0",",,S","  388",",,S",,,"  354","H,,S"
"IRM00040858","2011-08-10","28.945","50.835","20.7","BUSHEHR, IR","    0",",,S","  380",",,S","  310",",,S","  346","H,,S"
"IRM00040858","2011-08-11","28.945","50.835","20.7","BUSHEHR, IR","    0",",,S","  382",",,S",,,"  342","H,,S"
"IRM00040858","2011-08-12","28.945","50.835","20.7","BUSHEHR, IR","    0",",,S",,,"  295",",,S","  348","H,,S"
"IRM00040858","2011-08-13","28.945","50.835","20.7","BUSHEHR, IR","    0",",,S","  392",",,S","  290",",,S","  351","H,,S"
"IRM00040858","2011-08-14","28.945","50.835","20.7","BUSHEHR, IR","    0",",,S","  402",",,S","  288",",,S","  347","H,,S"
"IRM00040858","2011-08-15","28.945","50.835","20.7","BUSHEHR, IR","    0",",,S","  390",",,S",,,"  348","H,,S"
"IRM00040858","2011-08-16","28.945","50.835","20.7","BUSHEHR, IR","    0",",,S","  372",",,S","  280",",,S","  335","H,,S"
"IRM00040858","2011-08-17","28.945","50.835","20.7","BUSHEHR, IR","    0",",,S","  380",",,S","  296",",,S","  347","H,,S"
"IRM00040858","2011-08-18","28.945","50.835","20.7","BUSHEHR, IR","    0",",,S","  382",",,S",,,"  344","H,,S"
"IRM00040858","2011-08-19","28.945","50.835","20.7","BUSHEHR, IR","    0",",,S","  374",",,S","  280",",,S","  329","H,,S"
"IRM00040858","2011-08-20","28.945","50.835","20.7","BUSHEHR, IR","    0",",,S","  380",",,S","  290",",,S","  338","H,,S"
"IRM00040858","2011-08-21","28.945","50.835","20.7","BUSHEHR, IR","    0",",,S","  388",",,S","  306",",,S","  343","H,,S"
"IRM00040858","2011-08-22","28.945","50.835","20.7","BUSHEHR, IR","    0",",,S","  372",",,S",,,"  337","H,,S"
"IRM00040858","2011-08-23","28.945","50.835","20.7","BUSHEHR, IR","    0",",,S","  364",",,S",,,"  329","H,,S"
"IRM00040858","2011-08-24","28.945","50.835","20.7","BUSHEHR, IR","    0",",,S","  370",",,S","  290",",,S","  332","H,,S"
"IRM00040858","2011-08-25","28.945","50.835","20.7","BUSHEHR, IR","    0",",,S","  370",",,S",,,"  336","H,,S"
"IRM00040858","2011-08-26","28.945","50.835","20.7","BUSHEHR, IR","    0",",,S","  386",",,S",,,"  331","H,,S"
"IRM00040858","2011-08-27","28.945","50.835","20.7","BUSHEHR, IR","    0",",,S","  382",",,S","  275",",,S","  348","H,,S"
"IRM00040858","2011-08-28","28.945","50.835","20.7","BUSHEHR, IR","    0",",,S","  382",",,S",,,"  346","H,,S"
"IRM00040858","2011-08-29","28.945","50.835","20.7","BUSHEHR, IR",,,"  376",",,S",,,"  324","H,,S"
"IRM00040858","2011-08-30","28.945","50.835","20.7","BUSHEHR, IR","    0",",,S","  376",",,S","  262",",,S","  331","H,,S"
"IRM00040858","2011-08-31","28.945","50.835","20.7","BUSHEHR, IR","    0",",,S","  380",",,S","  285",",,S","  337","H,,S"
"IRM00040858","2011-09-01","28.945","50.835","20.7","BUSHEHR, IR","    0",",,S","  390",",,S",,,"  337","H,,S"
"IRM00040858","2011-09-02","28.945","50.835","20.7","BUSHEHR, IR","    0",",,S","  376",",,S","  290",",,S","  345","H,,S"
"IRM00040858","2011-09-03","28.945","50.835","20.7","BUSHEHR, IR","    0",",,S","  390",",,S",,,"  338","H,,S"
"IRM00040858","2011-09-04","28.945","50.835","20.7","BUSHEHR, IR","    0",",,S","  380",",,S",,,"  326","H,,S"
"IRM00040858","2011-09-05","28.945","50.835","20.7","BUSHEHR, IR",,,"  382",",,S","  270",",,S","  326","H,,S"
"IRM00040858","2011-09-06","28.945","50.835","20.7","BUSHEHR, IR","    0",",,S","  388",",,S","  276",",,S","  338","H,,S"
"IRM00040858","2011-09-07","28.945","50.835","20.7","BUSHEHR, IR","    0",",,S","  390",",,S",,,"  342","H,,S"
"IRM00040858","2011-09-08","28.945","50.835","20.7","BUSHEHR, IR","    0",",,S","  378",",,S","  270",",,S","  331","H,,S"
"IRM00040858","2011-09-09","28.945","50.835","20.7","BUSHEHR, IR","    0",",,S","  366",",,S",,,"  323","H,,S"
"IRM00040858","2011-09-10","28.945","50.835","20.7","BUSHEHR, IR","    0",",,S","  370",",,S","  265",",,S","  317","H,,S"
"IRM00040858","2011-09-11","28.945","50.835","20.7","BUSHEHR, IR","    0",",,S","  382",",,S",,,"  328","H,,S"
"IRM00040858","2011-09-12","28.945","50.835","20.7","BUSHEHR, IR","    0",",,S","  364",",,S","  264",",,S","  324","H,,S"
"IRM00040858","2011-09-13","28.945","50.835","20.7","BUSHEHR, IR","    0",",,S","  362",",,S",,,"  313","H,,S"
"IRM00040858","2011-09-14","28.945","50.835","20.7","BUSHEHR, IR","    0",",,S","  358",",,S","  250",",,S","  308","H,,S"
"IRM00040858","2011-09-15","28.945","50.835","20.7","BUSHEHR, IR","    0",",,S","  365",",,S","  250",",,S","  315","H,,S"
"IRM00040858","2011-09-16","28.945","50.835","20.7","BUSHEHR, IR","    0",",,S","  360",",,S","  285",",,S","  321","H,,S"
"IRM00040858","2011-09-17","28.945","50.835","20.7","BUSHEHR, IR","    0",",,S","  358",",,S",,,"  309","H,,S"
"IRM00040858","2011-09-18","28.945","50.835","20.7","BUSHEHR, IR","    0",",,S","  352",",,S","  220",",,S","  294","H,,S"
"IRM00040858","2011-09-19","28.945","50.835","20.7","BUSHEHR, IR","    0",",,S","  352",",,S","  250",",,S","  305","H,,S"
"IRM00040858","2011-09-20","28.945","50.835","20.7","BUSHEHR, IR","    0",",,S","  390",",,S","  270",",,S","  313","H,,S"
"IRM00040858","2011-09-21","28.945","50.835","20.7","BUSHEHR, IR","    0",",,S","  368",",,S","  266",",,S","  317","H,,S"
"IRM00040858","2011-09-22","28.945","50.835","20.7","BUSHEHR, IR","    0",",,S","  370",",,S",,,"  313","H,,S"
"IRM00040858","2011-09-23","28.945","50.835","20.7","BUSHEHR, IR","    0",",,S","  352",",,S","  245",",,S","  302","H,,S"
"IRM00040858","2011-09-24","28.945","50.835","20.7","BUSHEHR, IR","    0",",,S","  370",",,S",,,"  310","H,,S"
"IRM00040858","2011-09-25","28.945","50.835","20.7","BUSHEHR, IR","    0",",,S","  376",",,S",,,"  318","H,,S"
"IRM00040858","2011-09-26","28.945","50.835","20.7","BUSHEHR, IR","    0",",,S","  364",",,S","  268",",,S","  326","H,,S"
"IRM00040858","2011-09-27","28.945","50.835","20.7","BUSHEHR, IR","    0",",,S","  372",",,S","  280",",,S","  335","H,,S"
"IRM00040858","2011-09-28","28.945","50.835","20.7","BUSHEHR, IR",,,"  370",",,S",,,"  324","H,,S"
"IRM00040858","2011-09-29","28.945","50.835","20.7","BUSHEHR, IR","    0",",,S","  356",",,S",,,"  314","H,,S"
"IRM00040858","2011-09-30","28.945","50.835","20.7","BUSHEHR, IR","    0",",,S",,,"  280",",,S","  308","H,,S"
"IRM00040858","2011-10-01","28.945","50.835","20.7","BUSHEHR, IR","    0",",,S","  390",",,S","  270",",,S","  314","H,,S"
"IRM00040858","2011-10-02","28.945","50.835","20.7","BUSHEHR, IR","    0",",,S","  352",",,S","  270",",,S","  322","H,,S"
"IRM00040858","2011-10-03","28.945","50.835","20.7","BUSHEHR, IR","    0",",,S","  348",",,S","  295",",,S","  318","H,,S"
"IRM00040858","2011-10-04","28.945","50.835","20.7","BUSHEHR, IR","    0",",,S","  330",",,S","  286",",,S","  307","H,,S"
"IRM00040858","2011-10-05","28.945","50.835","20.7","BUSHEHR, IR","    0",",,S","  316",",,S",,,"  279","H,,S"
"IRM00040858","2011-10-06","28.945","50.835","20.7","BUSHEHR, IR","    0",",,S","  310",",,S",,,"  266","H,,S"
"IRM00040858","2011-10-07","28.945","50.835","20.7","BUSHEHR, IR","    0",",,S","  326",",,S",,,"  260","H,,S"
"IRM00040858","2011-10-08","28.945","50.835","20.7","BUSHEHR, IR","    0",",,S","  330",",,S","  212",",,S","  272","H,,S"
"IRM00040858","2011-10-09","28.945","50.835","20.7","BUSHEHR, IR","    0",",,S","  328",",,S","  225",",,S","  280","H,,S"
"IRM00040858","2011-10-10","28.945","50.835","20.7","BUSHEHR, IR","    0",",,S","  315",",,S","  230",",,S","  272","H,,S"
"IRM00040858","2011-10-11","28.945","50.835","20.7","BUSHEHR, IR","    0",",,S","  334",",,S","  225",",,S","  281","H,,S"
"IRM00040858","2011-10-12","28.945","50.835","20.7","BUSHEHR, IR","    0",",,S","  324",",,S","  235",",,S","  279","H,,S"
"IRM00040858","2011-10-13","28.945","50.835","20.7","BUSHEHR, IR","    0",",,S","  328",",,S","  235",",,S","  281","H,,S"
"IRM00040858","2011-10-14","28.945","50.835","20.7","BUSHEHR, IR","    0",",,S","  326",",,S","  210",",,S","  274","H,,S"
"IRM00040858","2011-10-15","28.945","50.835","20.7","BUSHEHR, IR","    0",",,S","  332",",,S","  225",",,S","  277","H,,S"
"IRM00040858","2011-10-16","28.945","50.835","20.7","BUSHEHR, IR","    0",",,S","  334",",,S","  215",",,S","  277","H,,S"
"IRM00040858","2011-10-17","28.945","50.835","20.7","BUSHEHR, IR","    0",",,S","  332",",,S",,,"  274","H,,S"
"IRM00040858","2011-10-18","28.945","50.835","20.7","BUSHEHR, IR","    0",",,S","  332",",,S",,,"  268","H,,S"
"IRM00040858","2011-10-19","28.945","50.835","20.7","BUSHEHR, IR","    0",",,S","  328",",,S","  200",",,S","  270","H,,S"
"IRM00040858","2011-10-20","28.945","50.835","20.7","BUSHEHR, IR","    0",",,S","  322",",,S",,,"  282","H,,S"
"IRM00040858","2011-10-21","28.945","50.835","20.7","BUSHEHR, IR","    0",",,S","  270",",,S",,,"  247","H,,S"
"IRM00040858","2011-10-22","28.945","50.835","20.7","BUSHEHR, IR","    0",",,S","  270",",,S",,,"  231","H,,S"
"IRM00040858","2011-10-23","28.945","50.835","20.7","BUSHEHR, IR","    0",",,S","  300",",,S","  150",",,S","  235","H,,S"
"IRM00040858","2011-10-24","28.945","50.835","20.7","BUSHEHR, IR","    0",",,S","  292",",,S","  175",",,S","  238","H,,S"
"IRM00040858","2011-10-25","28.945","50.835","20.7","BUSHEHR, IR","    0",",,S","  302",",,S","  170",",,S","  242","H,,S"
"IRM00040858","2011-10-26","28.945","50.835","20.7","BUSHEHR, IR","    0",",,S","  320",",,S","  200",",,S","  265","H,,S"
"IRM00040858","2011-10-27","28.945","50.835","20.7","BUSHEHR, IR","    0",",,S","  324",",,S","  230",",,S","  271","H,,S"
"IRM00040858","2011-10-28","28.945","50.835","20.7","BUSHEHR, IR","    0",",,S","  322",",,S",,,"  267","H,,S"
"IRM00040858","2011-10-29","28.945","50.835","20.7","BUSHEHR, IR","    0",",,S","  320",",,S","  224",",,S","  275","H,,S"
"IRM00040858","2011-10-30","28.945","50.835","20.7","BUSHEHR, IR","    0",",,S","  324",",,S","  240",",,S","  277","H,,S"
"IRM00040858","2011-10-31","28.945","50.835","20.7","BUSHEHR, IR","    0",",,S","  290",",,S",,,"  258","H,,S"
"IRM00040858","2011-11-01","28.945","50.835","20.7","BUSHEHR, IR","    0",",,S","  288",",,S","  205",",,S","  252","H,,S"
"IRM00040858","2011-11-02","28.945","50.835","20.7","BUSHEHR, IR","    0",",,S","  274",",,S","  220",",,S","  243","H,,S"
"IRM00040858","2011-11-03","28.945","50.835","20.7","BUSHEHR, IR","    0",",,S","  260",",,S",,,"  220","H,,S"
"IRM00040858","2011-11-04","28.945","50.835","20.7","BUSHEHR, IR","    0",",,S","  272",",,S","  160",",,S","  219","H,,S"
"IRM00040858","2011-11-05","28.945","50.835","20.7","BUSHEHR, IR","    0",",,S","  326",",,S","  185",",,S","  242","H,,S"
"IRM00040858","2011-11-06","28.945","50.835","20.7","BUSHEHR, IR","    0",",,S","  250",",,S",,,"  223","H,,S"
"IRM00040858","2011-11-07","28.945","50.835","20.7","BUSHEHR, IR","   79",",,S","  240",",,S",,,"  200","H,,S"
"IRM00040858","2011-11-08","28.945","50.835","20.7","BUSHEHR, IR","    0",",,S","  220",",,S","  155",",,S","  190","H,,S"
"IRM00040858","2011-11-09","28.945","50.835","20.7","BUSHEHR, IR","    0",",,S","  228",",,S","  150",",,S","  186","H,,S"
"IRM00040858","2011-11-10","28.945","50.835","20.7","BUSHEHR, IR","    0",",,S","  218",",,S","  130",",,S","  173","H,,S"
"IRM00040858","2011-11-11","28.945","50.835","20.7","BUSHEHR, IR","    0",",,S","  232",",,S",,,"  177","H,,S"
"IRM00040858","2011-11-12","28.945","50.835","20.7","BUSHEHR, IR","    0",",,S","  272",",,S","  115",",,S","  200","H,,S"
"IRM00040858","2011-11-13","28.945","50.835","20.7","BUSHEHR, IR","    0",",,S","  270",",,S",,,"  217","H,,S"
"IRM00040858","2011-11-14","28.945","50.835","20.7","BUSHEHR, IR","    0",",,S",,,,,"  225","H,,S"
"IRM00040858","2011-11-15","28.945","50.835","20.7","BUSHEHR, IR","    0",",,S","  298",",,S",,,"  233","H,,S"
"IRM00040858","2011-11-16","28.945","50.835","20.7","BUSHEHR, IR","    0",",,S","  314",",,S","  175",",,S","  262","H,,S"
"IRM00040858","2011-11-17","28.945","50.835","20.7","BUSHEHR, IR","    0",",,S","  312",",,S","  226",",,S","  257","H,,S"
"IRM00040858","2011-11-18","28.945","50.835","20.7","BUSHEHR, IR","    0",",,S","  264",",,S",,,"  235","H,,S"
"IRM00040858","2011-11-19","28.945","50.835","20.7","BUSHEHR, IR","    0",",,S",,,"  188",",,S","  234","H,,S"
"IRM00040858","2011-11-20","28.945","50.835","20.7","BUSHEHR, IR","    0",",,S",,,"  215",",,S","  267","H,,S"
"IRM00040858","2011-11-21","28.945","50.835","20.7","BUSHEHR, IR","   51",",,S","  254",",,S",,,"  223","H,,S"
"IRM00040858","2011-11-22","28.945","50.835","20.7","BUSHEHR, IR","  254",",,S",,,"  158",",,S","  186","H,,S"
"IRM00040858","2011-11-23","28.945","50.835","20.7","BUSHEHR, IR","   84",",,S","  204",",,S",,,"  186","H,,S"
"IRM00040858","2011-11-24","28.945","50.835","20.7","BUSHEHR, IR","    0",",,S","  206",",,S","  135",",,S","  170","H,,S"
"IRM00040858","2011-11-25","28.945","50.835","20.7","BUSHEHR, IR","    0",",,S",,,,,"  168","H,,S"
"IRM00040858","2011-11-26","28.945","50.835","20.7","BUSHEHR, IR","    0",",,S","  206",",,S","  108",",,S","  171","H,,S"
"IRM00040858","2011-11-27","28.945","50.835","20.7","BUSHEHR, IR","    0",",,S","  216",",,S","  144",",,S","  177","H,,S"
"IRM00040858","2011-11-28","28.945","50.835","20.7","BUSHEHR, IR","    0",",,S","  190",",,S",,,"  164","H,,S"
"IRM00040858","2011-11-29","28.945","50.835","20.7","BUSHEHR, IR","    0",",,S","  174",",,S",,,"  142","H,,S"
"IRM00040858","2011-11-30","28.945","50.835","20.7","BUSHEHR, IR","  178",",,S","  170",",,S","  120",",,S","  149","H,,S"
"IRM00040858","2011-12-01","28.945","50.835","20.7","BUSHEHR, IR","    0",",,S","  186",",,S","  122",",,S","  154","H,,S"
"IRM00040858","2011-12-02","28.945","50.835","20.7","BUSHEHR, IR","    0",",,S","  184",",,S",,,"  155","H,,S"
"IRM00040858","2011-12-03","28.945","50.835","20.7","BUSHEHR, IR","    0",",,S","  184",",,S","  130",",,S","  151","H,,S"
"IRM00040858","2011-12-04","28.945","50.835","20.7","BUSHEHR, IR","    0",",,S","  180",",,S","  115",",,S","  147","H,,S"
"IRM00040858","2011-12-05","28.945","50.835","20.7","BUSHEHR, IR","    0",",,S","  176",",,S",,,"  143","H,,S"
"IRM00040858","2011-12-06","28.945","50.835","20.7","BUSHEHR, IR","    0",",,S","  198",",,S","  100",",,S","  152","H,,S"
"IRM00040858","2011-12-07","28.945","50.835","20.7","BUSHEHR, IR","    0",",,S","  195",",,S","  104",",,S","  160","H,,S"
"IRM00040858","2011-12-08","28.945","50.835","20.7","BUSHEHR, IR","    0",",,S","  208",",,S","  100",",,S","  159","H,,S"
"IRM00040858","2011-12-09","28.945","50.835","20.7","BUSHEHR, IR",,,"  202",",,S",,,"  148","H,,S"
"IRM00040858","2011-12-10","28.945","50.835","20.7","BUSHEHR, IR","    0",",,S","  208",",,S","   80",",,S","  158","H,,S"
"IRM00040858","2011-12-11","28.945","50.835","20.7","BUSHEHR, IR","    0",",,S","  194",",,S","  110",",,S","  164","H,,S"
"IRM00040858","2011-12-12","28.945","50.835","20.7","BUSHEHR, IR","    0",",,S","  162",",,S",,,"  141","H,,S"
"IRM00040858","2011-12-13","28.945","50.835","20.7","BUSHEHR, IR","    0",",,S","  176",",,S",,,"  146","H,,S"
"IRM00040858","2011-12-14","28.945","50.835","20.7","BUSHEHR, IR","    0",",,S","  192",",,S",,,"  146","H,,S"
"IRM00040858","2011-12-15","28.945","50.835","20.7","BUSHEHR, IR",,,"  204",",,S","   70",",,S","  143","H,,S"
"IRM00040858","2011-12-16","28.945","50.835","20.7","BUSHEHR, IR","    0",",,S",,,"  104",",,S","  181","H,,S"
"IRM00040858","2011-12-17","28.945","50.835","20.7","BUSHEHR, IR","    0",",,S",,,"  160",",,S","  187","H,,S"
"IRM00040858","2011-12-18","28.945","50.835","20.7","BUSHEHR, IR","    0",",,S","  206",",,S","  155",",,S","  181","H,,S"
"IRM00040858","2011-12-19","28.945","50.835","20.7","BUSHEHR, IR","    0",",,S","  192",",,S",,,"  161","H,,S"
"IRM00040858","2011-12-20","28.945","50.835","20.7","BUSHEHR, IR","    0",",,S","  208",",,S","  100",",,S","  154","H,,S"
"IRM00040858","2011-12-21","28.945","50.835","20.7","BUSHEHR, IR","    0",",,S","  210",",,S","   96",",,S","  161","H,,S"
"IRM00040858","2011-12-22","28.945","50.835","20.7","BUSHEHR, IR","    0",",,S","  206",",,S","  105",",,S","  161","H,,S"
"IRM00040858","2011-12-23","28.945","50.835","20.7","BUSHEHR, IR","    0",",,S",,,,,"  155","H,,S"
"IRM00040858","2011-12-24","28.945","50.835","20.7","BUSHEHR, IR","    0",",,S","  225",",,S","  105",",,S","  168","H,,S"
"IRM00040858","2011-12-25","28.945","50.835","20.7","BUSHEHR, IR","    0",",,S","  242",",,S","  140",",,S","  186","H,,S"
"IRM00040858","2011-12-26","28.945","50.835","20.7","BUSHEHR, IR","    0",",,S","  212",",,S",,,"  184","H,,S"
"IRM00040858","2011-12-27","28.945","50.835","20.7","BUSHEHR, IR","    0",",,S",,,,,"  164","H,,S"
"IRM00040858","2011-12-28","28.945","50.835","20.7","BUSHEHR, IR","    0",",,S","  170",",,S",,,"  141","H,,S"
"IRM00040858","2011-12-29","28.945","50.835","20.7","BUSHEHR, IR","    0",",,S","  178",",,S",,,"  136","H,,S"
"IRM00040858","2011-12-30","28.945","50.835","20.7","BUSHEHR, IR","    0",",,S","  190",",,S","   80",",,S","  144","H,,S"
"IRM00040858","2011-12-31","28.945","50.835","20.7","BUSHEHR, IR","    0",",,S",,,,,"  158","H,,S"
"IRM00040858","2012-01-01","28.945","50.835","20.7","BUSHEHR, IR","    0",",,S",,,,,"  193","H,,S"
"IRM00040858","2012-01-02","28.945","50.835","20.7","BUSHEHR, IR","    0",",,S","  232",",,S",,,"  196","H,,S"
"IRM00040858","2012-01-03","28.945","50.835","20.7","BUSHEHR, IR","    0",",,S","  192",",,S",,,"  176","H,,S"
"IRM00040858","2012-01-04","28.945","50.835","20.7","BUSHEHR, IR","    0",",,S","  170",",,S",,,"  154","H,,S"
"IRM00040858","2012-01-05","28.945","50.835","20.7","BUSHEHR, IR","    0",",,S","  182",",,S",,,"  143","H,,S"
"IRM00040858","2012-01-06","28.945","50.835","20.7","BUSHEHR, IR","    0",",,S","  220",",,S",,,"  161","H,,S"
"IRM00040858","2012-01-07","28.945","50.835","20.7","BUSHEHR, IR","    0",",,S","  232",",,S","  140",",,S","  186","H,,S"
"IRM00040858","2012-01-08","28.945","50.835","20.7","BUSHEHR, IR","    3",",,S","  246",",,S","  160",",,S","  191","H,,S"
"IRM00040858","2012-01-09","28.945","50.835","20.7","BUSHEHR, IR","   23",",,S","  266",",,S",,,"  202","H,,S"
"IRM00040858","2012-01-10","28.945","50.835","20.7","BUSHEHR, IR","    0",",,S","  210",",,S",,,"  178","H,,S"
"IRM00040858","2012-01-11","28.945","50.835","20.7","BUSHEHR, IR","    0","D,,S","  236",",,S","  130",",,S","  189","H,,S"
"IRM00040858","2012-01-12","28.945","50.835","20.7","BUSHEHR, IR","  145",",,S","  196",",,S","  156",",,S","  183","H,,S"
"IRM00040858","2012-01-13","28.945","50.835","20.7","BUSHEHR, IR","    0",",,S","  314",",,S",,,"  181","H,,S"
"IRM00040858","2012-01-14","28.945","50.835","20.7","BUSHEHR, IR","   71",",,S","  184",",,S","  140",",,S","  158","H,,S"
"IRM00040858","2012-01-15","28.945","50.835","20.7","BUSHEHR, IR","    0",",,S","  170",",,S","  110",",,S","  140","H,,S"
"IRM00040858","2012-01-16","28.945","50.835","20.7","BUSHEHR, IR","    0",",,S","  172",",,S","   90",",,S","  141","H,,S"
"IRM00040858","2012-01-17","28.945","50.835","20.7","BUSHEHR, IR","    0",",,S","  180",",,S",,,"  141","H,,S"
"IRM00040858","2012-01-18","28.945","50.835","20.7","BUSHEHR, IR","    0",",,S","  180",",,S",,,"  147","H,,S"
"IRM00040858","2012-01-19","28.945","50.835","20.7","BUSHEHR, IR","    0",",,S",,,,,"  148","H,,S"
"IRM00040858","2012-01-20","28.945","50.835","20.7","BUSHEHR, IR","    0",",,S","  190",",,S","  104",",,S","  152","H,,S"
"IRM00040858","2012-01-21","28.945","50.835","20.7","BUSHEHR, IR","    0",",,S",,,,,"   89","H,,S"
"IRM00040858","2012-01-22","28.945","50.835","20.7","BUSHEHR, IR","    0",",,S","  120",",,S","   40",",,S","   77","H,,S"
"IRM00040858","2012-01-23","28.945","50.835","20.7","BUSHEHR, IR","    0",",,S","  146",",,S","   35",",,S","  104","H,,S"
"IRM00040858","2012-01-24","28.945","50.835","20.7","BUSHEHR, IR","    0",",,S","  154",",,S",,,"  114","H,,S"
"IRM00040858","2012-01-25","28.945","50.835","20.7","BUSHEHR, IR","    0",",,S","  162",",,S",,,"  121","H,,S"
"IRM00040858","2012-01-26","28.945","50.835","20.7","BUSHEHR, IR","    0",",,S","  182",",,S","   90",",,S","  136","H,,S"
"IRM00040858","2012-01-27","28.945","50.835","20.7","BUSHEHR, IR","    0",",,S","  208",",,S","   70",",,S","  154","H,,S"
"IRM00040858","2012-01-28","28.945","50.835","20.7","BUSHEHR, IR","    0",",,S","  232",",,S",,,"  177","H,,S"
"IRM00040858","2012-01-29","28.945","50.835","20.7","BUSHEHR, IR","    0",",,S",,,,,"  158","H,,S"
"IRM00040858","2012-01-30","28.945","50.835","20.7","BUSHEHR, IR","    0",",,S","  182",",,S",,,"  142","H,,S"
"IRM00040858","2012-01-31","28.945","50.835","20.7","BUSHEHR, IR","    0",",,S","  204",",,S","   85",",,S","  153","H,,S"
"IRM00040858","2012-02-01","28.945","50.835","20.7","BUSHEHR, IR","   18",",,S","  214",",,S","  144",",,S","  191","H,,S"
"IRM00040858","2012-02-02","28.945","50.835","20.7","BUSHEHR, IR","   46",",,S",,,,,"  167","H,,S"
"IRM00040858","2012-02-03","28.945","50.835","20.7","BUSHEHR, IR","    0",",,S","  130",",,S","  110",",,S","  121","H,,S"
"IRM00040858","2012-02-04","28.945","50.835","20.7","BUSHEHR, IR","    0",",,S","  164",",,S",,,"  131","H,,S"
"IRM00040858","2012-02-05","28.945","50.835","20.7","BUSHEHR, IR","    0",",,S","  180",",,S",,,"  134","H,,S"
"IRM00040858","2012-02-06","28.945","50.835","20.7","BUSHEHR, IR","    0",",,S","  186",",,S","   70",",,S","  129","H,,S"
"IRM00040858","2012-02-07","28.945","50.835","20.7","BUSHEHR, IR","    0",",,S","  200",",,S","   76",",,S","  139","H,,S"
"IRM00040858","2012-02-08","28.945","50.835","20.7","BUSHEHR, IR","    0",",,S","  226",",,S","  120",",,S","  168","H,,S"
"IRM00040858","2012-02-09","28.945","50.835","20.7","BUSHEHR, IR","    0",",,S","  252",",,S","  150",",,S","  194","H,,S"
"IRM00040858","2012-02-10","28.945","50.835","20.7","BUSHEHR, IR","    0",",,S","  252",",,S",,,"  206","H,,S"
"IRM00040858","2012-02-11","28.945","50.835","20.7","BUSHEHR, IR","    0",",,S","  180",",,S","  150",",,S","  167","H,,S"
"IRM00040858","2012-02-12","28.945","50.835","20.7","BUSHEHR, IR","    0",",,S","  170",",,S","  130",",,S","  154","H,,S"
"IRM00040858","2012-02-13","28.945","50.835","20.7","BUSHEHR, IR","    0",",,S","  166",",,S",,,"  134","H,,S"
"IRM00040858","2012-02-14","28.945","50.835","20.7","BUSHEHR, IR","    0",",,S","  194",",,S","   90",",,S","  141","H,,S"
"IRM00040858","2012-02-15","28.945","50.835","20.7","BUSHEHR, IR","    0",",,S","  206",",,S","  100",",,S","  161","H,,S"
"IRM00040858","2012-02-16","28.945","50.835","20.7","BUSHEHR, IR","    0",",,S","  230",",,S","  140",",,S","  203","H,,S"
"IRM00040858","2012-02-17","28.945","50.835","20.7","BUSHEHR, IR","   10",",,S","  202",",,S","  140",",,S","  182","H,,S"
"IRM00040858","2012-02-18","28.945","50.835","20.7","BUSHEHR, IR","    0",",,S","  288",",,S","  170",",,S","  200","H,,S"
"IRM00040858","2012-02-19","28.945","50.835","20.7","BUSHEHR, IR","    0",",,S","  202",",,S",,,"  169","H,,S"
"IRM00040858","2012-02-20","28.945","50.835","20.7","BUSHEHR, IR","    0",",,S","  172",",,S","  130",",,S","  149","H,,S"
"IRM00040858","2012-02-21","28.945","50.835","20.7","BUSHEHR, IR","    0",",,S","  168",",,S",,,"  144","H,,S"
"IRM00040858","2012-02-22","28.945","50.835","20.7","BUSHEHR, IR","    0",",,S","  182",",,S",,,"  138","H,,S"
"IRM00040858","2012-02-23","28.945","50.835","20.7","BUSHEHR, IR","    0",",,S","  180",",,S","   84",",,S","  144","H,,S"
"IRM00040858","2012-02-24","28.945","50.835","20.7","BUSHEHR, IR","    0",",,S","  190",",,S","  110",",,S","  158","H,,S"
"IRM00040858","2012-02-25","28.945","50.835","20.7","BUSHEHR, IR","    0",",,S","  190",",,S",,,"  161","H,,S"
"IRM00040858","2012-02-26","28.945","50.835","20.7","BUSHEHR, IR","   84",",,S","  162",",,S",,,"  142","H,,S"
"IRM00040858","2012-02-27","28.945","50.835","20.7","BUSHEHR, IR","    0",",,S","  184",",,S","  110",",,S","  149","H,,S"
"IRM00040858","2012-02-28","28.945","50.835","20.7","BUSHEHR, IR","    0",",,S","  245",",,S","  100",",,S","  164","H,,S"
"IRM00040858","2012-02-29","28.945","50.835","20.7","BUSHEHR, IR","    0",",,S","  262",",,S","  120",",,S","  199","H,,S"
"IRM00040858","2012-03-01","28.945","50.835","20.7","BUSHEHR, IR","    0",",,S","  248",",,S","  158",",,S","  194","H,,S"
"IRM00040858","2012-03-02","28.945","50.835","20.7","BUSHEHR, IR","    0",",,S",,,,,"  176","H,,S"
"IRM00040858","2012-03-03","28.945","50.835","20.7","BUSHEHR, IR","    0",",,S","  160",",,S",,,"  144","H,,S"
"IRM00040858","2012-03-04","28.945","50.835","20.7","BUSHEHR, IR","    0",",,S","  160",",,S","   98",",,S","  135","H,,S"
"IRM00040858","2012-03-05","28.945","50.835","20.7","BUSHEHR, IR","    0",",,S","  194",",,S","   70",",,S","  146","H,,S"
"IRM00040858","2012-03-06","28.945","50.835","20.7","BUSHEHR, IR","    0",",,S","  174",",,S","  120",",,S","  150","H,,S"
"IRM00040858","2012-03-07","28.945","50.835","20.7","BUSHEHR, IR","    0",",,S","  190",",,S","  115",",,S","  158","H,,S"
"IRM00040858","2012-03-08","28.945","50.835","20.7","BUSHEHR, IR","    0",",,S","  208",",,S",,,"  171","H,,S"
"IRM00040858","2012-03-09","28.945","50.835","20.7","BUSHEHR, IR","    0",",,S","  212",",,S","  116",",,S","  182","H,,S"
"IRM00040858","2012-03-10","28.945","50.835","20.7","BUSHEHR, IR","    0",",,S",,,"  154",",,S","  177","H,,S"
"IRM00040858","2012-03-11","28.945","50.835","20.7","BUSHEHR, IR","    0",",,S","  202",",,S",,,"  169","H,,S"
"IRM00040858","2012-03-12","28.945","50.835","20.7","BUSHEHR, IR",,,"  204",",,S",,,"  159","H,,S"
"IRM00040858","2012-03-13","28.945","50.835","20.7","BUSHEHR, IR","    0",",,S","  294",",,S","  140",",,S","  224","H,,S"
"IRM00040858","2012-03-14","28.945","50.835","20.7","BUSHEHR, IR","    0",",,S","  314",",,S","  170",",,S","  257","H,,S"
"IRM00040858","2012-03-15","28.945","50.835","20.7","BUSHEHR, IR","    0",",,S","  318",",,S",,,"  233","H,,S"
"IRM00040858","2012-03-16","28.945","50.835","20.7","BUSHEHR, IR","    0",",,S","  216",",,S","  174",",,S","  192","H,,S"
"IRM00040858","2012-03-17","28.945","50.835","20.7","BUSHEHR, IR","    0",",,S","  226",",,S","  150",",,S","  186","H,,S"
"IRM00040858","2012-03-18","28.945","50.835","20.7","BUSHEHR, IR","    0",",,S",,,"  110",",,S","  126","H,,S"
"IRM00040858","2012-03-19","28.945","50.835","20.7","BUSHEHR, IR","    0",",,S",,,,,"  135","H,,S"
"IRM00040858","2012-03-20","28.945","50.835","20.7","BUSHEHR, IR","    0",",,S","  210",",,S",,,"  154","H,,S"
"IRM00040858","2012-03-21","28.945","50.835","20.7","BUSHEHR, IR","    0",",,S","  236",",,S","  115",",,S","  162","H,,S"
"IRM00040858","2012-03-22","28.945","50.835","20.7","BUSHEHR, IR","    0",",,S","  205",",,S","  110",",,S","  170","H,,S"
"IRM00040858","2012-03-23","28.945","50.835","20.7","BUSHEHR, IR","    0",",,S","  236",",,S","  150",",,S","  188","H,,S"
"IRM00040858","2012-03-24","28.945","50.835","20.7","BUSHEHR, IR","    0",",,S","  226",",,S",,,"  189","H,,S"
"IRM00040858","2012-03-25","28.945","50.835","20.7","BUSHEHR, IR","    0",",,S","  236",",,S",,,"  192","H,,S"
"IRM00040858","2012-03-26","28.945","50.835","20.7","BUSHEHR, IR","    0",",,S","  216",",,S",,,"  187","H,,S"
"IRM00040858","2012-03-27","28.945","50.835","20.7","BUSHEHR, IR","    8",",,S","  260",",,S","  145",",,S","  209","H,,S"
"IRM00040858","2012-03-28","28.945","50.835","20.7","BUSHEHR, IR","   20",",,S","  280",",,S","  196",",,S","  236","H,,S"
"IRM00040858","2012-03-29","28.945","50.835","20.7","BUSHEHR, IR","    5",",,S",,,"  195",",,S","  237","H,,S"
"IRM00040858","2012-03-30","28.945","50.835","20.7","BUSHEHR, IR","    5",",,S","  290",",,S",,,"  231","H,,S"
"IRM00040858","2012-03-31","28.945","50.835","20.7","BUSHEHR, IR","   25",",,S","  246",",,S","  180",",,S","  201","H,,S"
"IRM00040858","2012-04-01","28.945","50.835","20.7","BUSHEHR, IR","    0",",,S","  250",",,S",,,"  197","H,,S"
"IRM00040858","2012-04-02","28.945","50.835","20.7","BUSHEHR, IR","    0",",,S","  262",",,S",,,"  213","H,,S"
"IRM00040858","2012-04-03","28.945","50.835","20.7","BUSHEHR, IR","    0",",,S","  310",",,S",,,"  244","H,,S"
"IRM00040858","2012-04-04","28.945","50.835","20.7","BUSHEHR, IR","    3",",,S","  324",",,S",,,"  264","H,,S"
"IRM00040858","2012-04-05","28.945","50.835","20.7","BUSHEHR, IR","    0",",,S","  320",",,S","  200",",,S","  251","H,,S"
"IRM00040858","2012-04-06","28.945","50.835","20.7","BUSHEHR, IR","    0",",,S",,,,,"  241","H,,S"
"IRM00040858","2012-04-07","28.945","50.835","20.7","BUSHEHR, IR","    0",",,S","  274",",,S",,,"  231","H,,S"
"IRM00040858","2012-04-08","28.945","50.835","20.7","BUSHEHR, IR","    0",",,S","  298",",,S",,,"  233","H,,S"
"IRM00040858","2012-04-09","28.945","50.835","20.7","BUSHEHR, IR","    0",",,S","  292",",,S","  166",",,S","  233","H,,S"
"IRM00040858","2012-04-10","28.945","50.835","20.7","BUSHEHR, IR","    0",",,S","  332",",,S","  182",",,S","  262","H,,S"
"IRM00040858","2012-04-11","28.945","50.835","20.7","BUSHEHR, IR","    0",",,S","  320",",,S","  210",",,S","  256","H,,S"
"IRM00040858","2012-04-12","28.945","50.835","20.7","BUSHEHR, IR","    0",",,S","  320",",,S",,,"  237","H,,S"
"IRM00040858","2012-04-13","28.945","50.835","20.7","BUSHEHR, IR","   10",",,S","  254",",,S","  206",",,S","  229","H,,S"
"IRM00040858","2012-04-14","28.945","50.835","20.7","BUSHEHR, IR","    0",",,S","  270",",,S",,,"  223","H,,S"
"IRM00040858","2012-04-15","28.945","50.835","20.7","BUSHEHR, IR","    0",",,S","  260",",,S","  180",",,S","  227","H,,S"
"IRM00040858","2012-04-16","28.945","50.835","20.7","BUSHEHR, IR","    0",",,S",,,"  190",",,S","  241","H,,S"
"IRM00040858","2012-04-17","28.945","50.835","20.7","BUSHEHR, IR","    0",",,S","  304",",,S","  200",",,S","  246","H,,S"
"IRM00040858","2012-04-18","28.945","50.835","20.7","BUSHEHR, IR","    0",",,S","  272",",,S","  210",",,S","  240","H,,S"
"IRM00040858","2012-04-19","28.945","50.835","20.7","BUSHEHR, IR","    0",",,S","  280",",,S",,,"  243","H,,S"
"IRM00040858","2012-04-20","28.945","50.835","20.7","BUSHEHR, IR","    0",",,S","  282",",,S",,,"  235","H,,S"
"IRM00040858","2012-04-21","28.945","50.835","20.7","BUSHEHR, IR","    0",",,S","  278",",,S","  204",",,S","  239","H,,S"
"IRM00040858","2012-04-22","28.945","50.835","20.7","BUSHEHR, IR","    0",",,S","  278",",,S",,,"  242","H,,S"
"IRM00040858","2012-04-23","28.945","50.835","20.7","BUSHEHR, IR","    0",",,S",,,,,"  239","H,,S"
"IRM00040858","2012-04-24","28.945","50.835","20.7","BUSHEHR, IR","    0",",,S","  294",",,S","  195",",,S","  246","H,,S"
"IRM00040858","2012-04-25","28.945","50.835","20.7","BUSHEHR, IR","    0",",,S","  302",",,S","  186",",,S","  253","H,,S"
"IRM00040858","2012-04-26","28.945","50.835","20.7","BUSHEHR, IR","    0",",,S",,,"  188",",,S","  257","H,,S"
"IRM00040858","2012-04-27","28.945","50.835","20.7","BUSHEHR, IR","    0",",,S","  344",",,S","  190",",,S","  270","H,,S"
"IRM00040858","2012-04-28","28.945","50.835","20.7","BUSHEHR, IR","    0",",,S","  370",",,S","  225",",,S","  297","H,,S"
"IRM00040858","2012-04-29","28.945","50.835","20.7","BUSHEHR, IR","    0",",,S","  382",",,S","  270",",,S","  322","H,,S"
"IRM00040858","2012-04-30","28.945","50.835","20.7","BUSHEHR, IR","    0",",,S","  358",",,S",,,"  312","H,,S"
"IRM00040858","2012-05-01","28.945","50.835","20.7","BUSHEHR, IR","    0",",,S","  376",",,S","  270",",,S","  312","H,,S"
"IRM00040858","2012-05-02","28.945","50.835","20.7","BUSHEHR, IR","    0",",,S","  384",",,S","  250",",,S","  325","H,,S"
"IRM00040858","2012-05-03","28.945","50.835","20.7","BUSHEHR, IR","    0",",,S","  424",",,S","  264",",,S","  336","H,,S"
"IRM00040858","2012-05-04","28.945","50.835","20.7","BUSHEHR, IR","    0",",,S","  392",",,S","  276",",,S","  333","H,,S"
"IRM00040858","2012-05-05","28.945","50.835","20.7","BUSHEHR, IR","    0",",,S","  350",",,S",,,"  304","H,,S"
"IRM00040858","2012-05-06","28.945","50.835","20.7","BUSHEHR, IR","    0",",,S","  344",",,S","  260",",,S","  304","H,,S"
"IRM00040858","2012-05-07","28.945","50.835","20.7","BUSHEHR, IR","    0",",,S","  342",",,S","  286",",,S","  309","H,,S"
"IRM00040858","2012-05-08","28.945","50.835","20.7","BUSHEHR, IR","    0",",,S","  354",",,S","  280",",,S","  313","H,,S"
"IRM00040858","2012-05-09","28.945","50.835","20.7","BUSHEHR, IR","    0",",,S","  390",",,S","  266",",,S","  321","H,,S"
"IRM00040858","2012-05-10","28.945","50.835","20.7","BUSHEHR, IR","    0",",,S","  378",",,S",,,"  317","H,,S"
"IRM00040858","2012-05-11","28.945","50.835","20.7","BUSHEHR, IR","    0",",,S","  392",",,S","  170",",,S","  324","H,,S"
"IRM00040858","2012-05-12","28.945","50.835","20.7","BUSHEHR, IR","    0",",,S","  376",",,S","  266",",,S","  316","H,,S"
"IRM00040858","2012-05-13","28.945","50.835","20.7","BUSHEHR, IR","    0",",,S","  390",",,S","  260",",,S","  321","H,,S"
"IRM00040858","2012-05-14","28.945","50.835","20.7","BUSHEHR, IR","    0",",,S",,,"  285",",,S","  322","H,,S"
"IRM00040858","2012-05-15","28.945","50.835","20.7","BUSHEHR, IR","    0",",,S","  342",",,S",,,"  307","H,,S"
"IRM00040858","2012-05-16","28.945","50.835","20.7","BUSHEHR, IR","    0",",,S","  346",",,S","  280",",,S","  311","H,,S"
"IRM00040858","2012-05-17","28.945","50.835","20.7","BUSHEHR, IR","    0",",,S","  340",",,S","  270",",,S","  310","H,,S"
"IRM00040858","2012-05-18","28.945","50.835","20.7","BUSHEHR, IR","    0",",,S",,,,,"  342","H,,S"
"IRM00040858","2012-05-19","28.945","50.835","20.7","BUSHEHR, IR","    0",",,S","  394",",,S",,,"  322","H,,S"
"IRM00040858","2012-05-20","28.945","50.835","20.7","BUSHEHR, IR","    0",",,S",,,"  260",",,S","  316","H,,S"
"IRM00040858","2012-05-21","28.945","50.835","20.7","BUSHEHR, IR","    0",",,S","  370",",,S","  288",",,S","  329","H,,S"
"IRM00040858","2012-05-22","28.945","50.835","20.7","BUSHEHR, IR","    0",",,S","  422",",,S","  290",",,S","  341","H,,S"
"IRM00040858","2012-05-23","28.945","50.835","20.7","BUSHEHR, IR","    0",",,S","  322",",,S","  268",",,S","  295","H,,S"
"IRM00040858","2012-05-24","28.945","50.835","20.7","BUSHEHR, IR","    0",",,S","  324",",,S","  266",",,S","  288","H,,S"
"IRM00040858","2012-05-25","28.945","50.835","20.7","BUSHEHR, IR","    0",",,S","  320",",,S","  266",",,S","  296","H,,S"
"IRM00040858","2012-05-26","28.945","50.835","20.7","BUSHEHR, IR","    0",",,S","  346",",,S",,,"  309","H,,S"
"IRM00040858","2012-05-27","28.945","50.835","20.7","BUSHEHR, IR","    0",",,S","  358",",,S","  282",",,S","  316","H,,S"
"IRM00040858","2012-05-28","28.945","50.835","20.7","BUSHEHR, IR","    0",",,S","  335",",,S","  290",",,S","  306","H,,S"
"IRM00040858","2012-05-29","28.945","50.835","20.7","BUSHEHR, IR","    0",",,S","  330",",,S",,,"  296","H,,S"
"IRM00040858","2012-05-30","28.945","50.835","20.7","BUSHEHR, IR","    0",",,S","  330",",,S","  265",",,S","  300","H,,S"
"IRM00040858","2012-05-31","28.945","50.835","20.7","BUSHEHR, IR","    0",",,S",,,,,"  317","H,,S"
"IRM00040858","2012-06-01","28.945","50.835","20.7","BUSHEHR, IR","    0",",,S","  336",",,S",,,"  309","H,,S"
"IRM00040858","2012-06-02","28.945","50.835","20.7","BUSHEHR, IR","    0",",,S",,,,,"  304","H,,S"
"IRM00040858","2012-06-03","28.945","50.835","20.7","BUSHEHR, IR","    0",",,S","  316",",,S","  260",",,S","  287","H,,S"
"IRM00040858","2012-06-04","28.945","50.835","20.7","BUSHEHR, IR","    0",",,S","  316",",,S",,,"  282","H,,S"
"IRM00040858","2012-06-05","28.945","50.835","20.7","BUSHEHR, IR","    0",",,S","  334",",,S",,,"  288","H,,S"
"IRM00040858","2012-06-06","28.945","50.835","20.7","BUSHEHR, IR","    0",",,S","  336",",,S","  242",",,S","  297","H,,S"
"IRM00040858","2012-06-07","28.945","50.835","20.7","BUSHEHR, IR","    0",",,S",,,,,"  300","H,,S"
"IRM00040858","2012-06-08","28.945","50.835","20.7","BUSHEHR, IR","    0",",,S","  340",",,S",,,"  295","H,,S"
"IRM00040858","2012-06-09","28.945","50.835","20.7","BUSHEHR, IR","    0",",,S","  352",",,S","  240",",,S","  301","H,,S"
"IRM00040858","2012-06-10","28.945","50.835","20.7","BUSHEHR, IR","    0",",,S","  346",",,S","  260",",,S","  307","H,,S"
"IRM00040858","2012-06-11","28.945","50.835","20.7","BUSHEHR, IR","    0",",,S","  346",",,S",,,"  306","H,,S"
"IRM00040858","2012-06-12","28.945","50.835","20.7","BUSHEHR, IR","    0",",,S","  346",",,S","  256",",,S","  308","H,,S"
"IRM00040858","2012-06-13","28.945","50.835","20.7","BUSHEHR, IR","    0",",,S","  376",",,S","  242",",,S","  314","H,,S"
"IRM00040858","2012-06-14","28.945","50.835","20.7","BUSHEHR, IR","    0",",,S","  390",",,S","  246",",,S","  327","H,,S"
"IRM00040858","2012-06-15","28.945","50.835","20.7","BUSHEHR, IR","    0",",,S","  394",",,S","  260",",,S","  332","H,,S"
"IRM00040858","2012-06-16","28.945","50.835","20.7","BUSHEHR, IR","    0",",,S","  366",",,S","  280",",,S","  331","H,,S"
"IRM00040858","2012-06-17","28.945","50.835","20.7","BUSHEHR, IR","    0",",,S","  415",",,S","  258",",,S","  342","H,,S"
"IRM00040858","2012-06-18","28.945","50.835","20.7","BUSHEHR, IR","    0",",,S","  390",",,S","  264",",,S","  332","H,,S"
"IRM00040858","2012-06-19","28.945","50.835","20.7","BUSHEHR, IR","    0",",,S","  362",",,S","  260",",,S","  329","H,,S"
"IRM00040858","2012-06-20","28.945","50.835","20.7","BUSHEHR, IR","    0",",,S","  370",",,S","  280",",,S","  324","H,,S"
"IRM00040858","2012-06-21","28.945","50.835","20.7","BUSHEHR, IR","    0",",,S","  392",",,S","  260",",,S","  331","H,,S"
"IRM00040858","2012-06-22","28.945","50.835","20.7","BUSHEHR, IR","    0",",,S",,,"  298",",,S","  342","H,,S"
"IRM00040858","2012-06-23","28.945","50.835","20.7","BUSHEHR, IR","    0",",,S","  372",",,S","  280",",,S","  339","H,,S"
"IRM00040858","2012-06-24","28.945","50.835","20.7","BUSHEHR, IR","    0",",,S","  366",",,S",,,"  343","H,,S"
"IRM00040858","2012-06-25","28.945","50.835","20.7","BUSHEHR, IR","    0",",,S","  358",",,S",,,"  319","H,,S"
"IRM00040858","2012-06-26","28.945","50.835","20.7","BUSHEHR, IR","    0",",,S","  364",",,S","  236",",,S","  328","H,,S"
"IRM00040858","2012-06-27","28.945","50.835","20.7","BUSHEHR, IR","    0",",,S","  364",",,S",,,"  321","H,,S"
"IRM00040858","2012-06-28","28.945","50.835","20.7","BUSHEHR, IR","    0",",,S",,,"  278",",,S","  324","H,,S"
"IRM00040858","2012-06-29","28.945","50.835","20.7","BUSHEHR, IR","    0",",,S","  372",",,S","  254",",,S","  329","H,,S"
"IRM00040858","2012-06-30","28.945","50.835","20.7","BUSHEHR, IR","    0",",,S","  380",",,S","  266",",,S","  328","H,,S"
"IRM00040858","2012-07-01","28.945","50.835","20.7","BUSHEHR, IR","    0",",,S","  370",",,S","  250",",,S","  332","H,,S"
"IRM00040858","2012-07-02","28.945","50.835","20.7","BUSHEHR, IR","    0",",,S","  390",",,S","  280",",,S","  344","H,,S"
"IRM00040858","2012-07-03","28.945","50.835","20.7","BUSHEHR, IR","    0",",,S","  400",",,S","  300",",,S","  363","H,,S"
"IRM00040858","2012-07-04","28.945","50.835","20.7","BUSHEHR, IR","    0",",,S","  376",",,S","  318",",,S","  351","H,,S"
"IRM00040858","2012-07-05","28.945","50.835","20.7","BUSHEHR, IR","    0",",,S","  350",",,S",,,"  328","H,,S"
"IRM00040858","2012-07-06","28.945","50.835","20.7","BUSHEHR, IR","    0",",,S","  346",",,S",,,"  316","H,,S"
"IRM00040858","2012-07-07","28.945","50.835","20.7","BUSHEHR, IR","    0",",,S","  346",",,S","  274",",,S","  317","H,,S"
"IRM00040858","2012-07-08","28.945","50.835","20.7","BUSHEHR, IR","    0",",,S","  350",",,S",,,"  314","H,,S"
"IRM00040858","2012-07-09","28.945","50.835","20.7","BUSHEHR, IR","    0",",,S","  380",",,S","  255",",,S","  316","H,,S"
"IRM00040858","2012-07-10","28.945","50.835","20.7","BUSHEHR, IR","    0",",,S","  382",",,S",,,"  326","H,,S"
"IRM00040858","2012-07-11","28.945","50.835","20.7","BUSHEHR, IR","    0",",,S","  362",",,S","  290",",,S","  327","H,,S"
"IRM00040858","2012-07-12","28.945","50.835","20.7","BUSHEHR, IR","    0",",,S","  380",",,S",,,"  324","H,,S"
"IRM00040858","2012-07-13","28.945","50.835","20.7","BUSHEHR, IR","    0",",,S","  386",",,S",,,"  328","H,,S"
"IRM00040858","2012-07-14","28.945","50.835","20.7","BUSHEHR, IR","    0",",,S","  366",",,S","  280",",,S","  328","H,,S"
"IRM00040858","2012-07-15","28.945","50.835","20.7","BUSHEHR, IR","    0",",,S",,,,,"  337","H,,S"
"IRM00040858","2012-07-16","28.945","50.835","20.7","BUSHEHR, IR","    0",",,S","  370",",,S",,,"  333","H,,S"
"IRM00040858","2012-07-17","28.945","50.835","20.7","BUSHEHR, IR","    0",",,S","  390",",,S",,,"  340","H,,S"
"IRM00040858","2012-07-18","28.945","50.835","20.7","BUSHEHR, IR","    0",",,S","  392",",,S",,,"  345","H,,S"
"IRM00040858","2012-07-19","28.945","50.835","20.7","BUSHEHR, IR","    0",",,S","  384",",,S","  280",",,S","  338","H,,S"
"IRM00040858","2012-07-20","28.945","50.835","20.7","BUSHEHR, IR","    0",",,S","  412",",,S",,,"  355","H,,S"
"IRM00040858","2012-07-21","28.945","50.835","20.7","BUSHEHR, IR","    0",",,S","  406",",,S","  290",",,S","  348","H,,S"
"IRM00040858","2012-07-22","28.945","50.835","20.7","BUSHEHR, IR","    0",",,S","  434",",,S","  300",",,S","  353","H,,S"
"IRM00040858","2012-07-23","28.945","50.835","20.7","BUSHEHR, IR","    0",",,S","  402",",,S","  286",",,S","  358","H,,S"
"IRM00040858","2012-07-24","28.945","50.835","20.7","BUSHEHR, IR","    0",",,S","  458",",,S",,,"  379","H,,S"
"IRM00040858","2012-07-25","28.945","50.835","20.7","BUSHEHR, IR","    0",",,S","  420",",,S","  290",",,S","  361","H,,S"
"IRM00040858","2012-07-26","28.945","50.835","20.7","BUSHEHR, IR","    0",",,S","  452",",,S","  300",",,S","  380","H,,S"
"IRM00040858","2012-07-27","28.945","50.835","20.7","BUSHEHR, IR","    0",",,S","  422",",,S",,,"  369","H,,S"
"IRM00040858","2012-07-28","28.945","50.835","20.7","BUSHEHR, IR","    0",",,S","  392",",,S","  308",",,S","  351","H,,S"
"IRM00040858","2012-07-29","28.945","50.835","20.7","BUSHEHR, IR","    0",",,S","  400",",,S","  298",",,S","  354","H,,S"
"IRM00040858","2012-07-30","28.945","50.835","20.7","BUSHEHR, IR","    0",",,S","  384",",,S","  298",",,S","  347","H,,S"
"IRM00040858","2012-07-31","28.945","50.835","20.7","BUSHEHR, IR","    0",",,S","  400",",,S","  316",",,S","  361","H,,S"
"IRM00040858","2012-08-01","28.945","50.835","20.7","BUSHEHR, IR","    0",",,S","  400",",,S",,,"  362","H,,S"
"IRM00040858","2012-08-02","28.945","50.835","20.7","BUSHEHR, IR","    0",",,S","  414",",,S","  330",",,S","  361","H,,S"
"IRM00040858","2012-08-03","28.945","50.835","20.7","BUSHEHR, IR","    0",",,S","  394",",,S",,,"  362","H,,S"
"IRM00040858","2012-08-04","28.945","50.835","20.7","BUSHEHR, IR","    0",",,S","  404",",,S","  314",",,S","  363","H,,S"
"IRM00040858","2012-08-05","28.945","50.835","20.7","BUSHEHR, IR","    0",",,S","  460",",,S","  304",",,S","  367","H,,S"
"IRM00040858","2012-08-06","28.945","50.835","20.7","BUSHEHR, IR","    0",",,S","  394",",,S",,,"  354","H,,S"
"IRM00040858","2012-08-07","28.945","50.835","20.7","BUSHEHR, IR","    0",",,S","  392",",,S",,,"  345","H,,S"
"IRM00040858","2012-08-08","28.945","50.835","20.7","BUSHEHR, IR","    0",",,S","  386",",,S","  304",",,S","  346","H,,S"
"IRM00040858","2012-08-09","28.945","50.835","20.7","BUSHEHR, IR","    0",",,S","  400",",,S","  292",",,S","  347","H,,S"
"IRM00040858","2012-08-10","28.945","50.835","20.7","BUSHEHR, IR","    0",",,S","  394",",,S",,,"  360","H,,S"
"IRM00040858","2012-08-11","28.945","50.835","20.7","BUSHEHR, IR","    0",",,S","  408",",,S",,,"  360","H,,S"
"IRM00040858","2012-08-12","28.945","50.835","20.7","BUSHEHR, IR","    0",",,S","  390",",,S","  288",",,S","  344","H,,S"
"IRM00040858","2012-08-13","28.945","50.835","20.7","BUSHEHR, IR","    0",",,S","  386",",,S","  300",",,S","  350","H,,S"
"IRM00040858","2012-08-14","28.945","50.835","20.7","BUSHEHR, IR",,,"  390",",,S",,,"  351","H,,S"
"IRM00040858","2012-08-15","28.945","50.835","20.7","BUSHEHR, IR","    0",",,S","  380",",,S",,,"  343","H,,S"
"IRM00040858","2012-08-16","28.945","50.835","20.7","BUSHEHR, IR","    0",",,S","  380",",,S",,,"  339","H,,S"
"IRM00040858","2012-08-17","28.945","50.835","20.7","BUSHEHR, IR","    0",",,S","  376",",,S",,,"  338","H,,S"
"IRM00040858","2012-08-18","28.945","50.835","20.7","BUSHEHR, IR","    0",",,S","  380",",,S",,,"  335","H,,S"
"IRM00040858","2012-08-19","28.945","50.835","20.7","BUSHEHR, IR","    0",",,S","  384",",,S","  284",",,S","  349","H,,S"
"IRM00040858","2012-08-20","28.945","50.835","20.7","BUSHEHR, IR","    0",",,S","  386",",,S",,,"  341","H,,S"
"IRM00040858","2012-08-21","28.945","50.835","20.7","BUSHEHR, IR","    0",",,S","  386",",,S","  288",",,S","  342","H,,S"
"IRM00040858","2012-08-22","28.945","50.835","20.7","BUSHEHR, IR","    0",",,S","  398",",,S","  300",",,S","  349","H,,S"
"IRM00040858","2012-08-23","28.945","50.835","20.7","BUSHEHR, IR","    0",",,S","  372",",,S",,,"  340","H,,S"
"IRM00040858","2012-08-24","28.945","50.835","20.7","BUSHEHR, IR","    0",",,S",,,"  298",",,S","  342","H,,S"
"IRM00040858","2012-08-25","28.945","50.835","20.7","BUSHEHR, IR","    0",",,S","  368",",,S",,,"  338","H,,S"
"IRM00040858","2012-08-26","28.945","50.835","20.7","BUSHEHR, IR","    0",",,S",,,"  314",",,S","  342","H,,S"
"IRM00040858","2012-08-27","28.945","50.835","20.7","BUSHEHR, IR","    0",",,S","  402",",,S",,,"  342","H,,S"
"IRM00040858","2012-08-28","28.945","50.835","20.7","BUSHEHR, IR","    0",",,S","  422",",,S",,,"  342","H,,S"
"IRM00040858","2012-08-29","28.945","50.835","20.7","BUSHEHR, IR","    0",",,S",,,,,"  342","H,,S"
"IRM00040858","2012-08-30","28.945","50.835","20.7","BUSHEHR, IR","    0",",,S","  380",",,S","  294",",,S","  339","H,,S"
"IRM00040858","2012-08-31","28.945","50.835","20.7","BUSHEHR, IR","    0",",,S","  396",",,S","  302",",,S","  354","H,,S"
"IRM00040858","2012-09-01","28.945","50.835","20.7","BUSHEHR, IR","    0",",,S","  410",",,S",,,"  362","H,,S"
"IRM00040858","2012-09-02","28.945","50.835","20.7","BUSHEHR, IR","    0",",,S","  374",",,S",,,"  339","H,,S"
"IRM00040858","2012-09-03","28.945","50.835","20.7","BUSHEHR, IR","    0",",,S","  370",",,S","  266",",,S","  326","H,,S"
"IRM00040858","2012-09-04","28.945","50.835","20.7","BUSHEHR, IR","    0",",,S","  384",",,S","  256",",,S","  332","H,,S"
"IRM00040858","2012-09-05","28.945","50.835","20.7","BUSHEHR, IR","    0",",,S","  372",",,S",,,"  324","H,,S"
"IRM00040858","2012-09-06","28.945","50.835","20.7","BUSHEHR, IR","    0",",,S","  372",",,S",,,"  324","H,,S"
"IRM00040858","2012-09-07","28.945","50.835","20.7","BUSHEHR, IR","    0",",,S","  376",",,S",,,"  322","H,,S"
"IRM00040858","2012-09-08","28.945","50.835","20.7","BUSHEHR, IR","    0",",,S","  388",",,S","  280",",,S","  332","H,,S"
"IRM00040858","2012-09-09","28.945","50.835","20.7","BUSHEHR, IR","    0",",,S","  368",",,S",,,"  325","H,,S"
"IRM00040858","2012-09-10","28.945","50.835","20.7","BUSHEHR, IR","    0",",,S","  382",",,S",,,"  327","H,,S"
"IRM00040858","2012-09-11","28.945","50.835","20.7","BUSHEHR, IR","    0",",,S","  386",",,S","  286",",,S","  336","H,,S"
"IRM00040858","2012-09-12","28.945","50.835","20.7","BUSHEHR, IR","    0",",,S","  388",",,S","  306",",,S","  342","H,,S"
"IRM00040858","2012-09-13","28.945","50.835","20.7","BUSHEHR, IR","    0",",,S","  372",",,S",,,"  331","H,,S"
"IRM00040858","2012-09-14","28.945","50.835","20.7","BUSHEHR, IR","    0",",,S","  360",",,S","  260",",,S","  311","H,,S"
"IRM00040858","2012-09-15","28.945","50.835","20.7","BUSHEHR, IR","    0",",,S","  360",",,S",,,"  311","H,,S"
"IRM00040858","2012-09-16","28.945","50.835","20.7","BUSHEHR, IR","    0",",,S","  356",",,S",,,"  314","H,,S"
"IRM00040858","2012-09-17","28.945","50.835","20.7","BUSHEHR, IR","    0",",,S","  362",",,S","  254",",,S","  310","H,,S"
"IRM00040858","2012-09-18","28.945","50.835","20.7","BUSHEHR, IR","    0",",,S","  366",",,S","  254",",,S","  310","H,,S"
"IRM00040858","2012-09-19","28.945","50.835","20.7","BUSHEHR, IR",,,"  376",",,S","  258",",,S","  309","H,,S"
"IRM00040858","2012-09-20","28.945","50.835","20.7","BUSHEHR, IR","    0",",,S","  374",",,S","  270",",,S","  323","H,,S"
"IRM00040858","2012-09-21","28.945","50.835","20.7","BUSHEHR, IR","    0",",,S","  356",",,S",,,"  309","H,,S"
"IRM00040858","2012-09-22","28.945","50.835","20.7","BUSHEHR, IR","    0",",,S","  360",",,S",,,"  310","H,,S"
"IRM00040858","2012-09-23","28.945","50.835","20.7","BUSHEHR, IR","    0",",,S","  356",",,S",,,"  308","H,,S"
"IRM00040858","2012-09-24","28.945","50.835","20.7","BUSHEHR, IR","    0",",,S","  350",",,S","  258",",,S","  321","H,,S"
"IRM00040858","2012-09-25","28.945","50.835","20.7","BUSHEHR, IR","    0",",,S","  354",",,S",,,"  308","H,,S"
"IRM00040858","2012-09-26","28.945","50.835","20.7","BUSHEHR, IR","    0",",,S","  350",",,S","  230",",,S","  302","H,,S"
"IRM00040858","2012-09-27","28.945","50.835","20.7","BUSHEHR, IR","    0",",,S","  350",",,S",,,"  303","H,,S"
"IRM00040858","2012-09-28","28.945","50.835","20.7","BUSHEHR, IR","    0",",,S","  350",",,S",,,"  299","H,,S"
"IRM00040858","2012-09-29","28.945","50.835","20.7","BUSHEHR, IR","    0",",,S","  354",",,S","  230",",,S","  293","H,,S"
"IRM00040858","2012-09-30","28.945","50.835","20.7","BUSHEHR, IR","    0",",,S","  350",",,S","  250",",,S","  299","H,,S"
"IRM00040858","2012-10-01","28.945","50.835","20.7","BUSHEHR, IR","    0",",,S","  356",",,S","  256",",,S","  301","H,,S"
"IRM00040858","2012-10-02","28.945","50.835","20.7","BUSHEHR, IR","    0",",,S","  354",",,S",,,"  300","H,,S"
"IRM00040858","2012-10-03","28.945","50.835","20.7","BUSHEHR, IR","    0",",,S","  358",",,S",,,"  306","H,,S"
"IRM00040858","2012-10-04","28.945","50.835","20.7","BUSHEHR, IR","    0",",,S","  354",",,S","  248",",,S","  297","H,,S"
"IRM00040858","2012-10-05","28.945","50.835","20.7","BUSHEHR, IR","    0",",,S","  344",",,S","  226",",,S","  293","H,,S"
"IRM00040858","2012-10-06","28.945","50.835","20.7","BUSHEHR, IR","    0",",,S",,,"  246",",,S","  297","H,,S"
"IRM00040858","2012-10-07","28.945","50.835","20.7","BUSHEHR, IR","    0",",,S","  348",",,S",,,"  290","H,,S"
"IRM00040858","2012-10-08","28.945","50.835","20.7","BUSHEHR, IR","    0",",,S","  344",",,S","  220",",,S","  286","H,,S"
"IRM00040858","2012-10-09","28.945","50.835","20.7","BUSHEHR, IR","    0",",,S","  356",",,S",,,"  294","H,,S"
"IRM00040858","2012-10-10","28.945","50.835","20.7","BUSHEHR, IR","    0",",,S","  360",",,S",,,"  291","H,,S"
"IRM00040858","2012-10-11","28.945","50.835","20.7","BUSHEHR, IR","    0",",,S",,,"  226",",,S","  297","H,,S"
"IRM00040858","2012-10-12","28.945","50.835","20.7","BUSHEHR, IR","    0",",,S","  346",",,S",,,"  289","H,,S"
"IRM00040858","2012-10-13","28.945","50.835","20.7","BUSHEHR, IR","    0",",,S","  348",",,S","  238",",,S","  306","H,,S"
"IRM00040858","2012-10-14","28.945","50.835","20.7","BUSHEHR, IR","    0",",,S",,,,,"  293","H,,S"
"IRM00040858","2012-10-15","28.945","50.835","20.7","BUSHEHR, IR","    0",",,S","  334",",,S","  210",",,S","  277","H,,S"
"IRM00040858","2012-10-16","28.945","50.835","20.7","BUSHEHR, IR",,,"  330",",,S","  205",",,S","  281","H,,S"
"IRM00040858","2012-10-17","28.945","50.835","20.7","BUSHEHR, IR","    0",",,S","  342",",,S",,,"  289","H,,S"
"IRM00040858","2012-10-18","28.945","50.835","20.7","BUSHEHR, IR","    0",",,S","  334",",,S","  244",",,S","  286","H,,S"
"IRM00040858","2012-10-19","28.945","50.835","20.7","BUSHEHR, IR","    0",",,S","  344",",,S","  258",",,S","  293","H,,S"
"IRM00040858","2012-10-20","28.945","50.835","20.7","BUSHEHR, IR",,,"  336",",,S","  236",",,S","  284","H,,S"
"IRM00040858","2012-10-21","28.945","50.835","20.7","BUSHEHR, IR","   61",",,S","  354",",,S",,,"  286","H,,S"
"IRM00040858","2012-10-22","28.945","50.835","20.7","BUSHEHR, IR","    0",",,S","  336",",,S",,,"  283","H,,S"
"IRM00040858","2012-10-23","28.945","50.835","20.7","BUSHEHR, IR","    0",",,S",,,,,"  283","H,,S"
"IRM00040858","2012-10-24","28.945","50.835","20.7","BUSHEHR, IR","    0",",,S",,,,,"  280","H,,S"
"IRM00040858","2012-10-25","28.945","50.835","20.7","BUSHEHR, IR","    0",",,S","  324",",,S","  230",",,S","  277","H,,S"
"IRM00040858","2012-10-26","28.945","50.835","20.7","BUSHEHR, IR","    0",",,S",,,"  226",",,S","  283","H,,S"
"IRM00040858","2012-10-27","28.945","50.835","20.7","BUSHEHR, IR","    0",",,S","  340",",,S",,,"  291","H,,S"
"IRM00040858","2012-10-28","28.945","50.835","20.7","BUSHEHR, IR","    0",",,S",,,"  250",",,S","  291","H,,S"
"IRM00040858","2012-10-29","28.945","50.835","20.7","BUSHEHR, IR","    5",",,S","  304",",,S",,,"  267","H,,S"
"IRM00040858","2012-10-30","28.945","50.835","20.7","BUSHEHR, IR","    0",",,S","  296",",,S",,,"  253","H,,S"
"IRM00040858","2012-10-31","28.945","50.835","20.7","BUSHEHR, IR","    0",",,S","  296",",,S",,,"  256","H,,S"
"IRM00040858","2012-11-01","28.945","50.835","20.7","BUSHEHR, IR","    0",",,S","  296",",,S","  200",",,S","  254","H,,S"
"IRM00040858","2012-11-02","28.945","50.835","20.7","BUSHEHR, IR","    0",",,S","  302",",,S",,,"  244","H,,S"
"IRM00040858","2012-11-03","28.945","50.835","20.7","BUSHEHR, IR","    0",",,S","  304",",,S","  188",",,S","  253","H,,S"
"IRM00040858","2012-11-04","28.945","50.835","20.7","BUSHEHR, IR","    0",",,S","  304",",,S",,,"  255","H,,S"
"IRM00040858","2012-11-05","28.945","50.835","20.7","BUSHEHR, IR","    0",",,S","  300",",,S",,,"  261","H,,S"
"IRM00040858","2012-11-06","28.945","50.835","20.7","BUSHEHR, IR","    0",",,S","  304",",,S",,,"  259","H,,S"
"IRM00040858","2012-11-07","28.945","50.835","20.7","BUSHEHR, IR","    0",",,S","  304",",,S","  186",",,S","  251","H,,S"
"IRM00040858","2012-11-08","28.945","50.835","20.7","BUSHEHR, IR","    0",",,S","  300",",,S","  190",",,S","  250","H,,S"
"IRM00040858","2012-11-09","28.945","50.835","20.7","BUSHEHR, IR","    0",",,S","  310",",,S",,,"  252","H,,S"
"IRM00040858","2012-11-10","28.945","50.835","20.7","BUSHEHR, IR","    0",",,S","  302",",,S",,,"  251","H,,S"
"IRM00040858","2012-11-11","28.945","50.835","20.7","BUSHEHR, IR","    0",",,S","  310",",,S","  190",",,S","  251","H,,S"
"IRM00040858","2012-11-12","28.945","50.835","20.7","BUSHEHR, IR","    0",",,S","  300",",,S",,,"  255","H,,S"
"IRM00040858","2012-11-13","28.945","50.835","20.7","BUSHEHR, IR","    0",",,S","  334",",,S","  220",",,S","  273","H,,S"
"IRM00040858","2012-11-14","28.945","50.835","20.7","BUSHEHR, IR","    0",",,S","  266",",,S",,,"  238","H,,S"
"IRM00040858","2012-11-15","28.945","50.835","20.7","BUSHEHR, IR","  107",",,S","  252",",,S",,,"  231","H,,S"
"IRM00040858","2012-11-16","28.945","50.835","20.7","BUSHEHR, IR","    0",",,S",,,,,"  216","H,,S"
"IRM00040858","2012-11-17","28.945","50.835","20.7","BUSHEHR, IR","    0",",,S","  254",",,S","  170",",,S","  215","H,,S"
"IRM00040858","2012-11-18","28.945","50.835","20.7","BUSHEHR, IR","    0",",,S","  260",",,S","  156",",,S","  213","H,,S"
"IRM00040858","2012-11-19","28.945","50.835","20.7","BUSHEHR, IR","    0",",,S",,,,,"  210","H,,S"
"IRM00040858","2012-11-20","28.945","50.835","20.7","BUSHEHR, IR","  234",",,S","  230",",,S","  164",",,S","  197","H,,S"
"IRM00040858","2012-11-21","28.945","50.835","20.7","BUSHEHR, IR","  226",",,S","  250",",,S","  178",",,S","  208","H,,S"
"IRM00040858","2012-11-22","28.945","50.835","20.7","BUSHEHR, IR","    0",",,S","  232",",,S",,,"  200","H,,S"
"IRM00040858","2012-11-23","28.945","50.835","20.7","BUSHEHR, IR","    0",",,S",,,"  170",",,S","  212","H,,S"
"IRM00040858","2012-11-24","28.945","50.835","20.7","BUSHEHR, IR","  290",",,S","  246",",,S",,,"  195","H,,S"
"IRM00040858","2012-11-25","28.945","50.835","20.7","BUSHEHR, IR","    0",",,S","  260",",,S",,,"  212","H,,S"
"IRM00040858","2012-11-26","28.945","50.835","20.7","BUSHEHR, IR",,,,,"  180",",,S","  204","H,,S"
"IRM00040858","2012-11-27","28.945","50.835","20.7","BUSHEHR, IR","    5","D,,S","  214",",,S",,,"  188","H,,S"
"IRM00040858","2012-11-28","28.945","50.835","20.7","BUSHEHR, IR","    0",",,S",,,"  146",",,S","  169","H,,S"
"IRM00040858","2012-11-29","28.945","50.835","20.7","BUSHEHR, IR","    0",",,S","  200",",,S",,,"  164","H,,S"
"IRM00040858","2012-11-30","28.945","50.835","20.7","BUSHEHR, IR","    0",",,S","  220",",,S",,,"  191","H,,S"
"IRM00040858","2012-12-01","28.945","50.835","20.7","BUSHEHR, IR","    0",",,S",,,,,"  192","H,,S"
"IRM00040858","2012-12-02","28.945","50.835","20.7","BUSHEHR, IR","    0",",,S","  214",",,S",,,"  177","H,,S"
"IRM00040858","2012-12-03","28.945","50.835","20.7","BUSHEHR, IR","    0",",,S",,,"  140",",,S","  176","H,,S"
"IRM00040858","2012-12-04","28.945","50.835","20.7","BUSHEHR, IR","    0",",,S","  220",",,S",,,"  187","H,,S"
"IRM00040858","2012-12-05","28.945","50.835","20.7","BUSHEHR, IR","    0",",,S","  244",",,S",,,"  209","H,,S"
"IRM00040858","2012-12-06","28.945","50.835","20.7","BUSHEHR, IR","   41","D,,S","  246",",,S",,,"  208","H,,S"
"IRM00040858","2012-12-07","28.945","50.835","20.7","BUSHEHR, IR","    0",",,S","  226",",,S","  160",",,S","  193","H,,S"
"IRM00040858","2012-12-08","28.945","50.835","20.7","BUSHEHR, IR","    0",",,S","  254",",,S","  160",",,S","  204","H,,S"
"IRM00040858","2012-12-09","28.945","50.835","20.7","BUSHEHR, IR","    3",",,S",,,,,"  204","H,,S"
"IRM00040858","2012-12-10","28.945","50.835","20.7","BUSHEHR, IR","    0",",,S","  240",",,S",,,"  199","H,,S"
"IRM00040858","2012-12-11","28.945","50.835","20.7","BUSHEHR, IR","   30",",,S","  264",",,S","  180",",,S","  223","H,,S"
"IRM00040858","2012-12-12","28.945","50.835","20.7","BUSHEHR, IR","    3",",,S","  212",",,S",,,"  183","H,,S"
"IRM00040858","2012-12-13","28.945","50.835","20.7","BUSHEHR, IR","    0",",,S","  196",",,S","  144",",,S","  166","H,,S"
"IRM00040858","2012-12-14","28.945","50.835","20.7","BUSHEHR, IR","    0",",,S","  192",",,S",,,"  162","H,,S"
"IRM00040858","2012-12-15","28.945","50.835","20.7","BUSHEHR, IR","    0",",,S","  182",",,S",,,"  154","H,,S"
"IRM00040858","2012-12-16","28.945","50.835","20.7","BUSHEHR, IR","    0",",,S",,,,,"  145","H,,S"
"IRM00040858","2012-12-17","28.945","50.835","20.7","BUSHEHR, IR","    0",",,S",,,"   96",",,S","  153","H,,S"
"IRM00040858","2012-12-18","28.945","50.835","20.7","BUSHEHR, IR","    0",",,S",,,,,"  154","H,,S"
"IRM00040858","2012-12-19","28.945","50.835","20.7","BUSHEHR, IR","    0","D,,S","  210",",,S","  140",",,S","  168","H,,S"
"IRM00040858","2012-12-20","28.945","50.835","20.7","BUSHEHR, IR","   25","D,,S",,,"  130",",,S","  164","H,,S"
"IRM00040858","2012-12-21","28.945","50.835","20.7","BUSHEHR, IR","    0","D,,S","  252",",,S",,,"  192","H,,S"
"IRM00040858","2012-12-22","28.945","50.835","20.7","BUSHEHR, IR","    0",",,S","  200",",,S",,,"  182","H,,S"
"IRM00040858","2012-12-23","28.945","50.835","20.7","BUSHEHR, IR","   20",",,S","  216",",,S","  160",",,S","  184","H,,S"
"IRM00040858","2012-12-24","28.945","50.835","20.7","BUSHEHR, IR","    0",",,S","  216",",,S",,,"  183","H,,S"
"IRM00040858","2012-12-25","28.945","50.835","20.7","BUSHEHR, IR","    0",",,S",,,"  150",",,S","  196","H,,S"
"IRM00040858","2012-12-26","28.945","50.835","20.7","BUSHEHR, IR","   81",",,S","  210",",,S",,,"  176","H,,S"
"IRM00040858","2012-12-27","28.945","50.835","20.7","BUSHEHR, IR","   13",",,S","  192",",,S","  140",",,S","  167","H,,S"
"IRM00040858","2012-12-28","28.945","50.835","20.7","BUSHEHR, IR","    0",",,S","  204",",,S",,,"  166","H,,S"
"IRM00040858","2012-12-29","28.945","50.835","20.7","BUSHEHR, IR","    0",",,S","  196",",,S",,,"  158","H,,S"
"IRM00040858","2012-12-30","28.945","50.835","20.7","BUSHEHR, IR","    0","D,,S","  190",",,S","  106",",,S","  157","H,,S"
"IRM00040858","2012-12-31","28.945","50.835","20.7","BUSHEHR, IR","    0",",,S","  200",",,S",,,"  161","H,,S"
"IRM00040858","2013-01-01","28.945","50.835","20.7","BUSHEHR, IR","    0",",,S","  206",",,S",,,"  164","H,,S"
"IRM00040858","2013-01-02","28.945","50.835","20.7","BUSHEHR, IR","    0",",,S","  214",",,S",,,"  170","H,,S"
"IRM00040858","2013-01-03","28.945","50.835","20.7","BUSHEHR, IR","    0",",,S","  200",",,S","  130",",,S","  178","H,,S"
"IRM00040858","2013-01-04","28.945","50.835","20.7","BUSHEHR, IR","    0",",,S","  184",",,S",,,"  156","H,,S"
"IRM00040858","2013-01-05","28.945","50.835","20.7","BUSHEHR, IR","    0",",,S","  206",",,S","   96",",,S","  157","H,,S"
"IRM00040858","2013-01-06","28.945","50.835","20.7","BUSHEHR, IR","    0",",,S","  244",",,S",,,"  195","H,,S"
"IRM00040858","2013-01-07","28.945","50.835","20.7","BUSHEHR, IR","    5",",,S","  240",",,S",,,"  205","H,,S"
"IRM00040858","2013-01-08","28.945","50.835","20.7","BUSHEHR, IR","    0",",,S","  204",",,S",,,"  181","H,,S"
"IRM00040858","2013-01-09","28.945","50.835","20.7","BUSHEHR, IR","    0",",,S","  232",",,S","  122",",,S","  186","H,,S"
"IRM00040858","2013-01-10","28.945","50.835","20.7","BUSHEHR, IR","    0",",,S","  222",",,S",,,"  172","H,,S"
"IRM00040858","2013-01-11","28.945","50.835","20.7","BUSHEHR, IR","    0",",,S",,,,,"  115","H,,S"
"IRM00040858","2013-01-12","28.945","50.835","20.7","BUSHEHR, IR","    0",",,S","  142",",,S","   80",",,S","  112","H,,S"
"IRM00040858","2013-01-13","28.945","50.835","20.7","BUSHEHR, IR","    0",",,S","  152",",,S",,,"  113","H,,S"
"IRM00040858","2013-01-14","28.945","50.835","20.7","BUSHEHR, IR","    0",",,S","  156",",,S","   90",",,S","  123","H,,S"
"IRM00040858","2013-01-15","28.945","50.835","20.7","BUSHEHR, IR","    0",",,S","  150",",,S",,,"  118","H,,S"
"IRM00040858","2013-01-16","28.945","50.835","20.7","BUSHEHR, IR","    0",",,S","  174",",,S",,,"  118","H,,S"
"IRM00040858","2013-01-17","28.945","50.835","20.7","BUSHEHR, IR","    0",",,S","  216",",,S","   50",",,S","  141","H,,S"
"IRM00040858","2013-01-18","28.945","50.835","20.7","BUSHEHR, IR","    0",",,S","  180",",,S",,,"  134","H,,S"
"IRM00040858","2013-01-19","28.945","50.835","20.7","BUSHEHR, IR","    0",",,S",,,"   70",",,S","  134","H,,S"
"IRM00040858","2013-01-20","28.945","50.835","20.7","BUSHEHR, IR","    0",",,S","  216",",,S",,,"  156","H,,S"
"IRM00040858","2013-01-21","28.945","50.835","20.7","BUSHEHR, IR","    0",",,S","  208",",,S",,,"  163","H,,S"
"IRM00040858","2013-01-22","28.945","50.835","20.7","BUSHEHR, IR","    0",",,S","  200",",,S",,,"  154","H,,S"
"IRM00040858","2013-01-23","28.945","50.835","20.7","BUSHEHR, IR","    0",",,S","  202",",,S",,,"  154","H,,S"
"IRM00040858","2013-01-24","28.945","50.835","20.7","BUSHEHR, IR","    0",",,S","  260",",,S","  120",",,S","  184","H,,S"
"IRM00040858","2013-01-25","28.945","50.835","20.7","BUSHEHR, IR","    0",",,S","  244",",,S",,,"  197","H,,S"
"IRM00040858","2013-01-26","28.945","50.835","20.7","BUSHEHR, IR","    0",",,S","  250",",,S","  170",",,S","  200","H,,S"
"IRM00040858","2013-01-27","28.945","50.835","20.7","BUSHEHR, IR","    0",",,S","  262",",,S",,,"  208","H,,S"
"IRM00040858","2013-01-28","28.945","50.835","20.7","BUSHEHR, IR","    0",",,S","  260",",,S","  160",",,S","  208","H,,S"
"IRM00040858","2013-01-29","28.945","50.835","20.7","BUSHEHR, IR","    0",",,S","  228",",,S",,,"  193","H,,S"
"IRM00040858","2013-01-30","28.945","50.835","20.7","BUSHEHR, IR","  127",",,S","  190",",,S",,,"  167","H,,S"
"IRM00040858","2013-01-31","28.945","50.835","20.7","BUSHEHR, IR","  599",",,S",,,"  140",",,S","  165","H,,S"
"IRM00040858","2013-02-01","28.945","50.835","20.7","BUSHEHR, IR","   56",",,S","  202",",,S","  146",",,S","  172","H,,S"
"IRM00040858","2013-02-02","28.945","50.835","20.7","BUSHEHR, IR","    0",",,S","  196",",,S",,,"  166","H,,S"
"IRM00040858","2013-02-03","28.945","50.835","20.7","BUSHEHR, IR","    0",",,S","  184",",,S",,,"  162","H,,S"
"IRM00040858","2013-02-04","28.945","50.835","20.7","BUSHEHR, IR","    0",",,S",,,,,"  142","H,,S"
"IRM00040858","2013-02-05","28.945","50.835","20.7","BUSHEHR, IR","    0",",,S","  186",",,S","  100",",,S","  146","H,,S"
"IRM00040858","2013-02-06","28.945","50.835","20.7","BUSHEHR, IR","    0",",,S","  206",",,S","   90",",,S","  158","H,,S"
"IRM00040858","2013-02-07","28.945","50.835","20.7","BUSHEHR, IR","    0",",,S","  224",",,S","  130",",,S","  171","H,,S"
"IRM00040858","2013-02-08","28.945","50.835","20.7","BUSHEHR, IR","    0",",,S","  224",",,S","  110",",,S","  171","H,,S"
"IRM00040858","2013-02-09","28.945","50.835","20.7","BUSHEHR, IR","    0",",,S","  222",",,S",,,"  171","H,,S"
"IRM00040858","2013-02-10","28.945","50.835","20.7","BUSHEHR, IR","    0",",,S","  228",",,S",,,"  178","H,,S"
"IRM00040858","2013-02-11","28.945","50.835","20.7","BUSHEHR, IR","    0",",,S","  258",",,S","  130",",,S","  201","H,,S"
"IRM00040858","2013-02-12","28.945","50.835","20.7","BUSHEHR, IR","    0",",,S",,,,,"  211","H,,S"
"IRM00040858","2013-02-13","28.945","50.835","20.7","BUSHEHR, IR","    0",",,S","  200",",,S",,,"  185","H,,S"
"IRM00040858","2013-02-14","28.945","50.835","20.7","BUSHEHR, IR","    0",",,S","  192",",,S",,,"  164","H,,S"
"IRM00040858","2013-02-15","28.945","50.835","20.7","BUSHEHR, IR","    0",",,S","  212",",,S",,,"  157","H,,S"
"IRM00040858","2013-02-16","28.945","50.835","20.7","BUSHEHR, IR","    0",",,S","  226",",,S",,,"  194","H,,S"
"IRM00040858","2013-02-17","28.945","50.835","20.7","BUSHEHR, IR","    0",",,S","  206",",,S","  164",",,S","  188","H,,S"
"IRM00040858","2013-02-18","28.945","50.835","20.7","BUSHEHR, IR","    0",",,S","  206",",,S",,,"  182","H,,S"
"IRM00040858","2013-02-19","28.945","50.835","20.7","BUSHEHR, IR","    0",",,S","  200",",,S","  154",",,S","  180","H,,S"
"IRM00040858","2013-02-20","28.945","50.835","20.7","BUSHEHR, IR","    0",",,S","  218",",,S",,,"  188","H,,S"
"IRM00040858","2013-02-21","28.945","50.835","20.7","BUSHEHR, IR","    0",",,S","  216",",,S",,,"  182","H,,S"
"IRM00040858","2013-02-22","28.945","50.835","20.7","BUSHEHR, IR","    0",",,S","  222",",,S",,,"  180","H,,S"
"IRM00040858","2013-02-23","28.945","50.835","20.7","BUSHEHR, IR","    0",",,S","  250",",,S",,,"  196","H,,S"
"IRM00040858","2013-02-24","28.945","50.835","20.7","BUSHEHR, IR","    5",",,S","  262",",,S",,,"  203","H,,S"
"IRM00040858","2013-02-25","28.945","50.835","20.7","BUSHEHR, IR","    0",",,S","  204",",,S","  160",",,S","  183","H,,S"
"IRM00040858","2013-02-26","28.945","50.835","20.7","BUSHEHR, IR","    0",",,S","  218",",,S",,,"  182","H,,S"
"IRM00040858","2013-02-27","28.945","50.835","20.7","BUSHEHR, IR","    0",",,S","  232",",,S","  120",",,S","  181","H,,S"
"IRM00040858","2013-02-28","28.945","50.835","20.7","BUSHEHR, IR","    0",",,S","  234",",,S","  150",",,S","  189","H,,S"
"IRM00040858","2013-03-01","28.945","50.835","20.7","BUSHEHR, IR","    0",",,S","  270",",,S",,,"  215","H,,S"
"IRM00040858","2013-03-02","28.945","50.835","20.7","BUSHEHR, IR","    0",",,S",,,"  200",",,S","  242","H,,S"
"IRM00040858","2013-03-03","28.945","50.835","20.7","BUSHEHR, IR","    0",",,S","  286",",,S",,,"  228","H,,S"
"IRM00040858","2013-03-04","28.945","50.835","20.7","BUSHEHR, IR","    0",",,S","  272",",,S",,,"  221","H,,S"
"IRM00040858","2013-03-05","28.945","50.835","20.7","BUSHEHR, IR","    0",",,S","  324",",,S",,,"  260","H,,S"
"IRM00040858","2013-03-06","28.945","50.835","20.7","BUSHEHR, IR","    0",",,S","  240",",,S",,,"  219","H,,S"
"IRM00040858","2013-03-07","28.945","50.835","20.7","BUSHEHR, IR","    0",",,S","  198",",,S",,,"  168","H,,S"
"IRM00040858","2013-03-08","28.945","50.835","20.7","BUSHEHR, IR","    0",",,S","  180",",,S",,,"  157","H,,S"
"IRM00040858","2013-03-09","28.945","50.835","20.7","BUSHEHR, IR","    0",",,S","  204",",,S","  100",",,S","  169","H,,S"
"IRM00040858","2013-03-10","28.945","50.835","20.7","BUSHEHR, IR","    0",",,S","  294",",,S",,,"  215","H,,S"
"IRM00040858","2013-03-11","28.945","50.835","20.7","BUSHEHR, IR","   20",",,S","  224",",,S",,,"  189","H,,S"
"IRM00040858","2013-03-12","28.945","50.835","20.7","BUSHEHR, IR","    0",",,S","  222",",,S","  136",",,S","  194","H,,S"
"IRM00040858","2013-03-13","28.945","50.835","20.7","BUSHEHR, IR","    0",",,S","  232",",,S","  160",",,S","  193","H,,S"
"IRM00040858","2013-03-14","28.945","50.835","20.7","BUSHEHR, IR","    0",",,S","  250",",,S","  140",",,S","  199","H,,S"
"IRM00040858","2013-03-15","28.945","50.835","20.7","BUSHEHR, IR","    0",",,S","  272",",,S",,,"  211","H,,S"
"IRM00040858","2013-03-16","28.945","50.835","20.7","BUSHEHR, IR","    0",",,S","  270",",,S",,,"  217","H,,S"
"IRM00040858","2013-03-17","28.945","50.835","20.7","BUSHEHR, IR","    0",",,S","  318",",,S","  160",",,S","  240","H,,S"
"IRM00040858","2013-03-18","28.945","50.835","20.7","BUSHEHR, IR","    0",",,S","  268",",,S","  186",",,S","  228","H,,S"
"IRM00040858","2013-03-19","28.945","50.835","20.7","BUSHEHR, IR","    0",",,S","  222",",,S","  184",",,S","  208","H,,S"
"IRM00040858","2013-03-20","28.945","50.835","20.7","BUSHEHR, IR","    0",",,S","  222",",,S",,,"  189","H,,S"
"IRM00040858","2013-03-21","28.945","50.835","20.7","BUSHEHR, IR","   25",",,S","  222",",,S",,,"  194","H,,S"
"IRM00040858","2013-03-22","28.945","50.835","20.7","BUSHEHR, IR","    0",",,S","  232",",,S",,,"  193","H,,S"
"IRM00040858","2013-03-23","28.945","50.835","20.7","BUSHEHR, IR","    0",",,S","  246",",,S",,,"  197","H,,S"
"IRM00040858","2013-03-24","28.945","50.835","20.7","BUSHEHR, IR","    0",",,S","  264",",,S","  166",",,S","  217","H,,S"
"IRM00040858","2013-03-25","28.945","50.835","20.7","BUSHEHR, IR","    0",",,S","  216",",,S",,,"  197","H,,S"
"IRM00040858","2013-03-26","28.945","50.835","20.7","BUSHEHR, IR","    0",",,S","  226",",,S","  138",",,S","  192","H,,S"
"IRM00040858","2013-03-27","28.945","50.835","20.7","BUSHEHR, IR","    0",",,S","  252",",,S","  126",",,S","  196","H,,S"
"IRM00040858","2013-03-28","28.945","50.835","20.7","BUSHEHR, IR","    0",",,S","  284",",,S","  150",",,S","  209","H,,S"
"IRM00040858","2013-03-29","28.945","50.835","20.7","BUSHEHR, IR","    0",",,S","  270",",,S","  158",",,S","  219","H,,S"
"IRM00040858","2013-03-30","28.945","50.835","20.7","BUSHEHR, IR","    0",",,S","  270",",,S","  186",",,S","  234","H,,S"
"IRM00040858","2013-03-31","28.945","50.835","20.7","BUSHEHR, IR","    0",",,S","  264",",,S","  190",",,S","  239","H,,S"
"IRM00040858","2013-04-01","28.945","50.835","20.7","BUSHEHR, IR","    0",",,S","  270",",,S",,,"  235","H,,S"
"IRM00040858","2013-04-02","28.945","50.835","20.7","BUSHEHR, IR","    0",",,S","  278",",,S","  160",",,S","  224","H,,S"
"IRM00040858","2013-04-03","28.945","50.835","20.7","BUSHEHR, IR","    0",",,S",,,"  180",",,S","  248","H,,S"
"IRM00040858","2013-04-04","28.945","50.835","20.7","BUSHEHR, IR","    0",",,S","  370",",,S","  244",",,S","  296","H,,S"
"IRM00040858","2013-04-05","28.945","50.835","20.7","BUSHEHR, IR","    0",",,S","  354",",,S",,,"  294","H,,S"
"IRM00040858","2013-04-06","28.945","50.835","20.7","BUSHEHR, IR","    0",",,S","  252",",,S",,,"  220","H,,S"
"IRM00040858","2013-04-07","28.945","50.835","20.7","BUSHEHR, IR","   18",",,S","  250",",,S","  176",",,S","  211","H,,S"
"IRM00040858","2013-04-08","28.945","50.835","20.7","BUSHEHR, IR","    0",",,S","  268",",,S","  176",",,S","  223","H,,S"
"IRM00040858","2013-04-09","28.945","50.835","20.7","BUSHEHR, IR","    0",",,S",,,"  180",",,S","  236","H,,S"
"IRM00040858","2013-04-10","28.945","50.835","20.7","BUSHEHR, IR","    0",",,S","  322",",,S","  190",",,S","  250","H,,S"
"IRM00040858","2013-04-11","28.945","50.835","20.7","BUSHEHR, IR","    0",",,S","  282",",,S","  210",",,S","  247","H,,S"
"IRM00040858","2013-04-12","28.945","50.835","20.7","BUSHEHR, IR","    0",",,S","  326",",,S","  208",",,S","  263","H,,S"
"IRM00040858","2013-04-13","28.945","50.835","20.7","BUSHEHR, IR","    0",",,S","  342",",,S","  226",",,S","  298","H,,S"
"IRM00040858","2013-04-14","28.945","50.835","20.7","BUSHEHR, IR","    0",",,S","  350",",,S",,,"  281","H,,S"
"IRM00040858","2013-04-15","28.945","50.835","20.7","BUSHEHR, IR","    0",",,S","  290",",,S",,,"  246","H,,S"
"IRM00040858","2013-04-16","28.945","50.835","20.7","BUSHEHR, IR","    0",",,S","  338",",,S","  188",",,S","  272","H,,S"
"IRM00040858","2013-04-17","28.945","50.835","20.7","BUSHEHR, IR","    0",",,S","  332",",,S","  250",",,S","  286","H,,S"
"IRM00040858","2013-04-18","28.945","50.835","20.7","BUSHEHR, IR","    0",",,S","  326",",,S",,,"  278","H,,S"
"IRM00040858","2013-04-19","28.945","50.835","20.7","BUSHEHR, IR","    0",",,S","  312",",,S",,,"  268","H,,S"
"IRM00040858","2013-04-20","28.945","50.835","20.7","BUSHEHR, IR","    0",",,S","  310",",,S","  230",",,S","  269","H,,S"
"IRM00040858","2013-04-21","28.945","50.835","20.7","BUSHEHR, IR","    0",",,S","  292",",,S","  230",",,S","  268","H,,S"
"IRM00040858","2013-04-22","28.945","50.835","20.7","BUSHEHR, IR","    0",",,S","  272",",,S",,,"  239","H,,S"
"IRM00040858","2013-04-23","28.945","50.835","20.7","BUSHEHR, IR","    0",",,S","  278",",,S","  176",",,S","  241","H,,S"
"IRM00040858","2013-04-24","28.945","50.835","20.7","BUSHEHR, IR","    0",",,S","  284",",,S","  186",",,S","  248","H,,S"
"IRM00040858","2013-04-25","28.945","50.835","20.7","BUSHEHR, IR","    0",",,S","  286",",,S",,,"  242","H,,S"
"IRM00040858","2013-04-26","28.945","50.835","20.7","BUSHEHR, IR","    0",",,S","  276",",,S",,,"  234","H,,S"
"IRM00040858","2013-04-27","28.945","50.835","20.7","BUSHEHR, IR","    0",",,S","  276",",,S","  166",",,S","  229","H,,S"
"IRM00040858","2013-04-28","28.945","50.835","20.7","BUSHEHR, IR","    0",",,S","  282",",,S","  168",",,S","  231","H,,S"
"IRM00040858","2013-04-29","28.945","50.835","20.7","BUSHEHR, IR","    0",",,S","  270",",,S","  186",",,S","  238","H,,S"
"IRM00040858","2013-04-30","28.945","50.835","20.7","BUSHEHR, IR","    0",",,S",,,,,"  230","H,,S"
"IRM00040858","2013-05-01","28.945","50.835","20.7","BUSHEHR, IR","   28",",,S","  280",",,S","  200",",,S","  231","H,,S"
"IRM00040858","2013-05-02","28.945","50.835","20.7","BUSHEHR, IR","   58",",,S","  290",",,S","  208",",,S","  247","H,,S"
"IRM00040858","2013-05-03","28.945","50.835","20.7","BUSHEHR, IR","    0",",,S","  302",",,S","  218",",,S","  255","H,,S"
"IRM00040858","2013-05-04","28.945","50.835","20.7","BUSHEHR, IR","    3",",,S","  302",",,S",,,"  264","H,,S"
"IRM00040858","2013-05-05","28.945","50.835","20.7","BUSHEHR, IR","    0",",,S","  304",",,S","  218",",,S","  272","H,,S"
"IRM00040858","2013-05-06","28.945","50.835","20.7","BUSHEHR, IR","    0",",,S",,,"  220",",,S","  259","H,,S"
"IRM00040858","2013-05-07","28.945","50.835","20.7","BUSHEHR, IR",,,,,"  220",",,S","  268","H,,S"
"IRM00040858","2013-05-08","28.945","50.835","20.7","BUSHEHR, IR",,,"  360",",,S","  248",",,S","  282","H,,S"
"IRM00040858","2013-05-09","28.945","50.835","20.7","BUSHEHR, IR","    0",",,S","  296",",,S",,,"  269","H,,S"
"IRM00040858","2013-05-10","28.945","50.835","20.7","BUSHEHR, IR","    0",",,S","  304",",,S","  232",",,S","  276","H,,S"
"IRM00040858","2013-05-11","28.945","50.835","20.7","BUSHEHR, IR","    0",",,S","  314",",,S","  248",",,S","  282","H,,S"
"IRM00040858","2013-05-12","28.945","50.835","20.7","BUSHEHR, IR","    0",",,S",,,,,"  303","H,,S"
"IRM00040858","2013-05-13","28.945","50.835","20.7","BUSHEHR, IR","    0",",,S","  386",",,S","  260",",,S","  314","H,,S"
"IRM00040858","2013-05-14","28.945","50.835","20.7","BUSHEHR, IR","    0",",,S","  314",",,S",,,"  292","H,,S"
"IRM00040858","2013-05-15","28.945","50.835","20.7","BUSHEHR, IR","    0",",,S","  320",",,S",,,"  288","H,,S"
"IRM00040858","2013-05-16","28.945","50.835","20.7","BUSHEHR, IR","    0",",,S",,,"  268",",,S","  321","H,,S"
"IRM00040858","2013-05-17","28.945","50.835","20.7","BUSHEHR, IR","    0",",,S","  324",",,S","  260",",,S","  293","H,,S"
"IRM00040858","2013-05-18","28.945","50.835","20.7","BUSHEHR, IR","    0",",,S","  300",",,S",,,"  283","H,,S"
"IRM00040858","2013-05-19","28.945","50.835","20.7","BUSHEHR, IR","    0",",,S",,,,,"  281","H,,S"
"IRM00040858","2013-05-20","28.945","50.835","20.7","BUSHEHR, IR","    0",",,S","  314",",,S",,,"  278","H,,S"
"IRM00040858","2013-05-21","28.945","50.835","20.7","BUSHEHR, IR","    0",",,S","  392",",,S","  228",",,S","  317","H,,S"
"IRM00040858","2013-05-22","28.945","50.835","20.7","BUSHEHR, IR","    0",",,S","  334",",,S",,,"  299","H,,S"
"IRM00040858","2013-05-23","28.945","50.835","20.7","BUSHEHR, IR","    0",",,S","  318",",,S","  248",",,S","  297","H,,S"
"IRM00040858","2013-05-24","28.945","50.835","20.7","BUSHEHR, IR","    0",",,S","  318",",,S","  270",",,S","  294","H,,S"
"IRM00040858","2013-05-25","28.945","50.835","20.7","BUSHEHR, IR","    0",",,S","  318",",,S",,,"  281","H,,S"
"IRM00040858","2013-05-26","28.945","50.835","20.7","BUSHEHR, IR","    0",",,S",,,"  240",",,S","  294","H,,S"
"IRM00040858","2013-05-27","28.945","50.835","20.7","BUSHEHR, IR","    0",",,S",,,"  226",",,S","  307","H,,S"
"IRM00040858","2013-05-28","28.945","50.835","20.7","BUSHEHR, IR","    0",",,S","  384",",,S","  236",",,S","  306","H,,S"
"IRM00040858","2013-05-29","28.945","50.835","20.7","BUSHEHR, IR","    0",",,S","  364",",,S","  268",",,S","  318","H,,S"
"IRM00040858","2013-05-30","28.945","50.835","20.7","BUSHEHR, IR","    0",",,S","  324",",,S","  274",",,S","  299","H,,S"
"IRM00040858","2013-05-31","28.945","50.835","20.7","BUSHEHR, IR","    0",",,S",,,,,"  294","H,,S"
"IRM00040858","2013-06-01","28.945","50.835","20.7","BUSHEHR, IR","    0",",,S","  370",",,S","  246",",,S","  305","H,,S"
"IRM00040858","2013-06-02","28.945","50.835","20.7","BUSHEHR, IR","    0",",,S","  344",",,S","  240",",,S","  307","H,,S"
"IRM00040858","2013-06-03","28.945","50.835","20.7","BUSHEHR, IR","    0",",,S",,,"  270",",,S","  300","H,,S"
"IRM00040858","2013-06-04","28.945","50.835","20.7","BUSHEHR, IR","    0",",,S","  344",",,S",,,"  301","H,,S"
"IRM00040858","2013-06-05","28.945","50.835","20.7","BUSHEHR, IR","    0",",,S","  346",",,S","  274",",,S","  308","H,,S"
"IRM00040858","2013-06-06","28.945","50.835","20.7","BUSHEHR, IR",,,,,"  266",",,S","  317","H,,S"
"IRM00040858","2013-06-07","28.945","50.835","20.7","BUSHEHR, IR","    0",",,S","  334",",,S",,,"  313","H,,S"
"IRM00040858","2013-06-08","28.945","50.835","20.7","BUSHEHR, IR","    0",",,S",,,"  278",",,S","  299","H,,S"
"IRM00040858","2013-06-09","28.945","50.835","20.7","BUSHEHR, IR","    0",",,S","  324",",,S","  280",",,S","  296","H,,S"
"IRM00040858","2013-06-10","28.945","50.835","20.7","BUSHEHR, IR","    0",",,S",,,"  258",",,S","  299","H,,S"
"IRM00040858","2013-06-11","28.945","50.835","20.7","BUSHEHR, IR","    0",",,S","  312",",,S",,,"  298","H,,S"
"IRM00040858","2013-06-12","28.945","50.835","20.7","BUSHEHR, IR","    0",",,S",,,"  270",",,S","  287","H,,S"
"IRM00040858","2013-06-13","28.945","50.835","20.7","BUSHEHR, IR","    0",",,S","  320",",,S",,,"  288","H,,S"
"IRM00040858","2013-06-14","28.945","50.835","20.7","BUSHEHR, IR","    0",",,S",,,"  236",",,S","  287","H,,S"
"IRM00040858","2013-06-15","28.945","50.835","20.7","BUSHEHR, IR","    0",",,S","  320",",,S","  258",",,S","  300","H,,S"
"IRM00040858","2013-06-16","28.945","50.835","20.7","BUSHEHR, IR","    0",",,S","  336",",,S","  280",",,S","  306","H,,S"
"IRM00040858","2013-06-17","28.945","50.835","20.7","BUSHEHR, IR","    0",",,S","  322",",,S","  286",",,S","  304","H,,S"
"IRM00040858","2013-06-18","28.945","50.835","20.7","BUSHEHR, IR","    0",",,S",,,,,"  310","H,,S"
"IRM00040858","2013-06-19","28.945","50.835","20.7","BUSHEHR, IR","    0",",,S",,,"  282",",,S","  313","H,,S"
"IRM00040858","2013-06-20","28.945","50.835","20.7","BUSHEHR, IR","    0",",,S","  360",",,S",,,"  316","H,,S"
"IRM00040858","2013-06-21","28.945","50.835","20.7","BUSHEHR, IR","    0",",,S","  376",",,S","  260",",,S","  313","H,,S"
"IRM00040858","2013-06-22","28.945","50.835","20.7","BUSHEHR, IR","    0",",,S","  374",",,S","  266",",,S","  311","H,,S"
"IRM00040858","2013-06-23","28.945","50.835","20.7","BUSHEHR, IR","    0",",,S","  364",",,S",,,"  313","H,,S"
"IRM00040858","2013-06-24","28.945","50.835","20.7","BUSHEHR, IR","    0",",,S","  350",",,S","  242",",,S","  304","H,,S"
"IRM00040858","2013-06-25","28.945","50.835","20.7","BUSHEHR, IR","    0",",,S","  370",",,S","  274",",,S","  334","H,,S"
"IRM00040858","2013-06-26","28.945","50.835","20.7","BUSHEHR, IR","    0",",,S","  370",",,S",,,"  333","H,,S"
"IRM00040858","2013-06-27","28.945","50.835","20.7","BUSHEHR, IR","    0",",,S",,,"  280",",,S","  322","H,,S"
"IRM00040858","2013-06-28","28.945","50.835","20.7","BUSHEHR, IR","    0",",,S","  358",",,S","  270",",,S","  319","H,,S"
"IRM00040858","2013-06-29","28.945","50.835","20.7","BUSHEHR, IR","    0",",,S","  368",",,S",,,"  324","H,,S"
"IRM00040858","2013-06-30","28.945","50.835","20.7","BUSHEHR, IR","    0",",,S",,,"  268",",,S","  323","H,,S"
"IRM00040858","2013-07-01","28.945","50.835","20.7","BUSHEHR, IR","    0",",,S","  392",",,S",,,"  320","H,,S"
"IRM00040858","2013-07-02","28.945","50.835","20.7","BUSHEHR, IR","    0",",,S","  400",",,S","  280",",,S","  326","H,,S"
"IRM00040858","2013-07-03","28.945","50.835","20.7","BUSHEHR, IR","    0",",,S","  364",",,S","  294",",,S","  330","H,,S"
"IRM00040858","2013-07-04","28.945","50.835","20.7","BUSHEHR, IR","    0",",,S","  356",",,S",,,"  324","H,,S"
"IRM00040858","2013-07-05","28.945","50.835","20.7","BUSHEHR, IR","    0",",,S","  358",",,S",,,"  322","H,,S"
"IRM00040858","2013-07-06","28.945","50.835","20.7","BUSHEHR, IR","    0",",,S","  360",",,S","  266",",,S","  320","H,,S"
"IRM00040858","2013-07-07","28.945","50.835","20.7","BUSHEHR, IR","    0",",,S","  364",",,S","  270",",,S","  323","H,,S"
"IRM00040858","2013-07-08","28.945","50.835","20.7","BUSHEHR, IR","    0",",,S","  362",",,S","  300",",,S","  329","H,,S"
"IRM00040858","2013-07-09","28.945","50.835","20.7","BUSHEHR, IR","    0",",,S","  412",",,S","  290",",,S","  333","H,,S"
"IRM00040858","2013-07-10","28.945","50.835","20.7","BUSHEHR, IR","    0",",,S",,,"  278",",,S","  331","H,,S"
"IRM00040858","2013-07-11","28.945","50.835","20.7","BUSHEHR, IR","    0",",,S","  382",",,S",,,"  337","H,,S"
"IRM00040858","2013-07-12","28.945","50.835","20.7","BUSHEHR, IR","    0",",,S",,,,,"  344","H,,S"
"IRM00040858","2013-07-13","28.945","50.835","20.7","BUSHEHR, IR","    0",",,S","  380",",,S","  290",",,S","  341","H,,S"
"IRM00040858","2013-07-14","28.945","50.835","20.7","BUSHEHR, IR","    0",",,S","  376",",,S","  294",",,S","  335","H,,S"
"IRM00040858","2013-07-15","28.945","50.835","20.7","BUSHEHR, IR","    0",",,S",,,"  290",",,S","  334","H,,S"
"IRM00040858","2013-07-16","28.945","50.835","20.7","BUSHEHR, IR","    0",",,S","  388",",,S",,,"  339","H,,S"
"IRM00040858","2013-07-17","28.945","50.835","20.7","BUSHEHR, IR",,,"  380",",,S","  304",",,S","  344","H,,S"
"IRM00040858","2013-07-18","28.945","50.835","20.7","BUSHEHR, IR","    0",",,S","  418",",,S","  306",",,S","  345","H,,S"
"IRM00040858","2013-07-19","28.945","50.835","20.7","BUSHEHR, IR","    0",",,S","  378",",,S","  308",",,S","  337","H,,S"
"IRM00040858","2013-07-20","28.945","50.835","20.7","BUSHEHR, IR","    0",",,S","  380",",,S","  310",",,S","  351","H,,S"
"IRM00040858","2013-07-21","28.945","50.835","20.7","BUSHEHR, IR","    0",",,S","  378",",,S",,,"  344","H,,S"
"IRM00040858","2013-07-22","28.945","50.835","20.7","BUSHEHR, IR","    0",",,S","  386",",,S","  306",",,S","  347","H,,S"
"IRM00040858","2013-07-23","28.945","50.835","20.7","BUSHEHR, IR","    0",",,S","  380",",,S",,,"  344","H,,S"
"IRM00040858","2013-07-24","28.945","50.835","20.7","BUSHEHR, IR","    0",",,S","  372",",,S","  308",",,S","  348","H,,S"
"IRM00040858","2013-07-25","28.945","50.835","20.7","BUSHEHR, IR","    0",",,S","  372",",,S","  336",",,S","  348","H,,S"
"IRM00040858","2013-07-26","28.945","50.835","20.7","BUSHEHR, IR","    0",",,S",,,"  310",",,S","  343","H,,S"
"IRM00040858","2013-07-27","28.945","50.835","20.7","BUSHEHR, IR","    0",",,S","  364",",,S",,,"  331","H,,S"
"IRM00040858","2013-07-28","28.945","50.835","20.7","BUSHEHR, IR","    0",",,S","  374",",,S","  286",",,S","  331","H,,S"
"IRM00040858","2013-07-29","28.945","50.835","20.7","BUSHEHR, IR","    0",",,S","  362",",,S","  316",",,S","  336","H,,S"
"IRM00040858","2013-07-30","28.945","50.835","20.7","BUSHEHR, IR","    0",",,S","  350",",,S",,,"  323","H,,S"
"IRM00040858","2013-07-31","28.945","50.835","20.7","BUSHEHR, IR","    0",",,S","  358",",,S","  270",",,S","  314","H,,S"
"IRM00040858","2013-08-01","28.945","50.835","20.7","BUSHEHR, IR","    0",",,S","  350",",,S","  272",",,S","  322","H,,S"
"IRM00040858","2013-08-02","28.945","50.835","20.7","BUSHEHR, IR","    0",",,S","  354",",,S",,,"  325","H,,S"
"IRM00040858","2013-08-03","28.945","50.835","20.7","BUSHEHR, IR","    0",",,S","  352",",,S",,,"  321","H,,S"
"IRM00040858","2013-08-04","28.945","50.835","20.7","BUSHEHR, IR",,,"  356",",,S","  286",",,S","  322","H,,S"
"IRM00040858","2013-08-05","28.945","50.835","20.7","BUSHEHR, IR","    0",",,S","  364",",,S","  296",",,S","  327","H,,S"
"IRM00040858","2013-08-06","28.945","50.835","20.7","BUSHEHR, IR",,,,,,,"  323","H,,S"
"IRM00040858","2013-08-07","28.945","50.835","20.7","BUSHEHR, IR","    0",",,S","  356",",,S","  298",",,S","  323","H,,S"
"IRM00040858","2013-08-08","28.945","50.835","20.7","BUSHEHR, IR","    0",",,S",,,,,"  331","H,,S"
"IRM00040858","2013-08-09","28.945","50.835","20.7","BUSHEHR, IR","    0",",,S","  394",",,S",,,"  329","H,,S"
"IRM00040858","2013-08-10","28.945","50.835","20.7","BUSHEHR, IR","    0",",,S","  366",",,S",,,"  329","H,,S"
"IRM00040858","2013-08-11","28.945","50.835","20.7","BUSHEHR, IR","    0",",,S","  374",",,S",,,"  330","H,,S"
"IRM00040858","2013-08-12","28.945","50.835","20.7","BUSHEHR, IR","    0",",,S","  380",",,S","  266",",,S","  329","H,,S"
"IRM00040858","2013-08-13","28.945","50.835","20.7","BUSHEHR, IR","    0",",,S","  376",",,S","  268",",,S","  331","H,,S"
"IRM00040858","2013-08-14","28.945","50.835","20.7","BUSHEHR, IR","    0",",,S","  390",",,S","  292",",,S","  343","H,,S"
"IRM00040858","2013-08-15","28.945","50.835","20.7","BUSHEHR, IR","    0",",,S","  376",",,S",,,"  337","H,,S"
"IRM00040858","2013-08-16","28.945","50.835","20.7","BUSHEHR, IR","    0",",,S","  372",",,S","  300",",,S","  335","H,,S"
"IRM00040858","2013-08-17","28.945","50.835","20.7","BUSHEHR, IR","    0",",,S","  370",",,S",,,"  332","H,,S"
"IRM00040858","2013-08-18","28.945","50.835","20.7","BUSHEHR, IR","    0",",,S","  388",",,S","  306",",,S","  338","H,,S"
"IRM00040858","2013-08-19","28.945","50.835","20.7","BUSHEHR, IR",,,"  376",",,S",,,"  331","H,,S"
"IRM00040858","2013-08-20","28.945","50.835","20.7","BUSHEHR, IR","    0",",,S","  370",",,S",,,"  327","H,,S"
"IRM00040858","2013-08-21","28.945","50.835","20.7","BUSHEHR, IR","    0",",,S","  372",",,S","  300",",,S","  336","H,,S"
"IRM00040858","2013-08-22","28.945","50.835","20.7","BUSHEHR, IR",,,"  376",",,S","  298",",,S","  332","H,,S"
"IRM00040858","2013-08-23","28.945","50.835","20.7","BUSHEHR, IR","    0",",,S",,,,,"  336","H,,S"
"IRM00040858","2013-08-24","28.945","50.835","20.7","BUSHEHR, IR","    0",",,S","  384",",,S",,,"  338","H,,S"
"IRM00040858","2013-08-25","28.945","50.835","20.7","BUSHEHR, IR","    0",",,S","  394",",,S","  280",",,S","  338","H,,S"
"IRM00040858","2013-08-26","28.945","50.835","20.7","BUSHEHR, IR","    0",",,S","  378",",,S","  278",",,S","  345","H,,S"
"IRM00040858","2013-08-27","28.945","50.835","20.7","BUSHEHR, IR","    0",",,S","  374",",,S","  328",",,S","  350","H,,S"
"IRM00040858","2013-08-28","28.945","50.835","20.7","BUSHEHR, IR","    0",",,S","  374",",,S",,,"  331","H,,S"
"IRM00040858","2013-08-29","28.945","50.835","20.7","BUSHEHR, IR",,,"  370",",,S","  266",",,S","  324","H,,S"
"IRM00040858","2013-08-30","28.945","50.835","20.7","BUSHEHR, IR","    0",",,S",,,"  288",",,S","  324","H,,S"
"IRM00040858","2013-08-31","28.945","50.835","20.7","BUSHEHR, IR","    0",",,S","  364",",,S","  278",",,S","  321","H,,S"
"IRM00040858","2013-09-01","28.945","50.835","20.7","BUSHEHR, IR","    0",",,S","  374",",,S",,,"  324","H,,S"
"IRM00040858","2013-09-02","28.945","50.835","20.7","BUSHEHR, IR","    0",",,S","  370",",,S","  270",",,S","  323","H,,S"
"IRM00040858","2013-09-03","28.945","50.835","20.7","BUSHEHR, IR","    0",",,S","  380",",,S","  280",",,S","  329","H,,S"
"IRM00040858","2013-09-04","28.945","50.835","20.7","BUSHEHR, IR","    0",",,S","  398",",,S",,,"  332","H,,S"
"IRM00040858","2013-09-05","28.945","50.835","20.7","BUSHEHR, IR",,,,,,,"  332","H,,S"
"IRM00040858","2013-09-06","28.945","50.835","20.7","BUSHEHR, IR",,,"  362",",,S","  300",",,S","  328","H,,S"
"IRM00040858","2013-09-07","28.945","50.835","20.7","BUSHEHR, IR",,,"  370",",,S",,,"  331","H,,S"
"IRM00040858","2013-09-08","28.945","50.835","20.7","BUSHEHR, IR","    0",",,S","  362",",,S",,,"  316","H,,S"
"IRM00040858","2013-09-09","28.945","50.835","20.7","BUSHEHR, IR","    0",",,S","  364",",,S","  286",",,S","  326","H,,S"
"IRM00040858","2013-09-10","28.945","50.835","20.7","BUSHEHR, IR","    0",",,S","  358",",,S",,,"  322","H,,S"
"IRM00040858","2013-09-11","28.945","50.835","20.7","BUSHEHR, IR","    0",",,S","  366",",,S",,,"  323","H,,S"
"IRM00040858","2013-09-12","28.945","50.835","20.7","BUSHEHR, IR","    0",",,S","  364",",,S",,,"  320","H,,S"
"IRM00040858","2013-09-13","28.945","50.835","20.7","BUSHEHR, IR","    0",",,S",,,,,"  312","H,,S"
"IRM00040858","2013-09-14","28.945","50.835","20.7","BUSHEHR, IR","    0",",,S","  364",",,S","  246",",,S","  308","H,,S"
"IRM00040858","2013-09-15","28.945","50.835","20.7","BUSHEHR, IR","    0",",,S","  370",",,S",,,"  313","H,,S"
"IRM00040858","2013-09-16","28.945","50.835","20.7","BUSHEHR, IR","    0",",,S","  368",",,S",,,"  321","H,,S"
"IRM00040858","2013-09-17","28.945","50.835","20.7","BUSHEHR, IR","    0",",,S","  376",",,S",,,"  335","H,,S"
"IRM00040858","2013-09-18","28.945","50.835","20.7","BUSHEHR, IR","    0",",,S","  378",",,S","  290",",,S","  341","H,,S"
"IRM00040858","2013-09-19","28.945","50.835","20.7","BUSHEHR, IR","    0",",,S","  372",",,S",,,"  329","H,,S"
"IRM00040858","2013-09-20","28.945","50.835","20.7","BUSHEHR, IR","    0",",,S","  390",",,S",,,"  334","H,,S"
"IRM00040858","2013-09-21","28.945","50.835","20.7","BUSHEHR, IR","    0",",,S","  362",",,S","  286",",,S","  336","H,,S"
"IRM00040858","2013-09-22","28.945","50.835","20.7","BUSHEHR, IR","    0",",,S","  362",",,S",,,"  319","H,,S"
"IRM00040858","2013-09-23","28.945","50.835","20.7","BUSHEHR, IR","    0",",,S","  358",",,S",,,"  315","H,,S"
"IRM00040858","2013-09-24","28.945","50.835","20.7","BUSHEHR, IR","    0",",,S","  354",",,S",,,"  323","H,,S"
"IRM00040858","2013-09-25","28.945","50.835","20.7","BUSHEHR, IR","    0",",,S","  346",",,S","  276",",,S","  313","H,,S"
"IRM00040858","2013-09-26","28.945","50.835","20.7","BUSHEHR, IR","    0",",,S","  322",",,S",,,"  298","H,,S"
"IRM00040858","2013-09-27","28.945","50.835","20.7","BUSHEHR, IR","    0",",,S","  326",",,S",,,"  283","H,,S"
"IRM00040858","2013-09-28","28.945","50.835","20.7","BUSHEHR, IR","    0",",,S","  340",",,S",,,"  286","H,,S"
"IRM00040858","2013-09-29","28.945","50.835","20.7","BUSHEHR, IR","    0",",,S","  338",",,S",,,"  284","H,,S"
"IRM00040858","2013-09-30","28.945","50.835","20.7","BUSHEHR, IR","    0",",,S","  334",",,S","  230",",,S","  284","H,,S"
"IRM00040858","2013-10-01","28.945","50.835","20.7","BUSHEHR, IR","    0",",,S","  338",",,S","  220",",,S","  291","H,,S"
"IRM00040858","2013-10-02","28.945","50.835","20.7","BUSHEHR, IR","    0",",,S","  340",",,S",,,"  295","H,,S"
"IRM00040858","2013-10-03","28.945","50.835","20.7","BUSHEHR, IR","    0",",,S","  332",",,S","  212",",,S","  291","H,,S"
"IRM00040858","2013-10-04","28.945","50.835","20.7","BUSHEHR, IR","    0",",,S","  342",",,S","  230",",,S","  289","H,,S"
"IRM00040858","2013-10-05","28.945","50.835","20.7","BUSHEHR, IR","    0",",,S","  342",",,S","  240",",,S","  292","H,,S"
"IRM00040858","2013-10-06","28.945","50.835","20.7","BUSHEHR, IR","    0",",,S","  336",",,S",,,"  290","H,,S"
"IRM00040858","2013-10-07","28.945","50.835","20.7","BUSHEHR, IR","    0",",,S","  322",",,S",,,"  296","H,,S"
"IRM00040858","2013-10-08","28.945","50.835","20.7","BUSHEHR, IR","    0",",,S","  288",",,S",,,"  269","H,,S"
"IRM00040858","2013-10-09","28.945","50.835","20.7","BUSHEHR, IR","    0",",,S","  280",",,S","  230",",,S","  251","H,,S"
"IRM00040858","2013-10-10","28.945","50.835","20.7","BUSHEHR, IR","    0",",,S","  282",",,S",,,"  256","H,,S"
"IRM00040858","2013-10-11","28.945","50.835","20.7","BUSHEHR, IR","    0",",,S",,,,,"  251","H,,S"
"IRM00040858","2013-10-12","28.945","50.835","20.7","BUSHEHR, IR","    0",",,S","  302",",,S",,,"  240","H,,S"
"IRM00040858","2013-10-13","28.945","50.835","20.7","BUSHEHR, IR","    0",",,S","  306",",,S","  170",",,S","  246","H,,S"
"IRM00040858","2013-10-14","28.945","50.835","20.7","BUSHEHR, IR","    0",",,S","  300",",,S","  194",",,S","  252","H,,S"
"IRM00040858","2013-10-15","28.945","50.835","20.7","BUSHEHR, IR","    0",",,S",,,"  186",",,S","  249","H,,S"
"IRM00040858","2013-10-16","28.945","50.835","20.7","BUSHEHR, IR","    0",",,S","  306",",,S","  180",",,S","  246","H,,S"
"IRM00040858","2013-10-17","28.945","50.835","20.7","BUSHEHR, IR","    0",",,S","  316",",,S",,,"  249","H,,S"
"IRM00040858","2013-10-18","28.945","50.835","20.7","BUSHEHR, IR","    0",",,S","  342",",,S","  200",",,S","  254","H,,S"
"IRM00040858","2013-10-19","28.945","50.835","20.7","BUSHEHR, IR","    0",",,S","  350",",,S",,,"  273","H,,S"
"IRM00040858","2013-10-20","28.945","50.835","20.7","BUSHEHR, IR","    0",",,S",,,,,"  271","H,,S"
"IRM00040858","2013-10-21","28.945","50.835","20.7","BUSHEHR, IR","    0",",,S",,,,,"  268","H,,S"
"IRM00040858","2013-10-22","28.945","50.835","20.7","BUSHEHR, IR","    0",",,S","  280",",,S",,,"  236","H,,S"
"IRM00040858","2013-10-23","28.945","50.835","20.7","BUSHEHR, IR","    0",",,S","  292",",,S",,,"  234","H,,S"
"IRM00040858","2013-10-24","28.945","50.835","20.7","BUSHEHR, IR","    0",",,S","  282",",,S","  164",",,S","  235","H,,S"
"IRM00040858","2013-10-25","28.945","50.835","20.7","BUSHEHR, IR","    0",",,S","  288",",,S","  160",",,S","  232","H,,S"
"IRM00040858","2013-10-26","28.945","50.835","20.7","BUSHEHR, IR","    0",",,S",,,"  186",",,S","  253","H,,S"
"IRM00040858","2013-10-27","28.945","50.835","20.7","BUSHEHR, IR",,,"  314",",,S",,,"  261","H,,S"
"IRM00040858","2013-10-28","28.945","50.835","20.7","BUSHEHR, IR",,,,,"  220",",,S","  261","H,,S"
"IRM00040858","2013-10-29","28.945","50.835","20.7","BUSHEHR, IR","    0",",,S","  292",",,S",,,"  244","H,,S"
"IRM00040858","2013-10-30","28.945","50.835","20.7","BUSHEHR, IR","    0",",,S","  270",",,S","  150",",,S","  233","H,,S"
"IRM00040858","2013-10-31","28.945","50.835","20.7","BUSHEHR, IR","    0",",,S","  304",",,S","  212",",,S","  254","H,,S"
"IRM00040858","2013-11-01","28.945","50.835","20.7","BUSHEHR, IR","    0",",,S",,,,,"  253","H,,S"
"IRM00040858","2013-11-02","28.945","50.835","20.7","BUSHEHR, IR","    0",",,S","  306",",,S","  206",",,S","  251","H,,S"
"IRM00040858","2013-11-03","28.945","50.835","20.7","BUSHEHR, IR",,,,,"  196",",,S","  214","H,,S"
"IRM00040858","2013-11-04","28.945","50.835","20.7","BUSHEHR, IR",,,"  276",",,S",,,"  232","H,,S"
"IRM00040858","2013-11-05","28.945","50.835","20.7","BUSHEHR, IR",,,,,,,"  231","H,,S"
"IRM00040858","2013-11-06","28.945","50.835","20.7","BUSHEHR, IR",,,,,,,"  234","H,,S"
"IRM00040858","2013-11-07","28.945","50.835","20.7","BUSHEHR, IR",,,,,,,"  223","H,,S"
"IRM00040858","2013-11-08","28.945","50.835","20.7","BUSHEHR, IR",,,,,,,"  235","H,,S"
"IRM00040858","2013-11-09","28.945","50.835","20.7","BUSHEHR, IR",,,,,,,"  245","H,,S"
"IRM00040858","2013-11-10","28.945","50.835","20.7","BUSHEHR, IR",,,,,,,"  260","H,,S"
"IRM00040858","2013-11-11","28.945","50.835","20.7","BUSHEHR, IR",,,,,,,"  252","H,,S"
"IRM00040858","2013-11-12","28.945","50.835","20.7","BUSHEHR, IR",,,,,,,"  251","H,,S"
"IRM00040858","2013-11-13","28.945","50.835","20.7","BUSHEHR, IR",,,,,,,"  250","H,,S"
"IRM00040858","2013-11-14","28.945","50.835","20.7","BUSHEHR, IR",,,,,,,"  242","H,,S"
"IRM00040858","2013-11-15","28.945","50.835","20.7","BUSHEHR, IR",,,,,,,"  223","H,,S"
"IRM00040858","2013-11-16","28.945","50.835","20.7","BUSHEHR, IR",,,,,,,"  218","H,,S"
"IRM00040858","2013-11-17","28.945","50.835","20.7","BUSHEHR, IR",,,,,,,"  215","H,,S"
"IRM00040858","2013-11-18","28.945","50.835","20.7","BUSHEHR, IR",,,,,,,"  229","H,,S"
"IRM00040858","2013-11-19","28.945","50.835","20.7","BUSHEHR, IR",,,,,,,"  186","H,,S"
"IRM00040858","2013-11-20","28.945","50.835","20.7","BUSHEHR, IR",,,,,,,"  192","H,,S"
"IRM00040858","2013-11-21","28.945","50.835","20.7","BUSHEHR, IR",,,,,,,"  185","H,,S"
"IRM00040858","2013-11-22","28.945","50.835","20.7","BUSHEHR, IR",,,,,,,"  192","H,,S"
"IRM00040858","2013-11-23","28.945","50.835","20.7","BUSHEHR, IR",,,,,,,"  191","H,,S"
"IRM00040858","2013-11-24","28.945","50.835","20.7","BUSHEHR, IR",,,,,,,"  186","H,,S"
"IRM00040858","2013-11-25","28.945","50.835","20.7","BUSHEHR, IR","    0",",,S","  224",",,S",,,"  188","H,,S"
"IRM00040858","2013-11-26","28.945","50.835","20.7","BUSHEHR, IR","    0",",,S","  236",",,S","  140",",,S","  188","H,,S"
"IRM00040858","2013-11-27","28.945","50.835","20.7","BUSHEHR, IR","    0",",,S","  240",",,S","  148",",,S","  199","H,,S"
"IRM00040858","2013-11-28","28.945","50.835","20.7","BUSHEHR, IR","    0",",,S","  240",",,S",,,"  196","H,,S"
"IRM00040858","2013-11-29","28.945","50.835","20.7","BUSHEHR, IR","    0",",,S",,,"  140",",,S","  204","H,,S"
"IRM00040858","2013-11-30","28.945","50.835","20.7","BUSHEHR, IR","    0",",,S","  266",",,S",,,"  216","H,,S"
"IRM00040858","2013-12-01","28.945","50.835","20.7","BUSHEHR, IR","    0",",,S","  250",",,S","  164",",,S","  207","H,,S"
"IRM00040858","2013-12-02","28.945","50.835","20.7","BUSHEHR, IR","    0",",,S","  234",",,S",,,"  200","H,,S"
"IRM00040858","2013-12-03","28.945","50.835","20.7","BUSHEHR, IR","    0",",,S","  230",",,S",,,"  188","H,,S"
"IRM00040858","2013-12-04","28.945","50.835","20.7","BUSHEHR, IR","    0",",,S",,,"  130",",,S","  198","H,,S"
"IRM00040858","2013-12-05","28.945","50.835","20.7","BUSHEHR, IR","    0",",,S","  268",",,S","  178",",,S","  224","H,,S"
"IRM00040858","2013-12-06","28.945","50.835","20.7","BUSHEHR, IR","    0",",,S","  260",",,S",,,"  224","H,,S"
"IRM00040858","2013-12-07","28.945","50.835","20.7","BUSHEHR, IR","    0",",,S",,,,,"  194","H,,S"
"IRM00040858","2013-12-08","28.945","50.835","20.7","BUSHEHR, IR","    0",",,S","  226",",,S",,,"  188","H,,S"
"IRM00040858","2013-12-09","28.945","50.835","20.7","BUSHEHR, IR","    0",",,S","  232",",,S","  146",",,S","  191","H,,S"
"IRM00040858","2013-12-10","28.945","50.835","20.7","BUSHEHR, IR","    0",",,S","  186",",,S",,,"  148","H,,S"
"IRM00040858","2013-12-11","28.945","50.835","20.7","BUSHEHR, IR","    0",",,S","  166",",,S","   86",",,S","  127","H,,S"
"IRM00040858","2013-12-12","28.945","50.835","20.7","BUSHEHR, IR","    0",",,S","  256",",,S","  120",",,S","  203","H,,S"
"IRM00040858","2013-12-13","28.945","50.835","20.7","BUSHEHR, IR","    0",",,S","  264",",,S","  210",",,S","  237","H,,S"
"IRM00040858","2013-12-14","28.945","50.835","20.7","BUSHEHR, IR","    0",",,S","  252",",,S",,,"  202","H,,S"
"IRM00040858","2013-12-15","28.945","50.835","20.7","BUSHEHR, IR","    3",",,S","  172",",,S",,,"  147","H,,S"
"IRM00040858","2013-12-16","28.945","50.835","20.7","BUSHEHR, IR","    0",",,S","  154",",,S","  100",",,S","  128","H,,S"
"IRM00040858","2013-12-17","28.945","50.835","20.7","BUSHEHR, IR","    0",",,S",,,,,"  136","H,,S"
"IRM00040858","2013-12-18","28.945","50.835","20.7","BUSHEHR, IR","    0",",,S","  174",",,S","  110",",,S","  142","H,,S"
"IRM00040858","2013-12-19","28.945","50.835","20.7","BUSHEHR, IR","    0",",,S","  206",",,S","  126",",,S","  159","H,,S"
"IRM00040858","2013-12-20","28.945","50.835","20.7","BUSHEHR, IR","    0",",,S","  178",",,S",,,"  156","H,,S"
"IRM00040858","2013-12-21","28.945","50.835","20.7","BUSHEHR, IR","    0",",,S","  174",",,S",,,"  143","H,,S"
"IRM00040858","2013-12-22","28.945","50.835","20.7","BUSHEHR, IR","    0",",,S","  170",",,S","  110",",,S","  141","H,,S"
"IRM00040858","2013-12-23","28.945","50.835","20.7","BUSHEHR, IR","    0",",,S","  200",",,S",,,"  147","H,,S"
"IRM00040858","2013-12-24","28.945","50.835","20.7","BUSHEHR, IR","    0",",,S","  228",",,S","   78",",,S","  151","H,,S"
"IRM00040858","2013-12-25","28.945","50.835","20.7","BUSHEHR, IR","    0",",,S","  190",",,S","   86",",,S","  147","H,,S"
"IRM00040858","2013-12-26","28.945","50.835","20.7","BUSHEHR, IR","    0",",,S","  170",",,S",,,"  136","H,,S"
"IRM00040858","2013-12-27","28.945","50.835","20.7","BUSHEHR, IR","    0",",,S","  180",",,S",,,"  129","H,,S"
"IRM00040858","2013-12-28","28.945","50.835","20.7","BUSHEHR, IR","    0",",,S","  178",",,S",,,"  126","H,,S"
"IRM00040858","2013-12-29","28.945","50.835","20.7","BUSHEHR, IR","    0",",,S","  190",",,S",,,"  131","H,,S"
"IRM00040858","2013-12-30","28.945","50.835","20.7","BUSHEHR, IR","    0",",,S","  236",",,S","   90",",,S","  173","H,,S"
"IRM00040858","2013-12-31","28.945","50.835","20.7","BUSHEHR, IR","    0",",,S","  192",",,S",,,"  153","H,,S"
"IRM00040858","2014-01-01","28.945","50.835","20.7","BUSHEHR, IR","   76",",,S",,,,,"  156","H,,S"
"IRM00040858","2014-01-02","28.945","50.835","20.7","BUSHEHR, IR","    5",",,S","  180",",,S","   60",",,S","  148","H,,S"
"IRM00040858","2014-01-03","28.945","50.835","20.7","BUSHEHR, IR","    0",",,S",,,,,"  146","H,,S"
"IRM00040858","2014-01-04","28.945","50.835","20.7","BUSHEHR, IR","    0",",,S","  180",",,S",,,"  143","H,,S"
"IRM00040858","2014-01-05","28.945","50.835","20.7","BUSHEHR, IR","   46",",,S",,,,,"  137","H,,S"
"IRM00040858","2014-01-06","28.945","50.835","20.7","BUSHEHR, IR","  594",",,S","  184",",,S","  118",",,S","  143","H,,S"
"IRM00040858","2014-01-07","28.945","50.835","20.7","BUSHEHR, IR","  371",",,S","  150",",,S","  106",",,S","  129","H,,S"
"IRM00040858","2014-01-08","28.945","50.835","20.7","BUSHEHR, IR","    5",",,S","  160",",,S",,,"  125","H,,S"
"IRM00040858","2014-01-09","28.945","50.835","20.7","BUSHEHR, IR","    0",",,S","  160",",,S","   88",",,S","  126","H,,S"
"IRM00040858","2014-01-10","28.945","50.835","20.7","BUSHEHR, IR","    0",",,S","  196",",,S","   80",",,S","  153","H,,S"
"IRM00040858","2014-01-11","28.945","50.835","20.7","BUSHEHR, IR","   15",",,S",,,,,"  143","H,,S"
"IRM00040858","2014-01-12","28.945","50.835","20.7","BUSHEHR, IR","  155",",,S","  156",",,S",,,"  132","H,,S"
"IRM00040858","2014-01-13","28.945","50.835","20.7","BUSHEHR, IR","    0",",,S","  158",",,S",,,"  127","H,,S"
"IRM00040858","2014-01-14","28.945","50.835","20.7","BUSHEHR, IR","    0",",,S",,,"   88",",,S","  112","H,,S"
"IRM00040858","2014-01-15","28.945","50.835","20.7","BUSHEHR, IR","    0",",,S","  164",",,S","   98",",,S","  133","H,,S"
"IRM00040858","2014-01-16","28.945","50.835","20.7","BUSHEHR, IR","    0",",,S","  180",",,S",,,"  150","H,,S"
"IRM00040858","2014-01-17","28.945","50.835","20.7","BUSHEHR, IR","    0",",,S","  228",",,S",,,"  158","H,,S"
"IRM00040858","2014-01-18","28.945","50.835","20.7","BUSHEHR, IR","  147",",,S","  180",",,S",,,"  145","H,,S"
"IRM00040858","2014-01-19","28.945","50.835","20.7","BUSHEHR, IR","  236",",,S","  162",",,S","  118",",,S","  142","H,,S"
"IRM00040858","2014-01-20","28.945","50.835","20.7","BUSHEHR, IR","    0",",,S","  172",",,S",,,"  150","H,,S"
"IRM00040858","2014-01-21","28.945","50.835","20.7","BUSHEHR, IR","    0",",,S","  182",",,S",,,"  147","H,,S"
"IRM00040858","2014-01-22","28.945","50.835","20.7","BUSHEHR, IR","    0",",,S","  178",",,S",,,"  142","H,,S"
"IRM00040858","2014-01-23","28.945","50.835","20.7","BUSHEHR, IR","    0",",,S","  196",",,S",,,"  147","H,,S"
"IRM00040858","2014-01-24","28.945","50.835","20.7","BUSHEHR, IR","    0",",,S","  226",",,S","  136",",,S","  177","H,,S"
"IRM00040858","2014-01-25","28.945","50.835","20.7","BUSHEHR, IR","    0",",,S",,,,,"  168","H,,S"
"IRM00040858","2014-01-26","28.945","50.835","20.7","BUSHEHR, IR","    0",",,S","  194",",,S",,,"  162","H,,S"
"IRM00040858","2014-01-27","28.945","50.835","20.7","BUSHEHR, IR","    0",",,S","  222",",,S",,,"  169","H,,S"
"IRM00040858","2014-01-28","28.945","50.835","20.7","BUSHEHR, IR","    0",",,S","  250",",,S","  136",",,S","  190","H,,S"
"IRM00040858","2014-01-29","28.945","50.835","20.7","BUSHEHR, IR","    0",",,S",,,,,"  196","H,,S"
"IRM00040858","2014-01-30","28.945","50.835","20.7","BUSHEHR, IR",,,,,,,"  182","H,,S"
"IRM00040858","2014-01-31","28.945","50.835","20.7","BUSHEHR, IR",,,,,,,"  173","H,,S"
"IRM00040858","2014-02-01","28.945","50.835","20.7","BUSHEHR, IR",,,,,,,"  162","H,,S"
"IRM00040858","2014-02-02","28.945","50.835","20.7","BUSHEHR, IR",,,,,,,"  152","H,,S"
"IRM00040858","2014-02-03","28.945","50.835","20.7","BUSHEHR, IR",,,,,,,"  147","H,,S"
"IRM00040858","2014-02-04","28.945","50.835","20.7","BUSHEHR, IR","   15",",,S",,,,,"  161","H,,S"
"IRM00040858","2014-02-05","28.945","50.835","20.7","BUSHEHR, IR","    0",",,S",,,,,"  130","H,,S"
"IRM00040858","2014-02-06","28.945","50.835","20.7","BUSHEHR, IR","    0",",,S","  144",",,S","   90",",,S","  114","H,,S"
"IRM00040858","2014-02-07","28.945","50.835","20.7","BUSHEHR, IR","    0",",,S","  162",",,S",,,"  129","H,,S"
"IRM00040858","2014-02-08","28.945","50.835","20.7","BUSHEHR, IR","    0",",,S","  170",",,S","  120",",,S","  145","H,,S"
"IRM00040858","2014-02-09","28.945","50.835","20.7","BUSHEHR, IR","    0",",,S","  164",",,S",,,"  142","H,,S"
"IRM00040858","2014-02-10","28.945","50.835","20.7","BUSHEHR, IR","    0",",,S","  184",",,S",,,"  142","H,,S"
"IRM00040858","2014-02-11","28.945","50.835","20.7","BUSHEHR, IR","    0",",,S","  176",",,S","   76",",,S","  138","H,,S"
"IRM00040858","2014-02-12","28.945","50.835","20.7","BUSHEHR, IR","    0",",,S","  180",",,S","   70",",,S","  138","H,,S"
"IRM00040858","2014-02-13","28.945","50.835","20.7","BUSHEHR, IR","    0",",,S","  188",",,S","   80",",,S","  137","H,,S"
"IRM00040858","2014-02-14","28.945","50.835","20.7","BUSHEHR, IR","    0",",,S","  202",",,S","   70",",,S","  143","H,,S"
"IRM00040858","2014-02-15","28.945","50.835","20.7","BUSHEHR, IR","    0",",,S","  212",",,S","   76",",,S","  149","H,,S"
"IRM00040858","2014-02-16","28.945","50.835","20.7","BUSHEHR, IR","    0","D,,S",,,"  130",",,S","  189","H,,S"
"IRM00040858","2014-02-17","28.945","50.835","20.7","BUSHEHR, IR","    3",",,S","  234",",,S",,,"  183","H,,S"
"IRM00040858","2014-02-18","28.945","50.835","20.7","BUSHEHR, IR","   18",",,S","  192",",,S",,,"  162","H,,S"
"IRM00040858","2014-02-19","28.945","50.835","20.7","BUSHEHR, IR","    0",",,S","  192",",,S",,,"  168","H,,S"
"IRM00040858","2014-02-20","28.945","50.835","20.7","BUSHEHR, IR",,,"  190",",,S",,,"  162","H,,S"
"IRM00040858","2014-02-21","28.945","50.835","20.7","BUSHEHR, IR","    0",",,S","  206",",,S","  110",",,S","  158","H,,S"
"IRM00040858","2014-02-22","28.945","50.835","20.7","BUSHEHR, IR","    0",",,S","  214",",,S",,,"  154","H,,S"
"IRM00040858","2014-02-23","28.945","50.835","20.7","BUSHEHR, IR","    0",",,S","  212",",,S","  100",",,S","  169","H,,S"
"IRM00040858","2014-02-24","28.945","50.835","20.7","BUSHEHR, IR","    0",",,S","  232",",,S","  158",",,S","  192","H,,S"
"IRM00040858","2014-02-25","28.945","50.835","20.7","BUSHEHR, IR","    0",",,S","  276",",,S","  170",",,S","  211","H,,S"
"IRM00040858","2014-02-26","28.945","50.835","20.7","BUSHEHR, IR",,,"  286",",,S",,,"  213","H,,S"
"IRM00040858","2014-02-27","28.945","50.835","20.7","BUSHEHR, IR","    0",",,S","  258",",,S",,,"  206","H,,S"
"IRM00040858","2014-02-28","28.945","50.835","20.7","BUSHEHR, IR","    0",",,S",,,"  166",",,S","  201","H,,S"
"IRM00040858","2014-03-01","28.945","50.835","20.7","BUSHEHR, IR","    0",",,S","  250",",,S","  180",",,S","  207","H,,S"
"IRM00040858","2014-03-02","28.945","50.835","20.7","BUSHEHR, IR","    0",",,S","  210",",,S",,,"  184","H,,S"
"IRM00040858","2014-03-03","28.945","50.835","20.7","BUSHEHR, IR","    0",",,S","  220",",,S","  136",",,S","  184","H,,S"
"IRM00040858","2014-03-04","28.945","50.835","20.7","BUSHEHR, IR","    0",",,S",,,"  156",",,S","  198","H,,S"
"IRM00040858","2014-03-05","28.945","50.835","20.7","BUSHEHR, IR","    0",",,S","  258",",,S","  140",",,S","  203","H,,S"
"IRM00040858","2014-03-06","28.945","50.835","20.7","BUSHEHR, IR","    0",",,S","  300",",,S","  160",",,S","  219","H,,S"
"IRM00040858","2014-03-07","28.945","50.835","20.7","BUSHEHR, IR","    0",",,S",,,"  133",",,S","  223","H,,S"
"IRM00040858","2014-03-08","28.945","50.835","20.7","BUSHEHR, IR","    0",",,S","  280",",,S","  162",",,S","  224","H,,S"
"IRM00040858","2014-03-09","28.945","50.835","20.7","BUSHEHR, IR","    0",",,S","  280",",,S","  188",",,S","  224","H,,S"
"IRM00040858","2014-03-10","28.945","50.835","20.7","BUSHEHR, IR","    8",",,S","  330",",,S","  200",",,S","  242","H,,S"
"IRM00040858","2014-03-11","28.945","50.835","20.7","BUSHEHR, IR","    0",",,S","  304",",,S","  210",",,S","  246","H,,S"
"IRM00040858","2014-03-12","28.945","50.835","20.7","BUSHEHR, IR","    0",",,S","  310",",,S",,,"  244","H,,S"
"IRM00040858","2014-03-13","28.945","50.835","20.7","BUSHEHR, IR","    0",",,S","  234",",,S","  166",",,S","  201","H,,S"
"IRM00040858","2014-03-14","28.945","50.835","20.7","BUSHEHR, IR","    0",",,S",,,,,"  208","H,,S"
"IRM00040858","2014-03-15","28.945","50.835","20.7","BUSHEHR, IR","    0",",,S","  228",",,S",,,"  181","H,,S"
"IRM00040858","2014-03-16","28.945","50.835","20.7","BUSHEHR, IR","   33",",,S","  190",",,S",,,"  166","H,,S"
"IRM00040858","2014-03-17","28.945","50.835","20.7","BUSHEHR, IR","    0",",,S","  214",",,S","  140",",,S","  186","H,,S"
"IRM00040858","2014-03-18","28.945","50.835","20.7","BUSHEHR, IR","    0",",,S","  230",",,S","  138",",,S","  183","H,,S"
"IRM00040858","2014-03-19","28.945","50.835","20.7","BUSHEHR, IR","    0",",,S","  260",",,S","  150",",,S","  206","H,,S"
"IRM00040858","2014-03-20","28.945","50.835","20.7","BUSHEHR, IR","    0",",,S","  250",",,S","  158",",,S","  208","H,,S"
"IRM00040858","2014-03-21","28.945","50.835","20.7","BUSHEHR, IR","    3",",,S","  270",",,S","  184",",,S","  221","H,,S"
"IRM00040858","2014-03-22","28.945","50.835","20.7","BUSHEHR, IR","    0",",,S","  244",",,S","  198",",,S","  216","H,,S"
"IRM00040858","2014-03-23","28.945","50.835","20.7","BUSHEHR, IR","    0",",,S","  248",",,S",,,"  205","H,,S"
"IRM00040858","2014-03-24","28.945","50.835","20.7","BUSHEHR, IR","    0",",,S","  258",",,S",,,"  204","H,,S"
"IRM00040858","2014-03-25","28.945","50.835","20.7","BUSHEHR, IR","    0",",,S",,,"  172",",,S","  212","H,,S"
"IRM00040858","2014-03-26","28.945","50.835","20.7","BUSHEHR, IR","    0",",,S","  260",",,S",,,"  207","H,,S"
"IRM00040858","2014-03-27","28.945","50.835","20.7","BUSHEHR, IR","    0",",,S","  250",",,S","  156",",,S","  211","H,,S"
"IRM00040858","2014-03-28","28.945","50.835","20.7","BUSHEHR, IR","    0",",,S","  252",",,S","  156",",,S","  217","H,,S"
"IRM00040858","2014-03-29","28.945","50.835","20.7","BUSHEHR, IR","    0",",,S","  270",",,S","  160",",,S","  227","H,,S"
"IRM00040858","2014-03-30","28.945","50.835","20.7","BUSHEHR, IR","    0",",,S","  290",",,S","  198",",,S","  241","H,,S"
"IRM00040858","2014-03-31","28.945","50.835","20.7","BUSHEHR, IR","    0",",,S","  298",",,S",,,"  237","H,,S"
"IRM00040858","2014-04-01","28.945","50.835","20.7","BUSHEHR, IR","    0",",,S","  224",",,S","  156",",,S","  191","H,,S"
"IRM00040858","2014-04-02","28.945","50.835","20.7","BUSHEHR, IR","    0",",,S",,,"  190",",,S","  214","H,,S"
"IRM00040858","2014-04-03","28.945","50.835","20.7","BUSHEHR, IR","   30",",,S",,,,,"  204","H,,S"
"IRM00040858","2014-04-04","28.945","50.835","20.7","BUSHEHR, IR","    0",",,S","  238",",,S",,,"  204","H,,S"
"IRM00040858","2014-04-05","28.945","50.835","20.7","BUSHEHR, IR","    0",",,S","  250",",,S",,,"  211","H,,S"
"IRM00040858","2014-04-06","28.945","50.835","20.7","BUSHEHR, IR","    0",",,S","  256",",,S",,,"  215","H,,S"
"IRM00040858","2014-04-07","28.945","50.835","20.7","BUSHEHR, IR","    0",",,S","  262",",,S",,,"  209","H,,S"
"IRM00040858","2014-04-08","28.945","50.835","20.7","BUSHEHR, IR","    0",",,S",,,"  128",",,S","  213","H,,S"
"IRM00040858","2014-04-09","28.945","50.835","20.7","BUSHEHR, IR","    0",",,S",,,,,"  238","H,,S"
"IRM00040858","2014-04-10","28.945","50.835","20.7","BUSHEHR, IR","    0",",,S","  302",",,S","  180",",,S","  262","H,,S"
"IRM00040858","2014-04-11","28.945","50.835","20.7","BUSHEHR, IR","    0",",,S","  334",",,S",,,"  274","H,,S"
"IRM00040858","2014-04-12","28.945","50.835","20.7","BUSHEHR, IR","    0",",,S","  282",",,S","  230",",,S","  253","H,,S"
"IRM00040858","2014-04-13","28.945","50.835","20.7","BUSHEHR, IR","    0",",,S","  272",",,S",,,"  250","H,,S"
"IRM00040858","2014-04-14","28.945","50.835","20.7","BUSHEHR, IR","    0",",,S","  322",",,S","  234",",,S","  285","H,,S"
"IRM00040858","2014-04-15","28.945","50.835","20.7","BUSHEHR, IR","    0",",,S","  332",",,S","  246",",,S","  271","H,,S"
"IRM00040858","2014-04-16","28.945","50.835","20.7","BUSHEHR, IR","    3",",,S",,,,,"  285","H,,S"
"IRM00040858","2014-04-17","28.945","50.835","20.7","BUSHEHR, IR","    0",",,S",,,,,"  277","H,,S"
"IRM00040858","2014-04-18","28.945","50.835","20.7","BUSHEHR, IR",,,,,,,"  291","H,,S"
"IRM00040858","2014-04-19","28.945","50.835","20.7","BUSHEHR, IR",,,,,,,"  278","H,,S"
"IRM00040858","2014-04-20","28.945","50.835","20.7","BUSHEHR, IR",,,,,,,"  263","H,,S"
"IRM00040858","2014-04-21","28.945","50.835","20.7","BUSHEHR, IR",,,,,,,"  265","H,,S"
"IRM00040858","2014-04-22","28.945","50.835","20.7","BUSHEHR, IR",,,,,"  226",",,S","  265","H,,S"
"IRM00040858","2014-04-23","28.945","50.835","20.7","BUSHEHR, IR",,,"  372",",,S","  230",",,S","  286","H,,S"
"IRM00040858","2014-04-24","28.945","50.835","20.7","BUSHEHR, IR","    0",",,S","  300",",,S","  246",",,S","  271","H,,S"
"IRM00040858","2014-04-25","28.945","50.835","20.7","BUSHEHR, IR","    0",",,S",,,,,"  268","H,,S"
"IRM00040858","2014-04-26","28.945","50.835","20.7","BUSHEHR, IR","    0",",,S","  360",",,S","  200",",,S","  283","H,,S"
"IRM00040858","2014-04-27","28.945","50.835","20.7","BUSHEHR, IR","    0",",,S",,,,,"  306","H,,S"
"IRM00040858","2014-04-28","28.945","50.835","20.7","BUSHEHR, IR","    0",",,S","  338",",,S","  260",",,S","  300","H,,S"
"IRM00040858","2014-04-29","28.945","50.835","20.7","BUSHEHR, IR","    0",",,S",,,"  256",",,S","  305","H,,S"
"IRM00040858","2014-04-30","28.945","50.835","20.7","BUSHEHR, IR",,,,,,,"  291","H,,S"
"IRM00040858","2014-05-01","28.945","50.835","20.7","BUSHEHR, IR","    0",",,S","  342",",,S","  256",",,S","  294","H,,S"
"IRM00040858","2014-05-02","28.945","50.835","20.7","BUSHEHR, IR",,,"  350",",,S","  240",",,S","  301","H,,S"
"IRM00040858","2014-05-03","28.945","50.835","20.7","BUSHEHR, IR","    0",",,S","  312",",,S",,,"  292","H,,S"
"IRM00040858","2014-05-04","28.945","50.835","20.7","BUSHEHR, IR","    0",",,S","  300",",,S",,,"  275","H,,S"
"IRM00040858","2014-05-05","28.945","50.835","20.7","BUSHEHR, IR",,,"  302",",,S","  218",",,S","  271","H,,S"
"IRM00040858","2014-05-06","28.945","50.835","20.7","BUSHEHR, IR","    0",",,S",,,"  210",",,S","  274","H,,S"
"IRM00040858","2014-05-07","28.945","50.835","20.7","BUSHEHR, IR","    0",",,S","  342",",,S","  196",",,S","  274","H,,S"
"IRM00040858","2014-05-08","28.945","50.835","20.7","BUSHEHR, IR","    0",",,S","  346",",,S","  210",",,S","  291","H,,S"
"IRM00040858","2014-05-09","28.945","50.835","20.7","BUSHEHR, IR","    0",",,S","  370",",,S","  228",",,S","  280","H,,S"
"IRM00040858","2014-05-10","28.945","50.835","20.7","BUSHEHR, IR","    0",",,S","  330",",,S","  264",",,S","  307","H,,S"
"IRM00040858","2014-05-11","28.945","50.835","20.7","BUSHEHR, IR","    0",",,S","  324",",,S",,,"  303","H,,S"
"IRM00040858","2014-05-12","28.945","50.835","20.7","BUSHEHR, IR","    0",",,S",,,,,"  307","H,,S"
"IRM00040858","2014-05-13","28.945","50.835","20.7","BUSHEHR, IR","    0",",,S","  362",",,S","  262",",,S","  313","H,,S"
"IRM00040858","2014-05-14","28.945","50.835","20.7","BUSHEHR, IR","    0",",,S","  330",",,S",,,"  288","H,,S"
"IRM00040858","2014-05-15","28.945","50.835","20.7","BUSHEHR, IR","    0",",,S","  310",",,S","  226",",,S","  283","H,,S"
"IRM00040858","2014-05-16","28.945","50.835","20.7","BUSHEHR, IR","    0",",,S","  316",",,S",,,"  279","H,,S"
"IRM00040858","2014-05-17","28.945","50.835","20.7","BUSHEHR, IR","    0",",,S","  322",",,S",,,"  286","H,,S"
"IRM00040858","2014-05-18","28.945","50.835","20.7","BUSHEHR, IR","    0",",,S","  340",",,S","  220",",,S","  289","H,,S"
"IRM00040858","2014-05-19","28.945","50.835","20.7","BUSHEHR, IR","    0",",,S","  372",",,S",,,"  296","H,,S"
"IRM00040858","2014-05-20","28.945","50.835","20.7","BUSHEHR, IR","    0",",,S","  358",",,S","  226",",,S","  298","H,,S"
"IRM00040858","2014-05-21","28.945","50.835","20.7","BUSHEHR, IR","    0",",,S","  364",",,S","  260",",,S","  307","H,,S"
"IRM00040858","2014-05-22","28.945","50.835","20.7","BUSHEHR, IR","    0",",,S","  372",",,S","  274",",,S","  308","H,,S"
"IRM00040858","2014-05-23","28.945","50.835","20.7","BUSHEHR, IR","    0",",,S","  374",",,S","  276",",,S","  332","H,,S"
"IRM00040858","2014-05-24","28.945","50.835","20.7","BUSHEHR, IR","    0",",,S","  360",",,S","  286",",,S","  327","H,,S"
"IRM00040858","2014-05-25","28.945","50.835","20.7","BUSHEHR, IR","    0",",,S","  372",",,S","  276",",,S","  332","H,,S"
"IRM00040858","2014-05-26","28.945","50.835","20.7","BUSHEHR, IR","    0",",,S","  350",",,S","  298",",,S","  324","H,,S"
"IRM00040858","2014-05-27","28.945","50.835","20.7","BUSHEHR, IR","    0",",,S",,,"  280",",,S","  326","H,,S"
"IRM00040858","2014-05-28","28.945","50.835","20.7","BUSHEHR, IR","    0",",,S","  410",",,S","  280",",,S","  332","H,,S"
"IRM00040858","2014-05-29","28.945","50.835","20.7","BUSHEHR, IR","    0",",,S","  376",",,S","  300",",,S","  331","H,,S"
"IRM00040858","2014-05-30","28.945","50.835","20.7","BUSHEHR, IR","    0",",,S",,,,,"  319","H,,S"
"IRM00040858","2014-05-31","28.945","50.835","20.7","BUSHEHR, IR","    0",",,S","  350",",,S","  268",",,S","  311","H,,S"
"IRM00040858","2014-06-01","28.945","50.835","20.7","BUSHEHR, IR","    0",",,S","  360",",,S","  268",",,S","  314","H,,S"
"IRM00040858","2014-06-02","28.945","50.835","20.7","BUSHEHR, IR","    0",",,S","  376",",,S","  250",",,S","  310","H,,S"
"IRM00040858","2014-06-03","28.945","50.835","20.7","BUSHEHR, IR","    0",",,S","  342",",,S","  266",",,S","  320","H,,S"
"IRM00040858","2014-06-04","28.945","50.835","20.7","BUSHEHR, IR","    0",",,S","  324",",,S",,,"  309","H,,S"
"IRM00040858","2014-06-05","28.945","50.835","20.7","BUSHEHR, IR","    0",",,S","  324",",,S","  280",",,S","  299","H,,S"
"IRM00040858","2014-06-06","28.945","50.835","20.7","BUSHEHR, IR","    0",",,S","  334",",,S","  270",",,S","  302","H,,S"
"IRM00040858","2014-06-07","28.945","50.835","20.7","BUSHEHR, IR","    0",",,S","  354",",,S","  262",",,S","  308","H,,S"
"IRM00040858","2014-06-08","28.945","50.835","20.7","BUSHEHR, IR","    0",",,S","  360",",,S","  248",",,S","  309","H,,S"
"IRM00040858","2014-06-09","28.945","50.835","20.7","BUSHEHR, IR","    0",",,S",,,"  270",",,S","  322","H,,S"
"IRM00040858","2014-06-10","28.945","50.835","20.7","BUSHEHR, IR","    0",",,S","  376",",,S","  284",",,S","  332","H,,S"
"IRM00040858","2014-06-11","28.945","50.835","20.7","BUSHEHR, IR","    0",",,S","  372",",,S",,,"  339","H,,S"
"IRM00040858","2014-06-12","28.945","50.835","20.7","BUSHEHR, IR","    0",",,S",,,,,"  331","H,,S"
"IRM00040858","2014-06-13","28.945","50.835","20.7","BUSHEHR, IR","    0",",,S","  346",",,S",,,"  315","H,,S"
"IRM00040858","2014-06-14","28.945","50.835","20.7","BUSHEHR, IR","    0",",,S","  352",",,S","  280",",,S","  317","H,,S"
"IRM00040858","2014-06-15","28.945","50.835","20.7","BUSHEHR, IR","    0",",,S","  344",",,S",,,"  313","H,,S"
"IRM00040858","2014-06-16","28.945","50.835","20.7","BUSHEHR, IR","    0",",,S","  342",",,S","  262",",,S","  311","H,,S"
"IRM00040858","2014-06-17","28.945","50.835","20.7","BUSHEHR, IR","    0",",,S",,,"  278",",,S","  313","H,,S"
"IRM00040858","2014-06-18","28.945","50.835","20.7","BUSHEHR, IR","    0",",,S","  344",",,S",,,"  310","H,,S"
"IRM00040858","2014-06-19","28.945","50.835","20.7","BUSHEHR, IR","    0",",,S","  344",",,S","  262",",,S","  311","H,,S"
"IRM00040858","2014-06-20","28.945","50.835","20.7","BUSHEHR, IR","    0",",,S","  374",",,S","  260",",,S","  314","H,,S"
"IRM00040858","2014-06-21","28.945","50.835","20.7","BUSHEHR, IR","    0",",,S",,,"  258",",,S","  315","H,,S"
"IRM00040858","2014-06-22","28.945","50.835","20.7","BUSHEHR, IR","    0",",,S","  350",",,S","  270",",,S","  318","H,,S"
"IRM00040858","2014-06-23","28.945","50.835","20.7","BUSHEHR, IR","    0",",,S",,,"  300",",,S","  336","H,,S"
"IRM00040858","2014-06-24","28.945","50.835","20.7","BUSHEHR, IR","    0",",,S","  350",",,S",,,"  321","H,,S"
"IRM00040858","2014-06-25","28.945","50.835","20.7","BUSHEHR, IR","    0",",,S","  348",",,S",,,"  314","H,,S"
"IRM00040858","2014-06-26","28.945","50.835","20.7","BUSHEHR, IR","    0",",,S","  360",",,S",,,"  321","H,,S"
"IRM00040858","2014-06-27","28.945","50.835","20.7","BUSHEHR, IR","    0",",,S",,,,,"  331","H,,S"
"IRM00040858","2014-06-28","28.945","50.835","20.7","BUSHEHR, IR","    0",",,S",,,"  260",",,S","  329","H,,S"
"IRM00040858","2014-06-29","28.945","50.835","20.7","BUSHEHR, IR","    0",",,S","  370",",,S","  266",",,S","  328","H,,S"
"IRM00040858","2014-06-30","28.945","50.835","20.7","BUSHEHR, IR","    0",",,S","  386",",,S","  286",",,S","  328","H,,S"
"IRM00040858","2014-07-01","28.945","50.835","20.7","BUSHEHR, IR","    0",",,S","  370",",,S","  266",",,S","  323","H,,S"
"IRM00040858","2014-07-02","28.945","50.835","20.7","BUSHEHR, IR","    0",",,S","  370",",,S","  290",",,S","  332","H,,S"
"IRM00040858","2014-07-03","28.945","50.835","20.7","BUSHEHR, IR","    0",",,S",,,,,"  326","H,,S"
"IRM00040858","2014-07-04","28.945","50.835","20.7","BUSHEHR, IR","    0",",,S","  390",",,S","  290",",,S","  334","H,,S"
"IRM00040858","2014-07-05","28.945","50.835","20.7","BUSHEHR, IR","    0",",,S",,,,,"  339","H,,S"
"IRM00040858","2014-07-06","28.945","50.835","20.7","BUSHEHR, IR","    0",",,S","  374",",,S",,,"  339","H,,S"
"IRM00040858","2014-07-07","28.945","50.835","20.7","BUSHEHR, IR","    0",",,S","  382",",,S",,,"  337","H,,S"
"IRM00040858","2014-07-08","28.945","50.835","20.7","BUSHEHR, IR","    0",",,S","  388",",,S","  280",",,S","  348","H,,S"
"IRM00040858","2014-07-09","28.945","50.835","20.7","BUSHEHR, IR","    0",",,S",,,"  314",",,S","  352","H,,S"
"IRM00040858","2014-07-10","28.945","50.835","20.7","BUSHEHR, IR","    0",",,S","  374",",,S","  310",",,S","  348","H,,S"
"IRM00040858","2014-07-11","28.945","50.835","20.7","BUSHEHR, IR","    0",",,S",,,,,"  332","H,,S"
"IRM00040858","2014-07-12","28.945","50.835","20.7","BUSHEHR, IR","    0",",,S",,,"  270",",,S","  328","H,,S"
"IRM00040858","2014-07-13","28.945","50.835","20.7","BUSHEHR, IR","    0",",,S","  374",",,S","  292",",,S","  339","H,,S"
"IRM00040858","2014-07-14","28.945","50.835","20.7","BUSHEHR, IR","    0",",,S","  370",",,S",,,"  346","H,,S"
"IRM00040858","2014-07-15","28.945","50.835","20.7","BUSHEHR, IR","    0",",,S","  372",",,S",,,"  339","H,,S"
"IRM00040858","2014-07-16","28.945","50.835","20.7","BUSHEHR, IR","    0",",,S","  368",",,S","  266",",,S","  327","H,,S"
"IRM00040858","2014-07-17","28.945","50.835","20.7","BUSHEHR, IR","    0",",,S","  380",",,S",,,"  336","H,,S"
"IRM00040858","2014-07-18","28.945","50.835","20.7","BUSHEHR, IR","    0",",,S","  382",",,S","  318",",,S","  346","H,,S"
"IRM00040858","2014-07-19","28.945","50.835","20.7","BUSHEHR, IR","    0",",,S","  370",",,S","  300",",,S","  340","H,,S"
"IRM00040858","2014-07-20","28.945","50.835","20.7","BUSHEHR, IR","    0",",,S",,,"  314",",,S","  347","H,,S"
"IRM00040858","2014-07-21","28.945","50.835","20.7","BUSHEHR, IR","    0",",,S","  384",",,S",,,"  341","H,,S"
"IRM00040858","2014-07-22","28.945","50.835","20.7","BUSHEHR, IR","    0",",,S","  384",",,S","  288",",,S","  346","H,,S"
"IRM00040858","2014-07-23","28.945","50.835","20.7","BUSHEHR, IR","    0",",,S","  358",",,S",,,"  333","H,,S"
"IRM00040858","2014-07-24","28.945","50.835","20.7","BUSHEHR, IR","    0",",,S",,,,,"  331","H,,S"
"IRM00040858","2014-07-25","28.945","50.835","20.7","BUSHEHR, IR","    0",",,S","  364",",,S","  290",",,S","  334","H,,S"
"IRM00040858","2014-07-26","28.945","50.835","20.7","BUSHEHR, IR","    0",",,S","  370",",,S",,,"  346","H,,S"
"IRM00040858","2014-07-27","28.945","50.835","20.7","BUSHEHR, IR","    0",",,S","  370",",,S","  290",",,S","  340","H,,S"
"IRM00040858","2014-07-28","28.945","50.835","20.7","BUSHEHR, IR","    0",",,S","  368",",,S","  290",",,S","  343","H,,S"
"IRM00040858","2014-07-29","28.945","50.835","20.7","BUSHEHR, IR","    0",",,S","  364",",,S",,,"  328","H,,S"
"IRM00040858","2014-07-30","28.945","50.835","20.7","BUSHEHR, IR","    0",",,S","  400",",,S","  270",",,S","  330","H,,S"
"IRM00040858","2014-07-31","28.945","50.835","20.7","BUSHEHR, IR","    0",",,S",,,,,"  328","H,,S"
"IRM00040858","2014-08-01","28.945","50.835","20.7","BUSHEHR, IR","    0",",,S","  372",",,S","  278",",,S","  327","H,,S"
"IRM00040858","2014-08-02","28.945","50.835","20.7","BUSHEHR, IR","    0",",,S","  374",",,S","  290",",,S","  336","H,,S"
"IRM00040858","2014-08-03","28.945","50.835","20.7","BUSHEHR, IR","    0",",,S",,,"  288",",,S","  341","H,,S"
"IRM00040858","2014-08-04","28.945","50.835","20.7","BUSHEHR, IR","    0",",,S","  382",",,S","  300",",,S","  353","H,,S"
"IRM00040858","2014-08-05","28.945","50.835","20.7","BUSHEHR, IR","    0",",,S","  370",",,S",,,"  345","H,,S"
"IRM00040858","2014-08-06","28.945","50.835","20.7","BUSHEHR, IR","    0",",,S","  354",",,S","  266",",,S","  333","H,,S"
"IRM00040858","2014-08-07","28.945","50.835","20.7","BUSHEHR, IR","    0",",,S","  368",",,S","  280",",,S","  329","H,,S"
"IRM00040858","2014-08-08","28.945","50.835","20.7","BUSHEHR, IR","    0",",,S","  368",",,S","  288",",,S","  333","H,,S"
"IRM00040858","2014-08-09","28.945","50.835","20.7","BUSHEHR, IR","    0",",,S","  364",",,S","  294",",,S","  340","H,,S"
"IRM00040858","2014-08-10","28.945","50.835","20.7","BUSHEHR, IR","    0",",,S","  364",",,S",,,"  330","H,,S"
"IRM00040858","2014-08-11","28.945","50.835","20.7","BUSHEHR, IR","    0",",,S","  364",",,S","  280",",,S","  328","H,,S"
"IRM00040858","2014-08-12","28.945","50.835","20.7","BUSHEHR, IR","    0",",,S",,,"  310",",,S","  336","H,,S"
"IRM00040858","2014-08-13","28.945","50.835","20.7","BUSHEHR, IR","    0",",,S","  368",",,S","  290",",,S","  328","H,,S"
"IRM00040858","2014-08-14","28.945","50.835","20.7","BUSHEHR, IR","    0",",,S","  364",",,S",,,"  328","H,,S"
"IRM00040858","2014-08-15","28.945","50.835","20.7","BUSHEHR, IR","    0",",,S","  372",",,S","  300",",,S","  336","H,,S"
"IRM00040858","2014-08-16","28.945","50.835","20.7","BUSHEHR, IR","    0",",,S","  374",",,S",,,"  339","H,,S"
"IRM00040858","2014-08-17","28.945","50.835","20.7","BUSHEHR, IR","    0",",,S","  414",",,S",,,"  350","H,,S"
"IRM00040858","2014-08-18","28.945","50.835","20.7","BUSHEHR, IR","    0",",,S","  398",",,S",,,"  347","H,,S"
"IRM00040858","2014-08-19","28.945","50.835","20.7","BUSHEHR, IR","    0",",,S","  392",",,S","  310",",,S","  354","H,,S"
"IRM00040858","2014-08-20","28.945","50.835","20.7","BUSHEHR, IR","    0",",,S","  380",",,S","  310",",,S","  346","H,,S"
"IRM00040858","2014-08-21","28.945","50.835","20.7","BUSHEHR, IR","    0",",,S","  370",",,S","  314",",,S","  344","H,,S"
"IRM00040858","2014-08-22","28.945","50.835","20.7","BUSHEHR, IR","    0",",,S","  394",",,S","  310",",,S","  350","H,,S"
"IRM00040858","2014-08-23","28.945","50.835","20.7","BUSHEHR, IR","    0",",,S","  390",",,S",,,"  349","H,,S"
"IRM00040858","2014-08-24","28.945","50.835","20.7","BUSHEHR, IR","    0",",,S","  388",",,S",,,"  346","H,,S"
"IRM00040858","2014-08-25","28.945","50.835","20.7","BUSHEHR, IR","    0",",,S","  370",",,S",,,"  340","H,,S"
"IRM00040858","2014-08-26","28.945","50.835","20.7","BUSHEHR, IR","    0",",,S","  370",",,S",,,"  337","H,,S"
"IRM00040858","2014-08-27","28.945","50.835","20.7","BUSHEHR, IR","    0",",,S","  372",",,S",,,"  333","H,,S"
"IRM00040858","2014-08-28","28.945","50.835","20.7","BUSHEHR, IR","    0",",,S","  376",",,S","  290",",,S","  333","H,,S"
"IRM00040858","2014-08-29","28.945","50.835","20.7","BUSHEHR, IR","    0",",,S","  372",",,S",,,"  337","H,,S"
"IRM00040858","2014-08-30","28.945","50.835","20.7","BUSHEHR, IR","    0",",,S","  376",",,S","  290",",,S","  334","H,,S"
"IRM00040858","2014-08-31","28.945","50.835","20.7","BUSHEHR, IR","    0",",,S","  372",",,S",,,"  332","H,,S"
"IRM00040858","2014-09-01","28.945","50.835","20.7","BUSHEHR, IR","    0",",,S","  384",",,S","  288",",,S","  341","H,,S"
"IRM00040858","2014-09-02","28.945","50.835","20.7","BUSHEHR, IR","    0",",,S",,,"  284",",,S","  338","H,,S"
"IRM00040858","2014-09-03","28.945","50.835","20.7","BUSHEHR, IR","    0",",,S",,,"  290",",,S","  337","H,,S"
"IRM00040858","2014-09-04","28.945","50.835","20.7","BUSHEHR, IR","    0",",,S","  380",",,S","  288",",,S","  335","H,,S"
"IRM00040858","2014-09-05","28.945","50.835","20.7","BUSHEHR, IR","    0",",,S","  390",",,S","  300",",,S","  358","H,,S"
"IRM00040858","2014-09-06","28.945","50.835","20.7","BUSHEHR, IR","    0",",,S","  374",",,S",,,"  341","H,,S"
"IRM00040858","2014-09-07","28.945","50.835","20.7","BUSHEHR, IR","    0",",,S","  376",",,S","  264",",,S","  337","H,,S"
"IRM00040858","2014-09-08","28.945","50.835","20.7","BUSHEHR, IR","    0",",,S","  410",",,S","  294",",,S","  349","H,,S"
"IRM00040858","2014-09-09","28.945","50.835","20.7","BUSHEHR, IR","    0",",,S","  380",",,S",,,"  349","H,,S"
"IRM00040858","2014-09-10","28.945","50.835","20.7","BUSHEHR, IR","    0",",,S","  362",",,S","  264",",,S","  336","H,,S"
"IRM00040858","2014-09-11","28.945","50.835","20.7","BUSHEHR, IR","    0",",,S","  362",",,S",,,"  322","H,,S"
"IRM00040858","2014-09-12","28.945","50.835","20.7","BUSHEHR, IR","    0",",,S",,,"  250",",,S","  308","H,,S"
"IRM00040858","2014-09-13","28.945","50.835","20.7","BUSHEHR, IR","    0",",,S","  360",",,S","  238",",,S","  310","H,,S"
"IRM00040858","2014-09-14","28.945","50.835","20.7","BUSHEHR, IR","    0",",,S","  364",",,S","  268",",,S","  321","H,,S"
"IRM00040858","2014-09-15","28.945","50.835","20.7","BUSHEHR, IR","    0",",,S","  362",",,S","  258",",,S","  314","H,,S"
"IRM00040858","2014-09-16","28.945","50.835","20.7","BUSHEHR, IR","    0",",,S","  370",",,S","  258",",,S","  316","H,,S"
"IRM00040858","2014-09-17","28.945","50.835","20.7","BUSHEHR, IR","    0",",,S","  374",",,S","  268",",,S","  323","H,,S"
"IRM00040858","2014-09-18","28.945","50.835","20.7","BUSHEHR, IR","    0",",,S",,,,,"  324","H,,S"
"IRM00040858","2014-09-19","28.945","50.835","20.7","BUSHEHR, IR","    0",",,S","  360",",,S","  240",",,S","  311","H,,S"
"IRM00040858","2014-09-20","28.945","50.835","20.7","BUSHEHR, IR","    0",",,S",,,"  244",",,S","  310","H,,S"
"IRM00040858","2014-09-21","28.945","50.835","20.7","BUSHEHR, IR","    0",",,S","  362",",,S",,,"  309","H,,S"
"IRM00040858","2014-09-22","28.945","50.835","20.7","BUSHEHR, IR","    0",",,S","  354",",,S",,,"  311","H,,S"
"IRM00040858","2014-09-23","28.945","50.835","20.7","BUSHEHR, IR","    0",",,S","  376",",,S","  240",",,S","  330","H,,S"
"IRM00040858","2014-09-24","28.945","50.835","20.7","BUSHEHR, IR","    0",",,S","  362",",,S","  308",",,S","  331","H,,S"
"IRM00040858","2014-09-25","28.945","50.835","20.7","BUSHEHR, IR","    0",",,S","  350",",,S",,,"  299","H,,S"
"IRM00040858","2014-09-26","28.945","50.835","20.7","BUSHEHR, IR","    0",",,S","  350",",,S","  240",",,S","  304","H,,S"
"IRM00040858","2014-09-27","28.945","50.835","20.7","BUSHEHR, IR","    0",",,S","  350",",,S","  246",",,S","  307","H,,S"
"IRM00040858","2014-09-28","28.945","50.835","20.7","BUSHEHR, IR","    0",",,S","  356",",,S","  252",",,S","  302","H,,S"
"IRM00040858","2014-09-29","28.945","50.835","20.7","BUSHEHR, IR","    0",",,S","  350",",,S","  246",",,S","  299","H,,S"
"IRM00040858","2014-09-30","28.945","50.835","20.7","BUSHEHR, IR","    0",",,S","  344",",,S","  242",",,S","  301","H,,S"
"IRM00040858","2014-10-01","28.945","50.835","20.7","BUSHEHR, IR","    0",",,S","  352",",,S","  250",",,S","  304","H,,S"
"IRM00040858","2014-10-02","28.945","50.835","20.7","BUSHEHR, IR","    0",",,S","  354",",,S",,,"  311","H,,S"
"IRM00040858","2014-10-03","28.945","50.835","20.7","BUSHEHR, IR","    0",",,S","  364",",,S","  244",",,S","  308","H,,S"
"IRM00040858","2014-10-04","28.945","50.835","20.7","BUSHEHR, IR","    0",",,S","  344",",,S","  256",",,S","  318","H,,S"
"IRM00040858","2014-10-05","28.945","50.835","20.7","BUSHEHR, IR","    0",",,S","  356",",,S","  270",",,S","  315","H,,S"
"IRM00040858","2014-10-06","28.945","50.835","20.7","BUSHEHR, IR","    0",",,S","  370",",,S",,,"  314","H,,S"
"IRM00040858","2014-10-07","28.945","50.835","20.7","BUSHEHR, IR","    0",",,S","  344",",,S","  256",",,S","  312","H,,S"
"IRM00040858","2014-10-08","28.945","50.835","20.7","BUSHEHR, IR","    0",",,S","  334",",,S",,,"  297","H,,S"
"IRM00040858","2014-10-09","28.945","50.835","20.7","BUSHEHR, IR","    0",",,S","  354",",,S",,,"  292","H,,S"
"IRM00040858","2014-10-10","28.945","50.835","20.7","BUSHEHR, IR","    0",",,S","  332",",,S","  226",",,S","  282","H,,S"
"IRM00040858","2014-10-11","28.945","50.835","20.7","BUSHEHR, IR","    0",",,S","  340",",,S",,,"  284","H,,S"
"IRM00040858","2014-10-12","28.945","50.835","20.7","BUSHEHR, IR","    0",",,S","  330",",,S","  246",",,S","  292","H,,S"
"IRM00040858","2014-10-13","28.945","50.835","20.7","BUSHEHR, IR","    0",",,S","  340",",,S","  226",",,S","  292","H,,S"
"IRM00040858","2014-10-14","28.945","50.835","20.7","BUSHEHR, IR","    0",",,S",,,,,"  298","H,,S"
"IRM00040858","2014-10-15","28.945","50.835","20.7","BUSHEHR, IR","    0",",,S","  334",",,S",,,"  292","H,,S"
"IRM00040858","2014-10-16","28.945","50.835","20.7","BUSHEHR, IR","    0",",,S",,,"  250",",,S","  288","H,,S"
"IRM00040858","2014-10-17","28.945","50.835","20.7","BUSHEHR, IR","    0",",,S","  336",",,S","  236",",,S","  293","H,,S"
"IRM00040858","2014-10-18","28.945","50.835","20.7","BUSHEHR, IR","    0",",,S","  316",",,S",,,"  291","H,,S"
"IRM00040858","2014-10-19","28.945","50.835","20.7","BUSHEHR, IR","    0",",,S","  320",",,S","  226",",,S","  276","H,,S"
"IRM00040858","2014-10-20","28.945","50.835","20.7","BUSHEHR, IR","    0",",,S","  370",",,S","  250",",,S","  308","H,,S"
"IRM00040858","2014-10-21","28.945","50.835","20.7","BUSHEHR, IR","    0",",,S","  354",",,S",,,"  297","H,,S"
"IRM00040858","2014-10-22","28.945","50.835","20.7","BUSHEHR, IR","    0",",,S","  284",",,S",,,"  257","H,,S"
"IRM00040858","2014-10-23","28.945","50.835","20.7","BUSHEHR, IR","    0",",,S","  280",",,S",,,"  248","H,,S"
"IRM00040858","2014-10-24","28.945","50.835","20.7","BUSHEHR, IR","    0",",,S",,,"  190",",,S","  243","H,,S"
"IRM00040858","2014-10-25","28.945","50.835","20.7","BUSHEHR, IR","    0",",,S","  302",",,S","  170",",,S","  252","H,,S"
"IRM00040858","2014-10-26","28.945","50.835","20.7","BUSHEHR, IR","    0",",,S","  306",",,S",,,"  258","H,,S"
"IRM00040858","2014-10-27","28.945","50.835","20.7","BUSHEHR, IR","    0",",,S","  308",",,S","  190",",,S","  266","H,,S"
"IRM00040858","2014-10-28","28.945","50.835","20.7","BUSHEHR, IR","    0",",,S",,,"  196",",,S","  268","H,,S"
"IRM00040858","2014-10-29","28.945","50.835","20.7","BUSHEHR, IR","    0",",,S","  320",",,S","  232",",,S","  278","H,,S"
"IRM00040858","2014-10-30","28.945","50.835","20.7","BUSHEHR, IR","    0",",,S","  324",",,S",,,"  264","H,,S"
"IRM00040858","2014-10-31","28.945","50.835","20.7","BUSHEHR, IR","    0",",,S","  340",",,S","  232",",,S","  281","H,,S"
"IRM00040858","2014-11-01","28.945","50.835","20.7","BUSHEHR, IR","  302",",,S","  286",",,S","  186",",,S","  241","H,,S"
"IRM00040858","2014-11-02","28.945","50.835","20.7","BUSHEHR, IR","    0",",,S","  286",",,S","  208",",,S","  246","H,,S"
"IRM00040858","2014-11-03","28.945","50.835","20.7","BUSHEHR, IR","    0",",,S","  284",",,S","  196",",,S","  241","H,,S"
"IRM00040858","2014-11-04","28.945","50.835","20.7","BUSHEHR, IR","    0",",,S","  320",",,S","  196",",,S","  260","H,,S"
"IRM00040858","2014-11-05","28.945","50.835","20.7","BUSHEHR, IR","    0",",,S",,,,,"  231","H,,S"
"IRM00040858","2014-11-06","28.945","50.835","20.7","BUSHEHR, IR",,,,,,,"  203","H,,S"
"IRM00040858","2014-11-07","28.945","50.835","20.7","BUSHEHR, IR",,,,,,,"  203","H,,S"
"IRM00040858","2014-11-08","28.945","50.835","20.7","BUSHEHR, IR",,,,,,,"  217","H,,S"
"IRM00040858","2014-11-09","28.945","50.835","20.7","BUSHEHR, IR",,,,,,,"  228","H,,S"
"IRM00040858","2014-11-10","28.945","50.835","20.7","BUSHEHR, IR",,,,,,,"  214","H,,S"
"IRM00040858","2014-11-11","28.945","50.835","20.7","BUSHEHR, IR",,,,,,,"  206","H,,S"
"IRM00040858","2014-11-12","28.945","50.835","20.7","BUSHEHR, IR",,,,,,,"  198","H,,S"
"IRM00040858","2014-11-13","28.945","50.835","20.7","BUSHEHR, IR",,,,,,,"  212","H,,S"
"IRM00040858","2014-11-14","28.945","50.835","20.7","BUSHEHR, IR",,,,,,,"  219","H,,S"
"IRM00040858","2014-11-15","28.945","50.835","20.7","BUSHEHR, IR",,,,,,,"  223","H,,S"
"IRM00040858","2014-11-16","28.945","50.835","20.7","BUSHEHR, IR",,,,,,,"  218","H,,S"
"IRM00040858","2014-11-17","28.945","50.835","20.7","BUSHEHR, IR",,,,,,,"  225","H,,S"
"IRM00040858","2014-11-18","28.945","50.835","20.7","BUSHEHR, IR",,,,,,,"  223","H,,S"
"IRM00040858","2014-11-19","28.945","50.835","20.7","BUSHEHR, IR",,,,,,,"  225","H,,S"
"IRM00040858","2014-11-20","28.945","50.835","20.7","BUSHEHR, IR",,,,,,,"  221","H,,S"
"IRM00040858","2014-11-21","28.945","50.835","20.7","BUSHEHR, IR",,,,,,,"  218","H,,S"
"IRM00040858","2014-11-22","28.945","50.835","20.7","BUSHEHR, IR",,,,,,,"  238","H,,S"
"IRM00040858","2014-11-23","28.945","50.835","20.7","BUSHEHR, IR",,,,,,,"  222","H,,S"
"IRM00040858","2014-11-24","28.945","50.835","20.7","BUSHEHR, IR",,,,,,,"  218","H,,S"
"IRM00040858","2014-11-25","28.945","50.835","20.7","BUSHEHR, IR",,,,,,,"  198","H,,S"
"IRM00040858","2014-11-26","28.945","50.835","20.7","BUSHEHR, IR",,,,,,,"  193","H,,S"
"IRM00040858","2014-11-27","28.945","50.835","20.7","BUSHEHR, IR",,,,,,,"  186","H,,S"
"IRM00040858","2014-11-28","28.945","50.835","20.7","BUSHEHR, IR",,,,,,,"  197","H,,S"
"IRM00040858","2014-11-29","28.945","50.835","20.7","BUSHEHR, IR",,,,,,,"  185","H,,S"
"IRM00040858","2014-11-30","28.945","50.835","20.7","BUSHEHR, IR",,,,,,,"  165","H,,S"
"IRM00040858","2014-12-01","28.945","50.835","20.7","BUSHEHR, IR",,,,,,,"  161","H,,S"
"IRM00040858","2014-12-02","28.945","50.835","20.7","BUSHEHR, IR",,,,,,,"  161","H,,S"
"IRM00040858","2014-12-03","28.945","50.835","20.7","BUSHEHR, IR",,,,,,,"  185","H,,S"
"IRM00040858","2014-12-04","28.945","50.835","20.7","BUSHEHR, IR",,,,,,,"  187","H,,S"
"IRM00040858","2014-12-05","28.945","50.835","20.7","BUSHEHR, IR",,,,,,,"  186","H,,S"
"IRM00040858","2014-12-06","28.945","50.835","20.7","BUSHEHR, IR",,,,,,,"  180","H,,S"
"IRM00040858","2014-12-07","28.945","50.835","20.7","BUSHEHR, IR",,,,,,,"  183","H,,S"
"IRM00040858","2014-12-08","28.945","50.835","20.7","BUSHEHR, IR",,,,,,,"  182","H,,S"
"IRM00040858","2014-12-09","28.945","50.835","20.7","BUSHEHR, IR",,,,,,,"  181","H,,S"
"IRM00040858","2014-12-10","28.945","50.835","20.7","BUSHEHR, IR",,,,,,,"  182","H,,S"
"IRM00040858","2014-12-11","28.945","50.835","20.7","BUSHEHR, IR",,,,,,,"  197","H,,S"
"IRM00040858","2014-12-12","28.945","50.835","20.7","BUSHEHR, IR",,,,,,,"  186","H,,S"
"IRM00040858","2014-12-13","28.945","50.835","20.7","BUSHEHR, IR",,,,,,,"  204","H,,S"
"IRM00040858","2014-12-14","28.945","50.835","20.7","BUSHEHR, IR",,,,,,,"  204","H,,S"
"IRM00040858","2014-12-15","28.945","50.835","20.7","BUSHEHR, IR",,,,,,,"  208","H,,S"
"IRM00040858","2014-12-16","28.945","50.835","20.7","BUSHEHR, IR",,,,,,,"  206","H,,S"
"IRM00040858","2014-12-19","28.945","50.835","20.7","BUSHEHR, IR",,,,,,,"  165","H,,S"
"IRM00040858","2014-12-20","28.945","50.835","20.7","BUSHEHR, IR",,,,,,,"  184","H,,S"
"IRM00040858","2014-12-21","28.945","50.835","20.7","BUSHEHR, IR",,,,,,,"  198","H,,S"
"IRM00040858","2014-12-22","28.945","50.835","20.7","BUSHEHR, IR",,,,,,,"  183","H,,S"
"IRM00040858","2014-12-23","28.945","50.835","20.7","BUSHEHR, IR",,,,,,,"  167","H,,S"
"IRM00040858","2014-12-25","28.945","50.835","20.7","BUSHEHR, IR",,,,,,,"  162","H,,S"
"IRM00040858","2014-12-26","28.945","50.835","20.7","BUSHEHR, IR",,,,,,,"  162","H,,S"
"IRM00040858","2014-12-27","28.945","50.835","20.7","BUSHEHR, IR",,,,,,,"  174","H,,S"
"IRM00040858","2015-01-05","28.945","50.835","20.7","BUSHEHR, IR",,,,,,,"  224","H,,S"
"IRM00040858","2015-01-06","28.945","50.835","20.7","BUSHEHR, IR",,,,,,,"  202","H,,S"
"IRM00040858","2015-01-07","28.945","50.835","20.7","BUSHEHR, IR",,,,,,,"  202","H,,S"
"IRM00040858","2015-01-08","28.945","50.835","20.7","BUSHEHR, IR",,,,,,,"  181","H,,S"
"IRM00040858","2015-01-09","28.945","50.835","20.7","BUSHEHR, IR",,,,,,,"  144","H,,S"
"IRM00040858","2015-01-10","28.945","50.835","20.7","BUSHEHR, IR",,,,,,,"  156","H,,S"
"IRM00040858","2015-01-11","28.945","50.835","20.7","BUSHEHR, IR",,,,,,,"  146","H,,S"
"IRM00040858","2015-01-12","28.945","50.835","20.7","BUSHEHR, IR",,,,,,,"  139","H,,S"
"IRM00040858","2015-01-13","28.945","50.835","20.7","BUSHEHR, IR",,,,,,,"  144","H,,S"
"IRM00040858","2015-01-14","28.945","50.835","20.7","BUSHEHR, IR",,,,,,,"  147","H,,S"
"IRM00040858","2015-01-15","28.945","50.835","20.7","BUSHEHR, IR",,,,,,,"  159","H,,S"
"IRM00040858","2015-01-16","28.945","50.835","20.7","BUSHEHR, IR",,,,,,,"  178","H,,S"
"IRM00040858","2015-01-17","28.945","50.835","20.7","BUSHEHR, IR",,,,,,,"  169","H,,S"
"IRM00040858","2015-01-18","28.945","50.835","20.7","BUSHEHR, IR",,,,,,,"  151","H,,S"
"IRM00040858","2015-01-19","28.945","50.835","20.7","BUSHEHR, IR",,,,,,,"  136","H,,S"
"IRM00040858","2015-01-20","28.945","50.835","20.7","BUSHEHR, IR",,,,,,,"  141","H,,S"
"IRM00040858","2015-01-21","28.945","50.835","20.7","BUSHEHR, IR",,,,,,,"  144","H,,S"
"IRM00040858","2015-01-22","28.945","50.835","20.7","BUSHEHR, IR",,,,,,,"  143","H,,S"
"IRM00040858","2015-01-23","28.945","50.835","20.7","BUSHEHR, IR",,,,,,,"  152","H,,S"
"IRM00040858","2015-01-24","28.945","50.835","20.7","BUSHEHR, IR",,,,,,,"  153","H,,S"
"IRM00040858","2015-01-25","28.945","50.835","20.7","BUSHEHR, IR",,,,,,,"  152","H,,S"
"IRM00040858","2015-01-26","28.945","50.835","20.7","BUSHEHR, IR",,,,,,,"  160","H,,S"
"IRM00040858","2015-01-27","28.945","50.835","20.7","BUSHEHR, IR",,,,,,,"  182","H,,S"
"IRM00040858","2015-01-28","28.945","50.835","20.7","BUSHEHR, IR",,,,,,,"  192","H,,S"
"IRM00040858","2015-01-29","28.945","50.835","20.7","BUSHEHR, IR",,,,,,,"  214","H,,S"
"IRM00040858","2015-01-30","28.945","50.835","20.7","BUSHEHR, IR",,,,,,,"  248","H,,S"
"IRM00040858","2015-01-31","28.945","50.835","20.7","BUSHEHR, IR",,,,,,,"  222","H,,S"
"IRM00040858","2015-02-01","28.945","50.835","20.7","BUSHEHR, IR",,,,,,,"  188","H,,S"
"IRM00040858","2015-02-02","28.945","50.835","20.7","BUSHEHR, IR",,,,,,,"  174","H,,S"
"IRM00040858","2015-02-03","28.945","50.835","20.7","BUSHEHR, IR",,,,,,,"  179","H,,S"
"IRM00040858","2015-02-04","28.945","50.835","20.7","BUSHEHR, IR",,,,,,,"  212","H,,S"
"IRM00040858","2015-02-05","28.945","50.835","20.7","BUSHEHR, IR",,,,,,,"  191","H,,S"
"IRM00040858","2015-02-06","28.945","50.835","20.7","BUSHEHR, IR",,,,,,,"  178","H,,S"
"IRM00040858","2015-02-07","28.945","50.835","20.7","BUSHEHR, IR",,,,,,,"  174","H,,S"
"IRM00040858","2015-02-08","28.945","50.835","20.7","BUSHEHR, IR",,,,,,,"  210","H,,S"
"IRM00040858","2015-02-09","28.945","50.835","20.7","BUSHEHR, IR",,,,,,,"  251","H,,S"
"IRM00040858","2015-02-10","28.945","50.835","20.7","BUSHEHR, IR",,,,,,,"  257","H,,S"
"IRM00040858","2015-02-11","28.945","50.835","20.7","BUSHEHR, IR",,,,,,,"  257","H,,S"
"IRM00040858","2015-02-12","28.945","50.835","20.7","BUSHEHR, IR",,,,,,,"  239","H,,S"
"IRM00040858","2015-02-13","28.945","50.835","20.7","BUSHEHR, IR",,,,,,,"  190","H,,S"
"IRM00040858","2015-02-14","28.945","50.835","20.7","BUSHEHR, IR",,,,,,,"  182","H,,S"
"IRM00040858","2015-02-15","28.945","50.835","20.7","BUSHEHR, IR",,,,,,,"  188","H,,S"
"IRM00040858","2015-02-16","28.945","50.835","20.7","BUSHEHR, IR",,,,,,,"  211","H,,S"
"IRM00040858","2015-02-17","28.945","50.835","20.7","BUSHEHR, IR",,,,,,,"  228","H,,S"
"IRM00040858","2015-02-18","28.945","50.835","20.7","BUSHEHR, IR",,,,,,,"  214","H,,S"
"IRM00040858","2015-02-19","28.945","50.835","20.7","BUSHEHR, IR",,,,,,,"  212","H,,S"
"IRM00040858","2015-02-20","28.945","50.835","20.7","BUSHEHR, IR",,,,,,,"  218","H,,S"
"IRM00040858","2015-02-21","28.945","50.835","20.7","BUSHEHR, IR",,,,,,,"  153","H,,S"
"IRM00040858","2015-02-22","28.945","50.835","20.7","BUSHEHR, IR",,,,,,,"  132","H,,S"
"IRM00040858","2015-02-23","28.945","50.835","20.7","BUSHEHR, IR",,,,,,,"  132","H,,S"
"IRM00040858","2015-02-24","28.945","50.835","20.7","BUSHEHR, IR",,,,,,,"  148","H,,S"
"IRM00040858","2015-02-25","28.945","50.835","20.7","BUSHEHR, IR",,,,,,,"  161","H,,S"
"IRM00040858","2015-02-26","28.945","50.835","20.7","BUSHEHR, IR",,,,,,,"  181","H,,S"
"IRM00040858","2015-02-27","28.945","50.835","20.7","BUSHEHR, IR",,,,,,,"  173","H,,S"
"IRM00040858","2015-02-28","28.945","50.835","20.7","BUSHEHR, IR",,,,,,,"  179","H,,S"
"IRM00040858","2015-03-01","28.945","50.835","20.7","BUSHEHR, IR",,,,,,,"  182","H,,S"
"IRM00040858","2015-03-02","28.945","50.835","20.7","BUSHEHR, IR",,,,,,,"  187","H,,S"
"IRM00040858","2015-03-03","28.945","50.835","20.7","BUSHEHR, IR",,,,,,,"  197","H,,S"
"IRM00040858","2015-03-04","28.945","50.835","20.7","BUSHEHR, IR",,,,,,,"  200","H,,S"
"IRM00040858","2015-03-05","28.945","50.835","20.7","BUSHEHR, IR",,,,,,,"  199","H,,S"
"IRM00040858","2015-03-06","28.945","50.835","20.7","BUSHEHR, IR",,,,,,,"  194","H,,S"
"IRM00040858","2015-03-07","28.945","50.835","20.7","BUSHEHR, IR",,,,,,,"  183","H,,S"
"IRM00040858","2015-03-08","28.945","50.835","20.7","BUSHEHR, IR",,,,,,,"  197","H,,S"
"IRM00040858","2015-03-09","28.945","50.835","20.7","BUSHEHR, IR",,,,,,,"  201","H,,S"
"IRM00040858","2015-03-10","28.945","50.835","20.7","BUSHEHR, IR",,,,,,,"  213","H,,S"
"IRM00040858","2015-03-11","28.945","50.835","20.7","BUSHEHR, IR",,,,,,,"  209","H,,S"
"IRM00040858","2015-03-12","28.945","50.835","20.7","BUSHEHR, IR",,,,,,,"  209","H,,S"
"IRM00040858","2015-03-13","28.945","50.835","20.7","BUSHEHR, IR",,,,,,,"  203","H,,S"
"IRM00040858","2015-03-14","28.945","50.835","20.7","BUSHEHR, IR",,,,,,,"  207","H,,S"
"IRM00040858","2015-03-15","28.945","50.835","20.7","BUSHEHR, IR",,,,,,,"  221","H,,S"
"IRM00040858","2015-03-16","28.945","50.835","20.7","BUSHEHR, IR","    0",",,S","  268",",,S","  166",",,S","  219","H,,S"
"IRM00040858","2015-03-17","28.945","50.835","20.7","BUSHEHR, IR","    0",",,S","  260",",,S","  182",",,S","  209","H,,S"
"IRM00040858","2015-03-18","28.945","50.835","20.7","BUSHEHR, IR","    0","D,,S","  262",",,S","  196",",,S","  225","H,,S"
"IRM00040858","2015-03-19","28.945","50.835","20.7","BUSHEHR, IR","    0",",,S","  312",",,S","  194",",,S","  241","H,,S"
"IRM00040858","2015-03-20","28.945","50.835","20.7","BUSHEHR, IR","    0",",,S","  298",",,S",,,"  254","H,,S"
"IRM00040858","2015-03-21","28.945","50.835","20.7","BUSHEHR, IR","    0",",,S",,,"  216",",,S","  255","H,,S"
"IRM00040858","2015-03-22","28.945","50.835","20.7","BUSHEHR, IR","  124",",,S","  280",",,S",,,"  227","H,,S"
"IRM00040858","2015-03-23","28.945","50.835","20.7","BUSHEHR, IR","   15",",,S","  224",",,S",,,"  199","H,,S"
"IRM00040858","2015-03-24","28.945","50.835","20.7","BUSHEHR, IR","    0",",,S",,,,,"  193","H,,S"
"IRM00040858","2015-03-25","28.945","50.835","20.7","BUSHEHR, IR","    0",",,S",,,"  166",",,S","  207","H,,S"
"IRM00040858","2015-03-26","28.945","50.835","20.7","BUSHEHR, IR","    0",",,S","  250",",,S","  180",",,S","  216","H,,S"
"IRM00040858","2015-03-27","28.945","50.835","20.7","BUSHEHR, IR","    0",",,S","  248",",,S",,,"  211","H,,S"
"IRM00040858","2015-03-28","28.945","50.835","20.7","BUSHEHR, IR","    0",",,S","  254",",,S","  178",",,S","  221","H,,S"
"IRM00040858","2015-03-29","28.945","50.835","20.7","BUSHEHR, IR","    0",",,S",,,"  160",",,S","  224","H,,S"
"IRM00040858","2015-03-30","28.945","50.835","20.7","BUSHEHR, IR","    0",",,S","  332",",,S","  212",",,S","  264","H,,S"
"IRM00040858","2015-03-31","28.945","50.835","20.7","BUSHEHR, IR","   10",",,S","  264",",,S",,,"  236","H,,S"
"IRM00040858","2015-04-01","28.945","50.835","20.7","BUSHEHR, IR","    0",",,S","  246",",,S","  180",",,S","  222","H,,S"
"IRM00040858","2015-04-02","28.945","50.835","20.7","BUSHEHR, IR","    0",",,S","  232",",,S","  200",",,S","  220","H,,S"
"IRM00040858","2015-04-03","28.945","50.835","20.7","BUSHEHR, IR","    0",",,S","  250",",,S","  210",",,S","  226","H,,S"
"IRM00040858","2015-04-04","28.945","50.835","20.7","BUSHEHR, IR","    0",",,S","  264",",,S","  166",",,S","  224","H,,S"
"IRM00040858","2015-04-05","28.945","50.835","20.7","BUSHEHR, IR","    0",",,S",,,,,"  242","H,,S"
"IRM00040858","2015-04-06","28.945","50.835","20.7","BUSHEHR, IR","    0",",,S","  250",",,S",,,"  234","H,,S"
"IRM00040858","2015-04-07","28.945","50.835","20.7","BUSHEHR, IR","    0",",,S","  272",",,S","  190",",,S","  238","H,,S"
"IRM00040858","2015-04-08","28.945","50.835","20.7","BUSHEHR, IR","    0",",,S","  276",",,S","  200",",,S","  247","H,,S"
"IRM00040858","2015-04-09","28.945","50.835","20.7","BUSHEHR, IR","    0",",,S","  286",",,S","  190",",,S","  247","H,,S"
"IRM00040858","2015-04-10","28.945","50.835","20.7","BUSHEHR, IR","    0",",,S","  372",",,S","  200",",,S","  281","H,,S"
"IRM00040858","2015-04-11","28.945","50.835","20.7","BUSHEHR, IR","    0",",,S","  366",",,S","  252",",,S","  312","H,,S"
"IRM00040858","2015-04-12","28.945","50.835","20.7","BUSHEHR, IR","    0",",,S",,,,,"  305","H,,S"
"IRM00040858","2015-04-13","28.945","50.835","20.7","BUSHEHR, IR","    0",",,S",,,,,"  239","H,,S"
"IRM00040858","2015-04-14","28.945","50.835","20.7","BUSHEHR, IR","    0",",,S",,,"  190",",,S","  224","H,,S"
"IRM00040858","2015-04-15","28.945","50.835","20.7","BUSHEHR, IR","    0",",,S","  266",",,S",,,"  239","H,,S"
"IRM00040858","2015-04-16","28.945","50.835","20.7","BUSHEHR, IR","    0",",,S",,,"  228",",,S","  281","H,,S"
"IRM00040858","2015-04-17","28.945","50.835","20.7","BUSHEHR, IR","    0",",,S","  290",",,S","  230",",,S","  263","H,,S"
"IRM00040858","2015-04-18","28.945","50.835","20.7","BUSHEHR, IR","    0",",,S","  262",",,S","  230",",,S","  246","H,,S"
"IRM00040858","2015-04-19","28.945","50.835","20.7","BUSHEHR, IR","    0",",,S","  254",",,S",,,"  234","H,,S"
"IRM00040858","2015-04-20","28.945","50.835","20.7","BUSHEHR, IR","    0",",,S","  276",",,S","  174",",,S","  239","H,,S"
"IRM00040858","2015-04-21","28.945","50.835","20.7","BUSHEHR, IR","    0",",,S","  280",",,S","  172",",,S","  241","H,,S"
"IRM00040858","2015-04-22","28.945","50.835","20.7","BUSHEHR, IR","    0",",,S","  364",",,S","  210",",,S","  300","H,,S"
"IRM00040858","2015-04-23","28.945","50.835","20.7","BUSHEHR, IR","    0",",,S","  394",",,S","  248",",,S","  299","H,,S"
"IRM00040858","2015-04-24","28.945","50.835","20.7","BUSHEHR, IR","    0",",,S",,,,,"  289","H,,S"
"IRM00040858","2015-04-25","28.945","50.835","20.7","BUSHEHR, IR","    0",",,S",,,,,"  234","H,,S"
"IRM00040858","2015-04-26","28.945","50.835","20.7","BUSHEHR, IR","    0",",,S","  252",",,S","  210",",,S","  233","H,,S"
"IRM00040858","2015-04-27","28.945","50.835","20.7","BUSHEHR, IR","    0",",,S","  272",",,S",,,"  246","H,,S"
"IRM00040858","2015-04-28","28.945","50.835","20.7","BUSHEHR, IR","    0",",,S",,,"  200",",,S","  259","H,,S"
"IRM00040858","2015-04-29","28.945","50.835","20.7","BUSHEHR, IR","    0",",,S","  304",",,S","  200",",,S","  269","H,,S"
"IRM00040858","2015-04-30","28.945","50.835","20.7","BUSHEHR, IR","    0",",,S","  284",",,S","  190",",,S","  255","H,,S"
"IRM00040858","2015-05-01","28.945","50.835","20.7","BUSHEHR, IR","    0",",,S","  354",",,S","  188",",,S","  278","H,,S"
"IRM00040858","2015-05-02","28.945","50.835","20.7","BUSHEHR, IR","    0",",,S","  332",",,S","  220",",,S","  283","H,,S"
"IRM00040858","2015-05-03","28.945","50.835","20.7","BUSHEHR, IR","    0",",,S","  310",",,S","  200",",,S","  284","H,,S"
"IRM00040858","2015-05-04","28.945","50.835","20.7","BUSHEHR, IR","    0",",,S",,,,,"  285","H,,S"
"IRM00040858","2015-05-05","28.945","50.835","20.7","BUSHEHR, IR","    3",",,S","  342",",,S","  220",",,S","  291","H,,S"
"IRM00040858","2015-05-06","28.945","50.835","20.7","BUSHEHR, IR","    0",",,S","  372",",,S",,,"  316","H,,S"
"IRM00040858","2015-05-07","28.945","50.835","20.7","BUSHEHR, IR","    0",",,S","  384",",,S","  266",",,S","  313","H,,S"
"IRM00040858","2015-05-08","28.945","50.835","20.7","BUSHEHR, IR","    0",",,S","  390",",,S","  236",",,S","  303","H,,S"
"IRM00040858","2015-05-09","28.945","50.835","20.7","BUSHEHR, IR","    0",",,S","  384",",,S","  270",",,S","  311","H,,S"
"IRM00040858","2015-05-10","28.945","50.835","20.7","BUSHEHR, IR","    0",",,S",,,,,"  303","H,,S"
"IRM00040858","2015-05-11","28.945","50.835","20.7","BUSHEHR, IR","    0",",,S","  370",",,S",,,"  312","H,,S"
"IRM00040858","2015-05-12","28.945","50.835","20.7","BUSHEHR, IR","    0","D,,S",,,,,"  311","H,,S"
"IRM00040858","2015-05-13","28.945","50.835","20.7","BUSHEHR, IR","    0",",,S","  356",",,S","  274",",,S","  316","H,,S"
"IRM00040858","2015-05-14","28.945","50.835","20.7","BUSHEHR, IR","    0",",,S","  350",",,S","  280",",,S","  322","H,,S"
"IRM00040858","2015-05-15","28.945","50.835","20.7","BUSHEHR, IR","    0",",,S","  340",",,S","  300",",,S","  315","H,,S"
"IRM00040858","2015-05-16","28.945","50.835","20.7","BUSHEHR, IR","    0",",,S",,,,,"  298","H,,S"
"IRM00040858","2015-05-17","28.945","50.835","20.7","BUSHEHR, IR","    0",",,S","  304",",,S",,,"  276","H,,S"
"IRM00040858","2015-05-18","28.945","50.835","20.7","BUSHEHR, IR","    0",",,S","  314",",,S","  212",",,S","  278","H,,S"
"IRM00040858","2015-05-19","28.945","50.835","20.7","BUSHEHR, IR","    0",",,S","  322",",,S","  212",",,S","  283","H,,S"
"IRM00040858","2015-05-20","28.945","50.835","20.7","BUSHEHR, IR","    0",",,S","  322",",,S","  220",",,S","  293","H,,S"
"IRM00040858","2015-05-21","28.945","50.835","20.7","BUSHEHR, IR","    0",",,S","  380",",,S","  220",",,S","  301","H,,S"
"IRM00040858","2015-05-22","28.945","50.835","20.7","BUSHEHR, IR","    0",",,S","  382",",,S",,,"  329","H,,S"
"IRM00040858","2015-05-23","28.945","50.835","20.7","BUSHEHR, IR","    0",",,S","  400",",,S","  262",",,S","  331","H,,S"
"IRM00040858","2015-05-24","28.945","50.835","20.7","BUSHEHR, IR","    0",",,S",,,"  260",",,S","  318","H,,S"
"IRM00040858","2015-05-25","28.945","50.835","20.7","BUSHEHR, IR","    0",",,S","  362",",,S",,,"  317","H,,S"
"IRM00040858","2015-05-26","28.945","50.835","20.7","BUSHEHR, IR","    0",",,S","  340",",,S","  288",",,S","  309","H,,S"
"IRM00040858","2015-05-27","28.945","50.835","20.7","BUSHEHR, IR","    0",",,S","  340",",,S","  254",",,S","  312","H,,S"
"IRM00040858","2015-05-28","28.945","50.835","20.7","BUSHEHR, IR","    0",",,S","  330",",,S",,,"  305","H,,S"
"IRM00040858","2015-05-29","28.945","50.835","20.7","BUSHEHR, IR","    0",",,S","  356",",,S","  250",",,S","  312","H,,S"
"IRM00040858","2015-05-30","28.945","50.835","20.7","BUSHEHR, IR","    0",",,S",,,"  280",",,S","  330","H,,S"
"IRM00040858","2015-05-31","28.945","50.835","20.7","BUSHEHR, IR","    0",",,S","  396",",,S","  256",",,S","  333","H,,S"
"IRM00040858","2015-06-01","28.945","50.835","20.7","BUSHEHR, IR","    0",",,S",,,"  270",",,S","  328","H,,S"
"IRM00040858","2015-06-02","28.945","50.835","20.7","BUSHEHR, IR","    0",",,S","  372",",,S","  278",",,S","  336","H,,S"
"IRM00040858","2015-06-03","28.945","50.835","20.7","BUSHEHR, IR","    0",",,S","  372",",,S","  296",",,S","  339","H,,S"
"IRM00040858","2015-06-04","28.945","50.835","20.7","BUSHEHR, IR","    0",",,S","  362",",,S",,,"  329","H,,S"
"IRM00040858","2015-06-05","28.945","50.835","20.7","BUSHEHR, IR","    0",",,S",,,"  270",",,S","  329","H,,S"
"IRM00040858","2015-06-06","28.945","50.835","20.7","BUSHEHR, IR","    0",",,S","  364",",,S","  274",",,S","  319","H,,S"
"IRM00040858","2015-06-07","28.945","50.835","20.7","BUSHEHR, IR","    0",",,S","  360",",,S",,,"  321","H,,S"
"IRM00040858","2015-06-08","28.945","50.835","20.7","BUSHEHR, IR","    0",",,S","  360",",,S","  298",",,S","  338","H,,S"
"IRM00040858","2015-06-09","28.945","50.835","20.7","BUSHEHR, IR","    0",",,S",,,,,"  317","H,,S"
"IRM00040858","2015-06-10","28.945","50.835","20.7","BUSHEHR, IR","    0",",,S","  372",",,S",,,"  318","H,,S"
"IRM00040858","2015-06-11","28.945","50.835","20.7","BUSHEHR, IR","    0",",,S",,,,,"  310","H,,S"
"IRM00040858","2015-06-12","28.945","50.835","20.7","BUSHEHR, IR","    0",",,S","  354",",,S","  270",",,S","  326","H,,S"
"IRM00040858","2015-06-13","28.945","50.835","20.7","BUSHEHR, IR","    0",",,S","  340",",,S",,,"  316","H,,S"
"IRM00040858","2015-06-14","28.945","50.835","20.7","BUSHEHR, IR","    0",",,S","  350",",,S",,,"  311","H,,S"
"IRM00040858","2015-06-15","28.945","50.835","20.7","BUSHEHR, IR","    0",",,S","  358",",,S","  266",",,S","  322","H,,S"
"IRM00040858","2015-06-16","28.945","50.835","20.7","BUSHEHR, IR","    0",",,S",,,"  286",",,S","  332","H,,S"
"IRM00040858","2015-06-17","28.945","50.835","20.7","BUSHEHR, IR","    0",",,S","  370",",,S","  290",",,S","  344","H,,S"
"IRM00040858","2015-06-18","28.945","50.835","20.7","BUSHEHR, IR","    0",",,S","  396",",,S","  298",",,S","  339","H,,S"
"IRM00040858","2015-06-19","28.945","50.835","20.7","BUSHEHR, IR","    0",",,S","  370",",,S",,,"  338","H,,S"
"IRM00040858","2015-06-20","28.945","50.835","20.7","BUSHEHR, IR","    0",",,S","  352",",,S","  316",",,S","  337","H,,S"
"IRM00040858","2015-06-21","28.945","50.835","20.7","BUSHEHR, IR","    0",",,S",,,"  310",",,S","  332","H,,S"
"IRM00040858","2015-06-22","28.945","50.835","20.7","BUSHEHR, IR","    0",",,S","  340",",,S",,,"  316","H,,S"
"IRM00040858","2015-06-23","28.945","50.835","20.7","BUSHEHR, IR","    0",",,S","  342",",,S","  282",",,S","  321","H,,S"
"IRM00040858","2015-06-24","28.945","50.835","20.7","BUSHEHR, IR","    0",",,S",,,,,"  321","H,,S"
"IRM00040858","2015-06-25","28.945","50.835","20.7","BUSHEHR, IR","    0",",,S",,,"  296",",,S","  318","H,,S"
"IRM00040858","2015-06-26","28.945","50.835","20.7","BUSHEHR, IR","    0",",,S","  362",",,S",,,"  320","H,,S"
"IRM00040858","2015-06-27","28.945","50.835","20.7","BUSHEHR, IR","    0",",,S","  344",",,S",,,"  315","H,,S"
"IRM00040858","2015-06-28","28.945","50.835","20.7","BUSHEHR, IR","    0",",,S","  340",",,S",,,"  317","H,,S"
"IRM00040858","2015-06-29","28.945","50.835","20.7","BUSHEHR, IR","    0",",,S","  344",",,S","  276",",,S","  316","H,,S"
"IRM00040858","2015-06-30","28.945","50.835","20.7","BUSHEHR, IR","    0",",,S","  356",",,S","  290",",,S","  328","H,,S"
"IRM00040858","2015-07-01","28.945","50.835","20.7","BUSHEHR, IR","    0",",,S","  348",",,S",,,"  318","H,,S"
"IRM00040858","2015-07-02","28.945","50.835","20.7","BUSHEHR, IR","    0",",,S","  334",",,S",,,"  314","H,,S"
"IRM00040858","2015-07-03","28.945","50.835","20.7","BUSHEHR, IR",,,"  374",",,S","  280",",,S","  323","H,,S"
"IRM00040858","2015-07-04","28.945","50.835","20.7","BUSHEHR, IR","    0",",,S",,,,,"  321","H,,S"
"IRM00040858","2015-07-05","28.945","50.835","20.7","BUSHEHR, IR","    0",",,S","  368",",,S",,,"  328","H,,S"
"IRM00040858","2015-07-06","28.945","50.835","20.7","BUSHEHR, IR","    0",",,S","  360",",,S","  318",",,S","  339","H,,S"
"IRM00040858","2015-07-07","28.945","50.835","20.7","BUSHEHR, IR","    0",",,S",,,,,"  327","H,,S"
"IRM00040858","2015-07-08","28.945","50.835","20.7","BUSHEHR, IR","    0",",,S","  360",",,S",,,"  329","H,,S"
"IRM00040858","2015-07-09","28.945","50.835","20.7","BUSHEHR, IR","    0",",,S","  370",",,S",,,"  337","H,,S"
"IRM00040858","2015-07-10","28.945","50.835","20.7","BUSHEHR, IR","    0",",,S","  350",",,S",,,"  326","H,,S"
"IRM00040858","2015-07-11","28.945","50.835","20.7","BUSHEHR, IR","    0",",,S",,,"  286",",,S","  325","H,,S"
"IRM00040858","2015-07-12","28.945","50.835","20.7","BUSHEHR, IR","    0",",,S","  364",",,S","  306",",,S","  331","H,,S"
"IRM00040858","2015-07-13","28.945","50.835","20.7","BUSHEHR, IR","    0",",,S","  410",",,S","  300",",,S","  349","H,,S"
"IRM00040858","2015-07-14","28.945","50.835","20.7","BUSHEHR, IR","    0",",,S",,,"  284",",,S","  334","H,,S"
"IRM00040858","2015-07-15","28.945","50.835","20.7","BUSHEHR, IR","    0",",,S","  362",",,S","  284",",,S","  329","H,,S"
"IRM00040858","2015-07-16","28.945","50.835","20.7","BUSHEHR, IR","    0",",,S","  388",",,S","  298",",,S","  339","H,,S"
"IRM00040858","2015-07-17","28.945","50.835","20.7","BUSHEHR, IR","    0",",,S","  400",",,S","  306",",,S","  363","H,,S"
"IRM00040858","2015-07-18","28.945","50.835","20.7","BUSHEHR, IR","    0",",,S","  372",",,S",,,"  351","H,,S"
"IRM00040858","2015-07-19","28.945","50.835","20.7","BUSHEHR, IR","    0",",,S",,,"  280",",,S","  334","H,,S"
"IRM00040858","2015-07-20","28.945","50.835","20.7","BUSHEHR, IR","    0",",,S","  414",",,S","  282",",,S","  341","H,,S"
"IRM00040858","2015-07-21","28.945","50.835","20.7","BUSHEHR, IR",,,"  394",",,S","  292",",,S","  339","H,,S"
"IRM00040858","2015-07-22","28.945","50.835","20.7","BUSHEHR, IR","    0",",,S",,,"  296",",,S","  348","H,,S"
"IRM00040858","2015-07-23","28.945","50.835","20.7","BUSHEHR, IR","    0",",,S","  384",",,S","  310",",,S","  350","H,,S"
"IRM00040858","2015-07-24","28.945","50.835","20.7","BUSHEHR, IR",,,"  406",",,S","  330",",,S","  359","H,,S"
"IRM00040858","2015-07-25","28.945","50.835","20.7","BUSHEHR, IR","    0",",,S","  390",",,S","  330",",,S","  358","H,,S"
"IRM00040858","2015-07-26","28.945","50.835","20.7","BUSHEHR, IR","    0",",,S",,,,,"  356","H,,S"
"IRM00040858","2015-07-27","28.945","50.835","20.7","BUSHEHR, IR","    0",",,S","  404",",,S","  310",",,S","  352","H,,S"
"IRM00040858","2015-07-28","28.945","50.835","20.7","BUSHEHR, IR","    0",",,S","  426",",,S","  290",",,S","  356","H,,S"
"IRM00040858","2015-07-29","28.945","50.835","20.7","BUSHEHR, IR","    0",",,S","  404",",,S",,,"  349","H,,S"
"IRM00040858","2015-07-30","28.945","50.835","20.7","BUSHEHR, IR","    0",",,S",,,"  306",",,S","  352","H,,S"
"IRM00040858","2015-07-31","28.945","50.835","20.7","BUSHEHR, IR","    0",",,S","  402",",,S","  310",",,S","  353","H,,S"
"IRM00040858","2015-08-01","28.945","50.835","20.7","BUSHEHR, IR","    0",",,S",,,,,"  350","H,,S"
"IRM00040858","2015-08-02","28.945","50.835","20.7","BUSHEHR, IR","    0",",,S",,,,,"  341","H,,S"
"IRM00040858","2015-08-03","28.945","50.835","20.7","BUSHEHR, IR","    0",",,S","  394",",,S","  300",",,S","  346","H,,S"
"IRM00040858","2015-08-04","28.945","50.835","20.7","BUSHEHR, IR","    0",",,S",,,,,"  346","H,,S"
"IRM00040858","2015-08-05","28.945","50.835","20.7","BUSHEHR, IR","    0",",,S","  384",",,S",,,"  339","H,,S"
"IRM00040858","2015-08-06","28.945","50.835","20.7","BUSHEHR, IR","    0",",,S","  396",",,S","  290",",,S","  350","H,,S"
"IRM00040858","2015-08-07","28.945","50.835","20.7","BUSHEHR, IR","    0",",,S",,,,,"  352","H,,S"
"IRM00040858","2015-08-08","28.945","50.835","20.7","BUSHEHR, IR","    0",",,S",,,"  308",",,S","  354","H,,S"
"IRM00040858","2015-08-09","28.945","50.835","20.7","BUSHEHR, IR","    0",",,S","  390",",,S","  310",",,S","  361","H,,S"
"IRM00040858","2015-08-10","28.945","50.835","20.7","BUSHEHR, IR","    0",",,S","  394",",,S",,,"  359","H,,S"
"IRM00040858","2015-08-11","28.945","50.835","20.7","BUSHEHR, IR","    0",",,S","  394",",,S","  326",",,S","  363","H,,S"
"IRM00040858","2015-08-12","28.945","50.835","20.7","BUSHEHR, IR","    0",",,S","  382",",,S",,,"  358","H,,S"
"IRM00040858","2015-08-13","28.945","50.835","20.7","BUSHEHR, IR","    0",",,S","  370",",,S",,,"  345","H,,S"
"IRM00040858","2015-08-14","28.945","50.835","20.7","BUSHEHR, IR","    0",",,S","  386",",,S","  280",",,S","  339","H,,S"
"IRM00040858","2015-08-15","28.945","50.835","20.7","BUSHEHR, IR","    0",",,S","  410",",,S","  288",",,S","  348","H,,S"
"IRM00040858","2015-08-16","28.945","50.835","20.7","BUSHEHR, IR","    0",",,S","  380",",,S","  306",",,S","  346","H,,S"
"IRM00040858","2015-08-17","28.945","50.835","20.7","BUSHEHR, IR","    0",",,S","  390",",,S",,,"  338","H,,S"
"IRM00040858","2015-08-18","28.945","50.835","20.7","BUSHEHR, IR","    0",",,S","  396",",,S","  290",",,S","  346","H,,S"
"IRM00040858","2015-08-19","28.945","50.835","20.7","BUSHEHR, IR","    0",",,S","  394",",,S","  316",",,S","  348","H,,S"
"IRM00040858","2015-08-20","28.945","50.835","20.7","BUSHEHR, IR","    0",",,S",,,"  300",",,S","  338","H,,S"
"IRM00040858","2015-08-21","28.945","50.835","20.7","BUSHEHR, IR","    0",",,S",,,,,"  347","H,,S"
"IRM00040858","2015-08-22","28.945","50.835","20.7","BUSHEHR, IR","    0",",,S","  386",",,S","  316",",,S","  345","H,,S"
"IRM00040858","2015-08-23","28.945","50.835","20.7","BUSHEHR, IR",,,"  380",",,S","  308",",,S","  341","H,,S"
"IRM00040858","2015-08-24","28.945","50.835","20.7","BUSHEHR, IR","    0",",,S",,,"  298",",,S","  341","H,,S"
"IRM00040858","2015-08-25","28.945","50.835","20.7","BUSHEHR, IR","    0",",,S","  390",",,S","  306",",,S","  351","H,,S"
"IRM00040858","2015-08-26","28.945","50.835","20.7","BUSHEHR, IR","    0",",,S","  382",",,S",,,"  346","H,,S"
"IRM00040858","2015-08-27","28.945","50.835","20.7","BUSHEHR, IR","    0",",,S","  390",",,S","  300",",,S","  367","H,,S"
"IRM00040858","2015-08-28","28.945","50.835","20.7","BUSHEHR, IR","    0",",,S","  406",",,S","  330",",,S","  370","H,,S"
"IRM00040858","2015-08-29","28.945","50.835","20.7","BUSHEHR, IR","    0",",,S","  390",",,S",,,"  350","H,,S"
"IRM00040858","2015-08-30","28.945","50.835","20.7","BUSHEHR, IR","    0",",,S","  390",",,S",,,"  350","H,,S"
"IRM00040858","2015-08-31","28.945","50.835","20.7","BUSHEHR, IR","    0",",,S","  380",",,S","  300",",,S","  347","H,,S"
"IRM00040858","2015-09-01","28.945","50.835","20.7","BUSHEHR, IR","    0",",,S","  372",",,S","  306",",,S","  353","H,,S"
"IRM00040858","2015-09-02","28.945","50.835","20.7","BUSHEHR, IR","    0",",,S",,,,,"  353","H,,S"
"IRM00040858","2015-09-03","28.945","50.835","20.7","BUSHEHR, IR","    0",",,S","  386",",,S","  300",",,S","  340","H,,S"
"IRM00040858","2015-09-04","28.945","50.835","20.7","BUSHEHR, IR","    0",",,S",,,,,"  344","H,,S"
"IRM00040858","2015-09-05","28.945","50.835","20.7","BUSHEHR, IR","    0",",,S",,,"  290",",,S","  347","H,,S"
"IRM00040858","2015-09-06","28.945","50.835","20.7","BUSHEHR, IR","    0",",,S","  374",",,S","  310",",,S","  341","H,,S"
"IRM00040858","2015-09-07","28.945","50.835","20.7","BUSHEHR, IR","    0",",,S","  370",",,S",,,"  343","H,,S"
"IRM00040858","2015-09-08","28.945","50.835","20.7","BUSHEHR, IR","    0",",,S",,,"  310",",,S","  344","H,,S"
"IRM00040858","2015-09-09","28.945","50.835","20.7","BUSHEHR, IR","    0",",,S","  386",",,S","  306",",,S","  341","H,,S"
"IRM00040858","2015-09-10","28.945","50.835","20.7","BUSHEHR, IR","    0",",,S",,,"  286",",,S","  336","H,,S"
"IRM00040858","2015-09-11","28.945","50.835","20.7","BUSHEHR, IR","    0",",,S",,,,,"  333","H,,S"
"IRM00040858","2015-09-12","28.945","50.835","20.7","BUSHEHR, IR","    0",",,S","  384",",,S","  280",",,S","  335","H,,S"
"IRM00040858","2015-09-13","28.945","50.835","20.7","BUSHEHR, IR","    0",",,S","  370",",,S",,,"  332","H,,S"
"IRM00040858","2015-09-14","28.945","50.835","20.7","BUSHEHR, IR","    0",",,S","  362",",,S","  274",",,S","  329","H,,S"
"IRM00040858","2015-09-15","28.945","50.835","20.7","BUSHEHR, IR","    0",",,S",,,,,"  328","H,,S"
"IRM00040858","2015-09-16","28.945","50.835","20.7","BUSHEHR, IR","    0",",,S","  384",",,S","  280",",,S","  331","H,,S"
"IRM00040858","2015-09-17","28.945","50.835","20.7","BUSHEHR, IR","    0",",,S","  370",",,S","  302",",,S","  334","H,,S"
"IRM00040858","2015-09-18","28.945","50.835","20.7","BUSHEHR, IR","    0",",,S","  380",",,S",,,"  338","H,,S"
"IRM00040858","2015-09-19","28.945","50.835","20.7","BUSHEHR, IR","    0",",,S","  384",",,S","  276",",,S","  328","H,,S"
"IRM00040858","2015-09-20","28.945","50.835","20.7","BUSHEHR, IR","    0",",,S","  386",",,S","  280",",,S","  329","H,,S"
"IRM00040858","2015-09-21","28.945","50.835","20.7","BUSHEHR, IR","    0",",,S",,,,,"  328","H,,S"
"IRM00040858","2015-09-22","28.945","50.835","20.7","BUSHEHR, IR","    0",",,S","  362",",,S","  260",",,S","  316","H,,S"
"IRM00040858","2015-09-23","28.945","50.835","20.7","BUSHEHR, IR","    0",",,S",,,,,"  336","H,,S"
"IRM00040858","2015-09-24","28.945","50.835","20.7","BUSHEHR, IR","    0",",,S","  362",",,S",,,"  320","H,,S"
"IRM00040858","2015-09-25","28.945","50.835","20.7","BUSHEHR, IR","    0",",,S","  364",",,S",,,"  313","H,,S"
"IRM00040858","2015-09-26","28.945","50.835","20.7","BUSHEHR, IR","    0",",,S",,,"  262",",,S","  312","H,,S"
"IRM00040858","2015-09-27","28.945","50.835","20.7","BUSHEHR, IR","    0",",,S","  354",",,S","  268",",,S","  316","H,,S"
"IRM00040858","2015-09-28","28.945","50.835","20.7","BUSHEHR, IR","    0",",,S","  364",",,S","  260",",,S","  313","H,,S"
"IRM00040858","2015-09-29","28.945","50.835","20.7","BUSHEHR, IR","    0",",,S",,,"  258",",,S","  320","H,,S"
"IRM00040858","2015-09-30","28.945","50.835","20.7","BUSHEHR, IR","    0",",,S",,,"  290",",,S","  325","H,,S"
"IRM00040858","2015-10-01","28.945","50.835","20.7","BUSHEHR, IR","    0",",,S",,,,,"  323","H,,S"
"IRM00040858","2015-10-02","28.945","50.835","20.7","BUSHEHR, IR","    0",",,S","  376",",,S","  270",",,S","  318","H,,S"
"IRM00040858","2015-10-03","28.945","50.835","20.7","BUSHEHR, IR","    0",",,S","  362",",,S","  276",",,S","  319","H,,S"
"IRM00040858","2015-10-04","28.945","50.835","20.7","BUSHEHR, IR","    0",",,S",,,"  280",",,S","  317","H,,S"
"IRM00040858","2015-10-05","28.945","50.835","20.7","BUSHEHR, IR","    0",",,S",,,,,"  319","H,,S"
"IRM00040858","2015-10-06","28.945","50.835","20.7","BUSHEHR, IR","    0",",,S","  372",",,S",,,"  319","H,,S"
"IRM00040858","2015-10-07","28.945","50.835","20.7","BUSHEHR, IR","    0",",,S",,,"  262",",,S","  321","H,,S"
"IRM00040858","2015-10-08","28.945","50.835","20.7","BUSHEHR, IR","    0",",,S","  404",",,S",,,"  330","H,,S"
"IRM00040858","2015-10-09","28.945","50.835","20.7","BUSHEHR, IR","    0",",,S","  424",",,S","  280",",,S","  333","H,,S"
"IRM00040858","2015-10-10","28.945","50.835","20.7","BUSHEHR, IR","    0",",,S",,,,,"  327","H,,S"
"IRM00040858","2015-10-11","28.945","50.835","20.7","BUSHEHR, IR","    0",",,S","  356",",,S",,,"  308","H,,S"
"IRM00040858","2015-10-12","28.945","50.835","20.7","BUSHEHR, IR","    0",",,S","  338",",,S",,,"  290","H,,S"
"IRM00040858","2015-10-13","28.945","50.835","20.7","BUSHEHR, IR","    0",",,S",,,,,"  276","H,,S"
"IRM00040858","2015-10-14","28.945","50.835","20.7","BUSHEHR, IR","    0",",,S",,,"  210",",,S","  286","H,,S"
"IRM00040858","2015-10-15","28.945","50.835","20.7","BUSHEHR, IR","    0",",,S","  340",",,S",,,"  289","H,,S"
"IRM00040858","2015-10-16","28.945","50.835","20.7","BUSHEHR, IR","    0",",,S","  334",",,S","  238",",,S","  287","H,,S"
"IRM00040858","2015-10-17","28.945","50.835","20.7","BUSHEHR, IR","    0",",,S","  330",",,S","  246",",,S","  294","H,,S"
"IRM00040858","2015-10-18","28.945","50.835","20.7","BUSHEHR, IR","    0",",,S","  332",",,S",,,"  302","H,,S"
"IRM00040858","2015-10-19","28.945","50.835","20.7","BUSHEHR, IR","    0",",,S","  336",",,S",,,"  296","H,,S"
"IRM00040858","2015-10-20","28.945","50.835","20.7","BUSHEHR, IR","    0",",,S","  334",",,S","  240",",,S","  290","H,,S"
"IRM00040858","2015-10-21","28.945","50.835","20.7","BUSHEHR, IR","    0",",,S","  322",",,S","  236",",,S","  284","H,,S"
"IRM00040858","2015-10-22","28.945","50.835","20.7","BUSHEHR, IR","    0",",,S","  336",",,S","  252",",,S","  288","H,,S"
"IRM00040858","2015-10-23","28.945","50.835","20.7","BUSHEHR, IR","    0",",,S","  312",",,S",,,"  277","H,,S"
"IRM00040858","2015-10-24","28.945","50.835","20.7","BUSHEHR, IR","    0",",,S","  316",",,S",,,"  279","H,,S"
"IRM00040858","2015-10-25","28.945","50.835","20.7","BUSHEHR, IR","    0",",,S","  332",",,S","  228",",,S","  277","H,,S"
"IRM00040858","2015-10-26","28.945","50.835","20.7","BUSHEHR, IR","    0",",,S",,,"  226",",,S","  281","H,,S"
"IRM00040858","2015-10-27","28.945","50.835","20.7","BUSHEHR, IR","    0",",,S","  356",",,S","  218",",,S","  287","H,,S"
"IRM00040858","2015-10-28","28.945","50.835","20.7","BUSHEHR, IR","    0",",,S","  380",",,S",,,"  268","H,,S"
"IRM00040858","2015-10-29","28.945","50.835","20.7","BUSHEHR, IR","  282",",,S",,,,,"  268","H,,S"
"IRM00040858","2015-10-30","28.945","50.835","20.7","BUSHEHR, IR","   13",",,S","  330",",,S","  220",",,S","  280","H,,S"
"IRM00040858","2015-10-31","28.945","50.835","20.7","BUSHEHR, IR","  135",",,S","  283",",,S",,,"  236","H,,S"
"IRM00040858","2015-11-01","28.945","50.835","20.7","BUSHEHR, IR","  447",",,S","  270",",,S","  216",",,S","  244","H,,S"
"IRM00040858","2015-11-02","28.945","50.835","20.7","BUSHEHR, IR","    0",",,S",,,"  216",",,S","  242","H,,S"
"IRM00040858","2015-11-03","28.945","50.835","20.7","BUSHEHR, IR","    0",",,S","  253",",,S","  210",",,S","  234","H,,S"
"IRM00040858","2015-11-04","28.945","50.835","20.7","BUSHEHR, IR","    0",",,S","  272",",,S","  200",",,S","  236","H,,S"
"IRM00040858","2015-11-05","28.945","50.835","20.7","BUSHEHR, IR","    0",",,S","  284",",,S","  196",",,S","  243","H,,S"
"IRM00040858","2015-11-06","28.945","50.835","20.7","BUSHEHR, IR","    0",",,S","  290",",,S","  198",",,S","  246","H,,S"
"IRM00040858","2015-11-07","28.945","50.835","20.7","BUSHEHR, IR","   84",",,S","  270",",,S",,,"  237","H,,S"
"IRM00040858","2015-11-08","28.945","50.835","20.7","BUSHEHR, IR","   28",",,S","  264",",,S",,,"  239","H,,S"
"IRM00040858","2015-11-09","28.945","50.835","20.7","BUSHEHR, IR","    0",",,S","  256",",,S",,,"  233","H,,S"
"IRM00040858","2015-11-10","28.945","50.835","20.7","BUSHEHR, IR","   74",",,S","  272",",,S",,,"  207","H,,S"
"IRM00040858","2015-11-11","28.945","50.835","20.7","BUSHEHR, IR","    0",",,S",,,"  194",",,S","  226","H,,S"
"IRM00040858","2015-11-12","28.945","50.835","20.7","BUSHEHR, IR","    0",",,S","  226",",,S",,,"  207","H,,S"
"IRM00040858","2015-11-13","28.945","50.835","20.7","BUSHEHR, IR","    0",",,S",,,"  168",",,S","  199","H,,S"
"IRM00040858","2015-11-14","28.945","50.835","20.7","BUSHEHR, IR","    0",",,S",,,,,"  199","H,,S"
"IRM00040858","2015-11-15","28.945","50.835","20.7","BUSHEHR, IR","    0",",,S","  230",",,S",,,"  200","H,,S"
"IRM00040858","2015-11-16","28.945","50.835","20.7","BUSHEHR, IR","    0",",,S","  274",",,S","  156",",,S","  208","H,,S"
"IRM00040858","2015-11-17","28.945","50.835","20.7","BUSHEHR, IR","    0",",,S",,,"  186",",,S","  236","H,,S"
"IRM00040858","2015-11-18","28.945","50.835","20.7","BUSHEHR, IR","    0",",,S","  274",",,S","  186",",,S","  232","H,,S"
"IRM00040858","2015-11-19","28.945","50.835","20.7","BUSHEHR, IR","    0",",,S","  278",",,S","  200",",,S","  224","H,,S"
"IRM00040858","2015-11-20","28.945","50.835","20.7","BUSHEHR, IR","    0",",,S",,,,,"  206","H,,S"
"IRM00040858","2015-11-21","28.945","50.835","20.7","BUSHEHR, IR","    0",",,S","  224",",,S",,,"  194","H,,S"
"IRM00040858","2015-11-22","28.945","50.835","20.7","BUSHEHR, IR","    0",",,S","  222",",,S","  150",",,S","  192","H,,S"
"IRM00040858","2015-11-23","28.945","50.835","20.7","BUSHEHR, IR","    0",",,S","  238",",,S","  150",",,S","  196","H,,S"
"IRM00040858","2015-11-24","28.945","50.835","20.7","BUSHEHR, IR","    0",",,S",,,,,"  189","H,,S"
"IRM00040858","2015-11-25","28.945","50.835","20.7","BUSHEHR, IR","    0",",,S",,,"  118",",,S","  206","H,,S"
"IRM00040858","2015-11-26","28.945","50.835","20.7","BUSHEHR, IR","    0",",,S","  260",",,S",,,"  208","H,,S"
"IRM00040858","2015-11-27","28.945","50.835","20.7","BUSHEHR, IR","    0",",,S","  238",",,S","  156",",,S","  203","H,,S"
"IRM00040858","2015-11-28","28.945","50.835","20.7","BUSHEHR, IR","    0",",,S",,,,,"  195","H,,S"
"IRM00040858","2015-11-29","28.945","50.835","20.7","BUSHEHR, IR","    0",",,S","  246",",,S","  146",",,S","  201","H,,S"
"IRM00040858","2015-11-30","28.945","50.835","20.7","BUSHEHR, IR","    0",",,S","  248",",,S","  146",",,S","  198","H,,S"
"IRM00040858","2015-12-01","28.945","50.835","20.7","BUSHEHR, IR","    0",",,S","  284",",,S",,,"  214","H,,S"
"IRM00040858","2015-12-02","28.945","50.835","20.7","BUSHEHR, IR","    0",",,S","  272",",,S",,,"  216","H,,S"
"IRM00040858","2015-12-03","28.945","50.835","20.7","BUSHEHR, IR","    0",",,S","  270",",,S","  198",",,S","  227","H,,S"
"IRM00040858","2015-12-04","28.945","50.835","20.7","BUSHEHR, IR",,,,,,,"  207","H,,S"
"IRM00040858","2015-12-05","28.945","50.835","20.7","BUSHEHR, IR","    0",",,S","  210",",,S",,,"  181","H,,S"
"IRM00040858","2015-12-06","28.945","50.835","20.7","BUSHEHR, IR","    0",",,S",,,,,"  146","H,,S"
"IRM00040858","2015-12-07","28.945","50.835","20.7","BUSHEHR, IR","   23",",,S","  142",",,S",,,"  117","H,,S"
"IRM00040858","2015-12-08","28.945","50.835","20.7","BUSHEHR, IR","    0",",,S","  152",",,S",,,"  121","H,,S"
"IRM00040858","2015-12-09","28.945","50.835","20.7","BUSHEHR, IR","    0",",,S",,,"   80",",,S","  137","H,,S"
"IRM00040858","2015-12-10","28.945","50.835","20.7","BUSHEHR, IR","    0",",,S","  190",",,S","   73",",,S","  146","H,,S"
"IRM00040858","2015-12-11","28.945","50.835","20.7","BUSHEHR, IR","    0",",,S","  200",",,S","   90",",,S","  155","H,,S"
"IRM00040858","2015-12-12","28.945","50.835","20.7","BUSHEHR, IR","    0",",,S","  204",",,S","  108",",,S","  158","H,,S"
"IRM00040858","2015-12-13","28.945","50.835","20.7","BUSHEHR, IR","    0",",,S","  226",",,S","   94",",,S","  172","H,,S"
"IRM00040858","2015-12-14","28.945","50.835","20.7","BUSHEHR, IR","    0",",,S","  246",",,S",,,"  198","H,,S"
"IRM00040858","2015-12-15","28.945","50.835","20.7","BUSHEHR, IR","  122",",,S","  194",",,S","  120",",,S","  159","H,,S"
"IRM00040858","2015-12-16","28.945","50.835","20.7","BUSHEHR, IR","    0",",,S","  190",",,S","  120",",,S","  158","H,,S"
"IRM00040858","2015-12-17","28.945","50.835","20.7","BUSHEHR, IR","    0",",,S","  190",",,S",,,"  153","H,,S"
"IRM00040858","2015-12-18","28.945","50.835","20.7","BUSHEHR, IR","    0",",,S",,,,,"  176","H,,S"
"IRM00040858","2015-12-19","28.945","50.835","20.7","BUSHEHR, IR","    0",",,S","  246",",,S",,,"  191","H,,S"
"IRM00040858","2015-12-20","28.945","50.835","20.7","BUSHEHR, IR","    0",",,S","  200",",,S",,,"  180","H,,S"
"IRM00040858","2015-12-21","28.945","50.835","20.7","BUSHEHR, IR","    0",",,S","  194",",,S",,,"  176","H,,S"
"IRM00040858","2015-12-22","28.945","50.835","20.7","BUSHEHR, IR","    0",",,S","  180",",,S","  126",",,S","  155","H,,S"
"IRM00040858","2015-12-23","28.945","50.835","20.7","BUSHEHR, IR","    0",",,S","  200",",,S",,,"  159","H,,S"
"IRM00040858","2015-12-24","28.945","50.835","20.7","BUSHEHR, IR","   36",",,S","  172",",,S",,,"  152","H,,S"
"IRM00040858","2015-12-25","28.945","50.835","20.7","BUSHEHR, IR","  330",",,S",,,"  144",",,S","  162","H,,S"
"IRM00040858","2015-12-26","28.945","50.835","20.7","BUSHEHR, IR","    0",",,S","  180",",,S",,,"  164","H,,S"
"IRM00040858","2015-12-27","28.945","50.835","20.7","BUSHEHR, IR","    0",",,S","  190",",,S",,,"  157","H,,S"
"IRM00040858","2015-12-28","28.945","50.835","20.7","BUSHEHR, IR","    0",",,S","  190",",,S","  104",",,S","  156","H,,S"
"IRM00040858","2015-12-29","28.945","50.835","20.7","BUSHEHR, IR","    0",",,S","  190",",,S",,,"  160","H,,S"
"IRM00040858","2015-12-30","28.945","50.835","20.7","BUSHEHR, IR","    0",",,S","  212",",,S","  130",",,S","  178","H,,S"
"IRM00040858","2015-12-31","28.945","50.835","20.7","BUSHEHR, IR","  132",",,S","  200",",,S","  160",",,S","  177","H,,S"
"IRM00040858","2016-01-01","28.945","50.835","20.7","BUSHEHR, IR","   28",",,S","  220",",,S",,,"  197","H,,S"
"IRM00040858","2016-01-02","28.945","50.835","20.7","BUSHEHR, IR","  231",",,S","  210",",,S",,,"  171","H,,S"
"IRM00040858","2016-01-03","28.945","50.835","20.7","BUSHEHR, IR","   23",",,S",,,,,"  126","H,,S"
"IRM00040858","2016-01-04","28.945","50.835","20.7","BUSHEHR, IR","    0",",,S","  150",",,S","   88",",,S","  121","H,,S"
"IRM00040858","2016-01-05","28.945","50.835","20.7","BUSHEHR, IR","    0",",,S","  172",",,S","   90",",,S","  135","H,,S"
"IRM00040858","2016-01-06","28.945","50.835","20.7","BUSHEHR, IR","    0",",,S","  184",",,S","  116",",,S","  153","H,,S"
"IRM00040858","2016-01-07","28.945","50.835","20.7","BUSHEHR, IR","    0",",,S",,,,,"  152","H,,S"
"IRM00040858","2016-01-08","28.945","50.835","20.7","BUSHEHR, IR","    0",",,S",,,"  110",",,S","  172","H,,S"
"IRM00040858","2016-01-09","28.945","50.835","20.7","BUSHEHR, IR","    0",",,S","  220",",,S","  160",",,S","  189","H,,S"
"IRM00040858","2016-01-10","28.945","50.835","20.7","BUSHEHR, IR","  168",",,S","  180",",,S",,,"  163","H,,S"
"IRM00040858","2016-01-11","28.945","50.835","20.7","BUSHEHR, IR","    0",",,S","  174",",,S","  120",",,S","  147","H,,S"
"IRM00040858","2016-01-12","28.945","50.835","20.7","BUSHEHR, IR","    0",",,S","  180",",,S","  110",",,S","  151","H,,S"
"IRM00040858","2016-01-13","28.945","50.835","20.7","BUSHEHR, IR","    0",",,S","  170",",,S",,,"  150","H,,S"
"IRM00040858","2016-01-14","28.945","50.835","20.7","BUSHEHR, IR","    0",",,S","  176",",,S",,,"  141","H,,S"
"IRM00040858","2016-01-15","28.945","50.835","20.7","BUSHEHR, IR","    0",",,S","  182",",,S",,,"  137","H,,S"
"IRM00040858","2016-01-16","28.945","50.835","20.7","BUSHEHR, IR","    0",",,S","  192",",,S",,,"  157","H,,S"
"IRM00040858","2016-01-17","28.945","50.835","20.7","BUSHEHR, IR","    0",",,S","  186",",,S",,,"  160","H,,S"
"IRM00040858","2016-01-18","28.945","50.835","20.7","BUSHEHR, IR","    0",",,S","  200",",,S","  114",",,S","  158","H,,S"
"IRM00040858","2016-01-19","28.945","50.835","20.7","BUSHEHR, IR","    0",",,S",,,"  130",",,S","  184","H,,S"
"IRM00040858","2016-01-20","28.945","50.835","20.7","BUSHEHR, IR","    0",",,S","  230",",,S","  130",",,S","  175","H,,S"
"IRM00040858","2016-01-21","28.945","50.835","20.7","BUSHEHR, IR","    0",",,S","  206",",,S","  132",",,S","  170","H,,S"
"IRM00040858","2016-01-22","28.945","50.835","20.7","BUSHEHR, IR","    0",",,S","  212",",,S","  128",",,S","  164","H,,S"
"IRM00040858","2016-01-23","28.945","50.835","20.7","BUSHEHR, IR","    0",",,S",,,"  130",",,S","  177","H,,S"
"IRM00040858","2016-01-24","28.945","50.835","20.7","BUSHEHR, IR","    3",",,S","  240",",,S",,,"  199","H,,S"
"IRM00040858","2016-01-25","28.945","50.835","20.7","BUSHEHR, IR","    0",",,S",,,"  154",",,S","  174","H,,S"
"IRM00040858","2016-01-26","28.945","50.835","20.7","BUSHEHR, IR","    0",",,S","  178",",,S",,,"  158","H,,S"
"IRM00040858","2016-01-27","28.945","50.835","20.7","BUSHEHR, IR","    0",",,S","  170",",,S",,,"  147","H,,S"
"IRM00040858","2016-01-28","28.945","50.835","20.7","BUSHEHR, IR","    0",",,S","  154",",,S",,,"  125","H,,S"
"IRM00040858","2016-01-29","28.945","50.835","20.7","BUSHEHR, IR","    0",",,S",,,"   80",",,S","  103","H,,S"
"IRM00040858","2016-01-30","28.945","50.835","20.7","BUSHEHR, IR","    0",",,S","  136",",,S","   90",",,S","  113","H,,S"
"IRM00040858","2016-01-31","28.945","50.835","20.7","BUSHEHR, IR","    0",",,S",,,,,"  121","H,,S"
"IRM00040858","2016-02-01","28.945","50.835","20.7","BUSHEHR, IR","    0",",,S","  170",",,S",,,"  128","H,,S"
"IRM00040858","2016-02-02","28.945","50.835","20.7","BUSHEHR, IR","    0",",,S","  172",",,S",,,"  128","H,,S"
"IRM00040858","2016-02-03","28.945","50.835","20.7","BUSHEHR, IR","    0",",,S","  176",",,S","   82",",,S","  145","H,,S"
"IRM00040858","2016-02-04","28.945","50.835","20.7","BUSHEHR, IR","    0",",,S",,,,,"  147","H,,S"
"IRM00040858","2016-02-05","28.945","50.835","20.7","BUSHEHR, IR","    0",",,S","  180",",,S",,,"  141","H,,S"
"IRM00040858","2016-02-06","28.945","50.835","20.7","BUSHEHR, IR","    0",",,S","  200",",,S","   60",",,S","  139","H,,S"
"IRM00040858","2016-02-07","28.945","50.835","20.7","BUSHEHR, IR","    0",",,S","  230",",,S","  112",",,S","  184","H,,S"
"IRM00040858","2016-02-08","28.945","50.835","20.7","BUSHEHR, IR","    0",",,S","  214",",,S",,,"  170","H,,S"
"IRM00040858","2016-02-09","28.945","50.835","20.7","BUSHEHR, IR","    0",",,S","  174",",,S","  126",",,S","  154","H,,S"
"IRM00040858","2016-02-10","28.945","50.835","20.7","BUSHEHR, IR","    0",",,S","  180",",,S",,,"  149","H,,S"
"IRM00040858","2016-02-11","28.945","50.835","20.7","BUSHEHR, IR","    0",",,S","  184",",,S","  106",",,S","  150","H,,S"
"IRM00040858","2016-02-12","28.945","50.835","20.7","BUSHEHR, IR","    0",",,S",,,,,"  149","H,,S"
"IRM00040858","2016-02-13","28.945","50.835","20.7","BUSHEHR, IR","    0",",,S","  180",",,S",,,"  147","H,,S"
"IRM00040858","2016-02-14","28.945","50.835","20.7","BUSHEHR, IR","    0",",,S","  196",",,S","   84",",,S","  149","H,,S"
"IRM00040858","2016-02-15","28.945","50.835","20.7","BUSHEHR, IR","    0",",,S",,,,,"  158","H,,S"
"IRM00040858","2016-02-16","28.945","50.835","20.7","BUSHEHR, IR","    0",",,S","  200",",,S",,,"  156","H,,S"
"IRM00040858","2016-02-17","28.945","50.835","20.7","BUSHEHR, IR","    0",",,S","  226",",,S",,,"  171","H,,S"
"IRM00040858","2016-02-18","28.945","50.835","20.7","BUSHEHR, IR","    0",",,S","  240",",,S",,,"  170","H,,S"
"IRM00040858","2016-02-19","28.945","50.835","20.7","BUSHEHR, IR","    0",",,S","  222",",,S",,,"  171","H,,S"
"IRM00040858","2016-02-20","28.945","50.835","20.7","BUSHEHR, IR","    0",",,S","  264",",,S","  112",",,S","  203","H,,S"
"IRM00040858","2016-02-21","28.945","50.835","20.7","BUSHEHR, IR","    0",",,S","  284",",,S","  156",",,S","  219","H,,S"
"IRM00040858","2016-02-22","28.945","50.835","20.7","BUSHEHR, IR","    0",",,S",,,"  142",",,S","  219","H,,S"
"IRM00040858","2016-02-23","28.945","50.835","20.7","BUSHEHR, IR","    0",",,S","  322",",,S","  186",",,S","  253","H,,S"
"IRM00040858","2016-02-24","28.945","50.835","20.7","BUSHEHR, IR","   51",",,S","  224",",,S","  180",",,S","  199","H,,S"
"IRM00040858","2016-02-25","28.945","50.835","20.7","BUSHEHR, IR","    0",",,S","  210",",,S",,,"  191","H,,S"
"IRM00040858","2016-02-26","28.945","50.835","20.7","BUSHEHR, IR","    0",",,S",,,,,"  184","H,,S"
"IRM00040858","2016-02-27","28.945","50.835","20.7","BUSHEHR, IR","    0",",,S","  224",",,S","  126",",,S","  192","H,,S"
"IRM00040858","2016-02-28","28.945","50.835","20.7","BUSHEHR, IR","   38",",,S","  274",",,S",,,"  216","H,,S"
"IRM00040858","2016-02-29","28.945","50.835","20.7","BUSHEHR, IR","    0",",,S","  220",",,S","  196",",,S","  203","H,,S"
"IRM00040858","2016-03-01","28.945","50.835","20.7","BUSHEHR, IR","    0",",,S","  216",",,S",,,"  196","H,,S"
"IRM00040858","2016-03-02","28.945","50.835","20.7","BUSHEHR, IR","    0",",,S","  240",",,S",,,"  196","H,,S"
"IRM00040858","2016-03-03","28.945","50.835","20.7","BUSHEHR, IR","    0",",,S","  230",",,S","  146",",,S","  194","H,,S"
"IRM00040858","2016-03-04","28.945","50.835","20.7","BUSHEHR, IR","    0",",,S",,,"  170",",,S","  215","H,,S"
"IRM00040858","2016-03-05","28.945","50.835","20.7","BUSHEHR, IR","    0",",,S",,,,,"  219","H,,S"
"IRM00040858","2016-03-06","28.945","50.835","20.7","BUSHEHR, IR","    3",",,S","  244",",,S","  170",",,S","  212","H,,S"
"IRM00040858","2016-03-07","28.945","50.835","20.7","BUSHEHR, IR","    0",",,S","  262",",,S","  176",",,S","  223","H,,S"
"IRM00040858","2016-03-08","28.945","50.835","20.7","BUSHEHR, IR","    0",",,S","  240",",,S",,,"  213","H,,S"
"IRM00040858","2016-03-09","28.945","50.835","20.7","BUSHEHR, IR","    0",",,S","  234",",,S",,,"  209","H,,S"
"IRM00040858","2016-03-10","28.945","50.835","20.7","BUSHEHR, IR","    0",",,S","  250",",,S","  164",",,S","  211","H,,S"
"IRM00040858","2016-03-11","28.945","50.835","20.7","BUSHEHR, IR","    0",",,S","  256",",,S","  144",",,S","  210","H,,S"
"IRM00040858","2016-03-12","28.945","50.835","20.7","BUSHEHR, IR","    0",",,S","  268",",,S",,,"  223","H,,S"
"IRM00040858","2016-03-13","28.945","50.835","20.7","BUSHEHR, IR","    0",",,S","  246",",,S","  164",",,S","  212","H,,S"
"IRM00040858","2016-03-14","28.945","50.835","20.7","BUSHEHR, IR","    0",",,S","  246",",,S",,,"  211","H,,S"
"IRM00040858","2016-03-15","28.945","50.835","20.7","BUSHEHR, IR","    0",",,S",,,"  170",",,S","  218","H,,S"
"IRM00040858","2016-03-16","28.945","50.835","20.7","BUSHEHR, IR","    0",",,S","  236",",,S",,,"  213","H,,S"
"IRM00040858","2016-03-17","28.945","50.835","20.7","BUSHEHR, IR","    0",",,S","  240",",,S","  170",",,S","  207","H,,S"
"IRM00040858","2016-03-18","28.945","50.835","20.7","BUSHEHR, IR","    0",",,S","  246",",,S",,,"  209","H,,S"
"IRM00040858","2016-03-19","28.945","50.835","20.7","BUSHEHR, IR","    0",",,S",,,"  156",",,S","  207","H,,S"
"IRM00040858","2016-03-20","28.945","50.835","20.7","BUSHEHR, IR","    0",",,S",,,"  142",",,S","  196","H,,S"
"IRM00040858","2016-03-21","28.945","50.835","20.7","BUSHEHR, IR","    0",",,S","  314",",,S","  150",",,S","  239","H,,S"
"IRM00040858","2016-03-22","28.945","50.835","20.7","BUSHEHR, IR","    5",",,S",,,,,"  224","H,,S"
"IRM00040858","2016-03-23","28.945","50.835","20.7","BUSHEHR, IR","    0",",,S","  242",",,S","  154",",,S","  208","H,,S"
"IRM00040858","2016-03-24","28.945","50.835","20.7","BUSHEHR, IR","    0",",,S","  238",",,S",,,"  204","H,,S"
"IRM00040858","2016-03-25","28.945","50.835","20.7","BUSHEHR, IR","    0",",,S","  250",",,S","  136",",,S","  201","H,,S"
"IRM00040858","2016-03-26","28.945","50.835","20.7","BUSHEHR, IR","    0",",,S","  254",",,S","  144",",,S","  209","H,,S"
"IRM00040858","2016-03-27","28.945","50.835","20.7","BUSHEHR, IR","    0",",,S","  312",",,S","  188",",,S","  248","H,,S"
"IRM00040858","2016-03-28","28.945","50.835","20.7","BUSHEHR, IR","    3",",,S","  324",",,S","  230",",,S","  268","H,,S"
"IRM00040858","2016-03-29","28.945","50.835","20.7","BUSHEHR, IR","    8",",,S","  260",",,S",,,"  231","H,,S"
"IRM00040858","2016-03-30","28.945","50.835","20.7","BUSHEHR, IR","    0",",,S","  222",",,S",,,"  206","H,,S"
"IRM00040858","2016-03-31","28.945","50.835","20.7","BUSHEHR, IR","    0",",,S","  216",",,S",,,"  186","H,,S"
"IRM00040858","2016-04-01","28.945","50.835","20.7","BUSHEHR, IR","    0",",,S","  220",",,S","  140",",,S","  192","H,,S"
"IRM00040858","2016-04-02","28.945","50.835","20.7","BUSHEHR, IR","    0",",,S","  238",",,S",,,"  193","H,,S"
"IRM00040858","2016-04-03","28.945","50.835","20.7","BUSHEHR, IR","    0",",,S","  246",",,S","  118",",,S","  187","H,,S"
"IRM00040858","2016-04-04","28.945","50.835","20.7","BUSHEHR, IR","    0",",,S","  244",",,S","  120",",,S","  193","H,,S"
"IRM00040858","2016-04-05","28.945","50.835","20.7","BUSHEHR, IR","    0",",,S","  260",",,S","  140",",,S","  203","H,,S"
"IRM00040858","2016-04-06","28.945","50.835","20.7","BUSHEHR, IR","    0",",,S","  280",",,S","  150",",,S","  219","H,,S"
"IRM00040858","2016-04-07","28.945","50.835","20.7","BUSHEHR, IR","    0",",,S",,,"  142",",,S","  219","H,,S"
"IRM00040858","2016-04-08","28.945","50.835","20.7","BUSHEHR, IR","    0",",,S","  278",",,S","  180",",,S","  230","H,,S"
"IRM00040858","2016-04-09","28.945","50.835","20.7","BUSHEHR, IR","    0",",,S","  274",",,S","  170",",,S","  229","H,,S"
"IRM00040858","2016-04-10","28.945","50.835","20.7","BUSHEHR, IR","    0",",,S","  292",",,S",,,"  236","H,,S"
"IRM00040858","2016-04-11","28.945","50.835","20.7","BUSHEHR, IR","    0",",,S","  304",",,S",,,"  258","H,,S"
"IRM00040858","2016-04-12","28.945","50.835","20.7","BUSHEHR, IR","    0",",,S","  292",",,S",,,"  251","H,,S"
"IRM00040858","2016-04-13","28.945","50.835","20.7","BUSHEHR, IR","    3",",,S","  318",",,S","  224",",,S","  266","H,,S"
"IRM00040858","2016-04-14","28.945","50.835","20.7","BUSHEHR, IR","    0",",,S","  316",",,S",,,"  273","H,,S"
"IRM00040858","2016-04-15","28.945","50.835","20.7","BUSHEHR, IR","    3",",,S","  280",",,S",,,"  238","H,,S"
"IRM00040858","2016-04-16","28.945","50.835","20.7","BUSHEHR, IR","    0",",,S","  262",",,S","  182",",,S","  234","H,,S"
"IRM00040858","2016-04-17","28.945","50.835","20.7","BUSHEHR, IR","    0",",,S","  272",",,S","  214",",,S","  243","H,,S"
"IRM00040858","2016-04-18","28.945","50.835","20.7","BUSHEHR, IR","    0",",,S","  286",",,S",,,"  242","H,,S"
"IRM00040858","2016-04-19","28.945","50.835","20.7","BUSHEHR, IR","    0",",,S","  282",",,S","  186",",,S","  244","H,,S"
"IRM00040858","2016-04-20","28.945","50.835","20.7","BUSHEHR, IR","    0",",,S","  300",",,S",,,"  248","H,,S"
"IRM00040858","2016-04-21","28.945","50.835","20.7","BUSHEHR, IR","    0",",,S","  292",",,S","  174",",,S","  240","H,,S"
"IRM00040858","2016-04-22","28.945","50.835","20.7","BUSHEHR, IR","    0",",,S","  290",",,S","  184",",,S","  244","H,,S"
"IRM00040858","2016-04-23","28.945","50.835","20.7","BUSHEHR, IR","    0",",,S","  296",",,S","  194",",,S","  252","H,,S"
"IRM00040858","2016-04-24","28.945","50.835","20.7","BUSHEHR, IR","    0",",,S","  306",",,S","  206",",,S","  260","H,,S"
"IRM00040858","2016-04-25","28.945","50.835","20.7","BUSHEHR, IR","    0",",,S","  332",",,S","  210",",,S","  259","H,,S"
"IRM00040858","2016-04-26","28.945","50.835","20.7","BUSHEHR, IR","    0",",,S","  332",",,S",,,"  271","H,,S"
"IRM00040858","2016-04-27","28.945","50.835","20.7","BUSHEHR, IR","    0",",,S","  320",",,S",,,"  281","H,,S"
"IRM00040858","2016-04-28","28.945","50.835","20.7","BUSHEHR, IR","    0",",,S","  330",",,S","  222",",,S","  285","H,,S"
"IRM00040858","2016-04-29","28.945","50.835","20.7","BUSHEHR, IR","    0",",,S","  360",",,S",,,"  296","H,,S"
"IRM00040858","2016-04-30","28.945","50.835","20.7","BUSHEHR, IR","    0",",,S","  288",",,S",,,"  268","H,,S"
"IRM00040858","2016-05-01","28.945","50.835","20.7","BUSHEHR, IR","    0",",,S","  280",",,S",,,"  263","H,,S"
"IRM00040858","2016-05-02","28.945","50.835","20.7","BUSHEHR, IR","    0",",,S","  304",",,S","  196",",,S","  270","H,,S"
"IRM00040858","2016-05-03","28.945","50.835","20.7","BUSHEHR, IR","    0",",,S","  360",",,S","  240",",,S","  294","H,,S"
"IRM00040858","2016-05-04","28.945","50.835","20.7","BUSHEHR, IR","    0",",,S","  314",",,S","  230",",,S","  282","H,,S"
"IRM00040858","2016-05-05","28.945","50.835","20.7","BUSHEHR, IR","    0",",,S","  336",",,S","  254",",,S","  300","H,,S"
"IRM00040858","2016-05-06","28.945","50.835","20.7","BUSHEHR, IR","    0",",,S","  340",",,S",,,"  298","H,,S"
"IRM00040858","2016-05-07","28.945","50.835","20.7","BUSHEHR, IR","    0",",,S","  354",",,S","  270",",,S","  302","H,,S"
"IRM00040858","2016-05-08","28.945","50.835","20.7","BUSHEHR, IR","    0",",,S","  346",",,S","  268",",,S","  305","H,,S"
"IRM00040858","2016-05-09","28.945","50.835","20.7","BUSHEHR, IR","    0",",,S","  346",",,S","  278",",,S","  304","H,,S"
"IRM00040858","2016-05-10","28.945","50.835","20.7","BUSHEHR, IR","    0",",,S","  330",",,S",,,"  295","H,,S"
"IRM00040858","2016-05-11","28.945","50.835","20.7","BUSHEHR, IR","    0",",,S","  352",",,S","  250",",,S","  299","H,,S"
"IRM00040858","2016-05-12","28.945","50.835","20.7","BUSHEHR, IR","    0",",,S","  390",",,S","  272",",,S","  336","H,,S"
"IRM00040858","2016-05-13","28.945","50.835","20.7","BUSHEHR, IR","    0",",,S","  340",",,S",,,"  306","H,,S"
"IRM00040858","2016-05-14","28.945","50.835","20.7","BUSHEHR, IR","    0",",,S","  330",",,S","  254",",,S","  304","H,,S"
"IRM00040858","2016-05-15","28.945","50.835","20.7","BUSHEHR, IR","    0",",,S","  336",",,S","  280",",,S","  308","H,,S"
"IRM00040858","2016-05-16","28.945","50.835","20.7","BUSHEHR, IR","    0",",,S","  330",",,S",,,"  298","H,,S"
"IRM00040858","2016-05-17","28.945","50.835","20.7","BUSHEHR, IR","    0",",,S","  368",",,S",,,"  307","H,,S"
"IRM00040858","2016-05-18","28.945","50.835","20.7","BUSHEHR, IR","    0",",,S","  372",",,S","  240",",,S","  304","H,,S"
"IRM00040858","2016-05-19","28.945","50.835","20.7","BUSHEHR, IR","    0",",,S","  360",",,S","  266",",,S","  312","H,,S"
"IRM00040858","2016-05-20","28.945","50.835","20.7","BUSHEHR, IR","    0",",,S","  330",",,S","  274",",,S","  314","H,,S"
"IRM00040858","2016-05-21","28.945","50.835","20.7","BUSHEHR, IR","    0",",,S","  320",",,S",,,"  296","H,,S"
"IRM00040858","2016-05-22","28.945","50.835","20.7","BUSHEHR, IR","    0",",,S","  320",",,S",,,"  293","H,,S"
"IRM00040858","2016-05-23","28.945","50.835","20.7","BUSHEHR, IR","    0",",,S","  338",",,S","  242",",,S","  293","H,,S"
"IRM00040858","2016-05-24","28.945","50.835","20.7","BUSHEHR, IR","    0",",,S","  346",",,S","  250",",,S","  308","H,,S"
"IRM00040858","2016-05-25","28.945","50.835","20.7","BUSHEHR, IR","    0",",,S","  316",",,S","  274",",,S","  298","H,,S"
"IRM00040858","2016-05-26","28.945","50.835","20.7","BUSHEHR, IR","    0",",,S","  310",",,S",,,"  287","H,,S"
"IRM00040858","2016-05-27","28.945","50.835","20.7","BUSHEHR, IR","    0",",,S","  328",",,S","  250",",,S","  291","H,,S"
"IRM00040858","2016-05-28","28.945","50.835","20.7","BUSHEHR, IR","    0",",,S","  420",",,S","  256",",,S","  323","H,,S"
"IRM00040858","2016-05-29","28.945","50.835","20.7","BUSHEHR, IR","    0",",,S","  356",",,S","  286",",,S","  317","H,,S"
"IRM00040858","2016-05-30","28.945","50.835","20.7","BUSHEHR, IR","    0",",,S","  352",",,S",,,"  318","H,,S"
"IRM00040858","2016-05-31","28.945","50.835","20.7","BUSHEHR, IR","    0",",,S","  322",",,S","  286",",,S","  302","H,,S"
"IRM00040858","2016-06-01","28.945","50.835","20.7","BUSHEHR, IR","    0",",,S","  320",",,S",,,"  295","H,,S"
"IRM00040858","2016-06-02","28.945","50.835","20.7","BUSHEHR, IR","    0",",,S","  336",",,S",,,"  298","H,,S"
"IRM00040858","2016-06-03","28.945","50.835","20.7","BUSHEHR, IR","    0",",,S","  334",",,S","  266",",,S","  301","H,,S"
"IRM00040858","2016-06-04","28.945","50.835","20.7","BUSHEHR, IR","    0",",,S",,,,,"  299","H,,S"
"IRM00040858","2016-06-05","28.945","50.835","20.7","BUSHEHR, IR","    0",",,S","  364",",,S","  240",",,S","  302","H,,S"
"IRM00040858","2016-06-06","28.945","50.835","20.7","BUSHEHR, IR","    0",",,S","  350",",,S",,,"  307","H,,S"
"IRM00040858","2016-06-07","28.945","50.835","20.7","BUSHEHR, IR","    0",",,S",,,"  270",",,S","  327","H,,S"
"IRM00040858","2016-06-08","28.945","50.835","20.7","BUSHEHR, IR","    0",",,S","  362",",,S","  288",",,S","  329","H,,S"
"IRM00040858","2016-06-09","28.945","50.835","20.7","BUSHEHR, IR","    0",",,S","  344",",,S",,,"  324","H,,S"
"IRM00040858","2016-06-10","28.945","50.835","20.7","BUSHEHR, IR","    0",",,S","  360",",,S",,,"  318","H,,S"
"IRM00040858","2016-06-11","28.945","50.835","20.7","BUSHEHR, IR","    0",",,S","  382",",,S","  276",",,S","  338","H,,S"
"IRM00040858","2016-06-12","28.945","50.835","20.7","BUSHEHR, IR","    0",",,S","  350",",,S",,,"  321","H,,S"
"IRM00040858","2016-06-13","28.945","50.835","20.7","BUSHEHR, IR","    0",",,S","  330",",,S",,,"  312","H,,S"
"IRM00040858","2016-06-14","28.945","50.835","20.7","BUSHEHR, IR","    0",",,S","  336",",,S",,,"  307","H,,S"
"IRM00040858","2016-06-15","28.945","50.835","20.7","BUSHEHR, IR","    0",",,S","  350",",,S","  266",",,S","  302","H,,S"
"IRM00040858","2016-06-16","28.945","50.835","20.7","BUSHEHR, IR","    0",",,S","  356",",,S","  250",",,S","  303","H,,S"
"IRM00040858","2016-06-17","28.945","50.835","20.7","BUSHEHR, IR","    0",",,S","  346",",,S","  260",",,S","  313","H,,S"
"IRM00040858","2016-06-18","28.945","50.835","20.7","BUSHEHR, IR","    0",",,S","  342",",,S","  280",",,S","  314","H,,S"
"IRM00040858","2016-06-19","28.945","50.835","20.7","BUSHEHR, IR","    0",",,S",,,"  280",",,S","  327","H,,S"
"IRM00040858","2016-06-20","28.945","50.835","20.7","BUSHEHR, IR","    0",",,S","  358",",,S","  300",",,S","  331","H,,S"
"IRM00040858","2016-06-21","28.945","50.835","20.7","BUSHEHR, IR","    0",",,S","  340",",,S",,,"  313","H,,S"
"IRM00040858","2016-06-22","28.945","50.835","20.7","BUSHEHR, IR","    0",",,S","  356",",,S","  270",",,S","  317","H,,S"
"IRM00040858","2016-06-23","28.945","50.835","20.7","BUSHEHR, IR","    0",",,S","  378",",,S","  276",",,S","  323","H,,S"
"IRM00040858","2016-06-24","28.945","50.835","20.7","BUSHEHR, IR","    0",",,S","  386",",,S",,,"  327","H,,S"
"IRM00040858","2016-06-25","28.945","50.835","20.7","BUSHEHR, IR","    0",",,S",,,"  264",",,S","  333","H,,S"
"IRM00040858","2016-06-26","28.945","50.835","20.7","BUSHEHR, IR","    0",",,S",,,"  270",",,S","  329","H,,S"
"IRM00040858","2016-06-27","28.945","50.835","20.7","BUSHEHR, IR","    0",",,S","  372",",,S","  280",",,S","  334","H,,S"
"IRM00040858","2016-06-28","28.945","50.835","20.7","BUSHEHR, IR","    0",",,S","  372",",,S",,,"  330","H,,S"
"IRM00040858","2016-06-29","28.945","50.835","20.7","BUSHEHR, IR","    0",",,S","  404",",,S",,,"  336","H,,S"
"IRM00040858","2016-06-30","28.945","50.835","20.7","BUSHEHR, IR","    0",",,S","  374",",,S","  274",",,S","  330","H,,S"
"IRM00040858","2016-07-01","28.945","50.835","20.7","BUSHEHR, IR","    0",",,S","  376",",,S",,,"  339","H,,S"
"IRM00040858","2016-07-02","28.945","50.835","20.7","BUSHEHR, IR","    0",",,S","  372",",,S","  316",",,S","  342","H,,S"
"IRM00040858","2016-07-03","28.945","50.835","20.7","BUSHEHR, IR","    0",",,S","  366",",,S",,,"  331","H,,S"
"IRM00040858","2016-07-04","28.945","50.835","20.7","BUSHEHR, IR","    0",",,S",,,"  284",",,S","  334","H,,S"
"IRM00040858","2016-07-05","28.945","50.835","20.7","BUSHEHR, IR","    0",",,S","  368",",,S","  280",",,S","  330","H,,S"
"IRM00040858","2016-07-06","28.945","50.835","20.7","BUSHEHR, IR","    0",",,S",,,"  270",",,S","  334","H,,S"
"IRM00040858","2016-07-07","28.945","50.835","20.7","BUSHEHR, IR","    0",",,S","  396",",,S","  290",",,S","  335","H,,S"
"IRM00040858","2016-07-08","28.945","50.835","20.7","BUSHEHR, IR","    0",",,S","  370",",,S","  270",",,S","  342","H,,S"
"IRM00040858","2016-07-09","28.945","50.835","20.7","BUSHEHR, IR","    0",",,S","  382",",,S",,,"  352","H,,S"
"IRM00040858","2016-07-10","28.945","50.835","20.7","BUSHEHR, IR","    0",",,S","  370",",,S","  330",",,S","  346","H,,S"
"IRM00040858","2016-07-11","28.945","50.835","20.7","BUSHEHR, IR","    0",",,S","  370",",,S",,,"  346","H,,S"
"IRM00040858","2016-07-12","28.945","50.835","20.7","BUSHEHR, IR","    0",",,S","  358",",,S",,,"  331","H,,S"
"IRM00040858","2016-07-13","28.945","50.835","20.7","BUSHEHR, IR","    0",",,S","  360",",,S",,,"  324","H,,S"
"IRM00040858","2016-07-14","28.945","50.835","20.7","BUSHEHR, IR","    0",",,S","  370",",,S",,,"  328","H,,S"
"IRM00040858","2016-07-15","28.945","50.835","20.7","BUSHEHR, IR","    0",",,S","  364",",,S","  298",",,S","  334","H,,S"
"IRM00040858","2016-07-16","28.945","50.835","20.7","BUSHEHR, IR","    0",",,S","  376",",,S",,,"  339","H,,S"
"IRM00040858","2016-07-17","28.945","50.835","20.7","BUSHEHR, IR","    0",",,S","  376",",,S","  296",",,S","  337","H,,S"
"IRM00040858","2016-07-18","28.945","50.835","20.7","BUSHEHR, IR","    0",",,S","  390",",,S","  296",",,S","  341","H,,S"
"IRM00040858","2016-07-19","28.945","50.835","20.7","BUSHEHR, IR","    0",",,S","  390",",,S",,,"  337","H,,S"
"IRM00040858","2016-07-20","28.945","50.835","20.7","BUSHEHR, IR","    0",",,S","  382",",,S","  294",",,S","  345","H,,S"
"IRM00040858","2016-07-21","28.945","50.835","20.7","BUSHEHR, IR","    0",",,S","  410",",,S",,,"  347","H,,S"
"IRM00040858","2016-07-22","28.945","50.835","20.7","BUSHEHR, IR","    0",",,S","  410",",,S","  300",",,S","  348","H,,S"
"IRM00040858","2016-07-23","28.945","50.835","20.7","BUSHEHR, IR","    0",",,S","  390",",,S","  330",",,S","  364","H,,S"
"IRM00040858","2016-07-24","28.945","50.835","20.7","BUSHEHR, IR","    0",",,S","  384",",,S",,,"  347","H,,S"
"IRM00040858","2016-07-25","28.945","50.835","20.7","BUSHEHR, IR","    0",",,S","  384",",,S",,,"  342","H,,S"
"IRM00040858","2016-07-26","28.945","50.835","20.7","BUSHEHR, IR","    0",",,S","  380",",,S",,,"  339","H,,S"
"IRM00040858","2016-07-27","28.945","50.835","20.7","BUSHEHR, IR","    0",",,S","  364",",,S","  300",",,S","  337","H,,S"
"IRM00040858","2016-07-28","28.945","50.835","20.7","BUSHEHR, IR","    0",",,S","  384",",,S",,,"  347","H,,S"
"IRM00040858","2016-07-29","28.945","50.835","20.7","BUSHEHR, IR",,,,,,,"  341","H,,S"
"IRM00040858","2016-07-30","28.945","50.835","20.7","BUSHEHR, IR","    0",",,S","  372",",,S","  300",",,S","  333","H,,S"
"IRM00040858","2016-07-31","28.945","50.835","20.7","BUSHEHR, IR","    0",",,S","  384",",,S","  300",",,S","  337","H,,S"
"IRM00040858","2016-08-01","28.945","50.835","20.7","BUSHEHR, IR","    0",",,S","  388",",,S","  290",",,S","  338","H,,S"
"IRM00040858","2016-08-02","28.945","50.835","20.7","BUSHEHR, IR","    0",",,S","  396",",,S","  278",",,S","  343","H,,S"
"IRM00040858","2016-08-03","28.945","50.835","20.7","BUSHEHR, IR","    0",",,S",,,"  328",",,S","  363","H,,S"
"IRM00040858","2016-08-04","28.945","50.835","20.7","BUSHEHR, IR","    0",",,S","  390",",,S",,,"  363","H,,S"
"IRM00040858","2016-08-05","28.945","50.835","20.7","BUSHEHR, IR","    0",",,S","  398",",,S","  304",",,S","  356","H,,S"
"IRM00040858","2016-08-06","28.945","50.835","20.7","BUSHEHR, IR","    0",",,S",,,"  330",",,S","  364","H,,S"
"IRM00040858","2016-08-07","28.945","50.835","20.7","BUSHEHR, IR","    0",",,S","  416",",,S","  322",",,S","  367","H,,S"
"IRM00040858","2016-08-08","28.945","50.835","20.7","BUSHEHR, IR","    0",",,S","  392",",,S","  288",",,S","  346","H,,S"
"IRM00040858","2016-08-09","28.945","50.835","20.7","BUSHEHR, IR","    0",",,S","  390",",,S",,,"  346","H,,S"
"IRM00040858","2016-08-10","28.945","50.835","20.7","BUSHEHR, IR","    0",",,S",,,"  312",",,S","  351","H,,S"
"IRM00040858","2016-08-11","28.945","50.835","20.7","BUSHEHR, IR","    0",",,S","  426",",,S","  315",",,S","  358","H,,S"
"IRM00040858","2016-08-12","28.945","50.835","20.7","BUSHEHR, IR","    0",",,S","  400",",,S",,,"  347","H,,S"
"IRM00040858","2016-08-13","28.945","50.835","20.7","BUSHEHR, IR","    0",",,S","  404",",,S",,,"  348","H,,S"
"IRM00040858","2016-08-14","28.945","50.835","20.7","BUSHEHR, IR","    0",",,S",,,"  304",",,S","  347","H,,S"
"IRM00040858","2016-08-15","28.945","50.835","20.7","BUSHEHR, IR","    0",",,S","  398",",,S","  308",",,S","  349","H,,S"
"IRM00040858","2016-08-16","28.945","50.835","20.7","BUSHEHR, IR","    0",",,S","  400",",,S",,,"  363","H,,S"
"IRM00040858","2016-08-17","28.945","50.835","20.7","BUSHEHR, IR","    0",",,S","  398",",,S",,,"  361","H,,S"
"IRM00040858","2016-08-18","28.945","50.835","20.7","BUSHEHR, IR","    0",",,S","  404",",,S","  306",",,S","  352","H,,S"
"IRM00040858","2016-08-19","28.945","50.835","20.7","BUSHEHR, IR","    0",",,S","  414",",,S",,,"  352","H,,S"
"IRM00040858","2016-08-20","28.945","50.835","20.7","BUSHEHR, IR","    0",",,S",,,,,"  360","H,,S"
"IRM00040858","2016-08-21","28.945","50.835","20.7","BUSHEHR, IR","    0",",,S","  400",",,S","  295",",,S","  348","H,,S"
"IRM00040858","2016-08-22","28.945","50.835","20.7","BUSHEHR, IR","    0",",,S","  402",",,S","  310",",,S","  353","H,,S"
"IRM00040858","2016-08-23","28.945","50.835","20.7","BUSHEHR, IR","    0",",,S","  400",",,S","  306",",,S","  355","H,,S"
"IRM00040858","2016-08-24","28.945","50.835","20.7","BUSHEHR, IR","    0",",,S","  390",",,S","  296",",,S","  345","H,,S"
"IRM00040858","2016-08-25","28.945","50.835","20.7","BUSHEHR, IR","    0",",,S","  390",",,S","  302",",,S","  347","H,,S"
"IRM00040858","2016-08-26","28.945","50.835","20.7","BUSHEHR, IR","    0",",,S","  388",",,S","  276",",,S","  334","H,,S"
"IRM00040858","2016-08-27","28.945","50.835","20.7","BUSHEHR, IR","    0",",,S","  396",",,S","  297",",,S","  340","H,,S"
"IRM00040858","2016-08-28","28.945","50.835","20.7","BUSHEHR, IR","    0",",,S","  422",",,S",,,"  352","H,,S"
"IRM00040858","2016-08-29","28.945","50.835","20.7","BUSHEHR, IR","    0",",,S","  394",",,S",,,"  338","H,,S"
"IRM00040858","2016-08-30","28.945","50.835","20.7","BUSHEHR, IR","    0",",,S","  390",",,S","  282",",,S","  344","H,,S"
"IRM00040858","2016-08-31","28.945","50.835","20.7","BUSHEHR, IR","    0",",,S","  396",",,S","  296",",,S","  347","H,,S"
"IRM00040858","2016-09-01","28.945","50.835","20.7","BUSHEHR, IR","    0",",,S","  432",",,S","  298",",,S","  354","H,,S"
"IRM00040858","2016-09-02","28.945","50.835","20.7","BUSHEHR, IR","    0",",,S","  388",",,S",,,"  342","H,,S"
"IRM00040858","2016-09-03","28.945","50.835","20.7","BUSHEHR, IR","    0",",,S","  374",",,S",,,"  339","H,,S"
"IRM00040858","2016-09-04","28.945","50.835","20.7","BUSHEHR, IR","    0",",,S",,,"  308",",,S","  348","H,,S"
"IRM00040858","2016-09-05","28.945","50.835","20.7","BUSHEHR, IR","    0",",,S","  402",",,S","  330",",,S","  366","H,,S"
"IRM00040858","2016-09-06","28.945","50.835","20.7","BUSHEHR, IR","    0",",,S","  380",",,S",,,"  354","H,,S"
"IRM00040858","2016-09-07","28.945","50.835","20.7","BUSHEHR, IR","    0",",,S","  374",",,S",,,"  346","H,,S"
"IRM00040858","2016-09-08","28.945","50.835","20.7","BUSHEHR, IR","    0",",,S","  364",",,S",,,"  322","H,,S"
"IRM00040858","2016-09-09","28.945","50.835","20.7","BUSHEHR, IR","    0",",,S","  372",",,S","  248",",,S","  314","H,,S"
"IRM00040858","2016-09-10","28.945","50.835","20.7","BUSHEHR, IR","    0",",,S",,,,,"  317","H,,S"
"IRM00040858","2016-09-11","28.945","50.835","20.7","BUSHEHR, IR","    0",",,S","  364",",,S",,,"  315","H,,S"
"IRM00040858","2016-09-12","28.945","50.835","20.7","BUSHEHR, IR","    0",",,S","  364",",,S","  260",",,S","  316","H,,S"
"IRM00040858","2016-09-13","28.945","50.835","20.7","BUSHEHR, IR","    0",",,S","  362",",,S","  270",",,S","  318","H,,S"
"IRM00040858","2016-09-14","28.945","50.835","20.7","BUSHEHR, IR","    0",",,S","  372",",,S",,,"  319","H,,S"
"IRM00040858","2016-09-15","28.945","50.835","20.7","BUSHEHR, IR","    0",",,S","  372",",,S","  250",",,S","  312","H,,S"
"IRM00040858","2016-09-16","28.945","50.835","20.7","BUSHEHR, IR","    0",",,S","  364",",,S",,,"  314","H,,S"
"IRM00040858","2016-09-17","28.945","50.835","20.7","BUSHEHR, IR","    0",",,S","  364",",,S","  264",",,S","  316","H,,S"
"IRM00040858","2016-09-18","28.945","50.835","20.7","BUSHEHR, IR","    0",",,S","  378",",,S",,,"  336","H,,S"
"IRM00040858","2016-09-19","28.945","50.835","20.7","BUSHEHR, IR","    0",",,S","  360",",,S",,,"  332","H,,S"
"IRM00040858","2016-09-20","28.945","50.835","20.7","BUSHEHR, IR","    0",",,S","  356",",,S",,,"  312","H,,S"
"IRM00040858","2016-09-21","28.945","50.835","20.7","BUSHEHR, IR","    0",",,S",,,"  252",",,S","  310","H,,S"
"IRM00040858","2016-09-22","28.945","50.835","20.7","BUSHEHR, IR","    0",",,S",,,,,"  311","H,,S"
"IRM00040858","2016-09-23","28.945","50.835","20.7","BUSHEHR, IR","    0",",,S","  360",",,S","  256",",,S","  308","H,,S"
"IRM00040858","2016-09-24","28.945","50.835","20.7","BUSHEHR, IR","    0",",,S","  354",",,S","  260",",,S","  317","H,,S"
"IRM00040858","2016-09-25","28.945","50.835","20.7","BUSHEHR, IR","    0",",,S","  334",",,S",,,"  312","H,,S"
"IRM00040858","2016-09-26","28.945","50.835","20.7","BUSHEHR, IR","    0",",,S","  356",",,S",,,"  298","H,,S"
"IRM00040858","2016-09-27","28.945","50.835","20.7","BUSHEHR, IR","    0",",,S","  352",",,S","  245",",,S","  302","H,,S"
"IRM00040858","2016-09-28","28.945","50.835","20.7","BUSHEHR, IR","    0",",,S","  350",",,S",,,"  303","H,,S"
"IRM00040858","2016-09-29","28.945","50.835","20.7","BUSHEHR, IR","    0",",,S","  354",",,S","  250",",,S","  311","H,,S"
"IRM00040858","2016-09-30","28.945","50.835","20.7","BUSHEHR, IR","    0",",,S","  314",",,S",,,"  288","H,,S"
"IRM00040858","2016-10-01","28.945","50.835","20.7","BUSHEHR, IR","    0",",,S","  320",",,S",,,"  274","H,,S"
"IRM00040858","2016-10-02","28.945","50.835","20.7","BUSHEHR, IR","    0",",,S","  320",",,S","  200",",,S","  270","H,,S"
"IRM00040858","2016-10-03","28.945","50.835","20.7","BUSHEHR, IR","    0",",,S","  312",",,S",,,"  273","H,,S"
"IRM00040858","2016-10-04","28.945","50.835","20.7","BUSHEHR, IR","    0",",,S","  322",",,S",,,"  273","H,,S"
"IRM00040858","2016-10-05","28.945","50.835","20.7","BUSHEHR, IR","    0",",,S","  334",",,S","  219",",,S","  273","H,,S"
"IRM00040858","2016-10-06","28.945","50.835","20.7","BUSHEHR, IR","    0",",,S","  334",",,S","  214",",,S","  276","H,,S"
"IRM00040858","2016-10-07","28.945","50.835","20.7","BUSHEHR, IR","    0",",,S","  330",",,S","  207",",,S","  276","H,,S"
"IRM00040858","2016-10-08","28.945","50.835","20.7","BUSHEHR, IR","    0",",,S","  330",",,S",,,"  279","H,,S"
"IRM00040858","2016-10-09","28.945","50.835","20.7","BUSHEHR, IR","    0",",,S","  334",",,S","  225",",,S","  277","H,,S"
"IRM00040858","2016-10-10","28.945","50.835","20.7","BUSHEHR, IR","    0",",,S","  332",",,S",,,"  282","H,,S"
"IRM00040858","2016-10-11","28.945","50.835","20.7","BUSHEHR, IR","    0",",,S","  326",",,S",,,"  276","H,,S"
"IRM00040858","2016-10-12","28.945","50.835","20.7","BUSHEHR, IR","    0",",,S","  332",",,S","  216",",,S","  283","H,,S"
"IRM00040858","2016-10-13","28.945","50.835","20.7","BUSHEHR, IR","    0",",,S",,,,,"  283","H,,S"
"IRM00040858","2016-10-14","28.945","50.835","20.7","BUSHEHR, IR","    0",",,S","  336",",,S","  205",",,S","  268","H,,S"
"IRM00040858","2016-10-15","28.945","50.835","20.7","BUSHEHR, IR","    0",",,S",,,"  200",",,S","  270","H,,S"
"IRM00040858","2016-10-16","28.945","50.835","20.7","BUSHEHR, IR","    0",",,S","  320",",,S","  209",",,S","  268","H,,S"
"IRM00040858","2016-10-17","28.945","50.835","20.7","BUSHEHR, IR","    0",",,S","  330",",,S","  196",",,S","  270","H,,S"
"IRM00040858","2016-10-18","28.945","50.835","20.7","BUSHEHR, IR","    0",",,S","  324",",,S","  188",",,S","  269","H,,S"
"IRM00040858","2016-10-19","28.945","50.835","20.7","BUSHEHR, IR","    0",",,S",,,"  218",",,S","  267","H,,S"
"IRM00040858","2016-10-20","28.945","50.835","20.7","BUSHEHR, IR","    0",",,S","  320",",,S","  208",",,S","  268","H,,S"
"IRM00040858","2016-10-21","28.945","50.835","20.7","BUSHEHR, IR","    0",",,S","  324",",,S",,,"  268","H,,S"
"IRM00040858","2016-10-22","28.945","50.835","20.7","BUSHEHR, IR","    0",",,S","  316",",,S","  202",",,S","  266","H,,S"
"IRM00040858","2016-10-23","28.945","50.835","20.7","BUSHEHR, IR","    0",",,S","  316",",,S",,,"  269","H,,S"
"IRM00040858","2016-10-24","28.945","50.835","20.7","BUSHEHR, IR","    0",",,S","  314",",,S","  190",",,S","  262","H,,S"
"IRM00040858","2016-10-25","28.945","50.835","20.7","BUSHEHR, IR","    0",",,S","  310",",,S",,,"  267","H,,S"
"IRM00040858","2016-10-26","28.945","50.835","20.7","BUSHEHR, IR","    0",",,S","  326",",,S","  220",",,S","  274","H,,S"
"IRM00040858","2016-10-27","28.945","50.835","20.7","BUSHEHR, IR","    0",",,S","  324",",,S",,,"  268","H,,S"
"IRM00040858","2016-10-28","28.945","50.835","20.7","BUSHEHR, IR","    0",",,S","  320",",,S",,,"  265","H,,S"
"IRM00040858","2016-10-29","28.945","50.835","20.7","BUSHEHR, IR","    0",",,S","  312",",,S",,,"  258","H,,S"
"IRM00040858","2016-10-30","28.945","50.835","20.7","BUSHEHR, IR","    0",",,S","  304",",,S",,,"  255","H,,S"
"IRM00040858","2016-10-31","28.945","50.835","20.7","BUSHEHR, IR","    0",",,S","  320",",,S",,,"  259","H,,S"
"IRM00040858","2016-11-01","28.945","50.835","20.7","BUSHEHR, IR","    0",",,S","  320",",,S",,,"  274","H,,S"
"IRM00040858","2016-11-02","28.945","50.835","20.7","BUSHEHR, IR","    0",",,S","  320",",,S","  238",",,S","  281","H,,S"
"IRM00040858","2016-11-03","28.945","50.835","20.7","BUSHEHR, IR","   15",",,S","  280",",,S",,,"  258","H,,S"
"IRM00040858","2016-11-04","28.945","50.835","20.7","BUSHEHR, IR","    0",",,S","  280",",,S",,,"  243","H,,S"
"IRM00040858","2016-11-05","28.945","50.835","20.7","BUSHEHR, IR","    0",",,S","  294",",,S","  200",",,S","  250","H,,S"
"IRM00040858","2016-11-06","28.945","50.835","20.7","BUSHEHR, IR","    0",",,S","  308",",,S",,,"  254","H,,S"
"IRM00040858","2016-11-07","28.945","50.835","20.7","BUSHEHR, IR","    0",",,S","  258",",,S","  222",",,S","  243","H,,S"
"IRM00040858","2016-11-08","28.945","50.835","20.7","BUSHEHR, IR","    5",",,S","  262",",,S","  208",",,S","  238","H,,S"
"IRM00040858","2016-11-09","28.945","50.835","20.7","BUSHEHR, IR","    0",",,S","  270",",,S",,,"  228","H,,S"
"IRM00040858","2016-11-10","28.945","50.835","20.7","BUSHEHR, IR","    0",",,S","  270",",,S","  165",",,S","  228","H,,S"
"IRM00040858","2016-11-11","28.945","50.835","20.7","BUSHEHR, IR","    0",",,S","  274",",,S","  140",",,S","  230","H,,S"
"IRM00040858","2016-11-12","28.945","50.835","20.7","BUSHEHR, IR","    0",",,S","  280",",,S",,,"  220","H,,S"
"IRM00040858","2016-11-13","28.945","50.835","20.7","BUSHEHR, IR","    0",",,S",,,"  160",",,S","  229","H,,S"
"IRM00040858","2016-11-14","28.945","50.835","20.7","BUSHEHR, IR","    0",",,S","  282",",,S",,,"  224","H,,S"
"IRM00040858","2016-11-15","28.945","50.835","20.7","BUSHEHR, IR","    0",",,S","  280",",,S","  158",",,S","  226","H,,S"
"IRM00040858","2016-11-16","28.945","50.835","20.7","BUSHEHR, IR","    0",",,S","  274",",,S","  154",",,S","  230","H,,S"
"IRM00040858","2016-11-17","28.945","50.835","20.7","BUSHEHR, IR","    0",",,S","  296",",,S","  186",",,S","  244","H,,S"
"IRM00040858","2016-11-18","28.945","50.835","20.7","BUSHEHR, IR","    0",",,S",,,"  216",",,S","  248","H,,S"
"IRM00040858","2016-11-19","28.945","50.835","20.7","BUSHEHR, IR","    0",",,S","  274",",,S","  220",",,S","  246","H,,S"
"IRM00040858","2016-11-20","28.945","50.835","20.7","BUSHEHR, IR","    0",",,S","  254",",,S",,,"  228","H,,S"
"IRM00040858","2016-11-21","28.945","50.835","20.7","BUSHEHR, IR","    0",",,S","  250",",,S",,,"  210","H,,S"
"IRM00040858","2016-11-22","28.945","50.835","20.7","BUSHEHR, IR","    0",",,S","  256",",,S","  176",",,S","  219","H,,S"
"IRM00040858","2016-11-23","28.945","50.835","20.7","BUSHEHR, IR","    0",",,S",,,,,"  216","H,,S"
"IRM00040858","2016-11-24","28.945","50.835","20.7","BUSHEHR, IR","    0",",,S","  246",",,S",,,"  204","H,,S"
"IRM00040858","2016-11-25","28.945","50.835","20.7","BUSHEHR, IR","    0",",,S","  242",",,S","  170",",,S","  203","H,,S"
"IRM00040858","2016-11-26","28.945","50.835","20.7","BUSHEHR, IR","   18",",,S","  230",",,S",,,"  203","H,,S"
"IRM00040858","2016-11-27","28.945","50.835","20.7","BUSHEHR, IR","    5",",,S","  232",",,S",,,"  214","H,,S"
"IRM00040858","2016-11-28","28.945","50.835","20.7","BUSHEHR, IR","    0",",,S","  240",",,S","  184",",,S","  214","H,,S"
"IRM00040858","2016-11-29","28.945","50.835","20.7","BUSHEHR, IR","    0",",,S","  242",",,S",,,"  216","H,,S"
"IRM00040858","2016-11-30","28.945","50.835","20.7","BUSHEHR, IR","    0",",,S","  242",",,S","  170",",,S","  200","H,,S"
"IRM00040858","2016-12-01","28.945","50.835","20.7","BUSHEHR, IR","    0",",,S","  280",",,S","  164",",,S","  222","H,,S"
"IRM00040858","2016-12-02","28.945","50.835","20.7","BUSHEHR, IR","    3",",,S","  328",",,S","  198",",,S","  256","H,,S"
"IRM00040858","2016-12-03","28.945","50.835","20.7","BUSHEHR, IR","    0",",,S","  260",",,S",,,"  228","H,,S"
"IRM00040858","2016-12-04","28.945","50.835","20.7","BUSHEHR, IR","    0",",,S","  236",",,S",,,"  214","H,,S"
"IRM00040858","2016-12-05","28.945","50.835","20.7","BUSHEHR, IR","    0",",,S",,,,,"  214","H,,S"
"IRM00040858","2016-12-06","28.945","50.835","20.7","BUSHEHR, IR","    0",",,S","  248",",,S","  168",",,S","  212","H,,S"
"IRM00040858","2016-12-07","28.945","50.835","20.7","BUSHEHR, IR","    0",",,S","  212",",,S",,,"  196","H,,S"
"IRM00040858","2016-12-08","28.945","50.835","20.7","BUSHEHR, IR","    0",",,S","  210",",,S","  160",",,S","  182","H,,S"
"IRM00040858","2016-12-09","28.945","50.835","20.7","BUSHEHR, IR","    0",",,S","  204",",,S","  152",",,S","  177","H,,S"
"IRM00040858","2016-12-10","28.945","50.835","20.7","BUSHEHR, IR","    0",",,S","  174",",,S","  120",",,S","  143","H,,S"
"IRM00040858","2016-12-11","28.945","50.835","20.7","BUSHEHR, IR","    0",",,S","  170",",,S",,,"  144","H,,S"
"IRM00040858","2016-12-12","28.945","50.835","20.7","BUSHEHR, IR","    0",",,S","  186",",,S","  120",",,S","  152","H,,S"
"IRM00040858","2016-12-13","28.945","50.835","20.7","BUSHEHR, IR","    0",",,S","  200",",,S","   72",",,S","  153","H,,S"
"IRM00040858","2016-12-14","28.945","50.835","20.7","BUSHEHR, IR","    0",",,S",,,"  110",",,S","  179","H,,S"
"IRM00040858","2016-12-15","28.945","50.835","20.7","BUSHEHR, IR","    3",",,S","  260",",,S",,,"  199","H,,S"
"IRM00040858","2016-12-16","28.945","50.835","20.7","BUSHEHR, IR","    0",",,S","  186",",,S","  126",",,S","  151","H,,S"
"IRM00040858","2016-12-17","28.945","50.835","20.7","BUSHEHR, IR","    0",",,S","  184",",,S",,,"  149","H,,S"
"IRM00040858","2016-12-18","28.945","50.835","20.7","BUSHEHR, IR","    0",",,S","  186",",,S",,,"  157","H,,S"
"IRM00040858","2016-12-19","28.945","50.835","20.7","BUSHEHR, IR","    0",",,S","  190",",,S",,,"  155","H,,S"
"IRM00040858","2016-12-20","28.945","50.835","20.7","BUSHEHR, IR","    0",",,S","  240",",,S","  100",",,S","  177","H,,S"
"IRM00040858","2016-12-21","28.945","50.835","20.7","BUSHEHR, IR","    0",",,S","  178",",,S",,,"  156","H,,S"
"IRM00040858","2016-12-22","28.945","50.835","20.7","BUSHEHR, IR","    0",",,S","  184",",,S","  130",",,S","  161","H,,S"
"IRM00040858","2016-12-23","28.945","50.835","20.7","BUSHEHR, IR","    3",",,S","  210",",,S",,,"  183","H,,S"
"IRM00040858","2016-12-24","28.945","50.835","20.7","BUSHEHR, IR","    0",",,S","  222",",,S",,,"  178","H,,S"
"IRM00040858","2016-12-25","28.945","50.835","20.7","BUSHEHR, IR","    0",",,S","  274",",,S",,,"  217","H,,S"
"IRM00040858","2016-12-26","28.945","50.835","20.7","BUSHEHR, IR","    0",",,S","  272",",,S","  170",",,S","  213","H,,S"
"IRM00040858","2016-12-27","28.945","50.835","20.7","BUSHEHR, IR","    0",",,S","  250",",,S",,,"  199","H,,S"
"IRM00040858","2016-12-28","28.945","50.835","20.7","BUSHEHR, IR","    0",",,S","  290",",,S",,,"  208","H,,S"
"IRM00040858","2016-12-29","28.945","50.835","20.7","BUSHEHR, IR","    0",",,S","  210",",,S",,,"  189","H,,S"
"IRM00040858","2016-12-30","28.945","50.835","20.7","BUSHEHR, IR","    0",",,S","  236",",,S",,,"  181","H,,S"
"IRM00040858","2016-12-31","28.945","50.835","20.7","BUSHEHR, IR","    0",",,S","  250",",,S",,,"  194","H,,S"
"IRM00040858","2017-01-01","28.945","50.835","20.7","BUSHEHR, IR","    0",",,S",,,"  140",",,S","  202","H,,S"
"IRM00040858","2017-01-02","28.945","50.835","20.7","BUSHEHR, IR","    0",",,S","  222",",,S",,,"  183","H,,S"
"IRM00040858","2017-01-03","28.945","50.835","20.7","BUSHEHR, IR","    0",",,S","  208",",,S","  140",",,S","  181","H,,S"
"IRM00040858","2017-01-04","28.945","50.835","20.7","BUSHEHR, IR","    0",",,S","  190",",,S",,,"  172","H,,S"
"IRM00040858","2017-01-05","28.945","50.835","20.7","BUSHEHR, IR","    0",",,S","  182",",,S",,,"  164","H,,S"
"IRM00040858","2017-01-06","28.945","50.835","20.7","BUSHEHR, IR","    0",",,S","  180",",,S",,,"  150","H,,S"
"IRM00040858","2017-01-07","28.945","50.835","20.7","BUSHEHR, IR","    0",",,S","  194",",,S","   74",",,S","  149","H,,S"
"IRM00040858","2017-01-08","28.945","50.835","20.7","BUSHEHR, IR","    0",",,S","  220",",,S","   94",",,S","  161","H,,S"
"IRM00040858","2017-01-09","28.945","50.835","20.7","BUSHEHR, IR","    0",",,S","  252",",,S","   86",",,S","  183","H,,S"
"IRM00040858","2017-01-10","28.945","50.835","20.7","BUSHEHR, IR","    0",",,S",,,"  140",",,S","  196","H,,S"
"IRM00040858","2017-01-11","28.945","50.835","20.7","BUSHEHR, IR","    0",",,S","  214",",,S",,,"  182","H,,S"
"IRM00040858","2017-01-12","28.945","50.835","20.7","BUSHEHR, IR","    0",",,S","  194",",,S",,,"  178","H,,S"
"IRM00040858","2017-01-13","28.945","50.835","20.7","BUSHEHR, IR","    0",",,S","  182",",,S","  127",",,S","  158","H,,S"
"IRM00040858","2017-01-14","28.945","50.835","20.7","BUSHEHR, IR","    0",",,S","  174",",,S","  118",",,S","  152","H,,S"
"IRM00040858","2017-01-15","28.945","50.835","20.7","BUSHEHR, IR","    0",",,S","  190",",,S",,,"  153","H,,S"
"IRM00040858","2017-01-16","28.945","50.835","20.7","BUSHEHR, IR","    0",",,S","  204",",,S",,,"  171","H,,S"
"IRM00040858","2017-01-17","28.945","50.835","20.7","BUSHEHR, IR","    0",",,S","  188",",,S","  106",",,S","  161","H,,S"
"IRM00040858","2017-01-18","28.945","50.835","20.7","BUSHEHR, IR","    0",",,S","  196",",,S","  118",",,S","  159","H,,S"
"IRM00040858","2017-01-19","28.945","50.835","20.7","BUSHEHR, IR","    0",",,S",,,"  119",",,S","  168","H,,S"
"IRM00040858","2017-01-20","28.945","50.835","20.7","BUSHEHR, IR","   23",",,S","  248",",,S",,,"  185","H,,S"
"IRM00040858","2017-01-21","28.945","50.835","20.7","BUSHEHR, IR","    3",",,S",,,,,"  178","H,,S"
"IRM00040858","2017-01-22","28.945","50.835","20.7","BUSHEHR, IR","    8",",,S","  194",",,S",,,"  167","H,,S"
"IRM00040858","2017-01-23","28.945","50.835","20.7","BUSHEHR, IR","   56",",,S","  176",",,S","  144",",,S","  160","H,,S"
"IRM00040858","2017-01-24","28.945","50.835","20.7","BUSHEHR, IR","    0",",,S","  172",",,S","  128",",,S","  152","H,,S"
"IRM00040858","2017-01-25","28.945","50.835","20.7","BUSHEHR, IR","    0",",,S","  194",",,S",,,"  145","H,,S"
"IRM00040858","2017-01-26","28.945","50.835","20.7","BUSHEHR, IR","    0",",,S","  218",",,S","   90",",,S","  162","H,,S"
"IRM00040858","2017-01-27","28.945","50.835","20.7","BUSHEHR, IR","    0",",,S","  232",",,S","  147",",,S","  191","H,,S"
"IRM00040858","2017-01-28","28.945","50.835","20.7","BUSHEHR, IR","   23",",,S","  221",",,S",,,"  192","H,,S"
"IRM00040858","2017-01-29","28.945","50.835","20.7","BUSHEHR, IR","    0",",,S","  208",",,S",,,"  169","H,,S"
"IRM00040858","2017-01-30","28.945","50.835","20.7","BUSHEHR, IR","    0",",,S","  174",",,S","  128",",,S","  148","H,,S"
"IRM00040858","2017-01-31","28.945","50.835","20.7","BUSHEHR, IR","    0",",,S",,,"   80",",,S","  155","H,,S"
"IRM00040858","2017-02-01","28.945","50.835","20.7","BUSHEHR, IR","    0",",,S","  220",",,S",,,"  176","H,,S"
"IRM00040858","2017-02-02","28.945","50.835","20.7","BUSHEHR, IR","    0",",,S",,,,,"  112","H,,S"
"IRM00040858","2017-02-03","28.945","50.835","20.7","BUSHEHR, IR","    8",",,S","  110",",,S","   34",",,S","   79","H,,S"
"IRM00040858","2017-02-04","28.945","50.835","20.7","BUSHEHR, IR","    0",",,S","  140",",,S",,,"  103","H,,S"
"IRM00040858","2017-02-05","28.945","50.835","20.7","BUSHEHR, IR","    0",",,S","  156",",,S",,,"  116","H,,S"
"IRM00040858","2017-02-06","28.945","50.835","20.7","BUSHEHR, IR","    0",",,S",,,,,"  130","H,,S"
"IRM00040858","2017-02-07","28.945","50.835","20.7","BUSHEHR, IR","    0",",,S","  178",",,S",,,"  122","H,,S"
"IRM00040858","2017-02-08","28.945","50.835","20.7","BUSHEHR, IR","    0",",,S","  196",",,S","   58",",,S","  133","H,,S"
"IRM00040858","2017-02-09","28.945","50.835","20.7","BUSHEHR, IR","    5",",,S","  250",",,S","   94",",,S","  175","H,,S"
"IRM00040858","2017-02-10","28.945","50.835","20.7","BUSHEHR, IR","    0",",,S","  264",",,S","  146",",,S","  195","H,,S"
"IRM00040858","2017-02-11","28.945","50.835","20.7","BUSHEHR, IR","    0",",,S","  202",",,S",,,"  168","H,,S"
"IRM00040858","2017-02-12","28.945","50.835","20.7","BUSHEHR, IR","    0",",,S",,,"  152",",,S","  199","H,,S"
"IRM00040858","2017-02-13","28.945","50.835","20.7","BUSHEHR, IR","  114",",,S","  204",",,S","  170",",,S","  187","H,,S"
"IRM00040858","2017-02-14","28.945","50.835","20.7","BUSHEHR, IR","   86",",,S","  196",",,S","  159",",,S","  170","H,,S"
"IRM00040858","2017-02-15","28.945","50.835","20.7","BUSHEHR, IR","    0",",,S",,,,,"  182","H,,S"
"IRM00040858","2017-02-16","28.945","50.835","20.7","BUSHEHR, IR","  221",",,S","  210",",,S",,,"  183","H,,S"
"IRM00040858","2017-02-17","28.945","50.835","20.7","BUSHEHR, IR","  274",",,S","  186",",,S",,,"  164","H,,S"
"IRM00040858","2017-02-18","28.945","50.835","20.7","BUSHEHR, IR","    0",",,S","  140",",,S",,,"  118","H,,S"
"IRM00040858","2017-02-19","28.945","50.835","20.7","BUSHEHR, IR","    0",",,S","  130",",,S","   80",",,S","  108","H,,S"
"IRM00040858","2017-02-20","28.945","50.835","20.7","BUSHEHR, IR","    0",",,S","  164",",,S","   58",",,S","  124","H,,S"
"IRM00040858","2017-02-21","28.945","50.835","20.7","BUSHEHR, IR","    0",",,S","  172",",,S","   78",",,S","  142","H,,S"
"IRM00040858","2017-02-22","28.945","50.835","20.7","BUSHEHR, IR","    0",",,S","  190",",,S","  118",",,S","  157","H,,S"
"IRM00040858","2017-02-23","28.945","50.835","20.7","BUSHEHR, IR","    0",",,S","  200",",,S","  126",",,S","  158","H,,S"
"IRM00040858","2017-02-24","28.945","50.835","20.7","BUSHEHR, IR","   18",",,S","  196",",,S",,,"  164","H,,S"
"IRM00040858","2017-02-25","28.945","50.835","20.7","BUSHEHR, IR","    0",",,S",,,,,"  162","H,,S"
"IRM00040858","2017-02-26","28.945","50.835","20.7","BUSHEHR, IR","    0",",,S","  212",",,S","  120",",,S","  166","H,,S"
"IRM00040858","2017-02-27","28.945","50.835","20.7","BUSHEHR, IR","    0",",,S","  212",",,S",,,"  165","H,,S"
"IRM00040858","2017-02-28","28.945","50.835","20.7","BUSHEHR, IR","    0",",,S","  220",",,S",,,"  168","H,,S"
"IRM00040858","2017-03-01","28.945","50.835","20.7","BUSHEHR, IR","    0",",,S","  220",",,S","  115",",,S","  177","H,,S"
"IRM00040858","2017-03-02","28.945","50.835","20.7","BUSHEHR, IR","    5",",,S","  274",",,S","  164",",,S","  205","H,,S"
"IRM00040858","2017-03-03","28.945","50.835","20.7","BUSHEHR, IR","    0",",,S","  266",",,S","  168",",,S","  209","H,,S"
"IRM00040858","2017-03-04","28.945","50.835","20.7","BUSHEHR, IR","    3",",,S","  240",",,S",,,"  193","H,,S"
"IRM00040858","2017-03-05","28.945","50.835","20.7","BUSHEHR, IR","    0",",,S","  252",",,S",,,"  203","H,,S"
"IRM00040858","2017-03-06","28.945","50.835","20.7","BUSHEHR, IR","    0",",,S","  210",",,S",,,"  189","H,,S"
"IRM00040858","2017-03-07","28.945","50.835","20.7","BUSHEHR, IR","    0",",,S","  224",",,S","  110",",,S","  178","H,,S"
"IRM00040858","2017-03-08","28.945","50.835","20.7","BUSHEHR, IR","    0",",,S",,,"  140",",,S","  195","H,,S"
"IRM00040858","2017-03-09","28.945","50.835","20.7","BUSHEHR, IR","    0",",,S","  230",",,S",,,"  200","H,,S"
"IRM00040858","2017-03-10","28.945","50.835","20.7","BUSHEHR, IR","    0",",,S","  248",",,S","  110",",,S","  194","H,,S"
"IRM00040858","2017-03-11","28.945","50.835","20.7","BUSHEHR, IR","    0",",,S","  266",",,S","  184",",,S","  227","H,,S"
"IRM00040858","2017-03-12","28.945","50.835","20.7","BUSHEHR, IR","    0",",,S","  282",",,S",,,"  241","H,,S"
"IRM00040858","2017-03-13","28.945","50.835","20.7","BUSHEHR, IR","    0",",,S","  270",",,S","  176",",,S","  236","H,,S"
"IRM00040858","2017-03-14","28.945","50.835","20.7","BUSHEHR, IR","    5",",,S","  226",",,S",,,"  202","H,,S"
"IRM00040858","2017-03-15","28.945","50.835","20.7","BUSHEHR, IR","    0",",,S","  236",",,S","  164",",,S","  203","H,,S"
"IRM00040858","2017-03-16","28.945","50.835","20.7","BUSHEHR, IR","    0",",,S","  290",",,S","  164",",,S","  238","H,,S"
"IRM00040858","2017-03-17","28.945","50.835","20.7","BUSHEHR, IR","    0",",,S","  234",",,S",,,"  209","H,,S"
"IRM00040858","2017-03-18","28.945","50.835","20.7","BUSHEHR, IR","    0",",,S","  262",",,S","  190",",,S","  223","H,,S"
"IRM00040858","2017-03-19","28.945","50.835","20.7","BUSHEHR, IR","   43",",,S",,,,,"  197","H,,S"
"IRM00040858","2017-03-20","28.945","50.835","20.7","BUSHEHR, IR","    0",",,S","  223",",,S","  180",",,S","  205","H,,S"
"IRM00040858","2017-03-21","28.945","50.835","20.7","BUSHEHR, IR","    0",",,S",,,"  142",",,S","  203","H,,S"
"IRM00040858","2017-03-22","28.945","50.835","20.7","BUSHEHR, IR","    0",",,S","  240",",,S","  146",",,S","  201","H,,S"
"IRM00040858","2017-03-23","28.945","50.835","20.7","BUSHEHR, IR","    0",",,S",,,,,"  201","H,,S"
"IRM00040858","2017-03-24","28.945","50.835","20.7","BUSHEHR, IR","   13",",,S","  220",",,S","  182",",,S","  198","H,,S"
"IRM00040858","2017-03-25","28.945","50.835","20.7","BUSHEHR, IR","    0",",,S","  220",",,S",,,"  183","H,,S"
"IRM00040858","2017-03-26","28.945","50.835","20.7","BUSHEHR, IR","  810",",,S","  230",",,S","  170",",,S","  199","H,,S"
"IRM00040858","2017-03-27","28.945","50.835","20.7","BUSHEHR, IR","    0",",,S","  236",",,S",,,"  203","H,,S"
"IRM00040858","2017-03-28","28.945","50.835","20.7","BUSHEHR, IR","    0",",,S","  240",",,S",,,"  204","H,,S"
"IRM00040858","2017-03-29","28.945","50.835","20.7","BUSHEHR, IR","    0",",,S","  260",",,S","  200",",,S","  230","H,,S"
"IRM00040858","2017-03-30","28.945","50.835","20.7","BUSHEHR, IR","    0",",,S","  272",",,S","  180",",,S","  227","H,,S"
"IRM00040858","2017-03-31","28.945","50.835","20.7","BUSHEHR, IR","    0",",,S",,,"  186",",,S","  236","H,,S"
"IRM00040858","2017-04-01","28.945","50.835","20.7","BUSHEHR, IR","    0",",,S","  316",",,S",,,"  259","H,,S"
"IRM00040858","2017-04-02","28.945","50.835","20.7","BUSHEHR, IR","    0",",,S","  302",",,S",,,"  256","H,,S"
"IRM00040858","2017-04-03","28.945","50.835","20.7","BUSHEHR, IR","    0",",,S","  258",",,S","  222",",,S","  240","H,,S"
"IRM00040858","2017-04-04","28.945","50.835","20.7","BUSHEHR, IR","    0",",,S","  246",",,S","  200",",,S","  226","H,,S"
"IRM00040858","2017-04-05","28.945","50.835","20.7","BUSHEHR, IR","    0",",,S","  240",",,S",,,"  209","H,,S"
"IRM00040858","2017-04-06","28.945","50.835","20.7","BUSHEHR, IR","    0",",,S","  260",",,S","  158",",,S","  223","H,,S"
"IRM00040858","2017-04-07","28.945","50.835","20.7","BUSHEHR, IR","    0",",,S","  302",",,S","  186",",,S","  247","H,,S"
"IRM00040858","2017-04-08","28.945","50.835","20.7","BUSHEHR, IR","    0",",,S","  294",",,S","  218",",,S","  248","H,,S"
"IRM00040858","2017-04-09","28.945","50.835","20.7","BUSHEHR, IR","    0",",,S","  330",",,S","  200",",,S","  266","H,,S"
"IRM00040858","2017-04-10","28.945","50.835","20.7","BUSHEHR, IR","    0",",,S",,,"  220",",,S","  284","H,,S"
"IRM00040858","2017-04-11","28.945","50.835","20.7","BUSHEHR, IR","    0",",,S","  390",",,S",,,"  301","H,,S"
"IRM00040858","2017-04-12","28.945","50.835","20.7","BUSHEHR, IR","    0",",,S","  354",",,S",,,"  287","H,,S"
"IRM00040858","2017-04-13","28.945","50.835","20.7","BUSHEHR, IR","    0",",,S","  338",",,S",,,"  283","H,,S"
"IRM00040858","2017-04-14","28.945","50.835","20.7","BUSHEHR, IR","    0",",,S","  324",",,S",,,"  277","H,,S"
"IRM00040858","2017-04-15","28.945","50.835","20.7","BUSHEHR, IR","    0",",,S","  318",",,S","  240",",,S","  284","H,,S"
"IRM00040858","2017-04-16","28.945","50.835","20.7","BUSHEHR, IR","    0",",,S","  300",",,S",,,"  266","H,,S"
"IRM00040858","2017-04-17","28.945","50.835","20.7","BUSHEHR, IR","    0",",,S",,,,,"  270","H,,S"
"IRM00040858","2017-04-18","28.945","50.835","20.7","BUSHEHR, IR","    0",",,S","  344",",,S","  238",",,S","  279","H,,S"
"IRM00040858","2017-04-19","28.945","50.835","20.7","BUSHEHR, IR","    0",",,S","  294",",,S",,,"  266","H,,S"
"IRM00040858","2017-04-20","28.945","50.835","20.7","BUSHEHR, IR","    0",",,S","  270",",,S",,,"  245","H,,S"
"IRM00040858","2017-04-21","28.945","50.835","20.7","BUSHEHR, IR","    0",",,S","  276",",,S","  226",",,S","  252","H,,S"
"IRM00040858","2017-04-22","28.945","50.835","20.7","BUSHEHR, IR","    0",",,S",,,,,"  238","H,,S"
"IRM00040858","2017-04-23","28.945","50.835","20.7","BUSHEHR, IR","    0",",,S","  306",",,S","  180",",,S","  251","H,,S"
"IRM00040858","2017-04-24","28.945","50.835","20.7","BUSHEHR, IR","    0",",,S","  310",",,S","  190",",,S","  258","H,,S"
"IRM00040858","2017-04-25","28.945","50.835","20.7","BUSHEHR, IR","    0",",,S",,,"  230",",,S","  282","H,,S"
"IRM00040858","2017-04-26","28.945","50.835","20.7","BUSHEHR, IR","    0",",,S","  350",",,S",,,"  273","H,,S"
"IRM00040858","2017-04-27","28.945","50.835","20.7","BUSHEHR, IR","    0",",,S","  312",",,S",,,"  268","H,,S"
"IRM00040858","2017-04-28","28.945","50.835","20.7","BUSHEHR, IR","    0",",,S","  360",",,S","  230",",,S","  291","H,,S"
"IRM00040858","2017-04-29","28.945","50.835","20.7","BUSHEHR, IR","    0",",,S","  400",",,S","  250",",,S","  314","H,,S"
"IRM00040858","2017-04-30","28.945","50.835","20.7","BUSHEHR, IR","    0",",,S",,,"  259",",,S","  305","H,,S"
"IRM00040858","2017-05-01","28.945","50.835","20.7","BUSHEHR, IR","    0",",,S","  340",",,S",,,"  294","H,,S"
"IRM00040858","2017-05-02","28.945","50.835","20.7","BUSHEHR, IR","    0",",,S","  370",",,S","  240",",,S","  302","H,,S"
"IRM00040858","2017-05-03","28.945","50.835","20.7","BUSHEHR, IR","    0",",,S","  364",",,S","  238",",,S","  313","H,,S"
"IRM00040858","2017-05-04","28.945","50.835","20.7","BUSHEHR, IR","    0",",,S","  350",",,S","  265",",,S","  323","H,,S"
"IRM00040858","2017-05-05","28.945","50.835","20.7","BUSHEHR, IR","    0",",,S",,,,,"  333","H,,S"
"IRM00040858","2017-05-06","28.945","50.835","20.7","BUSHEHR, IR","    0",",,S","  392",",,S","  266",",,S","  323","H,,S"
"IRM00040858","2017-05-07","28.945","50.835","20.7","BUSHEHR, IR","    0",",,S","  402",",,S","  296",",,S","  326","H,,S"
"IRM00040858","2017-05-08","28.945","50.835","20.7","BUSHEHR, IR","    0",",,S","  360",",,S",,,"  314","H,,S"
"IRM00040858","2017-05-09","28.945","50.835","20.7","BUSHEHR, IR","    0",",,S","  354",",,S","  266",",,S","  306","H,,S"
"IRM00040858","2017-05-10","28.945","50.835","20.7","BUSHEHR, IR","    0",",,S","  342",",,S",,,"  297","H,,S"
"IRM00040858","2017-05-11","28.945","50.835","20.7","BUSHEHR, IR","    0",",,S","  342",",,S","  232",",,S","  296","H,,S"
"IRM00040858","2017-05-12","28.945","50.835","20.7","BUSHEHR, IR","    0",",,S","  400",",,S","  222",",,S","  302","H,,S"
"IRM00040858","2017-05-13","28.945","50.835","20.7","BUSHEHR, IR","    0",",,S","  370",",,S","  250",",,S","  306","H,,S"
"IRM00040858","2017-05-14","28.945","50.835","20.7","BUSHEHR, IR","    0",",,S","  340",",,S",,,"  297","H,,S"
"IRM00040858","2017-05-15","28.945","50.835","20.7","BUSHEHR, IR","    0",",,S","  340",",,S",,,"  294","H,,S"
"IRM00040858","2017-05-16","28.945","50.835","20.7","BUSHEHR, IR","    0",",,S","  342",",,S","  229",",,S","  296","H,,S"
"IRM00040858","2017-05-17","28.945","50.835","20.7","BUSHEHR, IR","    0",",,S","  352",",,S","  250",",,S","  316","H,,S"
"IRM00040858","2017-05-18","28.945","50.835","20.7","BUSHEHR, IR","    0",",,S","  344",",,S",,,"  311","H,,S"
"IRM00040858","2017-05-19","28.945","50.835","20.7","BUSHEHR, IR","    0",",,S","  344",",,S","  256",",,S","  308","H,,S"
"IRM00040858","2017-05-20","28.945","50.835","20.7","BUSHEHR, IR","    0",",,S","  380",",,S","  234",",,S","  318","H,,S"
"IRM00040858","2017-05-21","28.945","50.835","20.7","BUSHEHR, IR","    0",",,S","  350",",,S","  288",",,S","  320","H,,S"
"IRM00040858","2017-05-22","28.945","50.835","20.7","BUSHEHR, IR","    0",",,S","  320",",,S",,,"  294","H,,S"
"IRM00040858","2017-05-23","28.945","50.835","20.7","BUSHEHR, IR","    0",",,S","  330",",,S",,,"  291","H,,S"
"IRM00040858","2017-05-24","28.945","50.835","20.7","BUSHEHR, IR","    0",",,S",,,"  246",",,S","  306","H,,S"
"IRM00040858","2017-05-25","28.945","50.835","20.7","BUSHEHR, IR","    0",",,S","  330",",,S","  280",",,S","  299","H,,S"
"IRM00040858","2017-05-26","28.945","50.835","20.7","BUSHEHR, IR","    0",",,S","  320",",,S",,,"  286","H,,S"
"IRM00040858","2017-05-27","28.945","50.835","20.7","BUSHEHR, IR","    0",",,S",,,"  224",",,S","  308","H,,S"
"IRM00040858","2017-05-28","28.945","50.835","20.7","BUSHEHR, IR","    0",",,S","  346",",,S",,,"  318","H,,S"
"IRM00040858","2017-05-29","28.945","50.835","20.7","BUSHEHR, IR","    0",",,S","  362",",,S",,,"  322","H,,S"
"IRM00040858","2017-05-30","28.945","50.835","20.7","BUSHEHR, IR","    0",",,S","  352",",,S",,,"  319","H,,S"
"IRM00040858","2017-05-31","28.945","50.835","20.7","BUSHEHR, IR","    0",",,S","  340",",,S","  284",",,S","  311","H,,S"
"IRM00040858","2017-06-01","28.945","50.835","20.7","BUSHEHR, IR","    0",",,S",,,"  288",",,S","  304","H,,S"
"IRM00040858","2017-06-02","28.945","50.835","20.7","BUSHEHR, IR","    0",",,S","  340",",,S",,,"  301","H,,S"
"IRM00040858","2017-06-03","28.945","50.835","20.7","BUSHEHR, IR","    0",",,S","  332",",,S",,,"  290","H,,S"
"IRM00040858","2017-06-04","28.945","50.835","20.7","BUSHEHR, IR","    0",",,S","  320",",,S","  240",",,S","  283","H,,S"
"IRM00040858","2017-06-05","28.945","50.835","20.7","BUSHEHR, IR","    0",",,S","  334",",,S","  226",",,S","  287","H,,S"
"IRM00040858","2017-06-06","28.945","50.835","20.7","BUSHEHR, IR","    0",",,S","  344",",,S","  230",",,S","  299","H,,S"
"IRM00040858","2017-06-07","28.945","50.835","20.7","BUSHEHR, IR","    0",",,S","  360",",,S","  240",",,S","  308","H,,S"
"IRM00040858","2017-06-08","28.945","50.835","20.7","BUSHEHR, IR","    0",",,S","  356",",,S","  240",",,S","  314","H,,S"
"IRM00040858","2017-06-09","28.945","50.835","20.7","BUSHEHR, IR","    0",",,S","  350",",,S",,,"  310","H,,S"
"IRM00040858","2017-06-10","28.945","50.835","20.7","BUSHEHR, IR","    0",",,S","  384",",,S","  238",",,S","  313","H,,S"
"IRM00040858","2017-06-11","28.945","50.835","20.7","BUSHEHR, IR","    0",",,S","  380",",,S","  242",",,S","  315","H,,S"
"IRM00040858","2017-06-12","28.945","50.835","20.7","BUSHEHR, IR","    0",",,S","  360",",,S","  266",",,S","  326","H,,S"
"IRM00040858","2017-06-13","28.945","50.835","20.7","BUSHEHR, IR","    0",",,S","  360",",,S","  296",",,S","  334","H,,S"
"IRM00040858","2017-06-14","28.945","50.835","20.7","BUSHEHR, IR","    0",",,S","  392",",,S",,,"  328","H,,S"
"IRM00040858","2017-06-15","28.945","50.835","20.7","BUSHEHR, IR","    0",",,S","  402",",,S","  270",",,S","  338","H,,S"
"IRM00040858","2017-06-16","28.945","50.835","20.7","BUSHEHR, IR","    0",",,S","  382",",,S","  286",",,S","  344","H,,S"
"IRM00040858","2017-06-17","28.945","50.835","20.7","BUSHEHR, IR","    0",",,S","  404",",,S","  322",",,S","  350","H,,S"
"IRM00040858","2017-06-18","28.945","50.835","20.7","BUSHEHR, IR","    0",",,S",,,,,"  346","H,,S"
"IRM00040858","2017-06-19","28.945","50.835","20.7","BUSHEHR, IR","    0",",,S","  370",",,S","  296",",,S","  338","H,,S"
"IRM00040858","2017-06-20","28.945","50.835","20.7","BUSHEHR, IR","    0",",,S","  356",",,S","  314",",,S","  336","H,,S"
"IRM00040858","2017-06-21","28.945","50.835","20.7","BUSHEHR, IR","    0",",,S","  356",",,S",,,"  329","H,,S"
"IRM00040858","2017-06-22","28.945","50.835","20.7","BUSHEHR, IR","    0",",,S","  360",",,S","  306",",,S","  328","H,,S"
"IRM00040858","2017-06-23","28.945","50.835","20.7","BUSHEHR, IR","    0",",,S","  336",",,S","  300",",,S","  315","H,,S"
"IRM00040858","2017-06-24","28.945","50.835","20.7","BUSHEHR, IR","    0",",,S","  334",",,S",,,"  302","H,,S"
"IRM00040858","2017-06-25","28.945","50.835","20.7","BUSHEHR, IR","    0",",,S","  338",",,S","  252",",,S","  303","H,,S"
"IRM00040858","2017-06-26","28.945","50.835","20.7","BUSHEHR, IR","    0",",,S",,,,,"  299","H,,S"
"IRM00040858","2017-06-27","28.945","50.835","20.7","BUSHEHR, IR","    0",",,S",,,,,"  308","H,,S"
"IRM00040858","2017-06-28","28.945","50.835","20.7","BUSHEHR, IR","    0",",,S","  402",",,S","  245",",,S","  329","H,,S"
"IRM00040858","2017-06-29","28.945","50.835","20.7","BUSHEHR, IR","    0",",,S","  412",",,S",,,"  339","H,,S"
"IRM00040858","2017-06-30","28.945","50.835","20.7","BUSHEHR, IR","    0",",,S","  370",",,S",,,"  332","H,,S"
"IRM00040858","2017-07-01","28.945","50.835","20.7","BUSHEHR, IR","    0",",,S","  412",",,S",,,"  333","H,,S"
"IRM00040858","2017-07-02","28.945","50.835","20.7","BUSHEHR, IR","    0",",,S",,,"  278",",,S","  347","H,,S"
"IRM00040858","2017-07-03","28.945","50.835","20.7","BUSHEHR, IR","    0",",,S","  386",",,S","  278",",,S","  343","H,,S"
"IRM00040858","2017-07-04","28.945","50.835","20.7","BUSHEHR, IR","    0",",,S",,,,,"  350","H,,S"
"IRM00040858","2017-07-05","28.945","50.835","20.7","BUSHEHR, IR","    0",",,S","  392",",,S","  292",",,S","  344","H,,S"
"IRM00040858","2017-07-06","28.945","50.835","20.7","BUSHEHR, IR","    0",",,S","  406",",,S",,,"  349","H,,S"
"IRM00040858","2017-07-07","28.945","50.835","20.7","BUSHEHR, IR","    0",",,S","  426",",,S","  284",",,S","  361","H,,S"
"IRM00040858","2017-07-08","28.945","50.835","20.7","BUSHEHR, IR","    0",",,S",,,"  302",",,S","  354","H,,S"
"IRM00040858","2017-07-09","28.945","50.835","20.7","BUSHEHR, IR","    0",",,S","  394",",,S","  290",",,S","  341","H,,S"
"IRM00040858","2017-07-10","28.945","50.835","20.7","BUSHEHR, IR","    0",",,S",,,"  298",",,S","  337","H,,S"
"IRM00040858","2017-07-11","28.945","50.835","20.7","BUSHEHR, IR","    0",",,S","  386",",,S","  302",",,S","  346","H,,S"
"IRM00040858","2017-07-12","28.945","50.835","20.7","BUSHEHR, IR","    0",",,S","  390",",,S","  316",",,S","  358","H,,S"
"IRM00040858","2017-07-13","28.945","50.835","20.7","BUSHEHR, IR","    0",",,S","  386",",,S",,,"  351","H,,S"
"IRM00040858","2017-07-14","28.945","50.835","20.7","BUSHEHR, IR","    0",",,S",,,"  296",",,S","  348","H,,S"
"IRM00040858","2017-07-15","28.945","50.835","20.7","BUSHEHR, IR","    0",",,S","  402",",,S",,,"  353","H,,S"
"IRM00040858","2017-07-16","28.945","50.835","20.7","BUSHEHR, IR","    0",",,S","  390",",,S","  308",",,S","  344","H,,S"
"IRM00040858","2017-07-17","28.945","50.835","20.7","BUSHEHR, IR","    0",",,S","  380",",,S","  296",",,S","  342","H,,S"
"IRM00040858","2017-07-18","28.945","50.835","20.7","BUSHEHR, IR","    0",",,S","  460",",,S","  310",",,S","  367","H,,S"
"IRM00040858","2017-07-19","28.945","50.835","20.7","BUSHEHR, IR","    0",",,S",,,,,"  368","H,,S"
"IRM00040858","2017-07-20","28.945","50.835","20.7","BUSHEHR, IR","    0",",,S","  398",",,S",,,"  351","H,,S"
"IRM00040858","2017-07-21","28.945","50.835","20.7","BUSHEHR, IR","    0",",,S",,,"  290",",,S","  345","H,,S"
"IRM00040858","2017-07-22","28.945","50.835","20.7","BUSHEHR, IR","    0",",,S",,,"  286",",,S","  343","H,,S"
"IRM00040858","2017-07-23","28.945","50.835","20.7","BUSHEHR, IR","    0",",,S","  382",",,S",,,"  345","H,,S"
"IRM00040858","2017-07-24","28.945","50.835","20.7","BUSHEHR, IR","    0",",,S","  400",",,S","  296",",,S","  344","H,,S"
"IRM00040858","2017-07-25","28.945","50.835","20.7","BUSHEHR, IR","    0",",,S","  390",",,S","  290",",,S","  349","H,,S"
"IRM00040858","2017-07-26","28.945","50.835","20.7","BUSHEHR, IR","    0",",,S","  392",",,S","  320",",,S","  366","H,,S"
"IRM00040858","2017-07-27","28.945","50.835","20.7","BUSHEHR, IR","    0",",,S",,,,,"  361","H,,S"
"IRM00040858","2017-07-28","28.945","50.835","20.7","BUSHEHR, IR","    0",",,S","  420",",,S",,,"  351","H,,S"
"IRM00040858","2017-07-29","28.945","50.835","20.7","BUSHEHR, IR","    0",",,S","  392",",,S","  300",",,S","  351","H,,S"
"IRM00040858","2017-07-30","28.945","50.835","20.7","BUSHEHR, IR","    0",",,S","  400",",,S","  314",",,S","  356","H,,S"
"IRM00040858","2017-07-31","28.945","50.835","20.7","BUSHEHR, IR","    0",",,S","  400",",,S","  325",",,S","  356","H,,S"
"IRM00040858","2017-08-01","28.945","50.835","20.7","BUSHEHR, IR","    0",",,S","  398",",,S",,,"  359","H,,S"
"IRM00040858","2017-08-02","28.945","50.835","20.7","BUSHEHR, IR","    0",",,S","  412",",,S","  306",",,S","  359","H,,S"
"IRM00040858","2017-08-03","28.945","50.835","20.7","BUSHEHR, IR","    0",",,S","  404",",,S","  320",",,S","  367","H,,S"
"IRM00040858","2017-08-04","28.945","50.835","20.7","BUSHEHR, IR","    0",",,S","  420",",,S","  320",",,S","  365","H,,S"
"IRM00040858","2017-08-05","28.945","50.835","20.7","BUSHEHR, IR","    0",",,S","  410",",,S",,,"  362","H,,S"
"IRM00040858","2017-08-06","28.945","50.835","20.7","BUSHEHR, IR","    0",",,S","  412",",,S","  289",",,S","  360","H,,S"
"IRM00040858","2017-08-07","28.945","50.835","20.7","BUSHEHR, IR","    0",",,S","  420",",,S","  298",",,S","  353","H,,S"
"IRM00040858","2017-08-08","28.945","50.835","20.7","BUSHEHR, IR","    0",",,S","  400",",,S",,,"  356","H,,S"
"IRM00040858","2017-08-09","28.945","50.835","20.7","BUSHEHR, IR","    0",",,S","  410",",,S","  300",",,S","  361","H,,S"
"IRM00040858","2017-08-10","28.945","50.835","20.7","BUSHEHR, IR","    0",",,S","  404",",,S","  300",",,S","  358","H,,S"
"IRM00040858","2017-08-11","28.945","50.835","20.7","BUSHEHR, IR","    0",",,S","  400",",,S","  304",",,S","  354","H,,S"
"IRM00040858","2017-08-12","28.945","50.835","20.7","BUSHEHR, IR","    0",",,S","  398",",,S",,,"  354","H,,S"
"IRM00040858","2017-08-13","28.945","50.835","20.7","BUSHEHR, IR","    0",",,S","  400",",,S","  306",",,S","  357","H,,S"
"IRM00040858","2017-08-14","28.945","50.835","20.7","BUSHEHR, IR","    0",",,S","  420",",,S","  320",",,S","  361","H,,S"
"IRM00040858","2017-08-15","28.945","50.835","20.7","BUSHEHR, IR","    0",",,S","  394",",,S",,,"  357","H,,S"
"IRM00040858","2017-08-16","28.945","50.835","20.7","BUSHEHR, IR","    0",",,S","  392",",,S",,,"  355","H,,S"
"IRM00040858","2017-08-17","28.945","50.835","20.7","BUSHEHR, IR","    0",",,S","  382",",,S","  308",",,S","  357","H,,S"
"IRM00040858","2017-08-18","28.945","50.835","20.7","BUSHEHR, IR","    0",",,S",,,,,"  361","H,,S"
"IRM00040858","2017-08-19","28.945","50.835","20.7","BUSHEHR, IR","    0",",,S","  406",",,S",,,"  362","H,,S"
"IRM00040858","2017-08-20","28.945","50.835","20.7","BUSHEHR, IR","    0",",,S","  410",",,S",,,"  361","H,,S"
"IRM00040858","2017-08-21","28.945","50.835","20.7","BUSHEHR, IR","    0",",,S","  382",",,S","  320",",,S","  354","H,,S"
"IRM00040858","2017-08-22","28.945","50.835","20.7","BUSHEHR, IR","    0",",,S",,,,,"  359","H,,S"
"IRM00040858","2017-08-23","28.945","50.835","20.7","BUSHEHR, IR","    0",",,S","  398",",,S",,,"  356","H,,S"
"IRM00040858","2017-08-24","28.945","50.835","20.7","BUSHEHR, IR","    0",",,S","  386",",,S",,,"  345","H,,S"
"IRM00040858","2017-08-25","28.945","50.835","20.7","BUSHEHR, IR","    0",",,S","  380",",,S",,,"  343","H,,S"
"IRM00040858","2017-08-26","28.945","50.835","20.7","BUSHEHR, IR","    0",",,S","  380",",,S",,,"  348","H,,S"
"IRM00040858","2017-08-27","28.945","50.835","20.7","BUSHEHR, IR","    0",",,S",,,"  304",",,S","  352","H,,S"
"IRM00040858","2017-08-28","28.945","50.835","20.7","BUSHEHR, IR","    0",",,S","  394",",,S","  290",",,S","  347","H,,S"
"IRM00040858","2017-08-29","28.945","50.835","20.7","BUSHEHR, IR","    0",",,S","  392",",,S",,,"  342","H,,S"
"IRM00040858","2017-08-30","28.945","50.835","20.7","BUSHEHR, IR","    0",",,S","  394",",,S","  289",",,S","  338","H,,S"
"IRM00040858","2017-08-31","28.945","50.835","20.7","BUSHEHR, IR","    0",",,S","  394",",,S",,,"  338","H,,S"
"IRM00040858","2017-09-01","28.945","50.835","20.7","BUSHEHR, IR","    0",",,S","  390",",,S","  260",",,S","  333","H,,S"
"IRM00040858","2017-09-02","28.945","50.835","20.7","BUSHEHR, IR","    0",",,S","  386",",,S","  279",",,S","  336","H,,S"
"IRM00040858","2017-09-03","28.945","50.835","20.7","BUSHEHR, IR","    0",",,S","  392",",,S","  280",",,S","  341","H,,S"
"IRM00040858","2017-09-04","28.945","50.835","20.7","BUSHEHR, IR","    0",",,S","  380",",,S","  300",",,S","  339","H,,S"
"IRM00040858","2017-09-05","28.945","50.835","20.7","BUSHEHR, IR","    0",",,S","  380",",,S",,,"  338","H,,S"
"IRM00040858","2017-09-06","28.945","50.835","20.7","BUSHEHR, IR","    0",",,S","  380",",,S",,,"  333","H,,S"
"IRM00040858","2017-09-07","28.945","50.835","20.7","BUSHEHR, IR","    0",",,S","  382",",,S",,,"  333","H,,S"
"IRM00040858","2017-09-08","28.945","50.835","20.7","BUSHEHR, IR","    0",",,S","  382",",,S","  290",",,S","  336","H,,S"
"IRM00040858","2017-09-09","28.945","50.835","20.7","BUSHEHR, IR","    0",",,S","  380",",,S","  296",",,S","  342","H,,S"
"IRM00040858","2017-09-10","28.945","50.835","20.7","BUSHEHR, IR","    0",",,S","  390",",,S","  302",",,S","  341","H,,S"
"IRM00040858","2017-09-11","28.945","50.835","20.7","BUSHEHR, IR","    0",",,S","  380",",,S",,,"  341","H,,S"
"IRM00040858","2017-09-12","28.945","50.835","20.7","BUSHEHR, IR","    0",",,S","  380",",,S",,,"  339","H,,S"
"IRM00040858","2017-09-13","28.945","50.835","20.7","BUSHEHR, IR","    0",",,S","  376",",,S","  292",",,S","  336","H,,S"
"IRM00040858","2017-09-14","28.945","50.835","20.7","BUSHEHR, IR","    0",",,S","  380",",,S",,,"  341","H,,S"
"IRM00040858","2017-09-15","28.945","50.835","20.7","BUSHEHR, IR","    0",",,S","  374",",,S",,,"  338","H,,S"
"IRM00040858","2017-09-16","28.945","50.835","20.7","BUSHEHR, IR","    0",",,S","  364",",,S",,,"  327","H,,S"
"IRM00040858","2017-09-17","28.945","50.835","20.7","BUSHEHR, IR","    0",",,S","  370",",,S","  278",",,S","  331","H,,S"
"IRM00040858","2017-09-18","28.945","50.835","20.7","BUSHEHR, IR","    0",",,S","  380",",,S","  306",",,S","  337","H,,S"
"IRM00040858","2017-09-19","28.945","50.835","20.7","BUSHEHR, IR","    0",",,S","  374",",,S",,,"  331","H,,S"
"IRM00040858","2017-09-20","28.945","50.835","20.7","BUSHEHR, IR","    0",",,S","  382",",,S",,,"  336","H,,S"
"IRM00040858","2017-09-21","28.945","50.835","20.7","BUSHEHR, IR","    0",",,S","  382",",,S","  258",",,S","  327","H,,S"
"IRM00040858","2017-09-22","28.945","50.835","20.7","BUSHEHR, IR","    0",",,S","  370",",,S","  260",",,S","  323","H,,S"
"IRM00040858","2017-09-23","28.945","50.835","20.7","BUSHEHR, IR","    0",",,S","  374",",,S","  258",",,S","  321","H,,S"
"IRM00040858","2017-09-24","28.945","50.835","20.7","BUSHEHR, IR","    0",",,S","  380",",,S",,,"  332","H,,S"
"IRM00040858","2017-09-25","28.945","50.835","20.7","BUSHEHR, IR","    0",",,S","  370",",,S",,,"  323","H,,S"
"IRM00040858","2017-09-26","28.945","50.835","20.7","BUSHEHR, IR","    0",",,S","  362",",,S","  260",",,S","  316","H,,S"
"IRM00040858","2017-09-27","28.945","50.835","20.7","BUSHEHR, IR","    0",",,S",,,"  280",",,S","  324","H,,S"
"IRM00040858","2017-09-28","28.945","50.835","20.7","BUSHEHR, IR","    0",",,S","  362",",,S","  286",",,S","  328","H,,S"
"IRM00040858","2017-09-29","28.945","50.835","20.7","BUSHEHR, IR","    0",",,S","  372",",,S","  270",",,S","  334","H,,S"
"IRM00040858","2017-09-30","28.945","50.835","20.7","BUSHEHR, IR","    0",",,S","  380",",,S","  260",",,S","  318","H,,S"
"IRM00040858","2017-10-01","28.945","50.835","20.7","BUSHEHR, IR","    0",",,S",,,,,"  312","H,,S"
"IRM00040858","2017-10-02","28.945","50.835","20.7","BUSHEHR, IR","    0",",,S","  354",",,S","  256",",,S","  326","H,,S"
"IRM00040858","2017-10-03","28.945","50.835","20.7","BUSHEHR, IR","    0",",,S","  354",",,S",,,"  324","H,,S"
"IRM00040858","2017-10-04","28.945","50.835","20.7","BUSHEHR, IR","    0",",,S",,,,,"  313","H,,S"
"IRM00040858","2017-10-05","28.945","50.835","20.7","BUSHEHR, IR","    0",",,S","  356",",,S",,,"  313","H,,S"
"IRM00040858","2017-10-06","28.945","50.835","20.7","BUSHEHR, IR","    0",",,S","  330",",,S",,,"  289","H,,S"
"IRM00040858","2017-10-07","28.945","50.835","20.7","BUSHEHR, IR","    0",",,S","  360",",,S","  208",",,S","  293","H,,S"
"IRM00040858","2017-10-08","28.945","50.835","20.7","BUSHEHR, IR","    0",",,S","  354",",,S","  260",",,S","  303","H,,S"
"IRM00040858","2017-10-09","28.945","50.835","20.7","BUSHEHR, IR","    0",",,S",,,,,"  306","H,,S"
"IRM00040858","2017-10-10","28.945","50.835","20.7","BUSHEHR, IR","    0",",,S","  344",",,S","  240",",,S","  299","H,,S"
"IRM00040858","2017-10-11","28.945","50.835","20.7","BUSHEHR, IR","    0",",,S","  360",",,S","  230",",,S","  308","H,,S"
"IRM00040858","2017-10-12","28.945","50.835","20.7","BUSHEHR, IR","    0",",,S","  320",",,S",,,"  298","H,,S"
"IRM00040858","2017-10-13","28.945","50.835","20.7","BUSHEHR, IR","    0",",,S","  328",",,S","  230",",,S","  287","H,,S"
"IRM00040858","2017-10-14","28.945","50.835","20.7","BUSHEHR, IR","    0",",,S","  330",",,S","  246",",,S","  296","H,,S"
"IRM00040858","2017-10-15","28.945","50.835","20.7","BUSHEHR, IR","    0",",,S","  340",",,S","  236",",,S","  291","H,,S"
"IRM00040858","2017-10-16","28.945","50.835","20.7","BUSHEHR, IR","    0",",,S","  326",",,S","  220",",,S","  285","H,,S"
"IRM00040858","2017-10-17","28.945","50.835","20.7","BUSHEHR, IR","    0",",,S","  330",",,S",,,"  286","H,,S"
"IRM00040858","2017-10-18","28.945","50.835","20.7","BUSHEHR, IR","    0",",,S","  340",",,S","  220",",,S","  296","H,,S"
"IRM00040858","2017-10-19","28.945","50.835","20.7","BUSHEHR, IR","    0",",,S","  362",",,S","  258",",,S","  299","H,,S"
"IRM00040858","2017-10-20","28.945","50.835","20.7","BUSHEHR, IR","    0",",,S","  326",",,S","  216",",,S","  286","H,,S"
"IRM00040858","2017-10-21","28.945","50.835","20.7","BUSHEHR, IR","    0",",,S","  320",",,S","  220",",,S","  281","H,,S"
"IRM00040858","2017-10-22","28.945","50.835","20.7","BUSHEHR, IR","    0",",,S",,,"  188",",,S","  271","H,,S"
"IRM00040858","2017-10-23","28.945","50.835","20.7","BUSHEHR, IR","    0",",,S","  328",",,S",,,"  268","H,,S"
"IRM00040858","2017-10-24","28.945","50.835","20.7","BUSHEHR, IR","    0",",,S","  320",",,S",,,"  251","H,,S"
"IRM00040858","2017-10-25","28.945","50.835","20.7","BUSHEHR, IR","    0",",,S","  330",",,S","  190",",,S","  265","H,,S"
"IRM00040858","2017-10-26","28.945","50.835","20.7","BUSHEHR, IR","    0",",,S","  316",",,S",,,"  252","H,,S"
"IRM00040858","2017-10-27","28.945","50.835","20.7","BUSHEHR, IR","    0",",,S","  326",",,S",,,"  268","H,,S"
"IRM00040858","2017-10-28","28.945","50.835","20.7","BUSHEHR, IR","    0",",,S","  310",",,S",,,"  258","H,,S"
"IRM00040858","2017-10-29","28.945","50.835","20.7","BUSHEHR, IR","    0",",,S","  340",",,S",,,"  273","H,,S"
"IRM00040858","2017-10-30","28.945","50.835","20.7","BUSHEHR, IR","    0",",,S","  320",",,S",,,"  276","H,,S"
"IRM00040858","2017-10-31","28.945","50.835","20.7","BUSHEHR, IR","    0",",,S","  320",",,S","  206",",,S","  273","H,,S"
"IRM00040858","2017-11-01","28.945","50.835","20.7","BUSHEHR, IR","    0",",,S","  310",",,S",,,"  268","H,,S"
"IRM00040858","2017-11-02","28.945","50.835","20.7","BUSHEHR, IR","    0",",,S","  320",",,S",,,"  267","H,,S"
"IRM00040858","2017-11-03","28.945","50.835","20.7","BUSHEHR, IR","    0",",,S",,,,,"  266","H,,S"
"IRM00040858","2017-11-04","28.945","50.835","20.7","BUSHEHR, IR","    0",",,S","  320",",,S","  224",",,S","  270","H,,S"
"IRM00040858","2017-11-05","28.945","50.835","20.7","BUSHEHR, IR","    0",",,S","  316",",,S",,,"  265","H,,S"
"IRM00040858","2017-11-06","28.945","50.835","20.7","BUSHEHR, IR","    0",",,S","  326",",,S","  190",",,S","  263","H,,S"
"IRM00040858","2017-11-07","28.945","50.835","20.7","BUSHEHR, IR","    0",",,S","  310",",,S",,,"  258","H,,S"
"IRM00040858","2017-11-08","28.945","50.835","20.7","BUSHEHR, IR","    0",",,S",,,,,"  258","H,,S"
"IRM00040858","2017-11-09","28.945","50.835","20.7","BUSHEHR, IR","    0",",,S","  300",",,S","  206",",,S","  259","H,,S"
"IRM00040858","2017-11-10","28.945","50.835","20.7","BUSHEHR, IR","    0",",,S","  304",",,S",,,"  254","H,,S"
"IRM00040858","2017-11-11","28.945","50.835","20.7","BUSHEHR, IR","    0",",,S","  284",",,S","  190",",,S","  254","H,,S"
"IRM00040858","2017-11-12","28.945","50.835","20.7","BUSHEHR, IR","    0",",,S","  284",",,S",,,"  248","H,,S"
"IRM00040858","2017-11-13","28.945","50.835","20.7","BUSHEHR, IR","    0",",,S","  262",",,S",,,"  230","H,,S"
"IRM00040858","2017-11-14","28.945","50.835","20.7","BUSHEHR, IR","    0",",,S","  262",",,S",,,"  219","H,,S"
"IRM00040858","2017-11-15","28.945","50.835","20.7","BUSHEHR, IR","    0",",,S","  270",",,S","  130",",,S","  211","H,,S"
"IRM00040858","2017-11-16","28.945","50.835","20.7","BUSHEHR, IR","    0",",,S","  265",",,S","  122",",,S","  212","H,,S"
"IRM00040858","2017-11-17","28.945","50.835","20.7","BUSHEHR, IR","    0",",,S","  274",",,S","  152",",,S","  227","H,,S"
"IRM00040858","2017-11-18","28.945","50.835","20.7","BUSHEHR, IR","    0",",,S","  266",",,S",,,"  216","H,,S"
"IRM00040858","2017-11-19","28.945","50.835","20.7","BUSHEHR, IR","    0",",,S","  282",",,S","  170",",,S","  232","H,,S"
"IRM00040858","2017-11-20","28.945","50.835","20.7","BUSHEHR, IR","    0",",,S","  284",",,S","  200",",,S","  238","H,,S"
"IRM00040858","2017-11-21","28.945","50.835","20.7","BUSHEHR, IR","    0",",,S","  280",",,S",,,"  209","H,,S"
"IRM00040858","2017-11-22","28.945","50.835","20.7","BUSHEHR, IR","  841",",,S","  212",",,S",,,"  185","H,,S"
"IRM00040858","2017-11-23","28.945","50.835","20.7","BUSHEHR, IR","   79",",,S",,,,,"  188","H,,S"
"IRM00040858","2017-11-24","28.945","50.835","20.7","BUSHEHR, IR","    0",",,S",,,,,"  179","H,,S"
"IRM00040858","2017-11-25","28.945","50.835","20.7","BUSHEHR, IR","    0",",,S","  214",",,S","  140",",,S","  178","H,,S"
"IRM00040858","2017-11-26","28.945","50.835","20.7","BUSHEHR, IR","    0",",,S","  212",",,S",,,"  173","H,,S"
"IRM00040858","2017-11-27","28.945","50.835","20.7","BUSHEHR, IR","    0",",,S",,,"  151",",,S","  179","H,,S"
"IRM00040858","2017-11-28","28.945","50.835","20.7","BUSHEHR, IR","    0",",,S","  220",",,S",,,"  189","H,,S"
"IRM00040858","2017-11-29","28.945","50.835","20.7","BUSHEHR, IR","    0",",,S",,,,,"  187","H,,S"
"IRM00040858","2017-11-30","28.945","50.835","20.7","BUSHEHR, IR","    0",",,S",,,,,"  193","H,,S"
"IRM00040858","2017-12-01","28.945","50.835","20.7","BUSHEHR, IR","    0",",,S","  230",",,S","  180",",,S","  204","H,,S"
"IRM00040858","2017-12-02","28.945","50.835","20.7","BUSHEHR, IR","    0",",,S",,,,,"  186","H,,S"
"IRM00040858","2017-12-03","28.945","50.835","20.7","BUSHEHR, IR","    0",",,S","  222",",,S",,,"  191","H,,S"
"IRM00040858","2017-12-04","28.945","50.835","20.7","BUSHEHR, IR","    0",",,S","  234",",,S",,,"  192","H,,S"
"IRM00040858","2017-12-05","28.945","50.835","20.7","BUSHEHR, IR","    0",",,S","  224",",,S","  130",",,S","  183","H,,S"
"IRM00040858","2017-12-06","28.945","50.835","20.7","BUSHEHR, IR","    0",",,S","  240",",,S","  126",",,S","  194","H,,S"
"IRM00040858","2017-12-07","28.945","50.835","20.7","BUSHEHR, IR","    0",",,S","  260",",,S","  180",",,S","  213","H,,S"
"IRM00040858","2017-12-08","28.945","50.835","20.7","BUSHEHR, IR","    0",",,S",,,,,"  158","H,,S"
"IRM00040858","2017-12-09","28.945","50.835","20.7","BUSHEHR, IR","    0",",,S",,,,,"  156","H,,S"
"IRM00040858","2017-12-10","28.945","50.835","20.7","BUSHEHR, IR","    0",",,S","  188",",,S","  130",",,S","  158","H,,S"
"IRM00040858","2017-12-11","28.945","50.835","20.7","BUSHEHR, IR","    0",",,S","  190",",,S","  128",",,S","  159","H,,S"
"IRM00040858","2017-12-12","28.945","50.835","20.7","BUSHEHR, IR","    0",",,S","  184",",,S",,,"  151","H,,S"
"IRM00040858","2017-12-13","28.945","50.835","20.7","BUSHEHR, IR","    0",",,S","  204",",,S","   82",",,S","  154","H,,S"
"IRM00040858","2017-12-14","28.945","50.835","20.7","BUSHEHR, IR","    0",",,S","  234",",,S","  112",",,S","  182","H,,S"
"IRM00040858","2017-12-15","28.945","50.835","20.7","BUSHEHR, IR","   18",",,S","  240",",,S","  168",",,S","  200","H,,S"
"IRM00040858","2017-12-16","28.945","50.835","20.7","BUSHEHR, IR","   23",",,S",,,,,"  192","H,,S"
"IRM00040858","2017-12-17","28.945","50.835","20.7","BUSHEHR, IR","    0",",,S",,,,,"  186","H,,S"
"IRM00040858","2017-12-18","28.945","50.835","20.7","BUSHEHR, IR","    0",",,S","  216",",,S","  156",",,S","  187","H,,S"
"IRM00040858","2017-12-19","28.945","50.835","20.7","BUSHEHR, IR","    0",",,S","  210",",,S",,,"  178","H,,S"
"IRM00040858","2017-12-20","28.945","50.835","20.7","BUSHEHR, IR","    0",",,S","  226",",,S","  117",",,S","  174","H,,S"
"IRM00040858","2017-12-21","28.945","50.835","20.7","BUSHEHR, IR","    0",",,S","  236",",,S","  120",",,S","  178","H,,S"
"IRM00040858","2017-12-22","28.945","50.835","20.7","BUSHEHR, IR","    0",",,S","  234",",,S","  136",",,S","  185","H,,S"
"IRM00040858","2017-12-23","28.945","50.835","20.7","BUSHEHR, IR","    0",",,S",,,,,"  182","H,,S"
"IRM00040858","2017-12-24","28.945","50.835","20.7","BUSHEHR, IR","    0",",,S","  258",",,S",,,"  186","H,,S"
"IRM00040858","2017-12-25","28.945","50.835","20.7","BUSHEHR, IR","    0",",,S","  296",",,S","  136",",,S","  223","H,,S"
"IRM00040858","2017-12-26","28.945","50.835","20.7","BUSHEHR, IR","    0",",,S","  208",",,S",,,"  189","H,,S"
"IRM00040858","2017-12-27","28.945","50.835","20.7","BUSHEHR, IR","    0",",,S","  204",",,S",,,"  170","H,,S"
"IRM00040858","2017-12-28","28.945","50.835","20.7","BUSHEHR, IR","    0",",,S","  226",",,S",,,"  183","H,,S"
"IRM00040858","2017-12-29","28.945","50.835","20.7","BUSHEHR, IR","    0",",,S","  230",",,S","  120",",,S","  178","H,,S"
"IRM00040858","2017-12-30","28.945","50.835","20.7","BUSHEHR, IR","    0",",,S","  232",",,S","  116",",,S","  173","H,,S"
"IRM00040858","2017-12-31","28.945","50.835","20.7","BUSHEHR, IR","    0",",,S","  230",",,S","  106",",,S","  175","H,,S"
"IRM00040858","2018-01-01","28.945","50.835","20.7","BUSHEHR, IR","    0",",,S","  240",",,S","   96",",,S","  180","H,,S"
"IRM00040858","2018-01-02","28.945","50.835","20.7","BUSHEHR, IR","    0",",,S","  210",",,S","  140",",,S","  179","H,,S"
"IRM00040858","2018-01-03","28.945","50.835","20.7","BUSHEHR, IR","    0",",,S","  204",",,S","  160",",,S","  174","H,,S"
"IRM00040858","2018-01-04","28.945","50.835","20.7","BUSHEHR, IR","    0",",,S",,,,,"  161","H,,S"
"IRM00040858","2018-01-05","28.945","50.835","20.7","BUSHEHR, IR","    0",",,S","  226",",,S","   90",",,S","  166","H,,S"
"IRM00040858","2018-01-06","28.945","50.835","20.7","BUSHEHR, IR","    0",",,S",,,"  138",",,S","  196","H,,S"
"IRM00040858","2018-01-07","28.945","50.835","20.7","BUSHEHR, IR","    0",",,S","  210",",,S","  168",",,S","  187","H,,S"
"IRM00040858","2018-01-08","28.945","50.835","20.7","BUSHEHR, IR","    0",",,S","  198",",,S",,,"  167","H,,S"
"IRM00040858","2018-01-09","28.945","50.835","20.7","BUSHEHR, IR","    0",",,S","  242",",,S",,,"  173","H,,S"
"IRM00040858","2018-01-10","28.945","50.835","20.7","BUSHEHR, IR","    0",",,S","  210",",,S","   98",",,S","  162","H,,S"
"IRM00040858","2018-01-11","28.945","50.835","20.7","BUSHEHR, IR","    0",",,S","  208",",,S","   85",",,S","  153","H,,S"
"IRM00040858","2018-01-12","28.945","50.835","20.7","BUSHEHR, IR","    0",",,S","  204",",,S",,,"  153","H,,S"
"IRM00040858","2018-01-13","28.945","50.835","20.7","BUSHEHR, IR","    0",",,S","  210",",,S",,,"  163","H,,S"
"IRM00040858","2018-01-14","28.945","50.835","20.7","BUSHEHR, IR","    0",",,S","  230",",,S","   70",",,S","  164","H,,S"
"IRM00040858","2018-01-15","28.945","50.835","20.7","BUSHEHR, IR","    0",",,S","  232",",,S","  110",",,S","  183","H,,S"
"IRM00040858","2018-01-16","28.945","50.835","20.7","BUSHEHR, IR","    0",",,S","  202",",,S",,,"  176","H,,S"
"IRM00040858","2018-01-17","28.945","50.835","20.7","BUSHEHR, IR","    0",",,S","  194",",,S","  110",",,S","  157","H,,S"
"IRM00040858","2018-01-18","28.945","50.835","20.7","BUSHEHR, IR","    0",",,S","  198",",,S",,,"  147","H,,S"
"IRM00040858","2018-01-19","28.945","50.835","20.7","BUSHEHR, IR","    0",",,S",,,"  100",",,S","  189","H,,S"
"IRM00040858","2018-01-20","28.945","50.835","20.7","BUSHEHR, IR","    0",",,S","  210",",,S",,,"  178","H,,S"
"IRM00040858","2018-01-21","28.945","50.835","20.7","BUSHEHR, IR","    0","D,,S","  164",",,S",,,"  146","H,,S"
"IRM00040858","2018-01-22","28.945","50.835","20.7","BUSHEHR, IR","    0",",,S","  174",",,S",,,"  140","H,,S"
"IRM00040858","2018-01-23","28.945","50.835","20.7","BUSHEHR, IR","    0",",,S","  210",",,S","  106",",,S","  167","H,,S"
"IRM00040858","2018-01-24","28.945","50.835","20.7","BUSHEHR, IR","    0",",,S",,,,,"  181","H,,S"
"IRM00040858","2018-01-25","28.945","50.835","20.7","BUSHEHR, IR","    0",",,S","  218",",,S","  120",",,S","  173","H,,S"
"IRM00040858","2018-01-26","28.945","50.835","20.7","BUSHEHR, IR","    0",",,S",,,"  156",",,S","  208","H,,S"
"IRM00040858","2018-01-27","28.945","50.835","20.7","BUSHEHR, IR","    0",",,S","  226",",,S",,,"  188","H,,S"
"IRM00040858","2018-01-28","28.945","50.835","20.7","BUSHEHR, IR","    0",",,S",,,,,"  154","H,,S"
"IRM00040858","2018-01-29","28.945","50.835","20.7","BUSHEHR, IR","    0",",,S","  176",",,S","  110",",,S","  146","H,,S"
"IRM00040858","2018-01-30","28.945","50.835","20.7","BUSHEHR, IR","    0",",,S","  180",",,S",,,"  147","H,,S"
"IRM00040858","2018-01-31","28.945","50.835","20.7","BUSHEHR, IR","    0",",,S","  176",",,S","   90",",,S","  142","H,,S"
"IRM00040858","2018-02-01","28.945","50.835","20.7","BUSHEHR, IR","    0",",,S","  180",",,S","   84",",,S","  147","H,,S"
"IRM00040858","2018-02-02","28.945","50.835","20.7","BUSHEHR, IR","    0",",,S","  182",",,S","  100",",,S","  149","H,,S"
"IRM00040858","2018-02-03","28.945","50.835","20.7","BUSHEHR, IR","    0",",,S","  190",",,S","   94",",,S","  148","H,,S"
"IRM00040858","2018-02-04","28.945","50.835","20.7","BUSHEHR, IR","    0",",,S","  192",",,S","   76",",,S","  143","H,,S"
"IRM00040858","2018-02-05","28.945","50.835","20.7","BUSHEHR, IR","    0",",,S","  200",",,S","   69",",,S","  139","H,,S"
"IRM00040858","2018-02-06","28.945","50.835","20.7","BUSHEHR, IR","    0",",,S","  190",",,S",,,"  151","H,,S"
"IRM00040858","2018-02-07","28.945","50.835","20.7","BUSHEHR, IR","    0",",,S","  200",",,S","   95",",,S","  159","H,,S"
"IRM00040858","2018-02-08","28.945","50.835","20.7","BUSHEHR, IR","    0",",,S","  218",",,S","   90",",,S","  161","H,,S"
"IRM00040858","2018-02-09","28.945","50.835","20.7","BUSHEHR, IR","    0",",,S",,,"  106",",,S","  167","H,,S"
"IRM00040858","2018-02-10","28.945","50.835","20.7","BUSHEHR, IR","    0",",,S","  222",",,S","  119",",,S","  168","H,,S"
"IRM00040858","2018-02-11","28.945","50.835","20.7","BUSHEHR, IR","    0",",,S","  226",",,S","  122",",,S","  176","H,,S"
"IRM00040858","2018-02-12","28.945","50.835","20.7","BUSHEHR, IR","    0",",,S","  260",",,S",,,"  198","H,,S"
"IRM00040858","2018-02-13","28.945","50.835","20.7","BUSHEHR, IR","    0",",,S","  300",",,S","  150",",,S","  251","H,,S"
"IRM00040858","2018-02-14","28.945","50.835","20.7","BUSHEHR, IR","    0",",,S","  270",",,S",,,"  212","H,,S"
"IRM00040858","2018-02-15","28.945","50.835","20.7","BUSHEHR, IR","    0",",,S","  230",",,S","  174",",,S","  203","H,,S"
"IRM00040858","2018-02-16","28.945","50.835","20.7","BUSHEHR, IR","    0",",,S","  240",",,S",,,"  206","H,,S"
"IRM00040858","2018-02-17","28.945","50.835","20.7","BUSHEHR, IR","    0",",,S","  300",",,S","  162",",,S","  228","H,,S"
"IRM00040858","2018-02-18","28.945","50.835","20.7","BUSHEHR, IR","    0",",,S","  260",",,S",,,"  217","H,,S"
"IRM00040858","2018-02-19","28.945","50.835","20.7","BUSHEHR, IR","   18",",,S","  224",",,S",,,"  195","H,,S"
"IRM00040858","2018-02-20","28.945","50.835","20.7","BUSHEHR, IR","    0",",,S","  214",",,S",,,"  187","H,,S"
"IRM00040858","2018-02-21","28.945","50.835","20.7","BUSHEHR, IR","    0",",,S","  216",",,S",,,"  193","H,,S"
"IRM00040858","2018-02-22","28.945","50.835","20.7","BUSHEHR, IR","    5",",,S","  250",",,S",,,"  209","H,,S"
"IRM00040858","2018-02-23","28.945","50.835","20.7","BUSHEHR, IR","   25",",,S","  244",",,S","  160",",,S","  202","H,,S"
"IRM00040858","2018-02-24","28.945","50.835","20.7","BUSHEHR, IR","    0",",,S",,,"  146",",,S","  191","H,,S"
"IRM00040858","2018-02-25","28.945","50.835","20.7","BUSHEHR, IR","   28",",,S","  216",",,S",,,"  193","H,,S"
"IRM00040858","2018-02-26","28.945","50.835","20.7","BUSHEHR, IR","    0",",,S","  220",",,S","  146",",,S","  190","H,,S"
"IRM00040858","2018-02-27","28.945","50.835","20.7","BUSHEHR, IR","    0",",,S","  220",",,S","  160",",,S","  194","H,,S"
"IRM00040858","2018-02-28","28.945","50.835","20.7","BUSHEHR, IR","    5",",,S",,,,,"  192","H,,S"
"IRM00040858","2018-03-01","28.945","50.835","20.7","BUSHEHR, IR","    0",",,S",,,,,"  194","H,,S"
"IRM00040858","2018-03-02","28.945","50.835","20.7","BUSHEHR, IR","    0",",,S","  230",",,S","  180",",,S","  204","H,,S"
"IRM00040858","2018-03-03","28.945","50.835","20.7","BUSHEHR, IR","    0",",,S","  230",",,S",,,"  190","H,,S"
"IRM00040858","2018-03-04","28.945","50.835","20.7","BUSHEHR, IR","    0",",,S","  234",",,S","  130",",,S","  188","H,,S"
"IRM00040858","2018-03-05","28.945","50.835","20.7","BUSHEHR, IR","    0",",,S",,,"  126",",,S","  194","H,,S"
"IRM00040858","2018-03-06","28.945","50.835","20.7","BUSHEHR, IR","    0",",,S","  284",",,S","  140",",,S","  229","H,,S"
"IRM00040858","2018-03-07","28.945","50.835","20.7","BUSHEHR, IR","    0",",,S","  274",",,S",,,"  228","H,,S"
"IRM00040858","2018-03-08","28.945","50.835","20.7","BUSHEHR, IR","    0",",,S","  273",",,S","  174",",,S","  224","H,,S"
"IRM00040858","2018-03-09","28.945","50.835","20.7","BUSHEHR, IR","    0",",,S","  250",",,S",,,"  211","H,,S"
"IRM00040858","2018-03-10","28.945","50.835","20.7","BUSHEHR, IR","    0",",,S","  316",",,S","  172",",,S","  257","H,,S"
"IRM00040858","2018-03-11","28.945","50.835","20.7","BUSHEHR, IR","    0",",,S","  250",",,S","  188",",,S","  231","H,,S"
"IRM00040858","2018-03-12","28.945","50.835","20.7","BUSHEHR, IR","    0",",,S","  260",",,S","  220",",,S","  237","H,,S"
"IRM00040858","2018-03-13","28.945","50.835","20.7","BUSHEHR, IR","    0",",,S","  250",",,S",,,"  217","H,,S"
"IRM00040858","2018-03-14","28.945","50.835","20.7","BUSHEHR, IR","    0",",,S","  256",",,S","  132",",,S","  209","H,,S"
"IRM00040858","2018-03-15","28.945","50.835","20.7","BUSHEHR, IR","    0",",,S",,,"  140",",,S","  219","H,,S"
"IRM00040858","2018-03-16","28.945","50.835","20.7","BUSHEHR, IR","    0",",,S",,,"  170",",,S","  241","H,,S"
"IRM00040858","2018-03-17","28.945","50.835","20.7","BUSHEHR, IR","    3",",,S","  294",",,S",,,"  243","H,,S"
"IRM00040858","2018-03-18","28.945","50.835","20.7","BUSHEHR, IR","    0",",,S","  234",",,S",,,"  205","H,,S"
"IRM00040858","2018-03-19","28.945","50.835","20.7","BUSHEHR, IR","    0",",,S","  246",",,S","  140",",,S","  202","H,,S"
"IRM00040858","2018-03-20","28.945","50.835","20.7","BUSHEHR, IR","    0",",,S","  250",",,S","  150",",,S","  207","H,,S"
"IRM00040858","2018-03-21","28.945","50.835","20.7","BUSHEHR, IR","    0",",,S","  261",",,S","  160",",,S","  217","H,,S"
"IRM00040858","2018-03-22","28.945","50.835","20.7","BUSHEHR, IR","    0",",,S","  264",",,S","  145",",,S","  224","H,,S"
"IRM00040858","2018-03-23","28.945","50.835","20.7","BUSHEHR, IR","    0",",,S","  252",",,S","  180",",,S","  219","H,,S"
"IRM00040858","2018-03-24","28.945","50.835","20.7","BUSHEHR, IR","    0",",,S",,,"  160",",,S","  229","H,,S"
"IRM00040858","2018-03-25","28.945","50.835","20.7","BUSHEHR, IR","    0",",,S",,,"  168",",,S","  252","H,,S"
"IRM00040858","2018-03-26","28.945","50.835","20.7","BUSHEHR, IR","    0",",,S","  314",",,S","  172",",,S","  247","H,,S"
"IRM00040858","2018-03-27","28.945","50.835","20.7","BUSHEHR, IR","    0",",,S","  286",",,S","  186",",,S","  244","H,,S"
"IRM00040858","2018-03-28","28.945","50.835","20.7","BUSHEHR, IR","    0",",,S","  294",",,S","  170",",,S","  241","H,,S"
"IRM00040858","2018-03-29","28.945","50.835","20.7","BUSHEHR, IR","    0",",,S",,,"  172",",,S","  251","H,,S"
"IRM00040858","2018-03-30","28.945","50.835","20.7","BUSHEHR, IR","    0",",,S","  362",",,S",,,"  276","H,,S"
"IRM00040858","2018-03-31","28.945","50.835","20.7","BUSHEHR, IR","    0",",,S","  260",",,S","  228",",,S","  238","H,,S"
"IRM00040858","2018-04-01","28.945","50.835","20.7","BUSHEHR, IR","    0",",,S",,,,,"  226","H,,S"
"IRM00040858","2018-04-02","28.945","50.835","20.7","BUSHEHR, IR","    0",",,S","  270",",,S","  150",",,S","  224","H,,S"
"IRM00040858","2018-04-03","28.945","50.835","20.7","BUSHEHR, IR","    0",",,S","  274",",,S","  190",",,S","  227","H,,S"
"IRM00040858","2018-04-04","28.945","50.835","20.7","BUSHEHR, IR","    0",",,S","  270",",,S","  182",",,S","  241","H,,S"
"IRM00040858","2018-04-05","28.945","50.835","20.7","BUSHEHR, IR","    0",",,S","  304",",,S","  230",",,S","  253","H,,S"
"IRM00040858","2018-04-06","28.945","50.835","20.7","BUSHEHR, IR","    0",",,S","  316",",,S","  226",",,S","  259","H,,S"
"IRM00040858","2018-04-07","28.945","50.835","20.7","BUSHEHR, IR","    0",",,S","  306",",,S","  235",",,S","  259","H,,S"
"IRM00040858","2018-04-08","28.945","50.835","20.7","BUSHEHR, IR","    0",",,S","  290",",,S","  230",",,S","  254","H,,S"
"IRM00040858","2018-04-09","28.945","50.835","20.7","BUSHEHR, IR","    0",",,S","  302",",,S","  222",",,S","  258","H,,S"
"IRM00040858","2018-04-10","28.945","50.835","20.7","BUSHEHR, IR","    0",",,S","  290",",,S",,,"  259","H,,S"
"IRM00040858","2018-04-11","28.945","50.835","20.7","BUSHEHR, IR","    0",",,S",,,"  230",",,S","  261","H,,S"
"IRM00040858","2018-04-12","28.945","50.835","20.7","BUSHEHR, IR","    0",",,S","  310",",,S","  220",",,S","  257","H,,S"
"IRM00040858","2018-04-13","28.945","50.835","20.7","BUSHEHR, IR","    0",",,S","  310",",,S","  220",",,S","  258","H,,S"
"IRM00040858","2018-04-14","28.945","50.835","20.7","BUSHEHR, IR","    0",",,S","  280",",,S","  222",",,S","  254","H,,S"
"IRM00040858","2018-04-15","28.945","50.835","20.7","BUSHEHR, IR","    0",",,S","  282",",,S",,,"  246","H,,S"
"IRM00040858","2018-04-16","28.945","50.835","20.7","BUSHEHR, IR","    0",",,S","  300",",,S","  182",",,S","  246","H,,S"
"IRM00040858","2018-04-17","28.945","50.835","20.7","BUSHEHR, IR","    0",",,S","  274",",,S","  206",",,S","  246","H,,S"
"IRM00040858","2018-04-18","28.945","50.835","20.7","BUSHEHR, IR","    0",",,S","  274",",,S","  218",",,S","  248","H,,S"
"IRM00040858","2018-04-19","28.945","50.835","20.7","BUSHEHR, IR","    0",",,S","  276",",,S",,,"  242","H,,S"
"IRM00040858","2018-04-20","28.945","50.835","20.7","BUSHEHR, IR","    0",",,S",,,"  162",",,S","  244","H,,S"
"IRM00040858","2018-04-21","28.945","50.835","20.7","BUSHEHR, IR","    0",",,S","  346",",,S","  200",",,S","  286","H,,S"
"IRM00040858","2018-04-22","28.945","50.835","20.7","BUSHEHR, IR","    0",",,S","  362",",,S","  224",",,S","  312","H,,S"
"IRM00040858","2018-04-23","28.945","50.835","20.7","BUSHEHR, IR","    5",",,S","  370",",,S","  240",",,S","  288","H,,S"
"IRM00040858","2018-04-24","28.945","50.835","20.7","BUSHEHR, IR","    0",",,S","  282",",,S",,,"  254","H,,S"
"IRM00040858","2018-04-25","28.945","50.835","20.7","BUSHEHR, IR","    0",",,S","  322",",,S","  230",",,S","  264","H,,S"
"IRM00040858","2018-04-26","28.945","50.835","20.7","BUSHEHR, IR","    0",",,S","  320",",,S","  210",",,S","  266","H,,S"
"IRM00040858","2018-04-27","28.945","50.835","20.7","BUSHEHR, IR","   43",",,S","  340",",,S","  216",",,S","  279","H,,S"
"IRM00040858","2018-04-28","28.945","50.835","20.7","BUSHEHR, IR","    3",",,S","  340",",,S",,,"  284","H,,S"
"IRM00040858","2018-04-29","28.945","50.835","20.7","BUSHEHR, IR","   23",",,S","  288",",,S",,,"  256","H,,S"
"IRM00040858","2018-04-30","28.945","50.835","20.7","BUSHEHR, IR","    0",",,S","  300",",,S",,,"  264","H,,S"
"IRM00040858","2018-05-01","28.945","50.835","20.7","BUSHEHR, IR","    0",",,S","  324",",,S","  240",",,S","  281","H,,S"
"IRM00040858","2018-05-02","28.945","50.835","20.7","BUSHEHR, IR","    0",",,S","  310",",,S",,,"  275","H,,S"
"IRM00040858","2018-05-03","28.945","50.835","20.7","BUSHEHR, IR","    0",",,S","  340",",,S","  240",",,S","  292","H,,S"
"IRM00040858","2018-05-04","28.945","50.835","20.7","BUSHEHR, IR","    0",",,S","  320",",,S",,,"  274","H,,S"
"IRM00040858","2018-05-05","28.945","50.835","20.7","BUSHEHR, IR","    0",",,S","  302",",,S","  214",",,S","  273","H,,S"
"IRM00040858","2018-05-06","28.945","50.835","20.7","BUSHEHR, IR","    0",",,S","  324",",,S","  226",",,S","  288","H,,S"
"IRM00040858","2018-05-07","28.945","50.835","20.7","BUSHEHR, IR","    0",",,S","  332",",,S","  240",",,S","  292","H,,S"
"IRM00040858","2018-05-08","28.945","50.835","20.7","BUSHEHR, IR","    0",",,S",,,"  268",",,S","  331","H,,S"
"IRM00040858","2018-05-09","28.945","50.835","20.7","BUSHEHR, IR","    0",",,S","  390",",,S",,,"  309","H,,S"
"IRM00040858","2018-05-10","28.945","50.835","20.7","BUSHEHR, IR","   43",",,S","  324",",,S","  220",",,S","  272","H,,S"
"IRM00040858","2018-05-11","28.945","50.835","20.7","BUSHEHR, IR","    0",",,S",,,"  226",",,S","  287","H,,S"
"IRM00040858","2018-05-12","28.945","50.835","20.7","BUSHEHR, IR","    0",",,S","  354",",,S",,,"  311","H,,S"
"IRM00040858","2018-05-13","28.945","50.835","20.7","BUSHEHR, IR","    0",",,S","  310",",,S",,,"  282","H,,S"
"IRM00040858","2018-05-14","28.945","50.835","20.7","BUSHEHR, IR","    0",",,S","  324",",,S","  240",",,S","  282","H,,S"
"IRM00040858","2018-05-15","28.945","50.835","20.7","BUSHEHR, IR","    0",",,S","  310",",,S",,,"  283","H,,S"
"IRM00040858","2018-05-16","28.945","50.835","20.7","BUSHEHR, IR","    0",",,S","  320",",,S","  220",",,S","  281","H,,S"
"IRM00040858","2018-05-17","28.945","50.835","20.7","BUSHEHR, IR","    0",",,S","  322",",,S","  230",",,S","  279","H,,S"
"IRM00040858","2018-05-18","28.945","50.835","20.7","BUSHEHR, IR","    0",",,S","  314",",,S","  220",",,S","  278","H,,S"
"IRM00040858","2018-05-19","28.945","50.835","20.7","BUSHEHR, IR","    0",",,S",,,"  230",",,S","  281","H,,S"
"IRM00040858","2018-05-20","28.945","50.835","20.7","BUSHEHR, IR","    0",",,S","  330",",,S","  216",",,S","  284","H,,S"
"IRM00040858","2018-05-21","28.945","50.835","20.7","BUSHEHR, IR","    0",",,S","  340",",,S","  220",",,S","  286","H,,S"
"IRM00040858","2018-05-22","28.945","50.835","20.7","BUSHEHR, IR","    0",",,S",,,"  218",",,S","  284","H,,S"
"IRM00040858","2018-05-23","28.945","50.835","20.7","BUSHEHR, IR","    0",",,S","  336",",,S","  224",",,S","  294","H,,S"
"IRM00040858","2018-05-24","28.945","50.835","20.7","BUSHEHR, IR","    0",",,S","  360",",,S","  226",",,S","  308","H,,S"
"IRM00040858","2018-05-25","28.945","50.835","20.7","BUSHEHR, IR","    0",",,S","  374",",,S","  254",",,S","  314","H,,S"
"IRM00040858","2018-05-26","28.945","50.835","20.7","BUSHEHR, IR","    0",",,S","  334",",,S","  248",",,S","  302","H,,S"
"IRM00040858","2018-05-27","28.945","50.835","20.7","BUSHEHR, IR","    0",",,S","  354",",,S","  256",",,S","  314","H,,S"
"IRM00040858","2018-05-28","28.945","50.835","20.7","BUSHEHR, IR",,,,,"  270",",,S","  308","H,,S"
"IRM00040858","2018-05-29","28.945","50.835","20.7","BUSHEHR, IR","    0",",,S","  360",",,S","  260",",,S","  314","H,,S"
"IRM00040858","2018-05-30","28.945","50.835","20.7","BUSHEHR, IR","    0",",,S",,,"  264",",,S","  320","H,,S"
"IRM00040858","2018-05-31","28.945","50.835","20.7","BUSHEHR, IR","    0",",,S",,,"  262",",,S","  315","H,,S"
"IRM00040858","2018-06-01","28.945","50.835","20.7","BUSHEHR, IR","    0",",,S","  370",",,S","  264",",,S","  331","H,,S"
"IRM00040858","2018-06-02","28.945","50.835","20.7","BUSHEHR, IR","    0",",,S","  400",",,S","  300",",,S","  359","H,,S"
"IRM00040858","2018-06-03","28.945","50.835","20.7","BUSHEHR, IR","    0",",,S","  430",",,S","  278",",,S","  357","H,,S"
"IRM00040858","2018-06-04","28.945","50.835","20.7","BUSHEHR, IR","    0",",,S","  425",",,S","  306",",,S","  353","H,,S"
"IRM00040858","2018-06-05","28.945","50.835","20.7","BUSHEHR, IR","    0",",,S",,,"  290",",,S","  358","H,,S"
"IRM00040858","2018-06-06","28.945","50.835","20.7","BUSHEHR, IR","    0",",,S","  396",",,S","  300",",,S","  358","H,,S"
"IRM00040858","2018-06-07","28.945","50.835","20.7","BUSHEHR, IR","    0",",,S","  400",",,S",,,"  369","H,,S"
"IRM00040858","2018-06-08","28.945","50.835","20.7","BUSHEHR, IR","    0",",,S","  400",",,S",,,"  370","H,,S"
"IRM00040858","2018-06-09","28.945","50.835","20.7","BUSHEHR, IR","    0",",,S",,,"  320",",,S","  345","H,,S"
"IRM00040858","2018-06-10","28.945","50.835","20.7","BUSHEHR, IR","    0",",,S","  376",",,S","  312",",,S","  342","H,,S"
"IRM00040858","2018-06-11","28.945","50.835","20.7","BUSHEHR, IR","    0",",,S","  354",",,S","  318",",,S","  335","H,,S"
"IRM00040858","2018-06-12","28.945","50.835","20.7","BUSHEHR, IR","    0",",,S","  362",",,S","  272",",,S","  336","H,,S"
"IRM00040858","2018-06-13","28.945","50.835","20.7","BUSHEHR, IR","    0",",,S",,,,,"  341","H,,S"
"IRM00040858","2018-06-14","28.945","50.835","20.7","BUSHEHR, IR","    0",",,S","  360",",,S",,,"  332","H,,S"
"IRM00040858","2018-06-15","28.945","50.835","20.7","BUSHEHR, IR","    0",",,S","  380",",,S","  312",",,S","  338","H,,S"
"IRM00040858","2018-06-16","28.945","50.835","20.7","BUSHEHR, IR","    0",",,S","  354",",,S",,,"  329","H,,S"
"IRM00040858","2018-06-17","28.945","50.835","20.7","BUSHEHR, IR","    0",",,S","  352",",,S","  310",",,S","  326","H,,S"
"IRM00040858","2018-06-18","28.945","50.835","20.7","BUSHEHR, IR","    0",",,S","  376",",,S","  306",",,S","  340","H,,S"
"IRM00040858","2018-06-19","28.945","50.835","20.7","BUSHEHR, IR","    0",",,S","  380",",,S",,,"  341","H,,S"
"IRM00040858","2018-06-20","28.945","50.835","20.7","BUSHEHR, IR","    0",",,S",,,,,"  333","H,,S"
"IRM00040858","2018-06-21","28.945","50.835","20.7","BUSHEHR, IR","    0",",,S","  356",",,S","  304",",,S","  325","H,,S"
"IRM00040858","2018-06-22","28.945","50.835","20.7","BUSHEHR, IR","    0",",,S","  340",",,S",,,"  308","H,,S"
"IRM00040858","2018-06-23","28.945","50.835","20.7","BUSHEHR, IR","    0",",,S","  340",",,S","  266",",,S","  316","H,,S"
"IRM00040858","2018-06-24","28.945","50.835","20.7","BUSHEHR, IR","    0",",,S","  340",",,S","  278",",,S","  311","H,,S"
"IRM00040858","2018-06-25","28.945","50.835","20.7","BUSHEHR, IR","    0",",,S","  394",",,S","  260",",,S","  314","H,,S"
"IRM00040858","2018-06-26","28.945","50.835","20.7","BUSHEHR, IR","    0",",,S",,,"  280",",,S","  326","H,,S"
"IRM00040858","2018-06-27","28.945","50.835","20.7","BUSHEHR, IR","    0",",,S","  368",",,S",,,"  333","H,,S"
"IRM00040858","2018-06-28","28.945","50.835","20.7","BUSHEHR, IR","    0",",,S",,,,,"  331","H,,S"
"IRM00040858","2018-06-29","28.945","50.835","20.7","BUSHEHR, IR","    0",",,S",,,"  288",",,S","  328","H,,S"
"IRM00040858","2018-06-30","28.945","50.835","20.7","BUSHEHR, IR","    0",",,S","  384",",,S","  270",",,S","  324","H,,S"
"IRM00040858","2018-07-01","28.945","50.835","20.7","BUSHEHR, IR","    0",",,S","  356",",,S",,,"  317","H,,S"
"IRM00040858","2018-07-02","28.945","50.835","20.7","BUSHEHR, IR","    0",",,S",,,"  280",",,S","  323","H,,S"
"IRM00040858","2018-07-03","28.945","50.835","20.7","BUSHEHR, IR","    0",",,S","  426",",,S","  273",",,S","  348","H,,S"
"IRM00040858","2018-07-04","28.945","50.835","20.7","BUSHEHR, IR","    0",",,S",,,"  280",",,S","  359","H,,S"
"IRM00040858","2018-07-05","28.945","50.835","20.7","BUSHEHR, IR","    0",",,S","  388",",,S","  270",",,S","  346","H,,S"
"IRM00040858","2018-07-06","28.945","50.835","20.7","BUSHEHR, IR","    0",",,S","  414",",,S","  272",",,S","  346","H,,S"
"IRM00040858","2018-07-07","28.945","50.835","20.7","BUSHEHR, IR","    0",",,S",,,"  276",",,S","  338","H,,S"
"IRM00040858","2018-07-08","28.945","50.835","20.7","BUSHEHR, IR","    0",",,S","  380",",,S","  282",",,S","  349","H,,S"
"IRM00040858","2018-07-09","28.945","50.835","20.7","BUSHEHR, IR","    0",",,S","  384",",,S",,,"  359","H,,S"
"IRM00040858","2018-07-10","28.945","50.835","20.7","BUSHEHR, IR","    0",",,S","  372",",,S",,,"  347","H,,S"
"IRM00040858","2018-07-11","28.945","50.835","20.7","BUSHEHR, IR","    0",",,S","  430",",,S","  306",",,S","  354","H,,S"
"IRM00040858","2018-07-12","28.945","50.835","20.7","BUSHEHR, IR","    0",",,S","  390",",,S","  318",",,S","  358","H,,S"
"IRM00040858","2018-07-13","28.945","50.835","20.7","BUSHEHR, IR","    0",",,S","  386",",,S",,,"  354","H,,S"
"IRM00040858","2018-07-14","28.945","50.835","20.7","BUSHEHR, IR","    0",",,S","  386",",,S","  334",",,S","  360","H,,S"
"IRM00040858","2018-07-15","28.945","50.835","20.7","BUSHEHR, IR","    0",",,S","  388",",,S","  320",",,S","  356","H,,S"
"IRM00040858","2018-07-16","28.945","50.835","20.7","BUSHEHR, IR","    0",",,S","  384",",,S","  306",",,S","  350","H,,S"
"IRM00040858","2018-07-17","28.945","50.835","20.7","BUSHEHR, IR","    0",",,S","  374",",,S","  300",",,S","  343","H,,S"
"IRM00040858","2018-07-18","28.945","50.835","20.7","BUSHEHR, IR","    0",",,S",,,"  302",",,S","  341","H,,S"
"IRM00040858","2018-07-19","28.945","50.835","20.7","BUSHEHR, IR","    0",",,S",,,"  290",",,S","  343","H,,S"
"IRM00040858","2018-07-20","28.945","50.835","20.7","BUSHEHR, IR","    0",",,S","  370",",,S","  298",",,S","  342","H,,S"
"IRM00040858","2018-07-21","28.945","50.835","20.7","BUSHEHR, IR","    0",",,S",,,"  316",",,S","  342","H,,S"
"IRM00040858","2018-07-22","28.945","50.835","20.7","BUSHEHR, IR","    0",",,S","  374",",,S","  316",",,S","  340","H,,S"
"IRM00040858","2018-07-23","28.945","50.835","20.7","BUSHEHR, IR","    0",",,S","  382",",,S","  324",",,S","  349","H,,S"
"IRM00040858","2018-07-24","28.945","50.835","20.7","BUSHEHR, IR","    0",",,S","  380",",,S","  290",",,S","  337","H,,S"
"IRM00040858","2018-07-25","28.945","50.835","20.7","BUSHEHR, IR","    0",",,S","  372",",,S","  296",",,S","  344","H,,S"
"IRM00040858","2018-07-26","28.945","50.835","20.7","BUSHEHR, IR","    0",",,S","  374",",,S","  300",",,S","  344","H,,S"
"IRM00040858","2018-07-27","28.945","50.835","20.7","BUSHEHR, IR","    0",",,S","  380",",,S","  300",",,S","  344","H,,S"
"IRM00040858","2018-07-28","28.945","50.835","20.7","BUSHEHR, IR","    0",",,S","  370",",,S",,,"  341","H,,S"
"IRM00040858","2018-07-29","28.945","50.835","20.7","BUSHEHR, IR","    0",",,S","  368",",,S","  290",",,S","  331","H,,S"
"IRM00040858","2018-07-30","28.945","50.835","20.7","BUSHEHR, IR","    0",",,S","  370",",,S","  290",",,S","  337","H,,S"
"IRM00040858","2018-07-31","28.945","50.835","20.7","BUSHEHR, IR","    0",",,S","  380",",,S","  322",",,S","  356","H,,S"
"IRM00040858","2018-08-01","28.945","50.835","20.7","BUSHEHR, IR","    0",",,S","  370",",,S","  330",",,S","  343","H,,S"
"IRM00040858","2018-08-02","28.945","50.835","20.7","BUSHEHR, IR","    0",",,S","  368",",,S","  294",",,S","  337","H,,S"
"IRM00040858","2018-08-03","28.945","50.835","20.7","BUSHEHR, IR","    0",",,S","  366",",,S","  284",",,S","  330","H,,S"
"IRM00040858","2018-08-04","28.945","50.835","20.7","BUSHEHR, IR","    0",",,S",,,"  276",",,S","  335","H,,S"
"IRM00040858","2018-08-05","28.945","50.835","20.7","BUSHEHR, IR","    0",",,S",,,,,"  346","H,,S"
"IRM00040858","2018-08-06","28.945","50.835","20.7","BUSHEHR, IR","    0",",,S","  384",",,S","  290",",,S","  347","H,,S"
"IRM00040858","2018-08-07","28.945","50.835","20.7","BUSHEHR, IR","    0",",,S","  374",",,S","  316",",,S","  352","H,,S"
"IRM00040858","2018-08-08","28.945","50.835","20.7","BUSHEHR, IR","    0",",,S","  380",",,S",,,"  353","H,,S"
"IRM00040858","2018-08-09","28.945","50.835","20.7","BUSHEHR, IR","    0",",,S","  374",",,S","  308",",,S","  346","H,,S"
"IRM00040858","2018-08-10","28.945","50.835","20.7","BUSHEHR, IR","    0",",,S","  390",",,S",,,"  341","H,,S"
"IRM00040858","2018-08-11","28.945","50.835","20.7","BUSHEHR, IR","    0",",,S","  372",",,S","  298",",,S","  339","H,,S"
"IRM00040858","2018-08-12","28.945","50.835","20.7","BUSHEHR, IR","    0",",,S","  376",",,S","  310",",,S","  348","H,,S"
"IRM00040858","2018-08-13","28.945","50.835","20.7","BUSHEHR, IR","    0",",,S","  370",",,S","  310",",,S","  351","H,,S"
"IRM00040858","2018-08-14","28.945","50.835","20.7","BUSHEHR, IR","    0",",,S","  370",",,S",,,"  342","H,,S"
"IRM00040858","2018-08-15","28.945","50.835","20.7","BUSHEHR, IR","    0",",,S","  370",",,S",,,"  337","H,,S"
"IRM00040858","2018-08-16","28.945","50.835","20.7","BUSHEHR, IR","    0",",,S","  376",",,S","  280",",,S","  337","H,,S"
"IRM00040858","2018-08-17","28.945","50.835","20.7","BUSHEHR, IR","    0",",,S","  370",",,S","  286",",,S","  337","H,,S"
"IRM00040858","2018-08-18","28.945","50.835","20.7","BUSHEHR, IR","    0",",,S","  372",",,S",,,"  341","H,,S"
"IRM00040858","2018-08-19","28.945","50.835","20.7","BUSHEHR, IR","    0",",,S","  366",",,S","  280",",,S","  332","H,,S"
"IRM00040858","2018-08-20","28.945","50.835","20.7","BUSHEHR, IR","    0",",,S","  382",",,S","  284",",,S","  340","H,,S"
"IRM00040858","2018-08-21","28.945","50.835","20.7","BUSHEHR, IR","    0",",,S",,,"  266",",,S","  327","H,,S"
"IRM00040858","2018-08-22","28.945","50.835","20.7","BUSHEHR, IR","    0",",,S","  376",",,S","  290",",,S","  331","H,,S"
"IRM00040858","2018-08-23","28.945","50.835","20.7","BUSHEHR, IR","    0",",,S","  384",",,S","  300",",,S","  349","H,,S"
"IRM00040858","2018-08-24","28.945","50.835","20.7","BUSHEHR, IR","    0",",,S","  390",",,S","  330",",,S","  355","H,,S"
"IRM00040858","2018-08-25","28.945","50.835","20.7","BUSHEHR, IR","    0",",,S","  372",",,S",,,"  338","H,,S"
"IRM00040858","2018-08-26","28.945","50.835","20.7","BUSHEHR, IR","    0",",,S","  400",",,S","  280",",,S","  341","H,,S"
"IRM00040858","2018-08-27","28.945","50.835","20.7","BUSHEHR, IR","    0",",,S","  376",",,S","  288",",,S","  332","H,,S"
"IRM00040858","2018-08-28","28.945","50.835","20.7","BUSHEHR, IR","    0",",,S","  380",",,S","  282",",,S","  336","H,,S"
"IRM00040858","2018-08-29","28.945","50.835","20.7","BUSHEHR, IR","    0",",,S",,,,,"  342","H,,S"
"IRM00040858","2018-08-30","28.945","50.835","20.7","BUSHEHR, IR","    0",",,S",,,"  290",",,S","  334","H,,S"
"IRM00040858","2018-08-31","28.945","50.835","20.7","BUSHEHR, IR","    0",",,S",,,"  286",",,S","  333","H,,S"
"IRM00040858","2018-09-01","28.945","50.835","20.7","BUSHEHR, IR","    0",",,S","  374",",,S",,,"  332","H,,S"
"IRM00040858","2018-09-02","28.945","50.835","20.7","BUSHEHR, IR","    0",",,S",,,"  290",",,S","  337","H,,S"
"IRM00040858","2018-09-03","28.945","50.835","20.7","BUSHEHR, IR","    0",",,S",,,"  294",",,S","  344","H,,S"
"IRM00040858","2018-09-04","28.945","50.835","20.7","BUSHEHR, IR","    0",",,S",,,,,"  348","H,,S"
"IRM00040858","2018-09-05","28.945","50.835","20.7","BUSHEHR, IR","    0",",,S","  382",",,S",,,"  334","H,,S"
"IRM00040858","2018-09-06","28.945","50.835","20.7","BUSHEHR, IR","    0",",,S","  380",",,S","  270",",,S","  334","H,,S"
"IRM00040858","2018-09-07","28.945","50.835","20.7","BUSHEHR, IR","    0",",,S","  377",",,S",,,"  340","H,,S"
"IRM00040858","2018-09-08","28.945","50.835","20.7","BUSHEHR, IR","    0",",,S","  380",",,S","  277",",,S","  346","H,,S"
"IRM00040858","2018-09-09","28.945","50.835","20.7","BUSHEHR, IR","    0",",,S","  390",",,S",,,"  346","H,,S"
"IRM00040858","2018-09-10","28.945","50.835","20.7","BUSHEHR, IR","    0",",,S","  374",",,S",,,"  341","H,,S"
"IRM00040858","2018-09-11","28.945","50.835","20.7","BUSHEHR, IR","    0",",,S",,,"  296",",,S","  333","H,,S"
"IRM00040858","2018-09-12","28.945","50.835","20.7","BUSHEHR, IR","    0",",,S","  364",",,S","  290",",,S","  331","H,,S"
"IRM00040858","2018-09-13","28.945","50.835","20.7","BUSHEHR, IR","    0",",,S","  380",",,S","  288",",,S","  332","H,,S"
"IRM00040858","2018-09-14","28.945","50.835","20.7","BUSHEHR, IR","    0",",,S","  380",",,S","  288",",,S","  333","H,,S"
"IRM00040858","2018-09-15","28.945","50.835","20.7","BUSHEHR, IR","    0",",,S",,,"  302",",,S","  346","H,,S"
"IRM00040858","2018-09-16","28.945","50.835","20.7","BUSHEHR, IR","    0",",,S","  368",",,S","  292",",,S","  332","H,,S"
"IRM00040858","2018-09-18","28.945","50.835","20.7","BUSHEHR, IR",,,"  376",",,S",,,"  341","H,,S"
"IRM00040858","2018-09-19","28.945","50.835","20.7","BUSHEHR, IR","    0",",,S","  380",",,S","  304",",,S","  341","H,,S"
"IRM00040858","2018-09-20","28.945","50.835","20.7","BUSHEHR, IR","    0",",,S","  366",",,S","  304",",,S","  339","H,,S"
"IRM00040858","2018-09-21","28.945","50.835","20.7","BUSHEHR, IR","    0",",,S","  378",",,S","  292",",,S","  337","H,,S"
"IRM00040858","2018-09-22","28.945","50.835","20.7","BUSHEHR, IR","    0",",,S","  366",",,S",,,"  332","H,,S"
"IRM00040858","2018-09-23","28.945","50.835","20.7","BUSHEHR, IR","    0",",,S","  376",",,S","  280",",,S","  332","H,,S"
"IRM00040858","2018-09-24","28.945","50.835","20.7","BUSHEHR, IR","    0",",,S","  370",",,S","  282",",,S","  339","H,,S"
"IRM00040858","2018-09-25","28.945","50.835","20.7","BUSHEHR, IR","    0",",,S","  380",",,S",,,"  330","H,,S"
"IRM00040858","2018-09-26","28.945","50.835","20.7","BUSHEHR, IR","    0",",,S","  370",",,S","  260",",,S","  325","H,,S"
"IRM00040858","2018-09-27","28.945","50.835","20.7","BUSHEHR, IR","    0",",,S","  372",",,S","  254",",,S","  324","H,,S"
"IRM00040858","2018-09-28","28.945","50.835","20.7","BUSHEHR, IR","    0",",,S","  372",",,S",,,"  323","H,,S"
"IRM00040858","2018-09-29","28.945","50.835","20.7","BUSHEHR, IR","    0",",,S","  370",",,S",,,"  326","H,,S"
"IRM00040858","2018-09-30","28.945","50.835","20.7","BUSHEHR, IR","    0",",,S","  362",",,S",,,"  318","H,,S"
"IRM00040858","2018-10-01","28.945","50.835","20.7","BUSHEHR, IR","    0",",,S","  360",",,S","  250",",,S","  311","H,,S"
"IRM00040858","2018-10-02","28.945","50.835","20.7","BUSHEHR, IR","    0",",,S",,,"  260",",,S","  317","H,,S"
"IRM00040858","2018-10-03","28.945","50.835","20.7","BUSHEHR, IR","    0",",,S","  364",",,S",,,"  314","H,,S"
"IRM00040858","2018-10-04","28.945","50.835","20.7","BUSHEHR, IR","    0",",,S","  363",",,S","  266",",,S","  318","H,,S"
"IRM00040858","2018-10-05","28.945","50.835","20.7","BUSHEHR, IR","    0",",,S","  368",",,S",,,"  324","H,,S"
"IRM00040858","2018-10-06","28.945","50.835","20.7","BUSHEHR, IR","    0",",,S","  370",",,S","  264",",,S","  322","H,,S"
"IRM00040858","2018-10-07","28.945","50.835","20.7","BUSHEHR, IR","    0",",,S","  360",",,S","  270",",,S","  317","H,,S"
"IRM00040858","2018-10-08","28.945","50.835","20.7","BUSHEHR, IR","    0",",,S","  354",",,S","  266",",,S","  311","H,,S"
"IRM00040858","2018-10-09","28.945","50.835","20.7","BUSHEHR, IR","    0",",,S","  354",",,S","  264",",,S","  314","H,,S"
"IRM00040858","2018-10-10","28.945","50.835","20.7","BUSHEHR, IR","    0",",,S","  354",",,S","  269",",,S","  317","H,,S"
"IRM00040858","2018-10-11","28.945","50.835","20.7","BUSHEHR, IR","    0",",,S","  350",",,S","  274",",,S","  315","H,,S"
"IRM00040858","2018-10-12","28.945","50.835","20.7","BUSHEHR, IR","    0",",,S","  354",",,S","  254",",,S","  315","H,,S"
"IRM00040858","2018-10-13","28.945","50.835","20.7","BUSHEHR, IR","    0",",,S","  350",",,S","  274",",,S","  313","H,,S"
"IRM00040858","2018-10-14","28.945","50.835","20.7","BUSHEHR, IR","    0",",,S","  354",",,S",,,"  312","H,,S"
"IRM00040858","2018-10-15","28.945","50.835","20.7","BUSHEHR, IR","    0",",,S","  340",",,S","  247",",,S","  292","H,,S"
"IRM00040858","2018-10-16","28.945","50.835","20.7","BUSHEHR, IR","   20",",,S","  334",",,S","  228",",,S","  294","H,,S"
"IRM00040858","2018-10-17","28.945","50.835","20.7","BUSHEHR, IR","    0",",,S","  356",",,S","  236",",,S","  302","H,,S"
"IRM00040858","2018-10-18","28.945","50.835","20.7","BUSHEHR, IR","    0",",,S","  336",",,S","  258",",,S","  294","H,,S"
"IRM00040858","2018-10-19","28.945","50.835","20.7","BUSHEHR, IR","    0",",,S","  332",",,S","  250",",,S","  294","H,,S"
"IRM00040858","2018-10-20","28.945","50.835","20.7","BUSHEHR, IR","    0",",,S","  334",",,S","  244",",,S","  299","H,,S"
"IRM00040858","2018-10-21","28.945","50.835","20.7","BUSHEHR, IR","    0",",,S","  322",",,S","  234",",,S","  287","H,,S"
"IRM00040858","2018-10-22","28.945","50.835","20.7","BUSHEHR, IR","    8",",,S","  286",",,S",,,"  252","H,,S"
"IRM00040858","2018-10-23","28.945","50.835","20.7","BUSHEHR, IR","    0",",,S","  310",",,S","  216",",,S","  272","H,,S"
"IRM00040858","2018-10-24","28.945","50.835","20.7","BUSHEHR, IR","    0",",,S","  314",",,S","  220",",,S","  278","H,,S"
"IRM00040858","2018-10-25","28.945","50.835","20.7","BUSHEHR, IR","    0",",,S",,,"  224",",,S","  280","H,,S"
"IRM00040858","2018-10-26","28.945","50.835","20.7","BUSHEHR, IR",,,"  320",",,S","  216",",,S","  270","H,,S"
"IRM00040858","2018-10-27","28.945","50.835","20.7","BUSHEHR, IR","  185",",,S","  310",",,S","  206",",,S","  241","H,,S"
"IRM00040858","2018-10-28","28.945","50.835","20.7","BUSHEHR, IR","    0",",,S",,,"  210",",,S","  243","H,,S"
"IRM00040858","2018-10-29","28.945","50.835","20.7","BUSHEHR, IR","    0",",,S","  254",",,S","  196",",,S","  227","H,,S"
"IRM00040858","2018-10-30","28.945","50.835","20.7","BUSHEHR, IR","    0",",,S","  260",",,S","  180",",,S","  224","H,,S"
"IRM00040858","2018-10-31","28.945","50.835","20.7","BUSHEHR, IR","    0",",,S","  280",",,S","  180",",,S","  237","H,,S"
"IRM00040858","2018-11-01","28.945","50.835","20.7","BUSHEHR, IR","    0",",,S","  324",",,S","  194",",,S","  261","H,,S"
"IRM00040858","2018-11-02","28.945","50.835","20.7","BUSHEHR, IR","    0",",,S","  324",",,S","  188",",,S","  257","H,,S"
"IRM00040858","2018-11-03","28.945","50.835","20.7","BUSHEHR, IR","    0",",,S","  340",",,S","  198",",,S","  267","H,,S"
"IRM00040858","2018-11-04","28.945","50.835","20.7","BUSHEHR, IR","    0",",,S","  320",",,S",,,"  258","H,,S"
"IRM00040858","2018-11-05","28.945","50.835","20.7","BUSHEHR, IR","   71",",,S","  278",",,S","  200",",,S","  221","H,,S"
"IRM00040858","2018-11-06","28.945","50.835","20.7","BUSHEHR, IR","  475",",,S","  230",",,S",,,"  210","H,,S"
"IRM00040858","2018-11-07","28.945","50.835","20.7","BUSHEHR, IR","  264",",,S","  290",",,S",,,"  233","H,,S"
"IRM00040858","2018-11-08","28.945","50.835","20.7","BUSHEHR, IR","   91",",,S","  250",",,S",,,"  219","H,,S"
"IRM00040858","2018-11-09","28.945","50.835","20.7","BUSHEHR, IR","   58",",,S",,,,,"  204","H,,S"
"IRM00040858","2018-11-10","28.945","50.835","20.7","BUSHEHR, IR","   94",",,S","  264",",,S","  190",",,S","  227","H,,S"
"IRM00040858","2018-11-11","28.945","50.835","20.7","BUSHEHR, IR","   76",",,S","  280",",,S","  196",",,S","  226","H,,S"
"IRM00040858","2018-11-12","28.945","50.835","20.7","BUSHEHR, IR","    5",",,S","  260",",,S","  200",",,S","  229","H,,S"
"IRM00040858","2018-11-13","28.945","50.835","20.7","BUSHEHR, IR","    0",",,S","  242",",,S","  190",",,S","  218","H,,S"
"IRM00040858","2018-11-14","28.945","50.835","20.7","BUSHEHR, IR","    0",",,S","  220",",,S","  180",",,S","  201","H,,S"
"IRM00040858","2018-11-15","28.945","50.835","20.7","BUSHEHR, IR","   33",",,S",,,"  180",",,S","  228","H,,S"
"IRM00040858","2018-11-16","28.945","50.835","20.7","BUSHEHR, IR","    5",",,S",,,,,"  228","H,,S"
"IRM00040858","2018-11-17","28.945","50.835","20.7","BUSHEHR, IR","  462",",,S","  248",",,S","  200",",,S","  226","H,,S"
"IRM00040858","2018-11-18","28.945","50.835","20.7","BUSHEHR, IR","    0",",,S",,,,,"  207","H,,S"
"IRM00040858","2018-11-19","28.945","50.835","20.7","BUSHEHR, IR","    0",",,S","  224",",,S","  178",",,S","  199","H,,S"
"IRM00040858","2018-11-20","28.945","50.835","20.7","BUSHEHR, IR","  122",",,S","  230",",,S",,,"  200","H,,S"
"IRM00040858","2018-11-21","28.945","50.835","20.7","BUSHEHR, IR","    0",",,S",,,"  170",",,S","  198","H,,S"
"IRM00040858","2018-11-22","28.945","50.835","20.7","BUSHEHR, IR","    0",",,S","  230",",,S","  152",",,S","  197","H,,S"
"IRM00040858","2018-11-23","28.945","50.835","20.7","BUSHEHR, IR","    0",",,S","  212",",,S","  166",",,S","  189","H,,S"
"IRM00040858","2018-11-24","28.945","50.835","20.7","BUSHEHR, IR","  353",",,S","  246",",,S","  176",",,S","  223","H,,S"
"IRM00040858","2018-11-25","28.945","50.835","20.7","BUSHEHR, IR","  290",",,S",,,,,"  188","H,,S"
"IRM00040858","2018-11-26","28.945","50.835","20.7","BUSHEHR, IR","   66",",,S",,,"  154",",,S","  186","H,,S"
"IRM00040858","2018-11-27","28.945","50.835","20.7","BUSHEHR, IR","    0",",,S","  206",",,S","  140",",,S","  176","H,,S"
"IRM00040858","2018-11-28","28.945","50.835","20.7","BUSHEHR, IR","    0",",,S","  210",",,S",,,"  176","H,,S"
"IRM00040858","2018-11-29","28.945","50.835","20.7","BUSHEHR, IR","    0",",,S","  222",",,S","  148",",,S","  183","H,,S"
"IRM00040858","2018-11-30","28.945","50.835","20.7","BUSHEHR, IR","    0",",,S","  260",",,S","  160",",,S","  208","H,,S"
"IRM00040858","2018-12-01","28.945","50.835","20.7","BUSHEHR, IR","    0",",,S","  280",",,S","  158",",,S","  213","H,,S"
"IRM00040858","2018-12-02","28.945","50.835","20.7","BUSHEHR, IR","    0",",,S","  234",",,S","  168",",,S","  209","H,,S"
"IRM00040858","2018-12-03","28.945","50.835","20.7","BUSHEHR, IR","    0",",,S","  226",",,S",,,"  199","H,,S"
"IRM00040858","2018-12-04","28.945","50.835","20.7","BUSHEHR, IR","    0",",,S","  214",",,S",,,"  181","H,,S"
"IRM00040858","2018-12-05","28.945","50.835","20.7","BUSHEHR, IR","    0",",,S",,,"  152",",,S","  208","H,,S"
"IRM00040858","2018-12-06","28.945","50.835","20.7","BUSHEHR, IR","    0",",,S","  262",",,S",,,"  215","H,,S"
"IRM00040858","2018-12-07","28.945","50.835","20.7","BUSHEHR, IR","  180",",,S","  234",",,S",,,"  201","H,,S"
"IRM00040858","2018-12-08","28.945","50.835","20.7","BUSHEHR, IR","    0",",,S","  222",",,S","  130",",,S","  191","H,,S"
"IRM00040858","2018-12-09","28.945","50.835","20.7","BUSHEHR, IR","    0",",,S","  230",",,S","  130",",,S","  198","H,,S"
"IRM00040858","2018-12-10","28.945","50.835","20.7","BUSHEHR, IR","    0",",,S","  218",",,S","  130",",,S","  195","H,,S"
"IRM00040858","2018-12-11","28.945","50.835","20.7","BUSHEHR, IR","    0",",,S","  216",",,S","  160",",,S","  189","H,,S"
"IRM00040858","2018-12-12","28.945","50.835","20.7","BUSHEHR, IR","    0",",,S","  206",",,S",,,"  174","H,,S"
"IRM00040858","2018-12-13","28.945","50.835","20.7","BUSHEHR, IR","    0",",,S",,,,,"  166","H,,S"
"IRM00040858","2018-12-14","28.945","50.835","20.7","BUSHEHR, IR","    0",",,S","  216",",,S","  106",",,S","  177","H,,S"
"IRM00040858","2018-12-15","28.945","50.835","20.7","BUSHEHR, IR","    0",",,S","  216",",,S","  146",",,S","  184","H,,S"
"IRM00040858","2018-12-16","28.945","50.835","20.7","BUSHEHR, IR","    0",",,S","  200",",,S",,,"  174","H,,S"
"IRM00040858","2018-12-17","28.945","50.835","20.7","BUSHEHR, IR","    0",",,S","  220",",,S",,,"  174","H,,S"
"IRM00040858","2018-12-18","28.945","50.835","20.7","BUSHEHR, IR","    0",",,S","  242",",,S","  150",",,S","  192","H,,S"
"IRM00040858","2018-12-19","28.945","50.835","20.7","BUSHEHR, IR","    0",",,S","  216",",,S","  152",",,S","  179","H,,S"
"IRM00040858","2018-12-20","28.945","50.835","20.7","BUSHEHR, IR","    0",",,S","  204",",,S",,,"  171","H,,S"
"IRM00040858","2018-12-21","28.945","50.835","20.7","BUSHEHR, IR","    0",",,S","  216",",,S","  145",",,S","  183","H,,S"
"IRM00040858","2018-12-22","28.945","50.835","20.7","BUSHEHR, IR","    0",",,S","  180",",,S",,,"  157","H,,S"
"IRM00040858","2018-12-23","28.945","50.835","20.7","BUSHEHR, IR","    0",",,S","  170",",,S","  114",",,S","  142","H,,S"
"IRM00040858","2018-12-24","28.945","50.835","20.7","BUSHEHR, IR","    0",",,S","  172",",,S",,,"  132","H,,S"
"IRM00040858","2018-12-25","28.945","50.835","20.7","BUSHEHR, IR","    0",",,S","  170",",,S","  108",",,S","  141","H,,S"
"IRM00040858","2018-12-26","28.945","50.835","20.7","BUSHEHR, IR","    0",",,S","  182",",,S","  106",",,S","  148","H,,S"
"IRM00040858","2018-12-27","28.945","50.835","20.7","BUSHEHR, IR","    0",",,S","  230",",,S","  106",",,S","  183","H,,S"
"IRM00040858","2018-12-28","28.945","50.835","20.7","BUSHEHR, IR","   23",",,S","  212",",,S",,,"  179","H,,S"
"IRM00040858","2018-12-29","28.945","50.835","20.7","BUSHEHR, IR","  109",",,S",,,"  150",",,S","  169","H,,S"
"IRM00040858","2018-12-30","28.945","50.835","20.7","BUSHEHR, IR","    0",",,S","  186",",,S","  140",",,S","  164","H,,S"
"IRM00040858","2018-12-31","28.945","50.835","20.7","BUSHEHR, IR","   36",",,S",,,,,"  166","H,,S"
"IRM00040858","2019-01-01","28.945","50.835","20.7","BUSHEHR, IR","   41",",,S","  190",",,S",,,"  159","H,,S"
"IRM00040858","2019-01-02","28.945","50.835","20.7","BUSHEHR, IR","    0",",,S","  240",",,S","  149",",,S","  197","H,,S"
"IRM00040858","2019-01-03","28.945","50.835","20.7","BUSHEHR, IR","    0",",,S","  250",",,S",,,"  212","H,,S"
"IRM00040858","2019-01-04","28.945","50.835","20.7","BUSHEHR, IR","   13",",,S","  186",",,S",,,"  169","H,,S"
"IRM00040858","2019-01-05","28.945","50.835","20.7","BUSHEHR, IR","    0",",,S",,,,,"  155","H,,S"
"IRM00040858","2019-01-06","28.945","50.835","20.7","BUSHEHR, IR","    0",",,S","  240",",,S","  126",",,S","  196","H,,S"
"IRM00040858","2019-01-07","28.945","50.835","20.7","BUSHEHR, IR","    0",",,S",,,,,"  205","H,,S"
"IRM00040858","2019-01-08","28.945","50.835","20.7","BUSHEHR, IR","    0",",,S","  208",",,S","  160",",,S","  183","H,,S"
"IRM00040858","2019-01-09","28.945","50.835","20.7","BUSHEHR, IR","    0",",,S","  260",",,S",,,"  207","H,,S"
"IRM00040858","2019-01-10","28.945","50.835","20.7","BUSHEHR, IR","    0",",,S","  170",",,S",,,"  158","H,,S"
"IRM00040858","2019-01-11","28.945","50.835","20.7","BUSHEHR, IR","    0",",,S","  156",",,S","  104",",,S","  133","H,,S"
"IRM00040858","2019-01-12","28.945","50.835","20.7","BUSHEHR, IR","    0",",,S","  156",",,S","  108",",,S","  129","H,,S"
"IRM00040858","2019-01-13","28.945","50.835","20.7","BUSHEHR, IR","    0",",,S","  206",",,S","  100",",,S","  167","H,,S"
"IRM00040858","2019-01-14","28.945","50.835","20.7","BUSHEHR, IR","    0",",,S","  230",",,S","  142",",,S","  204","H,,S"
"IRM00040858","2019-01-15","28.945","50.835","20.7","BUSHEHR, IR","    0",",,S","  230",",,S",,,"  208","H,,S"
"IRM00040858","2019-01-16","28.945","50.835","20.7","BUSHEHR, IR","    8",",,S","  250",",,S","  172",",,S","  211","H,,S"
"IRM00040858","2019-01-17","28.945","50.835","20.7","BUSHEHR, IR","    0",",,S",,,,,"  182","H,,S"
"IRM00040858","2019-01-18","28.945","50.835","20.7","BUSHEHR, IR","    0",",,S","  164",",,S","  110",",,S","  140","H,,S"
"IRM00040858","2019-01-19","28.945","50.835","20.7","BUSHEHR, IR","    0",",,S",,,,,"  128","H,,S"
"IRM00040858","2019-01-20","28.945","50.835","20.7","BUSHEHR, IR","    0",",,S","  150",",,S","   88",",,S","  125","H,,S"
"IRM00040858","2019-01-21","28.945","50.835","20.7","BUSHEHR, IR","    0",",,S","  156",",,S","   88",",,S","  124","H,,S"
"IRM00040858","2019-01-22","28.945","50.835","20.7","BUSHEHR, IR","    0",",,S","  162",",,S","   74",",,S","  131","H,,S"
"IRM00040858","2019-01-23","28.945","50.835","20.7","BUSHEHR, IR","    0",",,S","  200",",,S","   88",",,S","  148","H,,S"
"IRM00040858","2019-01-24","28.945","50.835","20.7","BUSHEHR, IR","    0",",,S","  242",",,S","  136",",,S","  187","H,,S"
"IRM00040858","2019-01-25","28.945","50.835","20.7","BUSHEHR, IR","    0",",,S","  256",",,S","  160",",,S","  209","H,,S"
"IRM00040858","2019-01-26","28.945","50.835","20.7","BUSHEHR, IR","    0",",,S",,,,,"  212","H,,S"
"IRM00040858","2019-01-27","28.945","50.835","20.7","BUSHEHR, IR","    0",",,S","  270",",,S",,,"  206","H,,S"
"IRM00040858","2019-01-28","28.945","50.835","20.7","BUSHEHR, IR","    0",",,S","  280",",,S","  180",",,S","  233","H,,S"
"IRM00040858","2019-01-29","28.945","50.835","20.7","BUSHEHR, IR","   61",",,S","  210",",,S",,,"  176","H,,S"
"IRM00040858","2019-01-30","28.945","50.835","20.7","BUSHEHR, IR","    3",",,S","  188",",,S","  130",",,S","  161","H,,S"
"IRM00040858","2019-01-31","28.945","50.835","20.7","BUSHEHR, IR","    0",",,S","  194",",,S","  128",",,S","  169","H,,S"
"IRM00040858","2019-02-01","28.945","50.835","20.7","BUSHEHR, IR","    0",",,S",,,,,"  178","H,,S"
"IRM00040858","2019-02-02","28.945","50.835","20.7","BUSHEHR, IR","    0",",,S","  214",",,S","  160",",,S","  185","H,,S"
"IRM00040858","2019-02-03","28.945","50.835","20.7","BUSHEHR, IR","    0",",,S","  194",",,S",,,"  177","H,,S"
"IRM00040858","2019-02-04","28.945","50.835","20.7","BUSHEHR, IR","    0",",,S","  174",",,S",,,"  158","H,,S"
"IRM00040858","2019-02-05","28.945","50.835","20.7","BUSHEHR, IR","    0",",,S","  184",",,S",,,"  152","H,,S"
"IRM00040858","2019-02-06","28.945","50.835","20.7","BUSHEHR, IR","    0",",,S","  226",",,S",,,"  159","H,,S"
"IRM00040858","2019-02-07","28.945","50.835","20.7","BUSHEHR, IR","    0",",,S","  202",",,S",,,"  151","H,,S"
"IRM00040858","2019-02-08","28.945","50.835","20.7","BUSHEHR, IR","    0",",,S",,,,,"  165","H,,S"
"IRM00040858","2019-02-09","28.945","50.835","20.7","BUSHEHR, IR","    0",",,S","  212",",,S","  152",",,S","  183","H,,S"
"IRM00040858","2019-02-10","28.945","50.835","20.7","BUSHEHR, IR","    0",",,S",,,,,"  169","H,,S"
"IRM00040858","2019-02-11","28.945","50.835","20.7","BUSHEHR, IR","   30",",,S",,,,,"  150","H,,S"
"IRM00040858","2019-02-12","28.945","50.835","20.7","BUSHEHR, IR","  234",",,S","  172",",,S",,,"  156","H,,S"
"IRM00040858","2019-02-13","28.945","50.835","20.7","BUSHEHR, IR","    0",",,S",,,,,"  152","H,,S"
"IRM00040858","2019-02-14","28.945","50.835","20.7","BUSHEHR, IR","    0",",,S",,,,,"  163","H,,S"
"IRM00040858","2019-02-15","28.945","50.835","20.7","BUSHEHR, IR","    0",",,S","  200",",,S",,,"  174","H,,S"
"IRM00040858","2019-02-16","28.945","50.835","20.7","BUSHEHR, IR","   53",",,S",,,,,"  172","H,,S"
"IRM00040858","2019-02-17","28.945","50.835","20.7","BUSHEHR, IR","    0",",,S","  174",",,S","  140",",,S","  159","H,,S"
"IRM00040858","2019-02-18","28.945","50.835","20.7","BUSHEHR, IR","    0",",,S","  186",",,S",,,"  158","H,,S"
"IRM00040858","2019-02-19","28.945","50.835","20.7","BUSHEHR, IR","    0",",,S",,,"  134",",,S","  158","H,,S"
"IRM00040858","2019-02-20","28.945","50.835","20.7","BUSHEHR, IR","    0",",,S","  180",",,S",,,"  154","H,,S"
"IRM00040858","2019-02-21","28.945","50.835","20.7","BUSHEHR, IR","    0",",,S","  194",",,S",,,"  151","H,,S"
"IRM00040858","2019-02-22","28.945","50.835","20.7","BUSHEHR, IR","    0",",,S","  194",",,S","   90",",,S","  153","H,,S"
"IRM00040858","2019-02-23","28.945","50.835","20.7","BUSHEHR, IR","    0",",,S",,,"  140",",,S","  177","H,,S"
"IRM00040858","2019-02-24","28.945","50.835","20.7","BUSHEHR, IR","    0",",,S","  216",",,S","  134",",,S","  179","H,,S"
"IRM00040858","2019-02-25","28.945","50.835","20.7","BUSHEHR, IR","    0",",,S",,,,,"  178","H,,S"
"IRM00040858","2019-02-26","28.945","50.835","20.7","BUSHEHR, IR","    0",",,S","  204",",,S",,,"  168","H,,S"
"IRM00040858","2019-02-27","28.945","50.835","20.7","BUSHEHR, IR","    0",",,S",,,"  122",",,S","  178","H,,S"
"IRM00040858","2019-02-28","28.945","50.835","20.7","BUSHEHR, IR","    8",",,S","  230",",,S","  160",",,S","  188","H,,S"
"IRM00040858","2019-03-01","28.945","50.835","20.7","BUSHEHR, IR","    0",",,S","  204",",,S","  140",",,S","  165","H,,S"
"IRM00040858","2019-03-02","28.945","50.835","20.7","BUSHEHR, IR","    3",",,S","  172",",,S",,,"  147","H,,S"
"IRM00040858","2019-03-03","28.945","50.835","20.7","BUSHEHR, IR","    0",",,S","  190",",,S","   94",",,S","  154","H,,S"
"IRM00040858","2019-03-04","28.945","50.835","20.7","BUSHEHR, IR","    0",",,S","  200",",,S","   90",",,S","  160","H,,S"
"IRM00040858","2019-03-05","28.945","50.835","20.7","BUSHEHR, IR","    0",",,S","  206",",,S","  116",",,S","  166","H,,S"
"IRM00040858","2019-03-06","28.945","50.835","20.7","BUSHEHR, IR","    0",",,S","  220",",,S","  130",",,S","  179","H,,S"
"IRM00040858","2019-03-07","28.945","50.835","20.7","BUSHEHR, IR","    0",",,S","  206",",,S",,,"  176","H,,S"
"IRM00040858","2019-03-08","28.945","50.835","20.7","BUSHEHR, IR","    0",",,S","  220",",,S","  110",",,S","  177","H,,S"
"IRM00040858","2019-03-09","28.945","50.835","20.7","BUSHEHR, IR","    0",",,S","  194",",,S","  120",",,S","  167","H,,S"
"IRM00040858","2019-03-10","28.945","50.835","20.7","BUSHEHR, IR","    0",",,S","  210",",,S",,,"  168","H,,S"
"IRM00040858","2019-03-11","28.945","50.835","20.7","BUSHEHR, IR","    0",",,S","  218",",,S",,,"  166","H,,S"
"IRM00040858","2019-03-12","28.945","50.835","20.7","BUSHEHR, IR","    0",",,S","  220",",,S","  106",",,S","  179","H,,S"
"IRM00040858","2019-03-13","28.945","50.835","20.7","BUSHEHR, IR","    0",",,S","  220",",,S","  140",",,S","  177","H,,S"
"IRM00040858","2019-03-14","28.945","50.835","20.7","BUSHEHR, IR","    0",",,S",,,"  136",",,S","  202","H,,S"
"IRM00040858","2019-03-15","28.945","50.835","20.7","BUSHEHR, IR","    0",",,S",,,,,"  209","H,,S"
"IRM00040858","2019-03-16","28.945","50.835","20.7","BUSHEHR, IR","    0",",,S","  258",",,S","  170",",,S","  211","H,,S"
"IRM00040858","2019-03-17","28.945","50.835","20.7","BUSHEHR, IR","    5",",,S",,,,,"  202","H,,S"
"IRM00040858","2019-03-18","28.945","50.835","20.7","BUSHEHR, IR","    0",",,S","  220",",,S","  132",",,S","  188","H,,S"
"IRM00040858","2019-03-19","28.945","50.835","20.7","BUSHEHR, IR","    0",",,S",,,,,"  183","H,,S"
"IRM00040858","2019-03-20","28.945","50.835","20.7","BUSHEHR, IR","    0",",,S",,,"  140",",,S","  191","H,,S"
"IRM00040858","2019-03-21","28.945","50.835","20.7","BUSHEHR, IR","    0",",,S","  226",",,S","  164",",,S","  196","H,,S"
"IRM00040858","2019-03-22","28.945","50.835","20.7","BUSHEHR, IR","    0",",,S","  250",",,S","  154",",,S","  204","H,,S"
"IRM00040858","2019-03-23","28.945","50.835","20.7","BUSHEHR, IR","    0",",,S","  290",",,S","  170",",,S","  225","H,,S"
"IRM00040858","2019-03-24","28.945","50.835","20.7","BUSHEHR, IR","    0",",,S","  292",",,S","  186",",,S","  239","H,,S"
"IRM00040858","2019-03-25","28.945","50.835","20.7","BUSHEHR, IR","    0",",,S","  274",",,S",,,"  239","H,,S"
"IRM00040858","2019-03-26","28.945","50.835","20.7","BUSHEHR, IR","   86",",,S","  256",",,S",,,"  213","H,,S"
"IRM00040858","2019-03-27","28.945","50.835","20.7","BUSHEHR, IR","    5",",,S","  232",",,S","  160",",,S","  197","H,,S"
"IRM00040858","2019-03-28","28.945","50.835","20.7","BUSHEHR, IR","    0",",,S","  234",",,S",,,"  196","H,,S"
"IRM00040858","2019-03-29","28.945","50.835","20.7","BUSHEHR, IR","    0",",,S","  240",",,S","  156",",,S","  208","H,,S"
"IRM00040858","2019-03-30","28.945","50.835","20.7","BUSHEHR, IR","    0",",,S","  286",",,S","  154",",,S","  224","H,,S"
"IRM00040858","2019-03-31","28.945","50.835","20.7","BUSHEHR, IR","   46",",,S","  256",",,S",,,"  227","H,,S"
"IRM00040858","2019-04-01","28.945","50.835","20.7","BUSHEHR, IR","   20",",,S","  292",",,S","  200",",,S","  229","H,,S"
"IRM00040858","2019-04-02","28.945","50.835","20.7","BUSHEHR, IR","    0",",,S","  230",",,S",,,"  204","H,,S"
"IRM00040858","2019-04-03","28.945","50.835","20.7","BUSHEHR, IR","    0",",,S","  308",",,S","  166",",,S","  236","H,,S"
"IRM00040858","2019-04-04","28.945","50.835","20.7","BUSHEHR, IR","    0",",,S","  290",",,S","  200",",,S","  239","H,,S"
"IRM00040858","2019-04-05","28.945","50.835","20.7","BUSHEHR, IR","    0",",,S",,,,,"  258","H,,S"
"IRM00040858","2019-04-06","28.945","50.835","20.7","BUSHEHR, IR","   58",",,S",,,"  200",",,S","  274","H,,S"
"IRM00040858","2019-04-07","28.945","50.835","20.7","BUSHEHR, IR","    0",",,S","  310",",,S","  220",",,S","  264","H,,S"
"IRM00040858","2019-04-08","28.945","50.835","20.7","BUSHEHR, IR","    0",",,S","  274",",,S",,,"  242","H,,S"
"IRM00040858","2019-04-09","28.945","50.835","20.7","BUSHEHR, IR","    0",",,S","  270",",,S","  198",",,S","  238","H,,S"
"IRM00040858","2019-04-10","28.945","50.835","20.7","BUSHEHR, IR","    0",",,S","  280",",,S",,,"  237","H,,S"
"IRM00040858","2019-04-11","28.945","50.835","20.7","BUSHEHR, IR","    0",",,S","  312",",,S","  182",",,S","  245","H,,S"
"IRM00040858","2019-04-12","28.945","50.835","20.7","BUSHEHR, IR","    0",",,S","  300",",,S","  204",",,S","  253","H,,S"
"IRM00040858","2019-04-13","28.945","50.835","20.7","BUSHEHR, IR","    0",",,S","  238",",,S",,,"  214","H,,S"
"IRM00040858","2019-04-14","28.945","50.835","20.7","BUSHEHR, IR","   13",",,S","  254",",,S","  164",",,S","  217","H,,S"
"IRM00040858","2019-04-15","28.945","50.835","20.7","BUSHEHR, IR","    0",",,S",,,"  186",",,S","  231","H,,S"
"IRM00040858","2019-04-16","28.945","50.835","20.7","BUSHEHR, IR","    0",",,S","  290",",,S","  164",",,S","  240","H,,S"
"IRM00040858","2019-04-17","28.945","50.835","20.7","BUSHEHR, IR","    0",",,S","  370",",,S","  170",",,S","  290","H,,S"
"IRM00040858","2019-04-18","28.945","50.835","20.7","BUSHEHR, IR","    0",",,S","  364",",,S","  240",",,S","  288","H,,S"
"IRM00040858","2019-04-19","28.945","50.835","20.7","BUSHEHR, IR","    0",",,S",,,,,"  259","H,,S"
"IRM00040858","2019-04-20","28.945","50.835","20.7","BUSHEHR, IR","    0",",,S","  300",",,S","  220",",,S","  257","H,,S"
"IRM00040858","2019-04-21","28.945","50.835","20.7","BUSHEHR, IR","    0",",,S",,,,,"  253","H,,S"
"IRM00040858","2019-04-22","28.945","50.835","20.7","BUSHEHR, IR","    0",",,S","  310",",,S","  190",",,S","  234","H,,S"
"IRM00040858","2019-04-23","28.945","50.835","20.7","BUSHEHR, IR","    0",",,S","  240",",,S","  180",",,S","  218","H,,S"
"IRM00040858","2019-04-24","28.945","50.835","20.7","BUSHEHR, IR","    0",",,S","  240",",,S","  190",",,S","  219","H,,S"
"IRM00040858","2019-04-25","28.945","50.835","20.7","BUSHEHR, IR","    0",",,S","  248",",,S",,,"  216","H,,S"
"IRM00040858","2019-04-26","28.945","50.835","20.7","BUSHEHR, IR","    0",",,S","  260",",,S","  148",",,S","  217","H,,S"
"IRM00040858","2019-04-27","28.945","50.835","20.7","BUSHEHR, IR","    0",",,S","  260",",,S","  160",",,S","  227","H,,S"
"IRM00040858","2019-04-28","28.945","50.835","20.7","BUSHEHR, IR","    0",",,S","  280",",,S","  208",",,S","  243","H,,S"
"IRM00040858","2019-04-29","28.945","50.835","20.7","BUSHEHR, IR","    0",",,S","  268",",,S","  198",",,S","  234","H,,S"
"IRM00040858","2019-04-30","28.945","50.835","20.7","BUSHEHR, IR","    0",",,S","  280",",,S","  172",",,S","  248","H,,S"
"IRM00040858","2019-05-01","28.945","50.835","20.7","BUSHEHR, IR","    0",",,S","  282",",,S","  190",",,S","  249","H,,S"
"IRM00040858","2019-05-02","28.945","50.835","20.7","BUSHEHR, IR","    0",",,S",,,"  220",",,S","  268","H,,S"
"IRM00040858","2019-05-03","28.945","50.835","20.7","BUSHEHR, IR","    0",",,S","  310",",,S","  219",",,S","  269","H,,S"
"IRM00040858","2019-05-04","28.945","50.835","20.7","BUSHEHR, IR","    0",",,S","  352",",,S","  236",",,S","  289","H,,S"
"IRM00040858","2019-05-05","28.945","50.835","20.7","BUSHEHR, IR","    0",",,S","  346",",,S","  240",",,S","  292","H,,S"
"IRM00040858","2019-05-06","28.945","50.835","20.7","BUSHEHR, IR","    0",",,S",,,"  246",",,S","  273","H,,S"
"IRM00040858","2019-05-07","28.945","50.835","20.7","BUSHEHR, IR","    0",",,S","  310",",,S",,,"  267","H,,S"
"IRM00040858","2019-05-08","28.945","50.835","20.7","BUSHEHR, IR","    0",",,S","  370",",,S","  220",",,S","  291","H,,S"
"IRM00040858","2019-05-09","28.945","50.835","20.7","BUSHEHR, IR","    0",",,S","  370",",,S","  240",",,S","  306","H,,S"
"IRM00040858","2019-05-10","28.945","50.835","20.7","BUSHEHR, IR","    0",",,S","  350",",,S",,,"  296","H,,S"
"IRM00040858","2019-05-11","28.945","50.835","20.7","BUSHEHR, IR","    0",",,S","  350",",,S","  260",",,S","  293","H,,S"
"IRM00040858","2019-05-12","28.945","50.835","20.7","BUSHEHR, IR","    0",",,S",,,,,"  268","H,,S"
"IRM00040858","2019-05-13","28.945","50.835","20.7","BUSHEHR, IR","    0",",,S","  310",",,S",,,"  276","H,,S"
"IRM00040858","2019-05-14","28.945","50.835","20.7","BUSHEHR, IR","    0",",,S","  330",",,S","  218",",,S","  283","H,,S"
"IRM00040858","2019-05-15","28.945","50.835","20.7","BUSHEHR, IR","    0",",,S",,,"  240",",,S","  292","H,,S"
"IRM00040858","2019-05-16","28.945","50.835","20.7","BUSHEHR, IR","    0",",,S","  360",",,S","  236",",,S","  295","H,,S"
"IRM00040858","2019-05-17","28.945","50.835","20.7","BUSHEHR, IR","    0",",,S","  354",",,S","  240",",,S","  301","H,,S"
"IRM00040858","2019-05-18","28.945","50.835","20.7","BUSHEHR, IR","    0",",,S","  362",",,S","  230",",,S","  301","H,,S"
"IRM00040858","2019-05-19","28.945","50.835","20.7","BUSHEHR, IR","    0",",,S",,,"  250",",,S","  297","H,,S"
"IRM00040858","2019-05-20","28.945","50.835","20.7","BUSHEHR, IR","    0",",,S","  360",",,S",,,"  299","H,,S"
"IRM00040858","2019-05-21","28.945","50.835","20.7","BUSHEHR, IR","    0",",,S","  346",",,S",,,"  295","H,,S"
"IRM00040858","2019-05-22","28.945","50.835","20.7","BUSHEHR, IR","    0",",,S","  330",",,S","  246",",,S","  293","H,,S"
"IRM00040858","2019-05-23","28.945","50.835","20.7","BUSHEHR, IR","    0",",,S","  342",",,S","  238",",,S","  294","H,,S"
"IRM00040858","2019-05-24","28.945","50.835","20.7","BUSHEHR, IR","    0",",,S","  334",",,S","  240",",,S","  294","H,,S"
"IRM00040858","2019-05-25","28.945","50.835","20.7","BUSHEHR, IR","    0",",,S",,,"  248",",,S","  309","H,,S"
"IRM00040858","2019-05-26","28.945","50.835","20.7","BUSHEHR, IR","    0",",,S",,,,,"  319","H,,S"
"IRM00040858","2019-05-27","28.945","50.835","20.7","BUSHEHR, IR","    0",",,S","  364",",,S",,,"  316","H,,S"
"IRM00040858","2019-05-28","28.945","50.835","20.7","BUSHEHR, IR","    0",",,S","  350",",,S","  254",",,S","  310","H,,S"
"IRM00040858","2019-05-29","28.945","50.835","20.7","BUSHEHR, IR","    0",",,S","  366",",,S","  270",",,S","  327","H,,S"
"IRM00040858","2019-05-30","28.945","50.835","20.7","BUSHEHR, IR","    0",",,S","  434",",,S",,,"  327","H,,S"
"IRM00040858","2019-05-31","28.945","50.835","20.7","BUSHEHR, IR","    0",",,S","  360",",,S",,,"  309","H,,S"
"IRM00040858","2019-06-01","28.945","50.835","20.7","BUSHEHR, IR","    0",",,S","  360",",,S","  242",",,S","  314","H,,S"
"IRM00040858","2019-06-02","28.945","50.835","20.7","BUSHEHR, IR","    0",",,S","  350",",,S","  236",",,S","  313","H,,S"
"IRM00040858","2019-06-03","28.945","50.835","20.7","BUSHEHR, IR","    0",",,S","  360",",,S",,,"  320","H,,S"
"IRM00040858","2019-06-04","28.945","50.835","20.7","BUSHEHR, IR","    0",",,S","  380",",,S","  266",",,S","  324","H,,S"
"IRM00040858","2019-06-05","28.945","50.835","20.7","BUSHEHR, IR","    0",",,S","  376",",,S","  260",",,S","  327","H,,S"
"IRM00040858","2019-06-06","28.945","50.835","20.7","BUSHEHR, IR","    0",",,S","  394",",,S","  264",",,S","  335","H,,S"
"IRM00040858","2019-06-07","28.945","50.835","20.7","BUSHEHR, IR","    0",",,S","  384",",,S","  272",",,S","  333","H,,S"
"IRM00040858","2019-06-08","28.945","50.835","20.7","BUSHEHR, IR","    0",",,S","  404",",,S","  270",",,S","  337","H,,S"
"IRM00040858","2019-06-09","28.945","50.835","20.7","BUSHEHR, IR","    0",",,S","  410",",,S","  274",",,S","  346","H,,S"
"IRM00040858","2019-06-10","28.945","50.835","20.7","BUSHEHR, IR","    0",",,S","  380",",,S","  288",",,S","  344","H,,S"
"IRM00040858","2019-06-11","28.945","50.835","20.7","BUSHEHR, IR","    0",",,S","  412",",,S","  286",",,S","  353","H,,S"
"IRM00040858","2019-06-12","28.945","50.835","20.7","BUSHEHR, IR","    0",",,S","  412",",,S","  300",",,S","  363","H,,S"
"IRM00040858","2019-06-13","28.945","50.835","20.7","BUSHEHR, IR","    0",",,S","  384",",,S",,,"  348","H,,S"
"IRM00040858","2019-06-14","28.945","50.835","20.7","BUSHEHR, IR","    0",",,S","  386",",,S","  300",",,S","  338","H,,S"
"IRM00040858","2019-06-15","28.945","50.835","20.7","BUSHEHR, IR","    0",",,S","  390",",,S","  300",",,S","  345","H,,S"
"IRM00040858","2019-06-16","28.945","50.835","20.7","BUSHEHR, IR","    0",",,S","  378",",,S","  302",",,S","  342","H,,S"
"IRM00040858","2019-06-17","28.945","50.835","20.7","BUSHEHR, IR","    0",",,S","  390",",,S","  310",",,S","  357","H,,S"
"IRM00040858","2019-06-18","28.945","50.835","20.7","BUSHEHR, IR","    0",",,S","  384",",,S",,,"  344","H,,S"
"IRM00040858","2019-06-19","28.945","50.835","20.7","BUSHEHR, IR","    0",",,S","  362",",,S",,,"  333","H,,S"
"IRM00040858","2019-06-20","28.945","50.835","20.7","BUSHEHR, IR","    0",",,S","  342",",,S","  296",",,S","  318","H,,S"
"IRM00040858","2019-06-21","28.945","50.835","20.7","BUSHEHR, IR","    0",",,S",,,,,"  314","H,,S"
"IRM00040858","2019-06-22","28.945","50.835","20.7","BUSHEHR, IR","    0",",,S","  344",",,S","  262",",,S","  308","H,,S"
"IRM00040858","2019-06-23","28.945","50.835","20.7","BUSHEHR, IR","    0",",,S","  366",",,S","  270",",,S","  324","H,,S"
"IRM00040858","2019-06-24","28.945","50.835","20.7","BUSHEHR, IR","    0",",,S","  370",",,S","  262",",,S","  325","H,,S"
"IRM00040858","2019-06-25","28.945","50.835","20.7","BUSHEHR, IR","    0",",,S","  374",",,S","  280",",,S","  337","H,,S"
"IRM00040858","2019-06-26","28.945","50.835","20.7","BUSHEHR, IR","    0",",,S","  380",",,S",,,"  342","H,,S"
"IRM00040858","2019-06-27","28.945","50.835","20.7","BUSHEHR, IR","    0",",,S",,,,,"  332","H,,S"
"IRM00040858","2019-06-28","28.945","50.835","20.7","BUSHEHR, IR","    0",",,S",,,"  270",",,S","  327","H,,S"
"IRM00040858","2019-06-29","28.945","50.835","20.7","BUSHEHR, IR","    0",",,S",,,"  266",",,S","  322","H,,S"
"IRM00040858","2019-06-30","28.945","50.835","20.7","BUSHEHR, IR","    0",",,S","  388",",,S","  280",",,S","  336","H,,S"
"IRM00040858","2019-07-01","28.945","50.835","20.7","BUSHEHR, IR","    0",",,S",,,"  280",",,S","  341","H,,S"
"IRM00040858","2019-07-02","28.945","50.835","20.7","BUSHEHR, IR","    0",",,S","  362",",,S","  296",",,S","  334","H,,S"
"IRM00040858","2019-07-03","28.945","50.835","20.7","BUSHEHR, IR","    0",",,S","  382",",,S","  288",",,S","  329","H,,S"
"IRM00040858","2019-07-04","28.945","50.835","20.7","BUSHEHR, IR","    0",",,S","  398",",,S","  285",",,S","  350","H,,S"
"IRM00040858","2019-07-05","28.945","50.835","20.7","BUSHEHR, IR","    0",",,S","  372",",,S",,,"  344","H,,S"
"IRM00040858","2019-07-06","28.945","50.835","20.7","BUSHEHR, IR","    0",",,S","  370",",,S",,,"  330","H,,S"
"IRM00040858","2019-07-07","28.945","50.835","20.7","BUSHEHR, IR","    0",",,S","  400",",,S","  290",",,S","  344","H,,S"
"IRM00040858","2019-07-08","28.945","50.835","20.7","BUSHEHR, IR","    0",",,S","  394",",,S","  310",",,S","  350","H,,S"
"IRM00040858","2019-07-09","28.945","50.835","20.7","BUSHEHR, IR","    0",",,S","  372",",,S","  316",",,S","  346","H,,S"
"IRM00040858","2019-07-10","28.945","50.835","20.7","BUSHEHR, IR","    0",",,S","  363",",,S",,,"  333","H,,S"
"IRM00040858","2019-07-11","28.945","50.835","20.7","BUSHEHR, IR","    0",",,S","  364",",,S","  278",",,S","  330","H,,S"
"IRM00040858","2019-07-12","28.945","50.835","20.7","BUSHEHR, IR","    0",",,S","  372",",,S","  284",",,S","  338","H,,S"
"IRM00040858","2019-07-13","28.945","50.835","20.7","BUSHEHR, IR","    0",",,S",,,"  300",",,S","  341","H,,S"
"IRM00040858","2019-07-14","28.945","50.835","20.7","BUSHEHR, IR","    0",",,S","  366",",,S",,,"  330","H,,S"
"IRM00040858","2019-07-15","28.945","50.835","20.7","BUSHEHR, IR","    0",",,S","  364",",,S","  276",",,S","  336","H,,S"
"IRM00040858","2019-07-16","28.945","50.835","20.7","BUSHEHR, IR","    0",",,S","  363",",,S","  320",",,S","  340","H,,S"
"IRM00040858","2019-07-17","28.945","50.835","20.7","BUSHEHR, IR","    0",",,S","  358",",,S",,,"  331","H,,S"
"IRM00040858","2019-07-18","28.945","50.835","20.7","BUSHEHR, IR","    0",",,S","  360",",,S",,,"  324","H,,S"
"IRM00040858","2019-07-19","28.945","50.835","20.7","BUSHEHR, IR","    0",",,S","  370",",,S",,,"  328","H,,S"
"IRM00040858","2019-07-20","28.945","50.835","20.7","BUSHEHR, IR","    0",",,S","  370",",,S","  274",",,S","  323","H,,S"
"IRM00040858","2019-07-21","28.945","50.835","20.7","BUSHEHR, IR","    0",",,S","  368",",,S","  284",",,S","  326","H,,S"
"IRM00040858","2019-07-22","28.945","50.835","20.7","BUSHEHR, IR","    0",",,S","  382",",,S","  300",",,S","  337","H,,S"
"IRM00040858","2019-07-23","28.945","50.835","20.7","BUSHEHR, IR","    0",",,S","  392",",,S","  298",",,S","  339","H,,S"
"IRM00040858","2019-07-24","28.945","50.835","20.7","BUSHEHR, IR","    0",",,S","  402",",,S",,,"  343","H,,S"
"IRM00040858","2019-07-25","28.945","50.835","20.7","BUSHEHR, IR","    0",",,S","  370",",,S",,,"  329","H,,S"
"IRM00040858","2019-07-26","28.945","50.835","20.7","BUSHEHR, IR","    0",",,S","  380",",,S","  286",",,S","  336","H,,S"
"IRM00040858","2019-07-27","28.945","50.835","20.7","BUSHEHR, IR","    0",",,S","  374",",,S","  302",",,S","  337","H,,S"
"IRM00040858","2019-07-28","28.945","50.835","20.7","BUSHEHR, IR","    0",",,S","  410",",,S",,,"  339","H,,S"
"IRM00040858","2019-07-29","28.945","50.835","20.7","BUSHEHR, IR","    0",",,S","  386",",,S",,,"  337","H,,S"
"IRM00040858","2019-07-30","28.945","50.835","20.7","BUSHEHR, IR","    0",",,S","  400",",,S","  288",",,S","  357","H,,S"
"IRM00040858","2019-07-31","28.945","50.835","20.7","BUSHEHR, IR","    0",",,S",,,,,"  355","H,,S"
"IRM00040858","2019-08-01","28.945","50.835","20.7","BUSHEHR, IR","    0",",,S","  386",",,S","  300",",,S","  347","H,,S"
"IRM00040858","2019-08-02","28.945","50.835","20.7","BUSHEHR, IR","    0",",,S","  380",",,S",,,"  339","H,,S"
"IRM00040858","2019-08-03","28.945","50.835","20.7","BUSHEHR, IR","    0",",,S",,,,,"  343","H,,S"
"IRM00040858","2019-08-04","28.945","50.835","20.7","BUSHEHR, IR","    0",",,S","  390",",,S",,,"  348","H,,S"
"IRM00040858","2019-08-05","28.945","50.835","20.7","BUSHEHR, IR","    0",",,S","  390",",,S","  280",",,S","  346","H,,S"
"IRM00040858","2019-08-06","28.945","50.835","20.7","BUSHEHR, IR","    0",",,S","  380",",,S","  282",",,S","  340","H,,S"
"IRM00040858","2019-08-07","28.945","50.835","20.7","BUSHEHR, IR","    0",",,S","  376",",,S","  298",",,S","  344","H,,S"
"IRM00040858","2019-08-08","28.945","50.835","20.7","BUSHEHR, IR","    0",",,S","  376",",,S","  316",",,S","  357","H,,S"
"IRM00040858","2019-08-09","28.945","50.835","20.7","BUSHEHR, IR","    0",",,S",,,,,"  341","H,,S"
"IRM00040858","2019-08-10","28.945","50.835","20.7","BUSHEHR, IR","    0",",,S","  362",",,S",,,"  336","H,,S"
"IRM00040858","2019-08-11","28.945","50.835","20.7","BUSHEHR, IR","    0",",,S","  370",",,S",,,"  339","H,,S"
"IRM00040858","2019-08-12","28.945","50.835","20.7","BUSHEHR, IR","    0",",,S","  372",",,S","  282",",,S","  335","H,,S"
"IRM00040858","2019-08-13","28.945","50.835","20.7","BUSHEHR, IR","    0",",,S","  388",",,S","  302",",,S","  344","H,,S"
"IRM00040858","2019-08-14","28.945","50.835","20.7","BUSHEHR, IR","    0",",,S","  380",",,S","  300",",,S","  342","H,,S"
"IRM00040858","2019-08-15","28.945","50.835","20.7","BUSHEHR, IR","    0",",,S","  384",",,S","  320",",,S","  348","H,,S"
"IRM00040858","2019-08-16","28.945","50.835","20.7","BUSHEHR, IR","    0",",,S","  384",",,S","  306",",,S","  353","H,,S"
"IRM00040858","2019-08-17","28.945","50.835","20.7","BUSHEHR, IR","    0",",,S","  380",",,S",,,"  352","H,,S"
"IRM00040858","2019-08-18","28.945","50.835","20.7","BUSHEHR, IR","    0",",,S","  378",",,S",,,"  343","H,,S"
"IRM00040858","2019-08-19","28.945","50.835","20.7","BUSHEHR, IR","    0",",,S","  380",",,S",,,"  338","H,,S"
"IRM00040858","2019-08-20","28.945","50.835","20.7","BUSHEHR, IR","    0",",,S","  372",",,S",,,"  333","H,,S"
"IRM00040858","2019-08-21","28.945","50.835","20.7","BUSHEHR, IR","    0",",,S","  380",",,S","  278",",,S","  332","H,,S"
"IRM00040858","2019-08-22","28.945","50.835","20.7","BUSHEHR, IR","    0",",,S","  380",",,S","  286",",,S","  338","H,,S"
"IRM00040858","2019-08-23","28.945","50.835","20.7","BUSHEHR, IR","    0",",,S",,,,,"  340","H,,S"
"IRM00040858","2019-08-24","28.945","50.835","20.7","BUSHEHR, IR","    0",",,S","  404",",,S","  300",",,S","  346","H,,S"
"IRM00040858","2019-08-25","28.945","50.835","20.7","BUSHEHR, IR","    0",",,S","  374",",,S",,,"  332","H,,S"
"IRM00040858","2019-08-26","28.945","50.835","20.7","BUSHEHR, IR","    0",",,S","  390",",,S","  278",",,S","  337","H,,S"
"IRM00040858","2019-08-27","28.945","50.835","20.7","BUSHEHR, IR","    0",",,S","  390",",,S","  294",",,S","  340","H,,S"
"IRM00040858","2019-08-28","28.945","50.835","20.7","BUSHEHR, IR","    0",",,S","  392",",,S",,,"  338","H,,S"
"IRM00040858","2019-08-29","28.945","50.835","20.7","BUSHEHR, IR","    0",",,S","  390",",,S","  270",",,S","  339","H,,S"
"IRM00040858","2019-08-30","28.945","50.835","20.7","BUSHEHR, IR","    0",",,S","  394",",,S",,,"  339","H,,S"
"IRM00040858","2019-08-31","28.945","50.835","20.7","BUSHEHR, IR","    0",",,S","  396",",,S","  280",",,S","  340","H,,S"
"IRM00040858","2019-09-01","28.945","50.835","20.7","BUSHEHR, IR","    0",",,S","  396",",,S","  286",",,S","  353","H,,S"
"IRM00040858","2019-09-02","28.945","50.835","20.7","BUSHEHR, IR","    0",",,S","  392",",,S",,,"  353","H,,S"
"IRM00040858","2019-09-03","28.945","50.835","20.7","BUSHEHR, IR","    0",",,S","  390",",,S",,,"  344","H,,S"
"IRM00040858","2019-09-04","28.945","50.835","20.7","BUSHEHR, IR","    0",",,S","  392",",,S","  290",",,S","  355","H,,S"
"IRM00040858","2019-09-05","28.945","50.835","20.7","BUSHEHR, IR","    0",",,S","  380",",,S","  304",",,S","  340","H,,S"
"IRM00040858","2019-09-06","28.945","50.835","20.7","BUSHEHR, IR","    0",",,S",,,"  280",",,S","  352","H,,S"
"IRM00040858","2019-09-07","28.945","50.835","20.7","BUSHEHR, IR","    0",",,S","  384",",,S","  324",",,S","  352","H,,S"
"IRM00040858","2019-09-08","28.945","50.835","20.7","BUSHEHR, IR","    0",",,S","  384",",,S","  316",",,S","  343","H,,S"
"IRM00040858","2019-09-09","28.945","50.835","20.7","BUSHEHR, IR","    0",",,S","  364",",,S",,,"  330","H,,S"
"IRM00040858","2019-09-10","28.945","50.835","20.7","BUSHEHR, IR","    0",",,S","  366",",,S",,,"  326","H,,S"
"IRM00040858","2019-09-11","28.945","50.835","20.7","BUSHEHR, IR","    0",",,S","  355",",,S",,,"  322","H,,S"
"IRM00040858","2019-09-12","28.945","50.835","20.7","BUSHEHR, IR","    0",",,S","  360",",,S","  260",",,S","  314","H,,S"
"IRM00040858","2019-09-13","28.945","50.835","20.7","BUSHEHR, IR","    0",",,S","  366",",,S","  260",",,S","  321","H,,S"
"IRM00040858","2019-09-14","28.945","50.835","20.7","BUSHEHR, IR","    0",",,S","  364",",,S",,,"  318","H,,S"
"IRM00040858","2019-09-15","28.945","50.835","20.7","BUSHEHR, IR","    0",",,S","  360",",,S","  256",",,S","  306","H,,S"
"IRM00040858","2019-09-16","28.945","50.835","20.7","BUSHEHR, IR","    0",",,S","  360",",,S","  236",",,S","  306","H,,S"
"IRM00040858","2019-09-17","28.945","50.835","20.7","BUSHEHR, IR","    0",",,S","  364",",,S","  250",",,S","  314","H,,S"
"IRM00040858","2019-09-18","28.945","50.835","20.7","BUSHEHR, IR","    0",",,S","  364",",,S","  254",",,S","  315","H,,S"
"IRM00040858","2019-09-19","28.945","50.835","20.7","BUSHEHR, IR","    0",",,S","  370",",,S","  254",",,S","  322","H,,S"
"IRM00040858","2019-09-20","28.945","50.835","20.7","BUSHEHR, IR","    0",",,S","  364",",,S",,,"  313","H,,S"
"IRM00040858","2019-09-21","28.945","50.835","20.7","BUSHEHR, IR","    0",",,S","  374",",,S","  250",",,S","  301","H,,S"
"IRM00040858","2019-09-22","28.945","50.835","20.7","BUSHEHR, IR","    0",",,S","  390",",,S","  248",",,S","  314","H,,S"
"IRM00040858","2019-09-23","28.945","50.835","20.7","BUSHEHR, IR","    0",",,S","  360",",,S","  270",",,S","  316","H,,S"
"IRM00040858","2019-09-24","28.945","50.835","20.7","BUSHEHR, IR","    0",",,S","  364",",,S",,,"  321","H,,S"
"IRM00040858","2019-09-25","28.945","50.835","20.7","BUSHEHR, IR","    0",",,S",,,,,"  325","H,,S"
"IRM00040858","2019-09-26","28.945","50.835","20.7","BUSHEHR, IR","    0",",,S","  360",",,S",,,"  324","H,,S"
"IRM00040858","2019-09-27","28.945","50.835","20.7","BUSHEHR, IR","    0",",,S","  352",",,S",,,"  318","H,,S"
"IRM00040858","2019-09-28","28.945","50.835","20.7","BUSHEHR, IR","    0",",,S","  362",",,S",,,"  317","H,,S"
"IRM00040858","2019-09-29","28.945","50.835","20.7","BUSHEHR, IR","    0",",,S","  372",",,S","  256",",,S","  314","H,,S"
"IRM00040858","2019-09-30","28.945","50.835","20.7","BUSHEHR, IR","    0",",,S","  360",",,S","  260",",,S","  313","H,,S"
"IRM00040858","2019-10-01","28.945","50.835","20.7","BUSHEHR, IR","    0",",,S","  382",",,S","  270",",,S","  317","H,,S"
"IRM00040858","2019-10-02","28.945","50.835","20.7","BUSHEHR, IR","    0",",,S",,,"  270",",,S","  322","H,,S"
"IRM00040858","2019-10-03","28.945","50.835","20.7","BUSHEHR, IR","    0",",,S",,,"  292",",,S","  326","H,,S"
"IRM00040858","2019-10-04","28.945","50.835","20.7","BUSHEHR, IR","    0",",,S","  370",",,S","  290",",,S","  326","H,,S"
"IRM00040858","2019-10-05","28.945","50.835","20.7","BUSHEHR, IR","    0",",,S","  354",",,S",,,"  314","H,,S"
"IRM00040858","2019-10-06","28.945","50.835","20.7","BUSHEHR, IR","    0",",,S","  364",",,S","  236",",,S","  312","H,,S"
"IRM00040858","2019-10-07","28.945","50.835","20.7","BUSHEHR, IR","    0",",,S","  364",",,S","  268",",,S","  319","H,,S"
"IRM00040858","2019-10-08","28.945","50.835","20.7","BUSHEHR, IR","    0",",,S","  348",",,S","  280",",,S","  314","H,,S"
"IRM00040858","2019-10-09","28.945","50.835","20.7","BUSHEHR, IR","    0",",,S","  352",",,S",,,"  315","H,,S"
"IRM00040858","2019-10-10","28.945","50.835","20.7","BUSHEHR, IR","    0",",,S","  364",",,S","  260",",,S","  313","H,,S"
"IRM00040858","2019-10-11","28.945","50.835","20.7","BUSHEHR, IR","    0",",,S","  382",",,S","  260",",,S","  319","H,,S"
"IRM00040858","2019-10-12","28.945","50.835","20.7","BUSHEHR, IR","    0",",,S","  360",",,S","  250",",,S","  303","H,,S"
"IRM00040858","2019-10-13","28.945","50.835","20.7","BUSHEHR, IR","    0",",,S","  352",",,S",,,"  303","H,,S"
"IRM00040858","2019-10-14","28.945","50.835","20.7","BUSHEHR, IR","    0",",,S","  342",",,S","  264",",,S","  307","H,,S"
"IRM00040858","2019-10-15","28.945","50.835","20.7","BUSHEHR, IR","    0",",,S","  350",",,S","  262",",,S","  304","H,,S"
"IRM00040858","2019-10-16","28.945","50.835","20.7","BUSHEHR, IR","    0",",,S","  340",",,S",,,"  303","H,,S"
"IRM00040858","2019-10-17","28.945","50.835","20.7","BUSHEHR, IR","    0",",,S","  347",",,S","  230",",,S","  293","H,,S"
"IRM00040858","2019-10-18","28.945","50.835","20.7","BUSHEHR, IR","    0",",,S","  346",",,S","  220",",,S","  290","H,,S"
"IRM00040858","2019-10-19","28.945","50.835","20.7","BUSHEHR, IR","    0",",,S","  352",",,S","  234",",,S","  301","H,,S"
"IRM00040858","2019-10-20","28.945","50.835","20.7","BUSHEHR, IR","    0",",,S",,,"  240",",,S","  306","H,,S"
"IRM00040858","2019-10-21","28.945","50.835","20.7","BUSHEHR, IR","    0",",,S","  340",",,S","  240",",,S","  299","H,,S"
"IRM00040858","2019-10-22","28.945","50.835","20.7","BUSHEHR, IR","    0",",,S",,,"  228",",,S","  297","H,,S"
"IRM00040858","2019-10-23","28.945","50.835","20.7","BUSHEHR, IR","    0",",,S",,,"  235",",,S","  296","H,,S"
"IRM00040858","2019-10-24","28.945","50.835","20.7","BUSHEHR, IR","    0",",,S","  340",",,S",,,"  284","H,,S"
"IRM00040858","2019-10-25","28.945","50.835","20.7","BUSHEHR, IR","    0",",,S","  342",",,S","  240",",,S","  302","H,,S"
"IRM00040858","2019-10-26","28.945","50.835","20.7","BUSHEHR, IR","    0",",,S",,,"  256",",,S","  305","H,,S"
"IRM00040858","2019-10-27","28.945","50.835","20.7","BUSHEHR, IR","    0",",,S","  318",",,S",,,"  291","H,,S"
"IRM00040858","2019-10-28","28.945","50.835","20.7","BUSHEHR, IR","    0",",,S",,,"  245",",,S","  283","H,,S"
"IRM00040858","2019-10-29","28.945","50.835","20.7","BUSHEHR, IR","   10",",,S","  360",",,S","  245",",,S","  289","H,,S"
"IRM00040858","2019-10-30","28.945","50.835","20.7","BUSHEHR, IR","    0",",,S","  322",",,S",,,"  282","H,,S"
"IRM00040858","2019-10-31","28.945","50.835","20.7","BUSHEHR, IR","    0",",,S","  316",",,S","  240",",,S","  279","H,,S"
"IRM00040858","2019-11-01","28.945","50.835","20.7","BUSHEHR, IR","    0",",,S","  280",",,S",,,"  257","H,,S"
"IRM00040858","2019-11-02","28.945","50.835","20.7","BUSHEHR, IR","    0",",,S","  286",",,S","  210",",,S","  245","H,,S"
"IRM00040858","2019-11-03","28.945","50.835","20.7","BUSHEHR, IR","    0",",,S","  290",",,S","  182",",,S","  246","H,,S"
"IRM00040858","2019-11-04","28.945","50.835","20.7","BUSHEHR, IR","    0",",,S","  314",",,S",,,"  261","H,,S"
"IRM00040858","2019-11-05","28.945","50.835","20.7","BUSHEHR, IR","    0",",,S","  294",",,S",,,"  271","H,,S"
"IRM00040858","2019-11-06","28.945","50.835","20.7","BUSHEHR, IR","    0",",,S","  290",",,S",,,"  248","H,,S"
"IRM00040858","2019-11-07","28.945","50.835","20.7","BUSHEHR, IR","    0",",,S",,,"  174",",,S","  234","H,,S"
"IRM00040858","2019-11-08","28.945","50.835","20.7","BUSHEHR, IR","    0",",,S","  310",",,S","  194",",,S","  259","H,,S"
"IRM00040858","2019-11-09","28.945","50.835","20.7","BUSHEHR, IR","    0",",,S","  286",",,S",,,"  253","H,,S"
"IRM00040858","2019-11-10","28.945","50.835","20.7","BUSHEHR, IR","    0",",,S","  324",",,S",,,"  257","H,,S"
"IRM00040858","2019-11-11","28.945","50.835","20.7","BUSHEHR, IR","    0",",,S","  290",",,S",,,"  253","H,,S"
"IRM00040858","2019-11-12","28.945","50.835","20.7","BUSHEHR, IR","    0",",,S","  282",",,S",,,"  229","H,,S"
"IRM00040858","2019-11-13","28.945","50.835","20.7","BUSHEHR, IR","    0",",,S","  290",",,S","  150",",,S","  229","H,,S"
"IRM00040858","2019-11-14","28.945","50.835","20.7","BUSHEHR, IR","    0",",,S","  286",",,S",,,"  228","H,,S"
"IRM00040858","2019-11-15","28.945","50.835","20.7","BUSHEHR, IR","    0",",,S","  276",",,S","  180",",,S","  232","H,,S"
"IRM00040858","2019-11-16","28.945","50.835","20.7","BUSHEHR, IR","    0",",,S","  270",",,S","  175",",,S","  226","H,,S"
"IRM00040858","2019-11-17","28.945","50.835","20.7","BUSHEHR, IR",,,,,,,"  196","H,,S"
"IRM00040858","2019-11-18","28.945","50.835","20.7","BUSHEHR, IR","  198",",,S",,,"  160",",,S","  174","H,,S"
"IRM00040858","2019-11-19","28.945","50.835","20.7","BUSHEHR, IR","  371",",,S","  194",",,S",,,"  182","H,,S"
"IRM00040858","2019-11-20","28.945","50.835","20.7","BUSHEHR, IR","    0",",,S","  206",",,S",,,"  177","H,,S"
"IRM00040858","2019-11-21","28.945","50.835","20.7","BUSHEHR, IR","    0",",,S","  210",",,S",,,"  175","H,,S"
"IRM00040858","2019-11-22","28.945","50.835","20.7","BUSHEHR, IR","    0",",,S","  220",",,S","  102",",,S","  168","H,,S"
"IRM00040858","2019-11-23","28.945","50.835","20.7","BUSHEHR, IR","    0",",,S","  224",",,S",,,"  188","H,,S"
"IRM00040858","2019-11-24","28.945","50.835","20.7","BUSHEHR, IR","    0",",,S","  232",",,S","  130",",,S","  189","H,,S"
"IRM00040858","2019-11-25","28.945","50.835","20.7","BUSHEHR, IR","    0",",,S","  220",",,S","  146",",,S","  185","H,,S"
"IRM00040858","2019-11-26","28.945","50.835","20.7","BUSHEHR, IR","    0",",,S","  242",",,S","  154",",,S","  195","H,,S"
"IRM00040858","2019-11-27","28.945","50.835","20.7","BUSHEHR, IR","    0",",,S",,,,,"  203","H,,S"
"IRM00040858","2019-11-28","28.945","50.835","20.7","BUSHEHR, IR","    0",",,S","  270",",,S","  146",",,S","  210","H,,S"
"IRM00040858","2019-11-29","28.945","50.835","20.7","BUSHEHR, IR","    0",",,S",,,"  176",",,S","  215","H,,S"
"IRM00040858","2019-11-30","28.945","50.835","20.7","BUSHEHR, IR","    0",",,S","  268",",,S","  160",",,S","  224","H,,S"
"IRM00040858","2019-12-01","28.945","50.835","20.7","BUSHEHR, IR","    0",",,S","  252",",,S",,,"  213","H,,S"
"IRM00040858","2019-12-02","28.945","50.835","20.7","BUSHEHR, IR","    0",",,S","  264",",,S","  154",",,S","  218","H,,S"
"IRM00040858","2019-12-03","28.945","50.835","20.7","BUSHEHR, IR","  264",",,S","  278",",,S",,,"  208","H,,S"
"IRM00040858","2019-12-04","28.945","50.835","20.7","BUSHEHR, IR","  117",",,S","  220",",,S",,,"  186","H,,S"
"IRM00040858","2019-12-05","28.945","50.835","20.7","BUSHEHR, IR","    0",",,S",,,,,"  183","H,,S"
"IRM00040858","2019-12-06","28.945","50.835","20.7","BUSHEHR, IR","    0",",,S","  250",",,S",,,"  194","H,,S"
"IRM00040858","2019-12-07","28.945","50.835","20.7","BUSHEHR, IR","    0",",,S","  260",",,S","  165",",,S","  204","H,,S"
"IRM00040858","2019-12-08","28.945","50.835","20.7","BUSHEHR, IR","   99",",,S","  230",",,S","  160",",,S","  191","H,,S"
"IRM00040858","2019-12-09","28.945","50.835","20.7","BUSHEHR, IR","    0",",,S","  198",",,S","  148",",,S","  173","H,,S"
"IRM00040858","2019-12-10","28.945","50.835","20.7","BUSHEHR, IR","    0",",,S",,,"  144",",,S","  182","H,,S"
"IRM00040858","2019-12-11","28.945","50.835","20.7","BUSHEHR, IR","    5",",,S","  214",",,S","  146",",,S","  192","H,,S"
"IRM00040858","2019-12-12","28.945","50.835","20.7","BUSHEHR, IR","    0",",,S","  220",",,S","  158",",,S","  183","H,,S"
"IRM00040858","2019-12-13","28.945","50.835","20.7","BUSHEHR, IR","   13",",,S",,,,,"  190","H,,S"
"IRM00040858","2019-12-14","28.945","50.835","20.7","BUSHEHR, IR","   10",",,S","  220",",,S","  158",",,S","  193","H,,S"
"IRM00040858","2019-12-15","28.945","50.835","20.7","BUSHEHR, IR","    0",",,S","  214",",,S","  168",",,S","  192","H,,S"
"IRM00040858","2019-12-16","28.945","50.835","20.7","BUSHEHR, IR","  196",",,S","  200",",,S","  170",",,S","  181","H,,S"
"IRM00040858","2019-12-17","28.945","50.835","20.7","BUSHEHR, IR","  511",",,S","  204",",,S",,,"  183","H,,S"
"IRM00040858","2019-12-18","28.945","50.835","20.7","BUSHEHR, IR","    0",",,S","  196",",,S","  146",",,S","  171","H,,S"
"IRM00040858","2019-12-19","28.945","50.835","20.7","BUSHEHR, IR","    0",",,S","  190",",,S",,,"  161","H,,S"
"IRM00040858","2019-12-20","28.945","50.835","20.7","BUSHEHR, IR","    0",",,S","  200",",,S","  130",",,S","  162","H,,S"
"IRM00040858","2019-12-21","28.945","50.835","20.7","BUSHEHR, IR","    0",",,S","  200",",,S",,,"  161","H,,S"
"IRM00040858","2019-12-22","28.945","50.835","20.7","BUSHEHR, IR","    0",",,S","  202",",,S",,,"  164","H,,S"
"IRM00040858","2019-12-23","28.945","50.835","20.7","BUSHEHR, IR","    0",",,S","  200",",,S","  127",",,S","  168","H,,S"
"IRM00040858","2019-12-24","28.945","50.835","20.7","BUSHEHR, IR","    0",",,S","  202",",,S","  110",",,S","  163","H,,S"
"IRM00040858","2019-12-25","28.945","50.835","20.7","BUSHEHR, IR","    0",",,S",,,"  108",",,S","  167","H,,S"
"IRM00040858","2019-12-26","28.945","50.835","20.7","BUSHEHR, IR","    0",",,S","  244",",,S","  120",",,S","  193","H,,S"
"IRM00040858","2019-12-27","28.945","50.835","20.7","BUSHEHR, IR","    0",",,S","  244",",,S",,,"  192","H,,S"
"IRM00040858","2019-12-28","28.945","50.835","20.7","BUSHEHR, IR","    0",",,S","  250",",,S","  148",",,S","  202","H,,S"
"IRM00040858","2019-12-29","28.945","50.835","20.7","BUSHEHR, IR","    0",",,S",,,"  150",",,S","  188","H,,S"
"IRM00040858","2019-12-30","28.945","50.835","20.7","BUSHEHR, IR","    0",",,S","  220",",,S",,,"  168","H,,S"
"IRM00040858","2019-12-31","28.945","50.835","20.7","BUSHEHR, IR","    0",",,S","  250",",,S","  112",",,S","  182","H,,S"
"IRM00040858","2020-01-01","28.945","50.835","20.7","BUSHEHR, IR","    0",",,S","  198",",,S",,,"  177","H,,S"
"IRM00040858","2020-01-02","28.945","50.835","20.7","BUSHEHR, IR","    0",",,S","  194",",,S","  114",",,S","  165","H,,S"
"IRM00040858","2020-01-03","28.945","50.835","20.7","BUSHEHR, IR","    0",",,S",,,"  150",",,S","  199","H,,S"
"IRM00040858","2020-01-04","28.945","50.835","20.7","BUSHEHR, IR","   23",",,S","  222",",,S","  179",",,S","  195","H,,S"
"IRM00040858","2020-01-05","28.945","50.835","20.7","BUSHEHR, IR","   23",",,S",,,,,"  183","H,,S"
"IRM00040858","2020-01-06","28.945","50.835","20.7","BUSHEHR, IR","    0",",,S","  190",",,S",,,"  171","H,,S"
"IRM00040858","2020-01-07","28.945","50.835","20.7","BUSHEHR, IR","    0",",,S","  190",",,S","  130",",,S","  160","H,,S"
"IRM00040858","2020-01-08","28.945","50.835","20.7","BUSHEHR, IR","    0",",,S",,,"  104",",,S","  182","H,,S"
"IRM00040858","2020-01-09","28.945","50.835","20.7","BUSHEHR, IR","    5",",,S","  212",",,S","  134",",,S","  173","H,,S"
"IRM00040858","2020-01-10","28.945","50.835","20.7","BUSHEHR, IR","  424",",,S","  210",",,S","  134",",,S","  181","H,,S"
"IRM00040858","2020-01-11","28.945","50.835","20.7","BUSHEHR, IR","    0",",,S",,,,,"  146","H,,S"
"IRM00040858","2020-01-12","28.945","50.835","20.7","BUSHEHR, IR","   64",",,S","  174",",,S","  105",",,S","  140","H,,S"
"IRM00040858","2020-01-13","28.945","50.835","20.7","BUSHEHR, IR","    0",",,S","  172",",,S","  118",",,S","  148","H,,S"
"IRM00040858","2020-01-14","28.945","50.835","20.7","BUSHEHR, IR","    5",",,S",,,"  100",",,S","  135","H,,S"
"IRM00040858","2020-01-15","28.945","50.835","20.7","BUSHEHR, IR","   15",",,S","  186",",,S",,,"  138","H,,S"
"IRM00040858","2020-01-16","28.945","50.835","20.7","BUSHEHR, IR","    0",",,S",,,,,"  138","H,,S"
"IRM00040858","2020-01-17","28.945","50.835","20.7","BUSHEHR, IR","    0",",,S","  214",",,S","   88",",,S","  164","H,,S"
"IRM00040858","2020-01-18","28.945","50.835","20.7","BUSHEHR, IR","    0",",,S","  220",",,S","  162",",,S","  192","H,,S"
"IRM00040858","2020-01-19","28.945","50.835","20.7","BUSHEHR, IR","    0",",,S",,,"  156",",,S","  187","H,,S"
"IRM00040858","2020-01-20","28.945","50.835","20.7","BUSHEHR, IR","  109",",,S","  190",",,S","  116",",,S","  166","H,,S"
"IRM00040858","2020-01-21","28.945","50.835","20.7","BUSHEHR, IR","    0",",,S","  200",",,S",,,"  159","H,,S"
"IRM00040858","2020-01-22","28.945","50.835","20.7","BUSHEHR, IR","    0",",,S","  200",",,S","  130",",,S","  168","H,,S"
"IRM00040858","2020-01-23","28.945","50.835","20.7","BUSHEHR, IR","   25",",,S","  176",",,S",,,"  149","H,,S"
"IRM00040858","2020-01-24","28.945","50.835","20.7","BUSHEHR, IR","    0",",,S","  170",",,S",,,"  137","H,,S"
"IRM00040858","2020-01-25","28.945","50.835","20.7","BUSHEHR, IR","    0",",,S","  196",",,S",,,"  152","H,,S"
"IRM00040858","2020-01-26","28.945","50.835","20.7","BUSHEHR, IR","    0",",,S","  160",",,S","  112",",,S","  142","H,,S"
"IRM00040858","2020-01-27","28.945","50.835","20.7","BUSHEHR, IR","    0",",,S","  160",",,S",,,"  133","H,,S"
"IRM00040858","2020-01-28","28.945","50.835","20.7","BUSHEHR, IR","    0",",,S","  172",",,S",,,"  141","H,,S"
"IRM00040858","2020-01-29","28.945","50.835","20.7","BUSHEHR, IR","    0",",,S","  202",",,S","   84",",,S","  156","H,,S"
"IRM00040858","2020-01-30","28.945","50.835","20.7","BUSHEHR, IR","    0",",,S","  220",",,S","  130",",,S","  174","H,,S"
"IRM00040858","2020-01-31","28.945","50.835","20.7","BUSHEHR, IR","    0",",,S","  201",",,S","   98",",,S","  159","H,,S"
"IRM00040858","2020-02-01","28.945","50.835","20.7","BUSHEHR, IR","    0",",,S","  214",",,S","   94",",,S","  160","H,,S"
"IRM00040858","2020-02-02","28.945","50.835","20.7","BUSHEHR, IR","    5",",,S","  173",",,S","  130",",,S","  161","H,,S"
"IRM00040858","2020-02-03","28.945","50.835","20.7","BUSHEHR, IR","    0",",,S","  176",",,S","  115",",,S","  146","H,,S"
"IRM00040858","2020-02-04","28.945","50.835","20.7","BUSHEHR, IR","    0",",,S","  174",",,S",,,"  140","H,,S"
"IRM00040858","2020-02-05","28.945","50.835","20.7","BUSHEHR, IR","    0",",,S","  194",",,S",,,"  151","H,,S"
"IRM00040858","2020-02-06","28.945","50.835","20.7","BUSHEHR, IR","    0",",,S","  212",",,S",,,"  164","H,,S"
"IRM00040858","2020-02-07","28.945","50.835","20.7","BUSHEHR, IR","    0",",,S","  260",",,S","   90",",,S","  201","H,,S"
"IRM00040858","2020-02-08","28.945","50.835","20.7","BUSHEHR, IR","    0",",,S","  270",",,S","  184",",,S","  223","H,,S"
"IRM00040858","2020-02-09","28.945","50.835","20.7","BUSHEHR, IR","    0",",,S",,,"  160",",,S","  187","H,,S"
"IRM00040858","2020-02-10","28.945","50.835","20.7","BUSHEHR, IR","    0",",,S","  200",",,S",,,"  161","H,,S"
"IRM00040858","2020-02-11","28.945","50.835","20.7","BUSHEHR, IR","    0",",,S","  130",",,S",,,"  112","H,,S"
"IRM00040858","2020-02-12","28.945","50.835","20.7","BUSHEHR, IR","    0",",,S",,,,,"   96","H,,S"
"IRM00040858","2020-02-13","28.945","50.835","20.7","BUSHEHR, IR","    0",",,S","  160",",,S","   58",",,S","  123","H,,S"
"IRM00040858","2020-02-14","28.945","50.835","20.7","BUSHEHR, IR","    0",",,S","  194",",,S","   80",",,S","  141","H,,S"
"IRM00040858","2020-02-15","28.945","50.835","20.7","BUSHEHR, IR","    0",",,S","  200",",,S","  108",",,S","  154","H,,S"
"IRM00040858","2020-02-16","28.945","50.835","20.7","BUSHEHR, IR","    0",",,S","  230",",,S","  100",",,S","  174","H,,S"
"IRM00040858","2020-02-17","28.945","50.835","20.7","BUSHEHR, IR","    0",",,S","  252",",,S",,,"  199","H,,S"
"IRM00040858","2020-02-18","28.945","50.835","20.7","BUSHEHR, IR","    0",",,S",,,,,"  207","H,,S"
"IRM00040858","2020-02-19","28.945","50.835","20.7","BUSHEHR, IR","    0",",,S","  296",",,S",,,"  221","H,,S"
"IRM00040858","2020-02-20","28.945","50.835","20.7","BUSHEHR, IR","    0",",,S","  280",",,S",,,"  201","H,,S"
"IRM00040858","2020-02-21","28.945","50.835","20.7","BUSHEHR, IR","   23",",,S","  200",",,S","  140",",,S","  173","H,,S"
"IRM00040858","2020-02-22","28.945","50.835","20.7","BUSHEHR, IR","    0",",,S","  216",",,S","  120",",,S","  179","H,,S"
"IRM00040858","2020-02-23","28.945","50.835","20.7","BUSHEHR, IR","    0",",,S","  274",",,S","  136",",,S","  212","H,,S"
"IRM00040858","2020-02-24","28.945","50.835","20.7","BUSHEHR, IR","    0",",,S","  268",",,S","  154",",,S","  219","H,,S"
"IRM00040858","2020-02-25","28.945","50.835","20.7","BUSHEHR, IR","    0",",,S","  320",",,S","  170",",,S","  259","H,,S"
"IRM00040858","2020-02-26","28.945","50.835","20.7","BUSHEHR, IR","   28",",,S","  204",",,S","  167",",,S","  187","H,,S"
"IRM00040858","2020-02-27","28.945","50.835","20.7","BUSHEHR, IR","    0",",,S",,,"  140",",,S","  179","H,,S"
"IRM00040858","2020-02-28","28.945","50.835","20.7","BUSHEHR, IR","    0",",,S","  202",",,S","  150",",,S","  184","H,,S"
"IRM00040858","2020-02-29","28.945","50.835","20.7","BUSHEHR, IR","    0",",,S","  224",",,S","  120",",,S","  185","H,,S"
"IRM00040858","2020-03-01","28.945","50.835","20.7","BUSHEHR, IR","    0",",,S","  250",",,S","  140",",,S","  205","H,,S"
"IRM00040858","2020-03-02","28.945","50.835","20.7","BUSHEHR, IR","    0",",,S","  210",",,S","  160",",,S","  191","H,,S"
"IRM00040858","2020-03-03","28.945","50.835","20.7","BUSHEHR, IR","    0",",,S","  210",",,S","  164",",,S","  188","H,,S"
"IRM00040858","2020-03-04","28.945","50.835","20.7","BUSHEHR, IR","    0",",,S","  210",",,S",,,"  176","H,,S"
"IRM00040858","2020-03-05","28.945","50.835","20.7","BUSHEHR, IR","    0",",,S","  214",",,S","  130",",,S","  177","H,,S"
"IRM00040858","2020-03-06","28.945","50.835","20.7","BUSHEHR, IR","    0",",,S","  240",",,S","  106",",,S","  185","H,,S"
"IRM00040858","2020-03-07","28.945","50.835","20.7","BUSHEHR, IR","    0",",,S","  274",",,S","  128",",,S","  215","H,,S"
"IRM00040858","2020-03-08","28.945","50.835","20.7","BUSHEHR, IR","    0",",,S","  224",",,S",,,"  193","H,,S"
"IRM00040858","2020-03-09","28.945","50.835","20.7","BUSHEHR, IR","    0",",,S","  228",",,S","  146",",,S","  188","H,,S"
"IRM00040858","2020-03-10","28.945","50.835","20.7","BUSHEHR, IR","    0",",,S","  260",",,S","  120",",,S","  194","H,,S"
"IRM00040858","2020-03-11","28.945","50.835","20.7","BUSHEHR, IR","    0",",,S","  230",",,S",,,"  189","H,,S"
"IRM00040858","2020-03-12","28.945","50.835","20.7","BUSHEHR, IR","    0",",,S","  234",",,S","  124",",,S","  191","H,,S"
"IRM00040858","2020-03-13","28.945","50.835","20.7","BUSHEHR, IR",,,"  254",",,S","  130",",,S","  198","H,,S"
"IRM00040858","2020-03-14","28.945","50.835","20.7","BUSHEHR, IR",,,"  310",",,S","  180",",,S","  217","H,,S"
"IRM00040858","2020-03-15","28.945","50.835","20.7","BUSHEHR, IR","   15",",,S","  304",",,S","  188",",,S","  246","H,,S"
"IRM00040858","2020-03-16","28.945","50.835","20.7","BUSHEHR, IR","    0",",,S","  260",",,S","  184",",,S","  222","H,,S"
"IRM00040858","2020-03-17","28.945","50.835","20.7","BUSHEHR, IR","    0",",,S",,,"  180",",,S","  216","H,,S"
"IRM00040858","2020-03-18","28.945","50.835","20.7","BUSHEHR, IR","    0",",,S","  282",",,S","  190",",,S","  239","H,,S"
"IRM00040858","2020-03-19","28.945","50.835","20.7","BUSHEHR, IR","   81",",,S","  260",",,S","  160",",,S","  216","H,,S"
"IRM00040858","2020-03-20","28.945","50.835","20.7","BUSHEHR, IR","    0",",,S",,,"  170",",,S","  224","H,,S"
"IRM00040858","2020-03-21","28.945","50.835","20.7","BUSHEHR, IR","    0",",,S",,,"  170",",,S","  222","H,,S"
"IRM00040858","2020-03-22","28.945","50.835","20.7","BUSHEHR, IR","  226",",,S","  232",",,S",,,"  188","H,,S"
"IRM00040858","2020-03-23","28.945","50.835","20.7","BUSHEHR, IR","    0",",,S","  190",",,S","  144",",,S","  175","H,,S"
"IRM00040858","2020-03-24","28.945","50.835","20.7","BUSHEHR, IR","    0",",,S","  212",",,S","  130",",,S","  179","H,,S"
"IRM00040858","2020-03-25","28.945","50.835","20.7","BUSHEHR, IR","    0",",,S","  220",",,S","  140",",,S","  194","H,,S"
"IRM00040858","2020-03-26","28.945","50.835","20.7","BUSHEHR, IR","    0",",,S","  250",",,S","  146",",,S","  211","H,,S"
"IRM00040858","2020-03-27","28.945","50.835","20.7","BUSHEHR, IR","    0",",,S","  300",",,S","  176",",,S","  239","H,,S"
"IRM00040858","2020-03-28","28.945","50.835","20.7","BUSHEHR, IR","    0",",,S",,,,,"  248","H,,S"
"IRM00040858","2020-03-29","28.945","50.835","20.7","BUSHEHR, IR","   15",",,S","  252",",,S","  202",",,S","  231","H,,S"
"IRM00040858","2020-03-30","28.945","50.835","20.7","BUSHEHR, IR","    0",",,S","  252",",,S","  180",",,S","  216","H,,S"
"IRM00040858","2020-03-31","28.945","50.835","20.7","BUSHEHR, IR","    0",",,S","  250",",,S","  174",",,S","  220","H,,S"
"IRM00040858","2020-04-01","28.945","50.835","20.7","BUSHEHR, IR","    0",",,S",,,"  150",",,S","  231","H,,S"
"IRM00040858","2020-04-02","28.945","50.835","20.7","BUSHEHR, IR","    0",",,S","  310",",,S","  220",",,S","  268","H,,S"
"IRM00040858","2020-04-03","28.945","50.835","20.7","BUSHEHR, IR","    0",",,S","  288",",,S","  200",",,S","  244","H,,S"
"IRM00040858","2020-04-04","28.945","50.835","20.7","BUSHEHR, IR","    0",",,S","  274",",,S","  214",",,S","  244","H,,S"
"IRM00040858","2020-04-05","28.945","50.835","20.7","BUSHEHR, IR","    0",",,S","  274",",,S","  210",",,S","  247","H,,S"
"IRM00040858","2020-04-06","28.945","50.835","20.7","BUSHEHR, IR","    0",",,S","  280",",,S","  194",",,S","  234","H,,S"
"IRM00040858","2020-04-07","28.945","50.835","20.7","BUSHEHR, IR","    0",",,S","  350",",,S","  190",",,S","  269","H,,S"
"IRM00040858","2020-04-08","28.945","50.835","20.7","BUSHEHR, IR","   13",",,S","  364",",,S","  220",",,S","  297","H,,S"
"IRM00040858","2020-04-09","28.945","50.835","20.7","BUSHEHR, IR","    0",",,S","  390",",,S","  230",",,S","  315","H,,S"
"IRM00040858","2020-04-10","28.945","50.835","20.7","BUSHEHR, IR","    3",",,S","  344",",,S","  250",",,S","  296","H,,S"
"IRM00040858","2020-04-11","28.945","50.835","20.7","BUSHEHR, IR","    0",",,S",,,,,"  262","H,,S"
"IRM00040858","2020-04-12","28.945","50.835","20.7","BUSHEHR, IR","    0",",,S","  280",",,S",,,"  248","H,,S"
"IRM00040858","2020-04-13","28.945","50.835","20.7","BUSHEHR, IR","    0",",,S",,,,,"  238","H,,S"
"IRM00040858","2020-04-14","28.945","50.835","20.7","BUSHEHR, IR","    0",",,S","  270",",,S","  170",",,S","  236","H,,S"
"IRM00040858","2020-04-15","28.945","50.835","20.7","BUSHEHR, IR","    0",",,S","  262",",,S",,,"  227","H,,S"
"IRM00040858","2020-04-16","28.945","50.835","20.7","BUSHEHR, IR","    0",",,S",,,"  190",",,S","  231","H,,S"
"IRM00040858","2020-04-17","28.945","50.835","20.7","BUSHEHR, IR","    0",",,S",,,"  160",",,S","  234","H,,S"
"IRM00040858","2020-04-18","28.945","50.835","20.7","BUSHEHR, IR","    0",",,S","  284",",,S","  180",",,S","  237","H,,S"
"IRM00040858","2020-04-19","28.945","50.835","20.7","BUSHEHR, IR","    0",",,S",,,"  206",",,S","  257","H,,S"
"IRM00040858","2020-04-20","28.945","50.835","20.7","BUSHEHR, IR","    0",",,S","  280",",,S","  210",",,S","  238","H,,S"
"IRM00040858","2020-04-21","28.945","50.835","20.7","BUSHEHR, IR","    0",",,S",,,"  196",",,S","  246","H,,S"
"IRM00040858","2020-04-22","28.945","50.835","20.7","BUSHEHR, IR","    0",",,S","  280",",,S","  214",",,S","  248","H,,S"
"IRM00040858","2020-04-23","28.945","50.835","20.7","BUSHEHR, IR","    0",",,S","  302",",,S","  192",",,S","  257","H,,S"
"IRM00040858","2020-04-24","28.945","50.835","20.7","BUSHEHR, IR","    0",",,S","  348",",,S","  220",",,S","  284","H,,S"
"IRM00040858","2020-04-25","28.945","50.835","20.7","BUSHEHR, IR","    0",",,S","  380",",,S","  214",",,S","  323","H,,S"
"IRM00040858","2020-04-26","28.945","50.835","20.7","BUSHEHR, IR","    0",",,S","  392",",,S",,,"  318","H,,S"
"IRM00040858","2020-04-27","28.945","50.835","20.7","BUSHEHR, IR","    0",",,S","  300",",,S",,,"  267","H,,S"
"IRM00040858","2020-04-28","28.945","50.835","20.7","BUSHEHR, IR","    0",",,S","  300",",,S","  212",",,S","  264","H,,S"
"IRM00040858","2020-04-29","28.945","50.835","20.7","BUSHEHR, IR","    0",",,S","  375",",,S","  230",",,S","  303","H,,S"
"IRM00040858","2020-04-30","28.945","50.835","20.7","BUSHEHR, IR",,,"  330",",,S","  236",",,S","  280","H,,S"
"IRM00040858","2020-05-01","28.945","50.835","20.7","BUSHEHR, IR","    0",",,S",,,"  234",",,S","  279","H,,S"
"IRM00040858","2020-05-02","28.945","50.835","20.7","BUSHEHR, IR","    0",",,S","  354",",,S","  230",",,S","  293","H,,S"
"IRM00040858","2020-05-03","28.945","50.835","20.7","BUSHEHR, IR","    5",",,S",,,"  246",",,S","  282","H,,S"
"IRM00040858","2020-05-04","28.945","50.835","20.7","BUSHEHR, IR","    0",",,S","  326",",,S","  242",",,S","  287","H,,S"
"IRM00040858","2020-05-05","28.945","50.835","20.7","BUSHEHR, IR","    0",",,S","  320",",,S","  204",",,S","  284","H,,S"
"IRM00040858","2020-05-06","28.945","50.835","20.7","BUSHEHR, IR","    0",",,S","  350",",,S","  274",",,S","  308","H,,S"
"IRM00040858","2020-05-07","28.945","50.835","20.7","BUSHEHR, IR","    0",",,S","  310",",,S","  258",",,S","  280","H,,S"
"IRM00040858","2020-05-08","28.945","50.835","20.7","BUSHEHR, IR","    0",",,S","  314",",,S","  246",",,S","  278","H,,S"
"IRM00040858","2020-05-09","28.945","50.835","20.7","BUSHEHR, IR","    0",",,S",,,"  210",",,S","  278","H,,S"
"IRM00040858","2020-05-10","28.945","50.835","20.7","BUSHEHR, IR","    0",",,S","  382",",,S","  276",",,S","  313","H,,S"
"IRM00040858","2020-05-11","28.945","50.835","20.7","BUSHEHR, IR","    0",",,S","  318",",,S",,,"  282","H,,S"
"IRM00040858","2020-05-12","28.945","50.835","20.7","BUSHEHR, IR","    0",",,S","  308",",,S","  242",",,S","  283","H,,S"
"IRM00040858","2020-05-13","28.945","50.835","20.7","BUSHEHR, IR","    0",",,S","  294",",,S",,,"  276","H,,S"
"IRM00040858","2020-05-14","28.945","50.835","20.7","BUSHEHR, IR","    0",",,S","  310",",,S","  218",",,S","  268","H,,S"
"IRM00040858","2020-05-15","28.945","50.835","20.7","BUSHEHR, IR","    0",",,S",,,"  200",",,S","  278","H,,S"
"IRM00040858","2020-05-16","28.945","50.835","20.7","BUSHEHR, IR","    0",",,S","  330",",,S","  214",",,S","  287","H,,S"
"IRM00040858","2020-05-17","28.945","50.835","20.7","BUSHEHR, IR","    0",",,S","  342",",,S","  244",",,S","  301","H,,S"
"IRM00040858","2020-05-18","28.945","50.835","20.7","BUSHEHR, IR","    0",",,S","  340",",,S","  254",",,S","  302","H,,S"
"IRM00040858","2020-05-19","28.945","50.835","20.7","BUSHEHR, IR","    0",",,S",,,"  222",",,S","  298","H,,S"
"IRM00040858","2020-05-20","28.945","50.835","20.7","BUSHEHR, IR","    0",",,S","  368",",,S","  270",",,S","  312","H,,S"
"IRM00040858","2020-05-21","28.945","50.835","20.7","BUSHEHR, IR","    0",",,S","  360",",,S","  234",",,S","  306","H,,S"
"IRM00040858","2020-05-22","28.945","50.835","20.7","BUSHEHR, IR","    0",",,S","  344",",,S","  234",",,S","  307","H,,S"
"IRM00040858","2020-05-23","28.945","50.835","20.7","BUSHEHR, IR","    0",",,S","  352",",,S","  262",",,S","  309","H,,S"
"IRM00040858","2020-05-24","28.945","50.835","20.7","BUSHEHR, IR","    0",",,S","  380",",,S","  246",",,S","  319","H,,S"
"IRM00040858","2020-05-25","28.945","50.835","20.7","BUSHEHR, IR","    0",",,S","  390",",,S","  240",",,S","  312","H,,S"
"IRM00040858","2020-05-26","28.945","50.835","20.7","BUSHEHR, IR","    0",",,S","  332",",,S","  260",",,S","  307","H,,S"
"IRM00040858","2020-05-27","28.945","50.835","20.7","BUSHEHR, IR","    0",",,S","  344",",,S","  260",",,S","  314","H,,S"
"IRM00040858","2020-05-28","28.945","50.835","20.7","BUSHEHR, IR","    0",",,S","  372",",,S","  264",",,S","  325","H,,S"
"IRM00040858","2020-05-29","28.945","50.835","20.7","BUSHEHR, IR","    0",",,S","  364",",,S","  264",",,S","  322","H,,S"
"IRM00040858","2020-05-30","28.945","50.835","20.7","BUSHEHR, IR","    0",",,S","  370",",,S","  270",",,S","  326","H,,S"
"IRM00040858","2020-05-31","28.945","50.835","20.7","BUSHEHR, IR","    0",",,S",,,,,"  329","H,,S"
"IRM00040858","2020-06-01","28.945","50.835","20.7","BUSHEHR, IR","    0",",,S","  356",",,S","  278",",,S","  318","H,,S"
"IRM00040858","2020-06-02","28.945","50.835","20.7","BUSHEHR, IR","    0",",,S","  350",",,S","  268",",,S","  323","H,,S"
"IRM00040858","2020-06-03","28.945","50.835","20.7","BUSHEHR, IR","    0",",,S","  380",",,S","  256",",,S","  337","H,,S"
"IRM00040858","2020-06-04","28.945","50.835","20.7","BUSHEHR, IR","    0",",,S",,,"  304",",,S","  350","H,,S"
"IRM00040858","2020-06-05","28.945","50.835","20.7","BUSHEHR, IR","    0",",,S","  362",",,S","  316",",,S","  337","H,,S"
"IRM00040858","2020-06-06","28.945","50.835","20.7","BUSHEHR, IR","    0",",,S","  370",",,S",,,"  337","H,,S"
"IRM00040858","2020-06-07","28.945","50.835","20.7","BUSHEHR, IR","    0",",,S","  346",",,S","  300",",,S","  322","H,,S"
"IRM00040858","2020-06-08","28.945","50.835","20.7","BUSHEHR, IR","    0",",,S",,,"  284",",,S","  316","H,,S"
"IRM00040858","2020-06-09","28.945","50.835","20.7","BUSHEHR, IR","    0",",,S","  354",",,S","  240",",,S","  316","H,,S"
"IRM00040858","2020-06-10","28.945","50.835","20.7","BUSHEHR, IR","    0",",,S","  412",",,S","  260",",,S","  334","H,,S"
"IRM00040858","2020-06-11","28.945","50.835","20.7","BUSHEHR, IR","    0",",,S","  374",",,S","  256",",,S","  327","H,,S"
"IRM00040858","2020-06-12","28.945","50.835","20.7","BUSHEHR, IR","    0",",,S","  372",",,S","  250",",,S","  336","H,,S"
"IRM00040858","2020-06-13","28.945","50.835","20.7","BUSHEHR, IR","    0",",,S","  360",",,S","  310",",,S","  329","H,,S"
"IRM00040858","2020-06-14","28.945","50.835","20.7","BUSHEHR, IR","    0",",,S","  350",",,S",,,"  327","H,,S"
"IRM00040858","2020-06-15","28.945","50.835","20.7","BUSHEHR, IR","    0",",,S","  350",",,S",,,"  322","H,,S"
"IRM00040858","2020-06-16","28.945","50.835","20.7","BUSHEHR, IR","    0",",,S","  370",",,S","  270",",,S","  331","H,,S"
"IRM00040858","2020-06-17","28.945","50.835","20.7","BUSHEHR, IR","    0",",,S","  370",",,S",,,"  336","H,,S"
"IRM00040858","2020-06-18","28.945","50.835","20.7","BUSHEHR, IR","    0",",,S","  340",",,S",,,"  317","H,,S"
"IRM00040858","2020-06-19","28.945","50.835","20.7","BUSHEHR, IR","    0",",,S","  340",",,S","  276",",,S","  312","H,,S"
"IRM00040858","2020-06-20","28.945","50.835","20.7","BUSHEHR, IR","    0",",,S","  360",",,S","  240",",,S","  318","H,,S"
"IRM00040858","2020-06-21","28.945","50.835","20.7","BUSHEHR, IR","    0",",,S","  364",",,S","  290",",,S","  321","H,,S"
"IRM00040858","2020-06-22","28.945","50.835","20.7","BUSHEHR, IR","    0",",,S","  352",",,S","  300",",,S","  322","H,,S"
"IRM00040858","2020-06-23","28.945","50.835","20.7","BUSHEHR, IR","    0",",,S","  344",",,S",,,"  310","H,,S"
"IRM00040858","2020-06-24","28.945","50.835","20.7","BUSHEHR, IR","    0",",,S","  370",",,S","  250",",,S","  317","H,,S"
"IRM00040858","2020-06-25","28.945","50.835","20.7","BUSHEHR, IR","    0",",,S","  360",",,S","  270",",,S","  327","H,,S"
"IRM00040858","2020-06-26","28.945","50.835","20.7","BUSHEHR, IR","    0",",,S","  360",",,S","  310",",,S","  336","H,,S"
"IRM00040858","2020-06-27","28.945","50.835","20.7","BUSHEHR, IR","    0",",,S",,,"  300",",,S","  333","H,,S"
"IRM00040858","2020-06-28","28.945","50.835","20.7","BUSHEHR, IR","    0",",,S","  360",",,S","  270",",,S","  325","H,,S"
"IRM00040858","2020-06-29","28.945","50.835","20.7","BUSHEHR, IR","    0",",,S","  382",",,S","  278",",,S","  332","H,,S"
"IRM00040858","2020-06-30","28.945","50.835","20.7","BUSHEHR, IR","    0",",,S","  378",",,S","  266",",,S","  332","H,,S"
"IRM00040858","2020-07-01","28.945","50.835","20.7","BUSHEHR, IR","    0",",,S","  390",",,S","  260",",,S","  335","H,,S"
"IRM00040858","2020-07-02","28.945","50.835","20.7","BUSHEHR, IR","    0",",,S","  393",",,S","  270",",,S","  329","H,,S"
"IRM00040858","2020-07-03","28.945","50.835","20.7","BUSHEHR, IR","    0",",,S","  370",",,S","  266",",,S","  344","H,,S"
"IRM00040858","2020-07-04","28.945","50.835","20.7","BUSHEHR, IR","    0",",,S",,,"  300",",,S","  340","H,,S"
"IRM00040858","2020-07-05","28.945","50.835","20.7","BUSHEHR, IR","    0",",,S","  370",",,S","  280",",,S","  337","H,,S"
"IRM00040858","2020-07-06","28.945","50.835","20.7","BUSHEHR, IR","    0",",,S",,,"  280",",,S","  339","H,,S"
"IRM00040858","2020-07-07","28.945","50.835","20.7","BUSHEHR, IR","    0",",,S","  393",",,S","  280",",,S","  342","H,,S"
"IRM00040858","2020-07-08","28.945","50.835","20.7","BUSHEHR, IR","    0",",,S","  420",",,S","  270",",,S","  347","H,,S"
"IRM00040858","2020-07-09","28.945","50.835","20.7","BUSHEHR, IR","    0",",,S",,,"  280",",,S","  348","H,,S"
"IRM00040858","2020-07-10","28.945","50.835","20.7","BUSHEHR, IR","    0",",,S","  386",",,S","  270",",,S","  335","H,,S"
"IRM00040858","2020-07-11","28.945","50.835","20.7","BUSHEHR, IR","    0",",,S","  400",",,S","  296",",,S","  351","H,,S"
"IRM00040858","2020-07-12","28.945","50.835","20.7","BUSHEHR, IR","    0",",,S","  390",",,S","  304",",,S","  349","H,,S"
"IRM00040858","2020-07-13","28.945","50.835","20.7","BUSHEHR, IR","    0",",,S","  390",",,S","  290",",,S","  359","H,,S"
"IRM00040858","2020-07-14","28.945","50.835","20.7","BUSHEHR, IR","    0",",,S","  404",",,S","  296",",,S","  362","H,,S"
"IRM00040858","2020-07-15","28.945","50.835","20.7","BUSHEHR, IR","    0",",,S","  416",",,S","  345",",,S","  377","H,,S"
"IRM00040858","2020-07-16","28.945","50.835","20.7","BUSHEHR, IR","    0",",,S","  394",",,S",,,"  358","H,,S"
"IRM00040858","2020-07-17","28.945","50.835","20.7","BUSHEHR, IR","    0",",,S","  394",",,S","  302",",,S","  348","H,,S"
"IRM00040858","2020-07-18","28.945","50.835","20.7","BUSHEHR, IR","    0",",,S",,,"  296",",,S","  346","H,,S"
"IRM00040858","2020-07-19","28.945","50.835","20.7","BUSHEHR, IR","    0",",,S","  400",",,S","  312",",,S","  356","H,,S"
"IRM00040858","2020-07-20","28.945","50.835","20.7","BUSHEHR, IR","    0",",,S","  392",",,S","  306",",,S","  355","H,,S"
"IRM00040858","2020-07-21","28.945","50.835","20.7","BUSHEHR, IR","    0",",,S",,,"  310",",,S","  361","H,,S"
"IRM00040858","2020-07-22","28.945","50.835","20.7","BUSHEHR, IR","    0",",,S","  422",",,S","  330",",,S","  371","H,,S"
"IRM00040858","2020-07-23","28.945","50.835","20.7","BUSHEHR, IR","    0",",,S","  390",",,S","  316",",,S","  353","H,,S"
"IRM00040858","2020-07-24","28.945","50.835","20.7","BUSHEHR, IR","    0",",,S","  380",",,S","  320",",,S","  353","H,,S"
"IRM00040858","2020-07-25","28.945","50.835","20.7","BUSHEHR, IR","    0",",,S",,,"  320",",,S","  361","H,,S"
"IRM00040858","2020-07-26","28.945","50.835","20.7","BUSHEHR, IR","   10",",,S","  392",",,S","  318",",,S","  356","H,,S"
"IRM00040858","2020-07-27","28.945","50.835","20.7","BUSHEHR, IR","    0",",,S","  396",",,S","  322",",,S","  368","H,,S"
"IRM00040858","2020-07-28","28.945","50.835","20.7","BUSHEHR, IR","    0",",,S","  390",",,S",,,"  364","H,,S"
"IRM00040858","2020-07-29","28.945","50.835","20.7","BUSHEHR, IR","    0",",,S",,,"  320",",,S","  362","H,,S"
"IRM00040858","2020-07-30","28.945","50.835","20.7","BUSHEHR, IR","    0",",,S","  398",",,S",,,"  367","H,,S"
"IRM00040858","2020-07-31","28.945","50.835","20.7","BUSHEHR, IR","    0",",,S","  392",",,S","  322",",,S","  362","H,,S"
"IRM00040858","2020-08-01","28.945","50.835","20.7","BUSHEHR, IR","    0",",,S","  404",",,S",,,"  360","H,,S"
"IRM00040858","2020-08-02","28.945","50.835","20.7","BUSHEHR, IR","    0",",,S","  400",",,S",,,"  356","H,,S"
"IRM00040858","2020-08-03","28.945","50.835","20.7","BUSHEHR, IR","    0",",,S","  416",",,S","  336",",,S","  376","H,,S"
"IRM00040858","2020-08-04","28.945","50.835","20.7","BUSHEHR, IR","    0",",,S",,,,,"  369","H,,S"
"IRM00040858","2020-08-05","28.945","50.835","20.7","BUSHEHR, IR","    0",",,S","  396",",,S","  320",",,S","  369","H,,S"
"IRM00040858","2020-08-06","28.945","50.835","20.7","BUSHEHR, IR","    0",",,S","  404",",,S","  346",",,S","  367","H,,S"
"IRM00040858","2020-08-07","28.945","50.835","20.7","BUSHEHR, IR","    0",",,S","  382",",,S",,,"  348","H,,S"
"IRM00040858","2020-08-08","28.945","50.835","20.7","BUSHEHR, IR","    0",",,S","  410",",,S","  288",",,S","  354","H,,S"
"IRM00040858","2020-08-09","28.945","50.835","20.7","BUSHEHR, IR","    0",",,S","  400",",,S","  302",",,S","  348","H,,S"
"IRM00040858","2020-08-10","28.945","50.835","20.7","BUSHEHR, IR","    0",",,S",,,"  300",",,S","  363","H,,S"
"IRM00040858","2020-08-11","28.945","50.835","20.7","BUSHEHR, IR","    0",",,S","  376",",,S",,,"  351","H,,S"
"IRM00040858","2020-08-12","28.945","50.835","20.7","BUSHEHR, IR","    0",",,S","  380",",,S","  320",",,S","  348","H,,S"
"IRM00040858","2020-08-13","28.945","50.835","20.7","BUSHEHR, IR","    0",",,S","  370",",,S",,,"  343","H,,S"
"IRM00040858","2020-08-14","28.945","50.835","20.7","BUSHEHR, IR","    0",",,S","  374",",,S","  294",",,S","  341","H,,S"
"IRM00040858","2020-08-15","28.945","50.835","20.7","BUSHEHR, IR","    0",",,S","  372",",,S","  292",",,S","  342","H,,S"
"IRM00040858","2020-08-16","28.945","50.835","20.7","BUSHEHR, IR","    0",",,S","  370",",,S",,,"  342","H,,S"
"IRM00040858","2020-08-17","28.945","50.835","20.7","BUSHEHR, IR","    0",",,S","  380",",,S","  290",",,S","  339","H,,S"
"IRM00040858","2020-08-18","28.945","50.835","20.7","BUSHEHR, IR","    0",",,S","  370",",,S","  290",",,S","  334","H,,S"
"IRM00040858","2020-08-19","28.945","50.835","20.7","BUSHEHR, IR","    0",",,S","  380",",,S","  290",",,S","  332","H,,S"
"IRM00040858","2020-08-20","28.945","50.835","20.7","BUSHEHR, IR","    0",",,S","  372",",,S",,,"  338","H,,S"
"IRM00040858","2020-08-21","28.945","50.835","20.7","BUSHEHR, IR","    0",",,S","  376",",,S","  290",",,S","  333","H,,S"
"IRM00040858","2020-08-22","28.945","50.835","20.7","BUSHEHR, IR","    0",",,S",,,"  276",",,S","  326","H,,S"
"IRM00040858","2020-08-23","28.945","50.835","20.7","BUSHEHR, IR","    0",",,S","  384",",,S",,,"  331","H,,S"
"IRM00040858","2020-08-24","28.945","50.835","20.7","BUSHEHR, IR","    0",",,S","  390",",,S","  300",",,S","  348","H,,S"
"IRM00040858","2020-08-25","28.945","50.835","20.7","BUSHEHR, IR","    0",",,S",,,"  280",",,S","  336","H,,S"
"IRM00040858","2020-08-26","28.945","50.835","20.7","BUSHEHR, IR","    0",",,S","  372",",,S","  286",",,S","  328","H,,S"
"IRM00040858","2020-08-27","28.945","50.835","20.7","BUSHEHR, IR","    0",",,S","  372",",,S",,,"  327","H,,S"
"IRM00040858","2020-08-28","28.945","50.835","20.7","BUSHEHR, IR","    0",",,S","  380",",,S","  282",",,S","  337","H,,S"
"IRM00040858","2020-08-29","28.945","50.835","20.7","BUSHEHR, IR","    0",",,S","  380",",,S","  270",",,S","  331","H,,S"
"IRM00040858","2020-08-30","28.945","50.835","20.7","BUSHEHR, IR","    0",",,S","  398",",,S","  288",",,S","  348","H,,S"
"IRM00040858","2020-08-31","28.945","50.835","20.7","BUSHEHR, IR","    0",",,S","  441",",,S",,,"  357","H,,S"
"IRM00040858","2020-09-01","28.945","50.835","20.7","BUSHEHR, IR","    0",",,S","  394",",,S",,,"  335","H,,S"
"IRM00040858","2020-09-02","28.945","50.835","20.7","BUSHEHR, IR","    0",",,S",,,"  280",",,S","  330","H,,S"
"IRM00040858","2020-09-03","28.945","50.835","20.7","BUSHEHR, IR","    0",",,S","  380",",,S","  282",",,S","  331","H,,S"
"IRM00040858","2020-09-04","28.945","50.835","20.7","BUSHEHR, IR","    0",",,S","  388",",,S","  294",",,S","  334","H,,S"
"IRM00040858","2020-09-05","28.945","50.835","20.7","BUSHEHR, IR","    0",",,S","  376",",,S",,,"  331","H,,S"
"IRM00040858","2020-09-06","28.945","50.835","20.7","BUSHEHR, IR","    0",",,S","  374",",,S",,,"  324","H,,S"
"IRM00040858","2020-09-07","28.945","50.835","20.7","BUSHEHR, IR","    0",",,S",,,"  278",",,S","  329","H,,S"
"IRM00040858","2020-09-08","28.945","50.835","20.7","BUSHEHR, IR","    0",",,S","  384",",,S","  284",",,S","  337","H,,S"
"IRM00040858","2020-09-09","28.945","50.835","20.7","BUSHEHR, IR","    0",",,S",,,"  286",",,S","  336","H,,S"
"IRM00040858","2020-09-10","28.945","50.835","20.7","BUSHEHR, IR","    0",",,S","  386",",,S","  300",",,S","  335","H,,S"
"IRM00040858","2020-09-11","28.945","50.835","20.7","BUSHEHR, IR","    0",",,S","  380",",,S","  284",",,S","  338","H,,S"
"IRM00040858","2020-09-12","28.945","50.835","20.7","BUSHEHR, IR",,,,,"  300",",,S","  344","H,,S"
"IRM00040858","2020-09-13","28.945","50.835","20.7","BUSHEHR, IR","    0",",,S","  390",",,S","  288",",,S","  339","H,,S"
"IRM00040858","2020-09-14","28.945","50.835","20.7","BUSHEHR, IR",,,,,"  290",",,S","  354","H,,S"
"IRM00040858","2020-09-15","28.945","50.835","20.7","BUSHEHR, IR","    0",",,S","  380",",,S","  290",",,S","  339","H,,S"
"IRM00040858","2020-09-16","28.945","50.835","20.7","BUSHEHR, IR","    0",",,S","  380",",,S",,,"  336","H,,S"
"IRM00040858","2020-09-17","28.945","50.835","20.7","BUSHEHR, IR","    0",",,S","  370",",,S","  270",",,S","  332","H,,S"
"IRM00040858","2020-09-18","28.945","50.835","20.7","BUSHEHR, IR","    0",",,S","  383",",,S","  290",",,S","  338","H,,S"
"IRM00040858","2020-09-19","28.945","50.835","20.7","BUSHEHR, IR","    0",",,S","  374",",,S","  280",",,S","  327","H,,S"
"IRM00040858","2020-09-20","28.945","50.835","20.7","BUSHEHR, IR","    0",",,S","  380",",,S","  284",",,S","  336","H,,S"
"IRM00040858","2020-09-21","28.945","50.835","20.7","BUSHEHR, IR","    0",",,S","  374",",,S",,,"  334","H,,S"
"IRM00040858","2020-09-22","28.945","50.835","20.7","BUSHEHR, IR","    0",",,S","  372",",,S","  265",",,S","  332","H,,S"
"IRM00040858","2020-09-23","28.945","50.835","20.7","BUSHEHR, IR","    0",",,S","  396",",,S","  264",",,S","  339","H,,S"
"IRM00040858","2020-09-24","28.945","50.835","20.7","BUSHEHR, IR","    0",",,S","  384",",,S","  260",",,S","  335","H,,S"
"IRM00040858","2020-09-25","28.945","50.835","20.7","BUSHEHR, IR","    0",",,S","  370",",,S",,,"  326","H,,S"
"IRM00040858","2020-09-26","28.945","50.835","20.7","BUSHEHR, IR",,,"  364",",,S","  248",",,S","  317","H,,S"
"IRM00040858","2020-09-27","28.945","50.835","20.7","BUSHEHR, IR","    0",",,S","  370",",,S","  264",",,S","  322","H,,S"
"IRM00040858","2020-09-28","28.945","50.835","20.7","BUSHEHR, IR","    0",",,S","  362",",,S","  260",",,S","  317","H,,S"
"IRM00040858","2020-09-29","28.945","50.835","20.7","BUSHEHR, IR","    0",",,S","  370",",,S",,,"  329","H,,S"
"IRM00040858","2020-09-30","28.945","50.835","20.7","BUSHEHR, IR","    0",",,S","  392",",,S","  280",",,S","  334","H,,S"
"IRM00040858","2020-10-01","28.945","50.835","20.7","BUSHEHR, IR","    0",",,S","  370",",,S","  275",",,S","  323","H,,S"
"IRM00040858","2020-10-02","28.945","50.835","20.7","BUSHEHR, IR","    0",",,S","  350",",,S","  280",",,S","  318","H,,S"
"IRM00040858","2020-10-03","28.945","50.835","20.7","BUSHEHR, IR","    0",",,S","  360",",,S","  260",",,S","  318","H,,S"
"IRM00040858","2020-10-04","28.945","50.835","20.7","BUSHEHR, IR","    0",",,S","  360",",,S","  262",",,S","  313","H,,S"
"IRM00040858","2020-10-05","28.945","50.835","20.7","BUSHEHR, IR","    0",",,S","  366",",,S","  240",",,S","  316","H,,S"
"IRM00040858","2020-10-06","28.945","50.835","20.7","BUSHEHR, IR","    0",",,S","  356",",,S","  265",",,S","  316","H,,S"
"IRM00040858","2020-10-07","28.945","50.835","20.7","BUSHEHR, IR","    0",",,S","  344",",,S","  266",",,S","  308","H,,S"
"IRM00040858","2020-10-08","28.945","50.835","20.7","BUSHEHR, IR","    0",",,S","  350",",,S",,,"  321","H,,S"
"IRM00040858","2020-10-09","28.945","50.835","20.7","BUSHEHR, IR","    0",",,S","  350",",,S","  252",",,S","  314","H,,S"
"IRM00040858","2020-10-10","28.945","50.835","20.7","BUSHEHR, IR","    0",",,S","  340",",,S","  220",",,S","  291","H,,S"
"IRM00040858","2020-10-11","28.945","50.835","20.7","BUSHEHR, IR",,,"  344",",,S","  210",",,S","  292","H,,S"
"IRM00040858","2020-10-12","28.945","50.835","20.7","BUSHEHR, IR","    0",",,S",,,"  224",",,S","  291","H,,S"
"IRM00040858","2020-10-13","28.945","50.835","20.7","BUSHEHR, IR","    0",",,S","  344",",,S",,,"  299","H,,S"
"IRM00040858","2020-10-14","28.945","50.835","20.7","BUSHEHR, IR","    0",",,S","  332",",,S","  220",",,S","  291","H,,S"
"IRM00040858","2020-10-15","28.945","50.835","20.7","BUSHEHR, IR","    0",",,S",,,"  214",",,S","  288","H,,S"
"IRM00040858","2020-10-16","28.945","50.835","20.7","BUSHEHR, IR","    0",",,S","  332",",,S",,,"  286","H,,S"
"IRM00040858","2020-10-17","28.945","50.835","20.7","BUSHEHR, IR","    0",",,S","  330",",,S","  210",",,S","  279","H,,S"
"IRM00040858","2020-10-18","28.945","50.835","20.7","BUSHEHR, IR","    0",",,S","  336",",,S","  220",",,S","  280","H,,S"
"IRM00040858","2020-10-19","28.945","50.835","20.7","BUSHEHR, IR","    0",",,S","  324",",,S",,,"  268","H,,S"
"IRM00040858","2020-10-20","28.945","50.835","20.7","BUSHEHR, IR","    0",",,S","  330",",,S","  180",",,S","  258","H,,S"
"IRM00040858","2020-10-21","28.945","50.835","20.7","BUSHEHR, IR","    0",",,S",,,"  186",",,S","  268","H,,S"
"IRM00040858","2020-10-22","28.945","50.835","20.7","BUSHEHR, IR","    0",",,S","  320",",,S",,,"  269","H,,S"
"IRM00040858","2020-10-23","28.945","50.835","20.7","BUSHEHR, IR","    0",",,S","  324",",,S","  180",",,S","  267","H,,S"
"IRM00040858","2020-10-24","28.945","50.835","20.7","BUSHEHR, IR","    0",",,S","  320",",,S","  168",",,S","  258","H,,S"
"IRM00040858","2020-10-25","28.945","50.835","20.7","BUSHEHR, IR","    0",",,S","  322",",,S","  170",",,S","  261","H,,S"
"IRM00040858","2020-10-26","28.945","50.835","20.7","BUSHEHR, IR","    0",",,S","  314",",,S","  192",",,S","  272","H,,S"
"IRM00040858","2020-10-27","28.945","50.835","20.7","BUSHEHR, IR","    0",",,S","  320",",,S","  190",",,S","  264","H,,S"
"IRM00040858","2020-10-28","28.945","50.835","20.7","BUSHEHR, IR","    0",",,S","  312",",,S","  182",",,S","  263","H,,S"
"IRM00040858","2020-10-29","28.945","50.835","20.7","BUSHEHR, IR","    0",",,S","  316",",,S",,,"  262","H,,S"
"IRM00040858","2020-10-30","28.945","50.835","20.7","BUSHEHR, IR","    0",",,S","  314",",,S","  180",",,S","  256","H,,S"
"IRM00040858","2020-10-31","28.945","50.835","20.7","BUSHEHR, IR","    0",",,S","  316",",,S","  170",",,S","  259","H,,S"
"IRM00040858","2020-11-01","28.945","50.835","20.7","BUSHEHR, IR","    0",",,S",,,"  160",",,S","  252","H,,S"
"IRM00040858","2020-11-02","28.945","50.835","20.7","BUSHEHR, IR","    0",",,S","  312",",,S","  154",",,S","  246","H,,S"
"IRM00040858","2020-11-03","28.945","50.835","20.7","BUSHEHR, IR","    0",",,S","  300",",,S","  170",",,S","  247","H,,S"
"IRM00040858","2020-11-04","28.945","50.835","20.7","BUSHEHR, IR","    0",",,S","  300",",,S","  157",",,S","  247","H,,S"
"IRM00040858","2020-11-05","28.945","50.835","20.7","BUSHEHR, IR","    0",",,S","  316",",,S","  150",",,S","  243","H,,S"
"IRM00040858","2020-11-06","28.945","50.835","20.7","BUSHEHR, IR","    0",",,S","  320",",,S","  214",",,S","  264","H,,S"
"IRM00040858","2020-11-07","28.945","50.835","20.7","BUSHEHR, IR","    0",",,S","  334",",,S","  206",",,S","  267","H,,S"
"IRM00040858","2020-11-08","28.945","50.835","20.7","BUSHEHR, IR","    0",",,S","  324",",,S","  200",",,S","  267","H,,S"
"IRM00040858","2020-11-09","28.945","50.835","20.7","BUSHEHR, IR","    0",",,S","  310",",,S","  210",",,S","  267","H,,S"
"IRM00040858","2020-11-10","28.945","50.835","20.7","BUSHEHR, IR","    0",",,S","  340",",,S",,,"  264","H,,S"
"IRM00040858","2020-11-11","28.945","50.835","20.7","BUSHEHR, IR","    0",",,S","  270",",,S","  220",",,S","  257","H,,S"
"IRM00040858","2020-11-12","28.945","50.835","20.7","BUSHEHR, IR","    0",",,S","  302",",,S",,,"  259","H,,S"
"IRM00040858","2020-11-13","28.945","50.835","20.7","BUSHEHR, IR","  353",",,S","  260",",,S","  188",",,S","  218","H,,S"
"IRM00040858","2020-11-14","28.945","50.835","20.7","BUSHEHR, IR","   48",",,S","  264",",,S","  200",",,S","  231","H,,S"
"IRM00040858","2020-11-15","28.945","50.835","20.7","BUSHEHR, IR","    0",",,S","  270",",,S","  160",",,S","  228","H,,S"
"IRM00040858","2020-11-16","28.945","50.835","20.7","BUSHEHR, IR","   46",",,S","  220",",,S",,,"  208","H,,S"
"IRM00040858","2020-11-17","28.945","50.835","20.7","BUSHEHR, IR","   28",",,S","  270",",,S",,,"  237","H,,S"
"IRM00040858","2020-11-18","28.945","50.835","20.7","BUSHEHR, IR","    0",",,S",,,"  198",",,S","  223","H,,S"
"IRM00040858","2020-11-19","28.945","50.835","20.7","BUSHEHR, IR","    0",",,S",,,,,"  218","H,,S"
"IRM00040858","2020-11-20","28.945","50.835","20.7","BUSHEHR, IR","    0",",,S","  290",",,S","  150",",,S","  230","H,,S"
"IRM00040858","2020-11-21","28.945","50.835","20.7","BUSHEHR, IR","    0",",,S","  296",",,S","  210",",,S","  239","H,,S"
"IRM00040858","2020-11-22","28.945","50.835","20.7","BUSHEHR, IR","    0",",,S",,,,,"  247","H,,S"
"IRM00040858","2020-11-23","28.945","50.835","20.7","BUSHEHR, IR","    0",",,S","  226",",,S","  196",",,S","  209","H,,S"
"IRM00040858","2020-11-24","28.945","50.835","20.7","BUSHEHR, IR","    0",",,S","  230",",,S","  178",",,S","  203","H,,S"
"IRM00040858","2020-11-25","28.945","50.835","20.7","BUSHEHR, IR","    0",",,S","  246",",,S","  144",",,S","  206","H,,S"
"IRM00040858","2020-11-26","28.945","50.835","20.7","BUSHEHR, IR","    0",",,S","  288",",,S",,,"  239","H,,S"
"IRM00040858","2020-11-27","28.945","50.835","20.7","BUSHEHR, IR",,,"  234",",,S","  196",",,S","  218","H,,S"
"IRM00040858","2020-11-28","28.945","50.835","20.7","BUSHEHR, IR","  239","D,,S",,,,,"  187","H,,S"
"IRM00040858","2020-11-29","28.945","50.835","20.7","BUSHEHR, IR","  780","D,,S","  224",",,S",,,"  190","H,,S"
"IRM00040858","2020-11-30","28.945","50.835","20.7","BUSHEHR, IR","   61","D,,S","  240",",,S","  172",",,S","  208","H,,S"
"IRM00040858","2020-12-01","28.945","50.835","20.7","BUSHEHR, IR","    0","D,,S","  240",",,S","  190",",,S","  209","H,,S"
"IRM00040858","2020-12-02","28.945","50.835","20.7","BUSHEHR, IR","    0",",,S","  240",",,S","  184",",,S","  220","H,,S"
"IRM00040858","2020-12-03","28.945","50.835","20.7","BUSHEHR, IR","    8",",,S",,,,,"  228","H,,S"
"IRM00040858","2020-12-04","28.945","50.835","20.7","BUSHEHR, IR","    0",",,S","  230",",,S","  198",",,S","  213","H,,S"
"IRM00040858","2020-12-05","28.945","50.835","20.7","BUSHEHR, IR","   13",",,S","  234",",,S",,,"  213","H,,S"
"IRM00040858","2020-12-06","28.945","50.835","20.7","BUSHEHR, IR","   66",",,S","  252",",,S",,,"  204","H,,S"
"IRM00040858","2020-12-07","28.945","50.835","20.7","BUSHEHR, IR","   38",",,S",,,"  100",",,S","  186","H,,S"
"IRM00040858","2020-12-08","28.945","50.835","20.7","BUSHEHR, IR","    0",",,S","  202",",,S",,,"  176","H,,S"
"IRM00040858","2020-12-09","28.945","50.835","20.7","BUSHEHR, IR","    0",",,S",,,"  130",",,S","  167","H,,S"
"IRM00040858","2020-12-10","28.945","50.835","20.7","BUSHEHR, IR","    0",",,S",,,"  130",",,S","  182","H,,S"
"IRM00040858","2020-12-11","28.945","50.835","20.7","BUSHEHR, IR","    0",",,S","  210",",,S","  138",",,S","  182","H,,S"
"IRM00040858","2020-12-12","28.945","50.835","20.7","BUSHEHR, IR","    0",",,S","  210",",,S",,,"  179","H,,S"
"IRM00040858","2020-12-13","28.945","50.835","20.7","BUSHEHR, IR","    0",",,S","  200",",,S","  142",",,S","  174","H,,S"
"IRM00040858","2020-12-14","28.945","50.835","20.7","BUSHEHR, IR","    0",",,S","  204",",,S",,,"  166","H,,S"
"IRM00040858","2020-12-15","28.945","50.835","20.7","BUSHEHR, IR","    0",",,S","  242",",,S","  130",",,S","  189","H,,S"
"IRM00040858","2020-12-16","28.945","50.835","20.7","BUSHEHR, IR","    0",",,S","  260",",,S","  170",",,S","  216","H,,S"
"IRM00040858","2020-12-17","28.945","50.835","20.7","BUSHEHR, IR",,,"  240",",,S","  184",",,S","  213","H,,S"
"IRM00040858","2020-12-18","28.945","50.835","20.7","BUSHEHR, IR","    8",",,S","  240",",,S",,,"  212","H,,S"
"IRM00040858","2020-12-19","28.945","50.835","20.7","BUSHEHR, IR","   15",",,S","  208",",,S",,,"  188","H,,S"
"IRM00040858","2020-12-20","28.945","50.835","20.7","BUSHEHR, IR","    0",",,S",,,,,"  166","H,,S"
"IRM00040858","2020-12-21","28.945","50.835","20.7","BUSHEHR, IR","    0",",,S","  200",",,S","  126",",,S","  164","H,,S"
"IRM00040858","2020-12-22","28.945","50.835","20.7","BUSHEHR, IR","    0",",,S",,,"  140",",,S","  166","H,,S"
"IRM00040858","2020-12-23","28.945","50.835","20.7","BUSHEHR, IR","    0",",,S","  204",",,S","   98",",,S","  164","H,,S"
"IRM00040858","2020-12-24","28.945","50.835","20.7","BUSHEHR, IR","    8",",,S","  180",",,S","  130",",,S","  154","H,,S"
"IRM00040858","2020-12-25","28.945","50.835","20.7","BUSHEHR, IR","   74",",,S","  180",",,S",,,"  157","H,,S"
"IRM00040858","2020-12-26","28.945","50.835","20.7","BUSHEHR, IR","    0",",,S","  174",",,S",,,"  135","H,,S"
"IRM00040858","2020-12-27","28.945","50.835","20.7","BUSHEHR, IR","    0",",,S","  224",",,S","  100",",,S","  162","H,,S"
"IRM00040858","2020-12-28","28.945","50.835","20.7","BUSHEHR, IR",,,"  182",",,S","  140",",,S","  161","H,,S"
"IRM00040858","2020-12-29","28.945","50.835","20.7","BUSHEHR, IR","    0",",,S",,,"  124",",,S","  164","H,,S"
"IRM00040858","2020-12-30","28.945","50.835","20.7","BUSHEHR, IR","    0",",,S","  204",",,S",,,"  164","H,,S"
"IRM00040858","2020-12-31","28.945","50.835","20.7","BUSHEHR, IR","    0",",,S","  207",",,S","  110",",,S","  168","H,,S"
"IRM00040858","2021-01-01","28.945","50.835","20.7","BUSHEHR, IR","    0",",,S","  210",",,S",,,"  168","H,,S"
"IRM00040858","2021-01-02","28.945","50.835","20.7","BUSHEHR, IR","    0",",,S","  208",",,S","  120",",,S","  172","H,,S"
"IRM00040858","2021-01-03","28.945","50.835","20.7","BUSHEHR, IR","    0",",,S","  204",",,S",,,"  172","H,,S"
"IRM00040858","2021-01-04","28.945","50.835","20.7","BUSHEHR, IR","    0",",,S",,,"  130",",,S","  168","H,,S"
"IRM00040858","2021-01-05","28.945","50.835","20.7","BUSHEHR, IR","    0",",,S",,,,,"  168","H,,S"
"IRM00040858","2021-01-06","28.945","50.835","20.7","BUSHEHR, IR","    0",",,S","  212",",,S","  148",",,S","  176","H,,S"
"IRM00040858","2021-01-07","28.945","50.835","20.7","BUSHEHR, IR","    0",",,S","  202",",,S","  130",",,S","  166","H,,S"
"IRM00040858","2021-01-08","28.945","50.835","20.7","BUSHEHR, IR","    0",",,S","  210",",,S","   90",",,S","  166","H,,S"
"IRM00040858","2021-01-09","28.945","50.835","20.7","BUSHEHR, IR","    0",",,S","  210",",,S","  106",",,S","  166","H,,S"
"IRM00040858","2021-01-10","28.945","50.835","20.7","BUSHEHR, IR","    0",",,S",,,"  110",",,S","  163","H,,S"
"IRM00040858","2021-01-11","28.945","50.835","20.7","BUSHEHR, IR","    0",",,S",,,,,"  158","H,,S"
"IRM00040858","2021-01-12","28.945","50.835","20.7","BUSHEHR, IR","    0",",,S",,,"  106",",,S","  165","H,,S"
"IRM00040858","2021-01-13","28.945","50.835","20.7","BUSHEHR, IR","    0",",,S",,,,,"  154","H,,S"
"IRM00040858","2021-01-14","28.945","50.835","20.7","BUSHEHR, IR","    0",",,S",,,"   96",",,S","  156","H,,S"
"IRM00040858","2021-01-15","28.945","50.835","20.7","BUSHEHR, IR","    0",",,S","  232",",,S","  110",",,S","  178","H,,S"
"IRM00040858","2021-01-16","28.945","50.835","20.7","BUSHEHR, IR","    0",",,S","  228",",,S","  110",",,S","  170","H,,S"
"IRM00040858","2021-01-17","28.945","50.835","20.7","BUSHEHR, IR","    0",",,S",,,"  140",",,S","  186","H,,S"
"IRM00040858","2021-01-18","28.945","50.835","20.7","BUSHEHR, IR","    0",",,S","  226",",,S","  148",",,S","  189","H,,S"
"IRM00040858","2021-01-19","28.945","50.835","20.7","BUSHEHR, IR","    0",",,S","  212",",,S",,,"  179","H,,S"
"IRM00040858","2021-01-20","28.945","50.835","20.7","BUSHEHR, IR","    0",",,S","  220",",,S","  130",",,S","  169","H,,S"
"IRM00040858","2021-01-21","28.945","50.835","20.7","BUSHEHR, IR","    0",",,S",,,,,"  166","H,,S"
"IRM00040858","2021-01-22","28.945","50.835","20.7","BUSHEHR, IR","    0",",,S","  150",",,S",,,"  128","H,,S"
"IRM00040858","2021-01-23","28.945","50.835","20.7","BUSHEHR, IR","    0",",,S",,,"  100",",,S","  138","H,,S"
"IRM00040858","2021-01-24","28.945","50.835","20.7","BUSHEHR, IR","    0",",,S","  188",",,S",,,"  154","H,,S"
"IRM00040858","2021-01-25","28.945","50.835","20.7","BUSHEHR, IR","    0",",,S",,,"  118",",,S","  158","H,,S"
"IRM00040858","2021-01-26","28.945","50.835","20.7","BUSHEHR, IR","    0",",,S","  200",",,S","   70",",,S","  158","H,,S"
"IRM00040858","2021-01-27","28.945","50.835","20.7","BUSHEHR, IR","    0",",,S","  202",",,S",,,"  161","H,,S"
"IRM00040858","2021-01-28","28.945","50.835","20.7","BUSHEHR, IR","    0",",,S","  246",",,S",,,"  179","H,,S"
"IRM00040858","2021-01-29","28.945","50.835","20.7","BUSHEHR, IR","    0",",,S","  242",",,S","  126",",,S","  197","H,,S"
"IRM00040858","2021-01-30","28.945","50.835","20.7","BUSHEHR, IR","    0",",,S","  234",",,S",,,"  188","H,,S"
"IRM00040858","2021-01-31","28.945","50.835","20.7","BUSHEHR, IR","    0",",,S","  186",",,S","  144",",,S","  169","H,,S"
"IRM00040858","2021-02-01","28.945","50.835","20.7","BUSHEHR, IR","    0",",,S",,,"  130",",,S","  164","H,,S"
"IRM00040858","2021-02-02","28.945","50.835","20.7","BUSHEHR, IR","    0",",,S",,,,,"  164","H,,S"
"IRM00040858","2021-02-03","28.945","50.835","20.7","BUSHEHR, IR","    0",",,S","  204",",,S","   86",",,S","  158","H,,S"
"IRM00040858","2021-02-04","28.945","50.835","20.7","BUSHEHR, IR","    0",",,S","  208",",,S","  130",",,S","  168","H,,S"
"IRM00040858","2021-02-05","28.945","50.835","20.7","BUSHEHR, IR","    0",",,S","  272",",,S","  120",",,S","  198","H,,S"
"IRM00040858","2021-02-06","28.945","50.835","20.7","BUSHEHR, IR","    0",",,S","  288",",,S","  148",",,S","  221","H,,S"
"IRM00040858","2021-02-07","28.945","50.835","20.7","BUSHEHR, IR","   15",",,S","  208",",,S",,,"  176","H,,S"
"IRM00040858","2021-02-08","28.945","50.835","20.7","BUSHEHR, IR","    0",",,S",,,"  152",",,S","  180","H,,S"
"IRM00040858","2021-02-09","28.945","50.835","20.7","BUSHEHR, IR","    0",",,S","  200",",,S",,,"  178","H,,S"
"IRM00040858","2021-02-10","28.945","50.835","20.7","BUSHEHR, IR","    0",",,S",,,"  148",",,S","  175","H,,S"
"IRM00040858","2021-02-13","28.945","50.835","20.7","BUSHEHR, IR",,,"  222",",,S",,,"  197","H,,S"
"IRM00040858","2021-02-14","28.945","50.835","20.7","BUSHEHR, IR","    0",",,S","  222",",,S",,,"  187","H,,S"
"IRM00040858","2021-02-15","28.945","50.835","20.7","BUSHEHR, IR","    0",",,S","  220",",,S",,,"  183","H,,S"
"IRM00040858","2021-02-16","28.945","50.835","20.7","BUSHEHR, IR","    0",",,S",,,,,"  192","H,,S"
"IRM00040858","2021-02-17","28.945","50.835","20.7","BUSHEHR, IR","    0",",,S","  274",",,S","  130",",,S","  214","H,,S"
"IRM00040858","2021-02-18","28.945","50.835","20.7","BUSHEHR, IR","   25",",,S","  240",",,S",,,"  196","H,,S"
"IRM00040858","2021-02-19","28.945","50.835","20.7","BUSHEHR, IR","    0",",,S",,,,,"  162","H,,S"
"IRM00040858","2021-02-21","28.945","50.835","20.7","BUSHEHR, IR",,,"  206",",,S",,,"  175","H,,S"
"IRM00040858","2021-02-22","28.945","50.835","20.7","BUSHEHR, IR","    0","D,,S","  212",",,S","  160",",,S","  187","H,,S"
"IRM00040858","2021-02-23","28.945","50.835","20.7","BUSHEHR, IR","    0",",,S","  212",",,S","  160",",,S","  184","H,,S"
"IRM00040858","2021-02-24","28.945","50.835","20.7","BUSHEHR, IR","    0",",,S",,,,,"  173","H,,S"
"IRM00040858","2021-02-25","28.945","50.835","20.7","BUSHEHR, IR","   13",",,S",,,"  148",",,S","  167","H,,S"
"IRM00040858","2021-02-26","28.945","50.835","20.7","BUSHEHR, IR","    0",",,S","  190",",,S",,,"  162","H,,S"
"IRM00040858","2021-02-27","28.945","50.835","20.7","BUSHEHR, IR","    0",",,S","  206",",,S",,,"  176","H,,S"
"IRM00040858","2021-02-28","28.945","50.835","20.7","BUSHEHR, IR","    0",",,S","  212",",,S","  130",",,S","  169","H,,S"
"IRM00040858","2021-03-01","28.945","50.835","20.7","BUSHEHR, IR","    0",",,S","  212",",,S","  145",",,S","  187","H,,S"
"IRM00040858","2021-03-02","28.945","50.835","20.7","BUSHEHR, IR","    0",",,S","  220",",,S","  150",",,S","  186","H,,S"
"IRM00040858","2021-03-03","28.945","50.835","20.7","BUSHEHR, IR","    0",",,S",,,"  156",",,S","  189","H,,S"
"IRM00040858","2021-03-04","28.945","50.835","20.7","BUSHEHR, IR","    0",",,S","  310",",,S","  170",",,S","  222","H,,S"
"IRM00040858","2021-03-05","28.945","50.835","20.7","BUSHEHR, IR","    0",",,S","  264",",,S",,,"  202","H,,S"
"IRM00040858","2021-03-06","28.945","50.835","20.7","BUSHEHR, IR","    0",",,S","  204",",,S",,,"  188","H,,S"
"IRM00040858","2021-03-07","28.945","50.835","20.7","BUSHEHR, IR","    0",",,S","  208",",,S",,,"  184","H,,S"
"IRM00040858","2021-03-08","28.945","50.835","20.7","BUSHEHR, IR","    0",",,S",,,"  116",",,S","  183","H,,S"
"IRM00040858","2021-03-09","28.945","50.835","20.7","BUSHEHR, IR","    0",",,S","  282",",,S",,,"  204","H,,S"
"IRM00040858","2021-03-10","28.945","50.835","20.7","BUSHEHR, IR","    0",",,S","  234",",,S",,,"  199","H,,S"
"IRM00040858","2021-03-11","28.945","50.835","20.7","BUSHEHR, IR","    0",",,S",,,,,"  207","H,,S"
"IRM00040858","2021-03-12","28.945","50.835","20.7","BUSHEHR, IR","    0",",,S","  300",",,S","  184",",,S","  265","H,,S"
"IRM00040858","2021-03-13","28.945","50.835","20.7","BUSHEHR, IR","    3",",,S",,,,,"  195","H,,S"
"IRM00040858","2021-03-14","28.945","50.835","20.7","BUSHEHR, IR","    0",",,S","  214",",,S",,,"  187","H,,S"
"IRM00040858","2021-03-15","28.945","50.835","20.7","BUSHEHR, IR","    0",",,S",,,"  160",",,S","  192","H,,S"
"IRM00040858","2021-03-16","28.945","50.835","20.7","BUSHEHR, IR","    0",",,S","  270",",,S",,,"  222","H,,S"
"IRM00040858","2021-03-17","28.945","50.835","20.7","BUSHEHR, IR","    3",",,S","  330",",,S","  212",",,S","  262","H,,S"
"IRM00040858","2021-03-18","28.945","50.835","20.7","BUSHEHR, IR","    0",",,S","  332",",,S",,,"  265","H,,S"
"IRM00040858","2021-03-19","28.945","50.835","20.7","BUSHEHR, IR","    0",",,S","  242",",,S","  208",",,S","  224","H,,S"
"IRM00040858","2021-03-20","28.945","50.835","20.7","BUSHEHR, IR","    0",",,S","  232",",,S","  200",",,S","  217","H,,S"
"IRM00040858","2021-03-21","28.945","50.835","20.7","BUSHEHR, IR","    0",",,S","  234",",,S",,,"  201","H,,S"
"IRM00040858","2021-03-22","28.945","50.835","20.7","BUSHEHR, IR","    0",",,S","  246",",,S","  148",",,S","  203","H,,S"
"IRM00040858","2021-03-23","28.945","50.835","20.7","BUSHEHR, IR","    0",",,S","  270",",,S",,,"  213","H,,S"
"IRM00040858","2021-03-24","28.945","50.835","20.7","BUSHEHR, IR","    0",",,S","  340",",,S","  174",",,S","  263","H,,S"
"IRM00040858","2021-03-25","28.945","50.835","20.7","BUSHEHR, IR","    0",",,S","  330",",,S",,,"  273","H,,S"
"IRM00040858","2021-03-26","28.945","50.835","20.7","BUSHEHR, IR","    0",",,S","  316",",,S",,,"  252","H,,S"
"IRM00040858","2021-03-27","28.945","50.835","20.7","BUSHEHR, IR","    0",",,S","  310",",,S",,,"  254","H,,S"
"IRM00040858","2021-03-28","28.945","50.835","20.7","BUSHEHR, IR","    0",",,S","  220",",,S","  176",",,S","  200","H,,S"
"IRM00040858","2021-03-29","28.945","50.835","20.7","BUSHEHR, IR","    0",",,S","  224",",,S",,,"  204","H,,S"
"IRM00040858","2021-03-30","28.945","50.835","20.7","BUSHEHR, IR","    0",",,S",,,,,"  209","H,,S"
"IRM00040858","2021-03-31","28.945","50.835","20.7","BUSHEHR, IR","    0",",,S","  258",",,S","  170",",,S","  219","H,,S"
"IRM00040858","2021-04-01","28.945","50.835","20.7","BUSHEHR, IR","    0",",,S","  332",",,S","  178",",,S","  255","H,,S"
"IRM00040858","2021-04-02","28.945","50.835","20.7","BUSHEHR, IR","    0",",,S","  338",",,S","  200",",,S","  283","H,,S"
"IRM00040858","2021-04-03","28.945","50.835","20.7","BUSHEHR, IR","    0",",,S","  252",",,S",,,"  233","H,,S"
"IRM00040858","2021-04-04","28.945","50.835","20.7","BUSHEHR, IR","    0",",,S","  224",",,S","  178",",,S","  206","H,,S"
"IRM00040858","2021-04-05","28.945","50.835","20.7","BUSHEHR, IR","    0",",,S","  240",",,S","  194",",,S","  216","H,,S"
"IRM00040858","2021-04-06","28.945","50.835","20.7","BUSHEHR, IR","    0",",,S","  240",",,S",,,"  214","H,,S"
"IRM00040858","2021-04-07","28.945","50.835","20.7","BUSHEHR, IR","    0",",,S","  252",",,S","  160",",,S","  217","H,,S"
"IRM00040858","2021-04-08","28.945","50.835","20.7","BUSHEHR, IR","    0",",,S","  268",",,S","  160",",,S","  226","H,,S"
"IRM00040858","2021-04-09","28.945","50.835","20.7","BUSHEHR, IR","    0",",,S",,,"  184",",,S","  259","H,,S"
"IRM00040858","2021-04-10","28.945","50.835","20.7","BUSHEHR, IR","    0",",,S","  304",",,S","  200",",,S","  266","H,,S"
"IRM00040858","2021-04-11","28.945","50.835","20.7","BUSHEHR, IR","    0",",,S","  320",",,S","  224",",,S","  276","H,,S"
"IRM00040858","2021-04-12","28.945","50.835","20.7","BUSHEHR, IR","    0",",,S","  302",",,S","  240",",,S","  271","H,,S"
"IRM00040858","2021-04-13","28.945","50.835","20.7","BUSHEHR, IR","    0",",,S","  300",",,S",,,"  271","H,,S"
"IRM00040858","2021-04-14","28.945","50.835","20.7","BUSHEHR, IR","    0",",,S","  312",",,S","  240",",,S","  263","H,,S"
"IRM00040858","2021-04-15","28.945","50.835","20.7","BUSHEHR, IR","    0",",,S","  260",",,S",,,"  239","H,,S"
"IRM00040858","2021-04-16","28.945","50.835","20.7","BUSHEHR, IR","    0",",,S","  260",",,S",,,"  232","H,,S"
"IRM00040858","2021-04-17","28.945","50.835","20.7","BUSHEHR, IR","    0",",,S","  264",",,S",,,"  222","H,,S"
"IRM00040858","2021-04-18","28.945","50.835","20.7","BUSHEHR, IR","    0",",,S","  286",",,S",,,"  239","H,,S"
"IRM00040858","2021-04-19","28.945","50.835","20.7","BUSHEHR, IR","    0",",,S",,,"  200",",,S","  238","H,,S"
"IRM00040858","2021-04-20","28.945","50.835","20.7","BUSHEHR, IR","    0",",,S","  312",",,S",,,"  253","H,,S"
"IRM00040858","2021-04-21","28.945","50.835","20.7","BUSHEHR, IR","    0",",,S","  314",",,S","  204",",,S","  263","H,,S"
"IRM00040858","2021-04-22","28.945","50.835","20.7","BUSHEHR, IR","    0",",,S","  336",",,S","  228",",,S","  267","H,,S"
"IRM00040858","2021-04-23","28.945","50.835","20.7","BUSHEHR, IR","    0",",,S","  306",",,S",,,"  267","H,,S"
"IRM00040858","2021-04-24","28.945","50.835","20.7","BUSHEHR, IR","    0",",,S","  324",",,S","  212",",,S","  271","H,,S"
"IRM00040858","2021-04-25","28.945","50.835","20.7","BUSHEHR, IR","    0",",,S",,,"  220",",,S","  281","H,,S"
"IRM00040858","2021-04-26","28.945","50.835","20.7","BUSHEHR, IR","    0",",,S","  348",",,S","  210",",,S","  284","H,,S"
"IRM00040858","2021-04-27","28.945","50.835","20.7","BUSHEHR, IR","    0",",,S","  370",",,S","  220",",,S","  299","H,,S"
"IRM00040858","2021-04-28","28.945","50.835","20.7","BUSHEHR, IR","    0",",,S","  400",",,S","  240",",,S","  309","H,,S"
"IRM00040858","2021-04-29","28.945","50.835","20.7","BUSHEHR, IR","    0",",,S","  314",",,S",,,"  274","H,,S"
"IRM00040858","2021-04-30","28.945","50.835","20.7","BUSHEHR, IR","    0",",,S",,,,,"  270","H,,S"
"IRM00040858","2021-05-01","28.945","50.835","20.7","BUSHEHR, IR","    0",",,S","  336",",,S","  212",",,S","  277","H,,S"
"IRM00040858","2021-05-02","28.945","50.835","20.7","BUSHEHR, IR","    0",",,S","  338",",,S",,,"  281","H,,S"
"IRM00040858","2021-05-03","28.945","50.835","20.7","BUSHEHR, IR","    0",",,S","  328",",,S","  248",",,S","  279","H,,S"
"IRM00040858","2021-05-04","28.945","50.835","20.7","BUSHEHR, IR","    0",",,S",,,"  236",",,S","  285","H,,S"
"IRM00040858","2021-05-05","28.945","50.835","20.7","BUSHEHR, IR","    0",",,S","  332",",,S",,,"  281","H,,S"
"IRM00040858","2021-05-06","28.945","50.835","20.7","BUSHEHR, IR","    0",",,S","  332",",,S","  228",",,S","  289","H,,S"
"IRM00040858","2021-05-07","28.945","50.835","20.7","BUSHEHR, IR","    0",",,S",,,"  214",",,S","  295","H,,S"
"IRM00040858","2021-05-08","28.945","50.835","20.7","BUSHEHR, IR","    0",",,S","  350",",,S","  260",",,S","  298","H,,S"
"IRM00040858","2021-05-09","28.945","50.835","20.7","BUSHEHR, IR","    0",",,S","  330",",,S","  230",",,S","  284","H,,S"
"IRM00040858","2021-05-10","28.945","50.835","20.7","BUSHEHR, IR","    0",",,S","  336",",,S","  240",",,S","  286","H,,S"
"IRM00040858","2021-05-11","28.945","50.835","20.7","BUSHEHR, IR","    0",",,S","  334",",,S",,,"  293","H,,S"
"IRM00040858","2021-05-12","28.945","50.835","20.7","BUSHEHR, IR","    0",",,S","  334",",,S","  230",",,S","  297","H,,S"
"IRM00040858","2021-05-13","28.945","50.835","20.7","BUSHEHR, IR","    0",",,S","  350",",,S","  236",",,S","  309","H,,S"
"IRM00040858","2021-05-14","28.945","50.835","20.7","BUSHEHR, IR","    0",",,S","  350",",,S","  290",",,S","  321","H,,S"
"IRM00040858","2021-05-15","28.945","50.835","20.7","BUSHEHR, IR","    0",",,S","  378",",,S","  280",",,S","  322","H,,S"
"IRM00040858","2021-05-16","28.945","50.835","20.7","BUSHEHR, IR","    0",",,S",,,"  250",",,S","  316","H,,S"
"IRM00040858","2021-05-17","28.945","50.835","20.7","BUSHEHR, IR","    0",",,S","  384",",,S","  246",",,S","  314","H,,S"
"IRM00040858","2021-05-18","28.945","50.835","20.7","BUSHEHR, IR","    0",",,S","  354",",,S","  258",",,S","  310","H,,S"
"IRM00040858","2021-05-19","28.945","50.835","20.7","BUSHEHR, IR","    0",",,S","  370",",,S","  254",",,S","  328","H,,S"
"IRM00040858","2021-05-20","28.945","50.835","20.7","BUSHEHR, IR","    0",",,S","  360",",,S",,,"  328","H,,S"
"IRM00040858","2021-05-21","28.945","50.835","20.7","BUSHEHR, IR","    0",",,S","  370",",,S",,,"  327","H,,S"
"IRM00040858","2021-05-22","28.945","50.835","20.7","BUSHEHR, IR","    0",",,S",,,"  268",",,S","  324","H,,S"
"IRM00040858","2021-05-23","28.945","50.835","20.7","BUSHEHR, IR","    0",",,S","  400",",,S",,,"  337","H,,S"
"IRM00040858","2021-05-24","28.945","50.835","20.7","BUSHEHR, IR","    0",",,S",,,,,"  344","H,,S"
"IRM00040858","2021-05-25","28.945","50.835","20.7","BUSHEHR, IR","    0",",,S","  440",",,S","  296",",,S","  344","H,,S"
"IRM00040858","2021-05-26","28.945","50.835","20.7","BUSHEHR, IR","    0",",,S","  356",",,S","  294",",,S","  332","H,,S"
"IRM00040858","2021-05-27","28.945","50.835","20.7","BUSHEHR, IR","    0",",,S","  352",",,S","  290",",,S","  322","H,,S"
"IRM00040858","2021-05-28","28.945","50.835","20.7","BUSHEHR, IR","    0",",,S","  354",",,S","  290",",,S","  324","H,,S"
"IRM00040858","2021-05-29","28.945","50.835","20.7","BUSHEHR, IR","    0",",,S","  375",",,S","  268",",,S","  328","H,,S"
"IRM00040858","2021-05-30","28.945","50.835","20.7","BUSHEHR, IR","    0",",,S","  364",",,S","  250",",,S","  326","H,,S"
"IRM00040858","2021-05-31","28.945","50.835","20.7","BUSHEHR, IR","    0",",,S","  403",",,S","  270",",,S","  344","H,,S"
"IRM00040858","2021-06-01","28.945","50.835","20.7","BUSHEHR, IR","    0",",,S","  364",",,S","  320",",,S","  334","H,,S"
"IRM00040858","2021-06-02","28.945","50.835","20.7","BUSHEHR, IR","    0",",,S","  364",",,S","  294",",,S","  336","H,,S"
"IRM00040858","2021-06-03","28.945","50.835","20.7","BUSHEHR, IR","    0",",,S",,,"  300",",,S","  342","H,,S"
"IRM00040858","2021-06-04","28.945","50.835","20.7","BUSHEHR, IR","    0",",,S",,,"  310",",,S","  333","H,,S"
"IRM00040858","2021-06-05","28.945","50.835","20.7","BUSHEHR, IR","    0",",,S","  376",",,S","  300",",,S","  341","H,,S"
"IRM00040858","2021-06-06","28.945","50.835","20.7","BUSHEHR, IR","    0",",,S","  394",",,S","  315",",,S","  356","H,,S"
"IRM00040858","2021-06-07","28.945","50.835","20.7","BUSHEHR, IR","    0",",,S","  380",",,S","  310",",,S","  353","H,,S"
"IRM00040858","2021-06-08","28.945","50.835","20.7","BUSHEHR, IR","    0",",,S",,,"  306",",,S","  326","H,,S"
"IRM00040858","2021-06-09","28.945","50.835","20.7","BUSHEHR, IR","    0",",,S",,,,,"  326","H,,S"
"IRM00040858","2021-06-10","28.945","50.835","20.7","BUSHEHR, IR","    0",",,S","  354",",,S",,,"  317","H,,S"
"IRM00040858","2021-06-11","28.945","50.835","20.7","BUSHEHR, IR","    0",",,S",,,"  291",",,S","  322","H,,S"
"IRM00040858","2021-06-12","28.945","50.835","20.7","BUSHEHR, IR","    0",",,S","  340",",,S","  294",",,S","  314","H,,S"
"IRM00040858","2021-06-13","28.945","50.835","20.7","BUSHEHR, IR","    0",",,S","  336",",,S",,,"  303","H,,S"
"IRM00040858","2021-06-14","28.945","50.835","20.7","BUSHEHR, IR","    0",",,S",,,"  262",",,S","  297","H,,S"
"IRM00040858","2021-06-15","28.945","50.835","20.7","BUSHEHR, IR","    0",",,S",,,"  256",",,S","  313","H,,S"
"IRM00040858","2021-06-16","28.945","50.835","20.7","BUSHEHR, IR","    0",",,S","  344",",,S",,,"  316","H,,S"
"IRM00040858","2021-06-17","28.945","50.835","20.7","BUSHEHR, IR","    0",",,S","  336",",,S",,,"  316","H,,S"
"IRM00040858","2021-06-18","28.945","50.835","20.7","BUSHEHR, IR","    0",",,S","  324",",,S",,,"  296","H,,S"
"IRM00040858","2021-06-19","28.945","50.835","20.7","BUSHEHR, IR","    0",",,S","  330",",,S",,,"  304","H,,S"
"IRM00040858","2021-06-20","28.945","50.835","20.7","BUSHEHR, IR","    0",",,S","  342",",,S",,,"  318","H,,S"
"IRM00040858","2021-06-21","28.945","50.835","20.7","BUSHEHR, IR","    0",",,S","  350",",,S",,,"  315","H,,S"
"IRM00040858","2021-06-22","28.945","50.835","20.7","BUSHEHR, IR","    0",",,S","  376",",,S","  266",",,S","  328","H,,S"
"IRM00040858","2021-06-23","28.945","50.835","20.7","BUSHEHR, IR","    0",",,S","  362",",,S","  262",",,S","  328","H,,S"
"IRM00040858","2021-06-24","28.945","50.835","20.7","BUSHEHR, IR","    0",",,S","  350",",,S","  269",",,S","  310","H,,S"
"IRM00040858","2021-06-25","28.945","50.835","20.7","BUSHEHR, IR","    0",",,S","  384",",,S","  264",",,S","  322","H,,S"
"IRM00040858","2021-06-26","28.945","50.835","20.7","BUSHEHR, IR","    0",",,S","  384",",,S","  260",",,S","  325","H,,S"
"IRM00040858","2021-06-27","28.945","50.835","20.7","BUSHEHR, IR","    0",",,S","  394",",,S","  270",",,S","  328","H,,S"
"IRM00040858","2021-06-28","28.945","50.835","20.7","BUSHEHR, IR","    0",",,S",,,,,"  332","H,,S"
"IRM00040858","2021-06-29","28.945","50.835","20.7","BUSHEHR, IR","    0",",,S","  360",",,S","  292",",,S","  330","H,,S"
"IRM00040858","2021-06-30","28.945","50.835","20.7","BUSHEHR, IR","    0",",,S","  380",",,S","  296",",,S","  333","H,,S"
"IRM00040858","2021-07-01","28.945","50.835","20.7","BUSHEHR, IR","    0",",,S",,,"  290",",,S","  339","H,,S"
"IRM00040858","2021-07-02","28.945","50.835","20.7","BUSHEHR, IR","    0",",,S",,,"  280",",,S","  358","H,,S"
"IRM00040858","2021-07-03","28.945","50.835","20.7","BUSHEHR, IR","    0",",,S","  380",",,S","  244",",,S","  349","H,,S"
"IRM00040858","2021-07-04","28.945","50.835","20.7","BUSHEHR, IR","    0",",,S","  374",",,S","  292",",,S","  338","H,,S"
"IRM00040858","2021-07-05","28.945","50.835","20.7","BUSHEHR, IR","    0",",,S","  376",",,S","  290",",,S","  333","H,,S"
"IRM00040858","2021-07-06","28.945","50.835","20.7","BUSHEHR, IR","    0",",,S","  382",",,S","  268",",,S","  332","H,,S"
"IRM00040858","2021-07-07","28.945","50.835","20.7","BUSHEHR, IR","    0",",,S","  380",",,S","  285",",,S","  339","H,,S"
"IRM00040858","2021-07-08","28.945","50.835","20.7","BUSHEHR, IR","    0",",,S","  374",",,S","  300",",,S","  342","H,,S"
"IRM00040858","2021-07-09","28.945","50.835","20.7","BUSHEHR, IR","    0",",,S","  380",",,S","  294",",,S","  342","H,,S"
"IRM00040858","2021-07-10","28.945","50.835","20.7","BUSHEHR, IR","    0",",,S",,,"  296",",,S","  351","H,,S"
"IRM00040858","2021-07-11","28.945","50.835","20.7","BUSHEHR, IR",,,,,,,"  347","H,,S"
"IRM00040858","2021-07-12","28.945","50.835","20.7","BUSHEHR, IR",,,,,,,"  363","H,,S"
"IRM00040858","2021-07-13","28.945","50.835","20.7","BUSHEHR, IR","    0",",,S","  400",",,S",,,"  359","H,,S"
"IRM00040858","2021-07-14","28.945","50.835","20.7","BUSHEHR, IR","    0",",,S","  392",",,S",,,"  346","H,,S"
"IRM00040858","2021-07-15","28.945","50.835","20.7","BUSHEHR, IR","    0",",,S",,,"  298",",,S","  347","H,,S"
"IRM00040858","2021-07-16","28.945","50.835","20.7","BUSHEHR, IR","    0",",,S","  384",",,S","  301",",,S","  349","H,,S"
"IRM00040858","2021-07-17","28.945","50.835","20.7","BUSHEHR, IR","    0",",,S","  400",",,S","  304",",,S","  355","H,,S"
"IRM00040858","2021-07-18","28.945","50.835","20.7","BUSHEHR, IR","    0",",,S","  380",",,S",,,"  339","H,,S"
"IRM00040858","2021-07-19","28.945","50.835","20.7","BUSHEHR, IR","    0",",,S","  372",",,S","  302",",,S","  344","H,,S"
"IRM00040858","2021-07-20","28.945","50.835","20.7","BUSHEHR, IR","    0",",,S","  390",",,S","  316",",,S","  360","H,,S"
"IRM00040858","2021-07-21","28.945","50.835","20.7","BUSHEHR, IR","    0",",,S","  394",",,S","  330",",,S","  362","H,,S"
"IRM00040858","2021-07-22","28.945","50.835","20.7","BUSHEHR, IR","    0",",,S","  406",",,S","  340",",,S","  368","H,,S"
"IRM00040858","2021-07-23","28.945","50.835","20.7","BUSHEHR, IR","    0",",,S","  392",",,S",,,"  363","H,,S"
"IRM00040858","2021-07-24","28.945","50.835","20.7","BUSHEHR, IR","    0",",,S","  402",",,S","  310",",,S","  360","H,,S"
"IRM00040858","2021-07-25","28.945","50.835","20.7","BUSHEHR, IR","    0",",,S",,,,,"  361","H,,S"
"IRM00040858","2021-07-26","28.945","50.835","20.7","BUSHEHR, IR","    0",",,S","  396",",,S","  320",",,S","  358","H,,S"
"IRM00040858","2021-07-27","28.945","50.835","20.7","BUSHEHR, IR","    0",",,S",,,"  316",",,S","  362","H,,S"
"IRM00040858","2021-07-28","28.945","50.835","20.7","BUSHEHR, IR","    0",",,S","  472",",,S","  314",",,S","  387","H,,S"
"IRM00040858","2021-07-29","28.945","50.835","20.7","BUSHEHR, IR","    0",",,S","  400",",,S",,,"  376","H,,S"
"IRM00040858","2021-07-30","28.945","50.835","20.7","BUSHEHR, IR","    0",",,S","  404",",,S","  298",",,S","  352","H,,S"
"IRM00040858","2021-07-31","28.945","50.835","20.7","BUSHEHR, IR","    0",",,S","  398",",,S","  280",",,S","  346","H,,S"
"IRM00040858","2021-08-01","28.945","50.835","20.7","BUSHEHR, IR","    0",",,S","  410",",,S","  282",",,S","  353","H,,S"
"IRM00040858","2021-08-02","28.945","50.835","20.7","BUSHEHR, IR","    0",",,S","  422",",,S","  300",",,S","  359","H,,S"
"IRM00040858","2021-08-03","28.945","50.835","20.7","BUSHEHR, IR","    0",",,S","  400",",,S","  290",",,S","  355","H,,S"
"IRM00040858","2021-08-04","28.945","50.835","20.7","BUSHEHR, IR","    0",",,S",,,"  300",",,S","  357","H,,S"
"IRM00040858","2021-08-05","28.945","50.835","20.7","BUSHEHR, IR","    0",",,S","  404",",,S","  306",",,S","  356","H,,S"
"IRM00040858","2021-08-06","28.945","50.835","20.7","BUSHEHR, IR","    0",",,S","  424",",,S","  300",",,S","  358","H,,S"
"IRM00040858","2021-08-07","28.945","50.835","20.7","BUSHEHR, IR","    0",",,S","  420",",,S","  314",",,S","  361","H,,S"
"IRM00040858","2021-08-08","28.945","50.835","20.7","BUSHEHR, IR","    0",",,S","  420",",,S","  332",",,S","  371","H,,S"
"IRM00040858","2021-08-09","28.945","50.835","20.7","BUSHEHR, IR","    0",",,S","  408",",,S",,,"  374","H,,S"
"IRM00040858","2021-08-10","28.945","50.835","20.7","BUSHEHR, IR","    0",",,S","  400",",,S","  322",",,S","  361","H,,S"
"IRM00040858","2021-08-11","28.945","50.835","20.7","BUSHEHR, IR","    0",",,S","  402",",,S",,,"  354","H,,S"
"IRM00040858","2021-08-12","28.945","50.835","20.7","BUSHEHR, IR","    0",",,S","  398",",,S","  310",",,S","  354","H,,S"
"IRM00040858","2021-08-13","28.945","50.835","20.7","BUSHEHR, IR","    0",",,S","  402",",,S","  305",",,S","  360","H,,S"
"IRM00040858","2021-08-14","28.945","50.835","20.7","BUSHEHR, IR","    0",",,S","  404",",,S","  342",",,S","  375","H,,S"
"IRM00040858","2021-08-15","28.945","50.835","20.7","BUSHEHR, IR","    0",",,S","  394",",,S","  350",",,S","  368","H,,S"
"IRM00040858","2021-08-16","28.945","50.835","20.7","BUSHEHR, IR","    0",",,S","  382",",,S",,,"  349","H,,S"
"IRM00040858","2021-08-17","28.945","50.835","20.7","BUSHEHR, IR","    0",",,S",,,"  308",",,S","  346","H,,S"
"IRM00040858","2021-08-18","28.945","50.835","20.7","BUSHEHR, IR","    0",",,S","  380",",,S","  274",",,S","  340","H,,S"
"IRM00040858","2021-08-19","28.945","50.835","20.7","BUSHEHR, IR","    0",",,S","  380",",,S",,,"  339","H,,S"
"IRM00040858","2021-08-20","28.945","50.835","20.7","BUSHEHR, IR","    0",",,S",,,"  310",",,S","  349","H,,S"
"IRM00040858","2021-08-21","28.945","50.835","20.7","BUSHEHR, IR","    0",",,S","  386",",,S","  290",",,S","  352","H,,S"
"IRM00040858","2021-08-22","28.945","50.835","20.7","BUSHEHR, IR","    0",",,S","  390",",,S","  286",",,S","  349","H,,S"
"IRM00040858","2021-08-23","28.945","50.835","20.7","BUSHEHR, IR","    0",",,S","  402",",,S","  290",",,S","  354","H,,S"
"IRM00040858","2021-08-24","28.945","50.835","20.7","BUSHEHR, IR","    0",",,S","  391",",,S","  298",",,S","  353","H,,S"
"IRM00040858","2021-08-25","28.945","50.835","20.7","BUSHEHR, IR","    0",",,S","  396",",,S","  296",",,S","  346","H,,S"
"IRM00040858","2021-08-26","28.945","50.835","20.7","BUSHEHR, IR","    0",",,S",,,"  305",",,S","  354","H,,S"
"IRM00040858","2021-08-27","28.945","50.835","20.7","BUSHEHR, IR","    0",",,S","  400",",,S","  290",",,S","  352","H,,S"
"IRM00040858","2021-08-28","28.945","50.835","20.7","BUSHEHR, IR","    0",",,S",,,"  290",",,S","  357","H,,S"
"IRM00040858","2021-08-29","28.945","50.835","20.7","BUSHEHR, IR","    0",",,S","  457",",,S","  307",",,S","  367","H,,S"
"IRM00040858","2021-08-30","28.945","50.835","20.7","BUSHEHR, IR","    0",",,S","  406",",,S","  296",",,S","  352","H,,S"
"IRM00040858","2021-08-31","28.945","50.835","20.7","BUSHEHR, IR","    0",",,S","  392",",,S","  296",",,S","  347","H,,S"
"IRM00040858","2021-09-01","28.945","50.835","20.7","BUSHEHR, IR","    0",",,S","  376",",,S","  294",",,S","  346","H,,S"
"IRM00040858","2021-09-02","28.945","50.835","20.7","BUSHEHR, IR","    0",",,S","  380",",,S","  310",",,S","  347","H,,S"
"IRM00040858","2021-09-03","28.945","50.835","20.7","BUSHEHR, IR","    0",",,S","  380",",,S","  310",",,S","  348","H,,S"
"IRM00040858","2021-09-04","28.945","50.835","20.7","BUSHEHR, IR","    0",",,S","  382",",,S","  314",",,S","  352","H,,S"
"IRM00040858","2021-09-05","28.945","50.835","20.7","BUSHEHR, IR","    0",",,S","  392",",,S",,,"  350","H,,S"
"IRM00040858","2021-09-06","28.945","50.835","20.7","BUSHEHR, IR","    0",",,S","  380",",,S",,,"  342","H,,S"
"IRM00040858","2021-09-07","28.945","50.835","20.7","BUSHEHR, IR","    0",",,S","  380",",,S","  280",",,S","  340","H,,S"
"IRM00040858","2021-09-08","28.945","50.835","20.7","BUSHEHR, IR","    0",",,S",,,"  308",",,S","  355","H,,S"
"IRM00040858","2021-09-09","28.945","50.835","20.7","BUSHEHR, IR","    0",",,S","  378",",,S","  324",",,S","  352","H,,S"
"IRM00040858","2021-09-10","28.945","50.835","20.7","BUSHEHR, IR","    0",",,S",,,,,"  336","H,,S"
"IRM00040858","2021-09-11","28.945","50.835","20.7","BUSHEHR, IR","    0",",,S","  368",",,S","  260",",,S","  327","H,,S"
"IRM00040858","2021-09-12","28.945","50.835","20.7","BUSHEHR, IR","    0",",,S","  366",",,S","  282",",,S","  333","H,,S"
"IRM00040858","2021-09-13","28.945","50.835","20.7","BUSHEHR, IR","    0",",,S","  364",",,S","  282",",,S","  337","H,,S"
"IRM00040858","2021-09-14","28.945","50.835","20.7","BUSHEHR, IR","    0",",,S","  366",",,S","  284",",,S","  332","H,,S"
"IRM00040858","2021-09-15","28.945","50.835","20.7","BUSHEHR, IR","    0",",,S","  364",",,S","  266",",,S","  321","H,,S"
"IRM00040858","2021-09-16","28.945","50.835","20.7","BUSHEHR, IR","    0",",,S","  360",",,S","  260",",,S","  324","H,,S"
"IRM00040858","2021-09-17","28.945","50.835","20.7","BUSHEHR, IR","    0",",,S",,,"  265",",,S","  324","H,,S"
"IRM00040858","2021-09-18","28.945","50.835","20.7","BUSHEHR, IR","    0",",,S",,,"  260",",,S","  323","H,,S"
"IRM00040858","2021-09-19","28.945","50.835","20.7","BUSHEHR, IR","    0",",,S","  366",",,S","  260",",,S","  319","H,,S"
"IRM00040858","2021-09-20","28.945","50.835","20.7","BUSHEHR, IR","    0",",,S","  360",",,S",,,"  324","H,,S"
"IRM00040858","2021-09-21","28.945","50.835","20.7","BUSHEHR, IR","    0",",,S","  350",",,S","  250",",,S","  314","H,,S"
"IRM00040858","2021-09-22","28.945","50.835","20.7","BUSHEHR, IR","    0",",,S","  350",",,S","  260",",,S","  317","H,,S"
"IRM00040858","2021-09-23","28.945","50.835","20.7","BUSHEHR, IR","    0",",,S",,,"  250",",,S","  312","H,,S"
"IRM00040858","2021-09-24","28.945","50.835","20.7","BUSHEHR, IR","    0",",,S","  358",",,S","  218",",,S","  308","H,,S"
"IRM00040858","2021-09-25","28.945","50.835","20.7","BUSHEHR, IR","    0",",,S",,,,,"  318","H,,S"
"IRM00040858","2021-09-26","28.945","50.835","20.7","BUSHEHR, IR","    0",",,S","  330",",,S",,,"  317","H,,S"
"IRM00040858","2021-09-27","28.945","50.835","20.7","BUSHEHR, IR","    0",",,S","  342",",,S",,,"  292","H,,S"
"IRM00040858","2021-09-28","28.945","50.835","20.7","BUSHEHR, IR","    0",",,S","  342",",,S",,,"  294","H,,S"
"IRM00040858","2021-09-29","28.945","50.835","20.7","BUSHEHR, IR","    0",",,S","  346",",,S","  236",",,S","  296","H,,S"
"IRM00040858","2021-09-30","28.945","50.835","20.7","BUSHEHR, IR","    0",",,S","  346",",,S","  240",",,S","  301","H,,S"
"IRM00040858","2021-10-01","28.945","50.835","20.7","BUSHEHR, IR","    0",",,S",,,"  266",",,S","  310","H,,S"
"IRM00040858","2021-10-02","28.945","50.835","20.7","BUSHEHR, IR","    0",",,S","  356",",,S","  240",",,S","  305","H,,S"
"IRM00040858","2021-10-03","28.945","50.835","20.7","BUSHEHR, IR","    0",",,S","  350",",,S","  240",",,S","  311","H,,S"
"IRM00040858","2021-10-04","28.945","50.835","20.7","BUSHEHR, IR","    0",",,S","  358",",,S","  250",",,S","  307","H,,S"
"IRM00040858","2021-10-05","28.945","50.835","20.7","BUSHEHR, IR","    0",",,S",,,"  268",",,S","  306","H,,S"
"IRM00040858","2021-10-06","28.945","50.835","20.7","BUSHEHR, IR","    0",",,S","  352",",,S","  252",",,S","  308","H,,S"
"IRM00040858","2021-10-07","28.945","50.835","20.7","BUSHEHR, IR","    0",",,S","  352",",,S",,,"  306","H,,S"
"IRM00040858","2021-10-08","28.945","50.835","20.7","BUSHEHR, IR","    0",",,S","  350",",,S","  258",",,S","  318","H,,S"
"IRM00040858","2021-10-09","28.945","50.835","20.7","BUSHEHR, IR","    0",",,S","  342",",,S","  270",",,S","  313","H,,S"
"IRM00040858","2021-10-10","28.945","50.835","20.7","BUSHEHR, IR","    0",",,S","  332",",,S",,,"  287","H,,S"
"IRM00040858","2021-10-11","28.945","50.835","20.7","BUSHEHR, IR","    0",",,S",,,,,"  282","H,,S"
"IRM00040858","2021-10-12","28.945","50.835","20.7","BUSHEHR, IR","    0",",,S","  334",",,S","  210",",,S","  284","H,,S"
"IRM00040858","2021-10-13","28.945","50.835","20.7","BUSHEHR, IR","    0",",,S","  330",",,S","  218",",,S","  281","H,,S"
"IRM00040858","2021-10-14","28.945","50.835","20.7","BUSHEHR, IR","    0",",,S","  330",",,S","  216",",,S","  286","H,,S"
"IRM00040858","2021-10-15","28.945","50.835","20.7","BUSHEHR, IR","    0",",,S","  346",",,S",,,"  293","H,,S"
"IRM00040858","2021-10-16","28.945","50.835","20.7","BUSHEHR, IR","    0",",,S","  330",",,S","  240",",,S","  289","H,,S"
"IRM00040858","2021-10-17","28.945","50.835","20.7","BUSHEHR, IR","    0",",,S","  344",",,S","  230",",,S","  296","H,,S"
"IRM00040858","2021-10-18","28.945","50.835","20.7","BUSHEHR, IR","    0",",,S","  334",",,S",,,"  301","H,,S"
"IRM00040858","2021-10-19","28.945","50.835","20.7","BUSHEHR, IR","    0",",,S","  314",",,S","  266",",,S","  294","H,,S"
"IRM00040858","2021-10-20","28.945","50.835","20.7","BUSHEHR, IR","    0",",,S","  320",",,S","  250",",,S","  288","H,,S"
"IRM00040858","2021-10-21","28.945","50.835","20.7","BUSHEHR, IR","    0",",,S",,,,,"  289","H,,S"
"IRM00040858","2021-10-22","28.945","50.835","20.7","BUSHEHR, IR","    0",",,S","  300",",,S",,,"  269","H,,S"
"IRM00040858","2021-10-23","28.945","50.835","20.7","BUSHEHR, IR","    0",",,S","  304",",,S","  204",",,S","  261","H,,S"
"IRM00040858","2021-10-24","28.945","50.835","20.7","BUSHEHR, IR","    0",",,S","  310",",,S","  204",",,S","  267","H,,S"
"IRM00040858","2021-10-25","28.945","50.835","20.7","BUSHEHR, IR","    0",",,S","  320",",,S",,,"  269","H,,S"
"IRM00040858","2021-10-26","28.945","50.835","20.7","BUSHEHR, IR","    0",",,S","  302",",,S","  229",",,S","  267","H,,S"
"IRM00040858","2021-10-27","28.945","50.835","20.7","BUSHEHR, IR","    0",",,S","  310",",,S",,,"  259","H,,S"
"IRM00040858","2021-10-28","28.945","50.835","20.7","BUSHEHR, IR","    0",",,S","  304",",,S","  206",",,S","  257","H,,S"
"IRM00040858","2021-10-29","28.945","50.835","20.7","BUSHEHR, IR","    0",",,S",,,"  230",",,S","  276","H,,S"
"IRM00040858","2021-10-30","28.945","50.835","20.7","BUSHEHR, IR","    0",",,S","  320",",,S","  236",",,S","  276","H,,S"
"IRM00040858","2021-10-31","28.945","50.835","20.7","BUSHEHR, IR","    0",",,S","  300",",,S",,,"  270","H,,S"
"IRM00040858","2021-11-01","28.945","50.835","20.7","BUSHEHR, IR","    0",",,S","  300",",,S",,,"  261","H,,S"
"IRM00040858","2021-11-02","28.945","50.835","20.7","BUSHEHR, IR","    0",",,S","  300",",,S","  202",",,S","  260","H,,S"
"IRM00040858","2021-11-03","28.945","50.835","20.7","BUSHEHR, IR","    0",",,S","  322",",,S","  210",",,S","  263","H,,S"
"IRM00040858","2021-11-04","28.945","50.835","20.7","BUSHEHR, IR","    0",",,S","  300",",,S","  190",",,S","  250","H,,S"
"IRM00040858","2021-11-05","28.945","50.835","20.7","BUSHEHR, IR","    0",",,S","  294",",,S","  217",",,S","  263","H,,S"
"IRM00040858","2021-11-06","28.945","50.835","20.7","BUSHEHR, IR","    0",",,S","  294",",,S","  200",",,S","  253","H,,S"
"IRM00040858","2021-11-07","28.945","50.835","20.7","BUSHEHR, IR","    0",",,S","  310",",,S","  204",",,S","  258","H,,S"
"IRM00040858","2021-11-08","28.945","50.835","20.7","BUSHEHR, IR","   66",",,S","  270",",,S",,,"  247","H,,S"
"IRM00040858","2021-11-09","28.945","50.835","20.7","BUSHEHR, IR","    0",",,S","  280",",,S","  190",",,S","  243","H,,S"
"IRM00040858","2021-11-10","28.945","50.835","20.7","BUSHEHR, IR","    0",",,S","  300",",,S","  210",",,S","  252","H,,S"
"IRM00040858","2021-11-11","28.945","50.835","20.7","BUSHEHR, IR","    0",",,S","  298",",,S","  174",",,S","  249","H,,S"
"IRM00040858","2021-11-12","28.945","50.835","20.7","BUSHEHR, IR","    0",",,S","  304",",,S",,,"  253","H,,S"
"IRM00040858","2021-11-13","28.945","50.835","20.7","BUSHEHR, IR","    0",",,S","  272",",,S","  210",",,S","  239","H,,S"
"IRM00040858","2021-11-14","28.945","50.835","20.7","BUSHEHR, IR","    0",",,S","  262",",,S",,,"  226","H,,S"
"IRM00040858","2021-11-15","28.945","50.835","20.7","BUSHEHR, IR","    0",",,S",,,"  192",",,S","  231","H,,S"
"IRM00040858","2021-11-16","28.945","50.835","20.7","BUSHEHR, IR","    0",",,S","  264",",,S","  164",",,S","  226","H,,S"
"IRM00040858","2021-11-17","28.945","50.835","20.7","BUSHEHR, IR","    3",",,S","  270",",,S","  172",",,S","  230","H,,S"
"IRM00040858","2021-11-18","28.945","50.835","20.7","BUSHEHR, IR","    0",",,S","  264",",,S","  170",",,S","  229","H,,S"
"IRM00040858","2021-11-19","28.945","50.835","20.7","BUSHEHR, IR","    0",",,S","  270",",,S","  178",",,S","  230","H,,S"
"IRM00040858","2021-11-20","28.945","50.835","20.7","BUSHEHR, IR","    0",",,S","  274",",,S","  166",",,S","  233","H,,S"
"IRM00040858","2021-11-21","28.945","50.835","20.7","BUSHEHR, IR","    3",",,S","  302",",,S","  210",",,S","  261","H,,S"
"IRM00040858","2021-11-22","28.945","50.835","20.7","BUSHEHR, IR","    0",",,S","  300",",,S",,,"  258","H,,S"
"IRM00040858","2021-11-23","28.945","50.835","20.7","BUSHEHR, IR","    0",",,S","  270",",,S",,,"  239","H,,S"
"IRM00040858","2021-11-24","28.945","50.835","20.7","BUSHEHR, IR","    0",",,S","  250",",,S","  204",",,S","  229","H,,S"
"IRM00040858","2021-11-25","28.945","50.835","20.7","BUSHEHR, IR","    0",",,S",,,"  178",",,S","  219","H,,S"
"IRM00040858","2021-11-26","28.945","50.835","20.7","BUSHEHR, IR","    0",",,S","  264",",,S","  172",",,S","  222","H,,S"
"IRM00040858","2021-11-27","28.945","50.835","20.7","BUSHEHR, IR","    0",",,S","  274",",,S","  164",",,S","  234","H,,S"
"IRM00040858","2021-11-28","28.945","50.835","20.7","BUSHEHR, IR","    0",",,S","  250",",,S",,,"  214","H,,S"
"IRM00040858","2021-11-29","28.945","50.835","20.7","BUSHEHR, IR","    0",",,S","  254",",,S","  156",",,S","  212","H,,S"
"IRM00040858","2021-11-30","28.945","50.835","20.7","BUSHEHR, IR","    0",",,S","  254",",,S",,,"  207","H,,S"
"IRM00040858","2021-12-01","28.945","50.835","20.7","BUSHEHR, IR","    0",",,S","  280",",,S","  150",",,S","  223","H,,S"
"IRM00040858","2021-12-02","28.945","50.835","20.7","BUSHEHR, IR","    0",",,S","  280",",,S","  180",",,S","  236","H,,S"
"IRM00040858","2021-12-03","28.945","50.835","20.7","BUSHEHR, IR","   71",",,S","  212",",,S","  162",",,S","  201","H,,S"
"IRM00040858","2021-12-04","28.945","50.835","20.7","BUSHEHR, IR","    0",",,S",,,"  140",",,S","  193","H,,S"
"IRM00040858","2021-12-05","28.945","50.835","20.7","BUSHEHR, IR","    0",",,S",,,,,"  183","H,,S"
"IRM00040858","2021-12-06","28.945","50.835","20.7","BUSHEHR, IR","    0",",,S","  256",",,S","  142",",,S","  211","H,,S"
"IRM00040858","2021-12-07","28.945","50.835","20.7","BUSHEHR, IR","    0",",,S","  240",",,S","  158",",,S","  207","H,,S"
"IRM00040858","2021-12-08","28.945","50.835","20.7","BUSHEHR, IR","    0",",,S","  240",",,S","  140",",,S","  200","H,,S"
"IRM00040858","2021-12-09","28.945","50.835","20.7","BUSHEHR, IR","    0",",,S",,,"  150",",,S","  207","H,,S"
"IRM00040858","2021-12-10","28.945","50.835","20.7","BUSHEHR, IR","    0",",,S","  230",",,S","  145",",,S","  203","H,,S"
"IRM00040858","2021-12-11","28.945","50.835","20.7","BUSHEHR, IR","    0",",,S","  226",",,S","  170",",,S","  198","H,,S"
"IRM00040858","2021-12-12","28.945","50.835","20.7","BUSHEHR, IR","    0",",,S","  220",",,S","  152",",,S","  193","H,,S"
"IRM00040858","2021-12-13","28.945","50.835","20.7","BUSHEHR, IR","    0",",,S","  224",",,S","  130",",,S","  187","H,,S"
"IRM00040858","2021-12-14","28.945","50.835","20.7","BUSHEHR, IR","    0",",,S",,,"  106",",,S","  186","H,,S"
"IRM00040858","2021-12-15","28.945","50.835","20.7","BUSHEHR, IR",,,,,,,"  212","H,,S"
"IRM00040858","2021-12-16","28.945","50.835","20.7","BUSHEHR, IR",,,,,,,"  229","H,,S"
"IRM00040858","2021-12-17","28.945","50.835","20.7","BUSHEHR, IR",,,,,,,"  226","H,,S"
"IRM00040858","2021-12-18","28.945","50.835","20.7","BUSHEHR, IR",,,"  276",",,S",,,"  239","H,,S"
"IRM00040858","2021-12-19","28.945","50.835","20.7","BUSHEHR, IR","    0",",,S","  276",",,S","  206",",,S","  238","H,,S"
"IRM00040858","2021-12-20","28.945","50.835","20.7","BUSHEHR, IR","    0",",,S","  260",",,S","  194",",,S","  232","H,,S"
"IRM00040858","2021-12-21","28.945","50.835","20.7","BUSHEHR, IR","    5",",,S","  274",",,S","  190",",,S","  228","H,,S"
"IRM00040858","2021-12-22","28.945","50.835","20.7","BUSHEHR, IR","    0",",,S","  200",",,S",,,"  182","H,,S"
"IRM00040858","2021-12-23","28.945","50.835","20.7","BUSHEHR, IR","    0",",,S","  202",",,S","  140",",,S","  173","H,,S"
"IRM00040858","2021-12-24","28.945","50.835","20.7","BUSHEHR, IR","    0",",,S","  202",",,S","  146",",,S","  176","H,,S"
"IRM00040858","2021-12-25","28.945","50.835","20.7","BUSHEHR, IR","    0",",,S",,,"  166",",,S","  185","H,,S"
"IRM00040858","2021-12-26","28.945","50.835","20.7","BUSHEHR, IR","    0",",,S","  180",",,S","  120",",,S","  153","H,,S"
"IRM00040858","2021-12-27","28.945","50.835","20.7","BUSHEHR, IR","    0",",,S","  180",",,S","  118",",,S","  151","H,,S"
"IRM00040858","2021-12-28","28.945","50.835","20.7","BUSHEHR, IR","    0",",,S","  192",",,S",,,"  156","H,,S"
"IRM00040858","2021-12-29","28.945","50.835","20.7","BUSHEHR, IR","   23",",,S",,,,,"  145","H,,S"
"IRM00040858","2021-12-30","28.945","50.835","20.7","BUSHEHR, IR","  147",",,S",,,"  130",",,S","  146","H,,S"
"IRM00040858","2021-12-31","28.945","50.835","20.7","BUSHEHR, IR","  660",",,S","  190",",,S","  132",",,S","  163","H,,S"
"IRM00040858","2022-01-01","28.945","50.835","20.7","BUSHEHR, IR","    0",",,S","  206",",,S","  135",",,S","  171","H,,S"
"IRM00040858","2022-01-02","28.945","50.835","20.7","BUSHEHR, IR","  122",",,S",,,,,"  173","H,,S"
"IRM00040858","2022-01-03","28.945","50.835","20.7","BUSHEHR, IR","  109",",,S","  184",",,S",,,"  172","H,,S"
"IRM00040858","2022-01-04","28.945","50.835","20.7","BUSHEHR, IR","   51",",,S","  188",",,S","  140",",,S","  159","H,,S"
"IRM00040858","2022-01-05","28.945","50.835","20.7","BUSHEHR, IR","    0",",,S","  160",",,S",,,"  142","H,,S"
"IRM00040858","2022-01-06","28.945","50.835","20.7","BUSHEHR, IR","    0",",,S","  174",",,S",,,"  145","H,,S"
"IRM00040858","2022-01-07","28.945","50.835","20.7","BUSHEHR, IR","    0",",,S","  184",",,S",,,"  143","H,,S"
"IRM00040858","2022-01-08","28.945","50.835","20.7","BUSHEHR, IR","    0",",,S",,,"   82",",,S","  146","H,,S"
"IRM00040858","2022-01-09","28.945","50.835","20.7","BUSHEHR, IR","    0",",,S",,,,,"  150","H,,S"
"IRM00040858","2022-01-10","28.945","50.835","20.7","BUSHEHR, IR",,,"  196",",,S","  100",",,S","  154","H,,S"
"IRM00040858","2022-01-11","28.945","50.835","20.7","BUSHEHR, IR","    0",",,S",,,"  142",",,S","  179","H,,S"
"IRM00040858","2022-01-12","28.945","50.835","20.7","BUSHEHR, IR","    0",",,S","  222",",,S",,,"  181","H,,S"
"IRM00040858","2022-01-13","28.945","50.835","20.7","BUSHEHR, IR","    0",",,S","  230",",,S",,,"  181","H,,S"
"IRM00040858","2022-01-14","28.945","50.835","20.7","BUSHEHR, IR","    0",",,S","  226",",,S","  162",",,S","  186","H,,S"
"IRM00040858","2022-01-15","28.945","50.835","20.7","BUSHEHR, IR","   76",",,S","  224",",,S","  160",",,S","  198","H,,S"
"IRM00040858","2022-01-16","28.945","50.835","20.7","BUSHEHR, IR","   30",",,S",,,,,"  178","H,,S"
"IRM00040858","2022-01-17","28.945","50.835","20.7","BUSHEHR, IR","    0",",,S","  230",",,S","  114",",,S","  187","H,,S"
"IRM00040858","2022-01-18","28.945","50.835","20.7","BUSHEHR, IR","  272",",,S",,,,,"  154","H,,S"
"IRM00040858","2022-01-19","28.945","50.835","20.7","BUSHEHR, IR","    0",",,S","  152",",,S","  100",",,S","  131","H,,S"
"IRM00040858","2022-01-20","28.945","50.835","20.7","BUSHEHR, IR","    0",",,S","  176",",,S","   77",",,S","  142","H,,S"
"IRM00040858","2022-01-21","28.945","50.835","20.7","BUSHEHR, IR","    0",",,S",,,"   76",",,S","  101","H,,S"
"IRM00040858","2022-01-22","28.945","50.835","20.7","BUSHEHR, IR","    0",",,S","  140",",,S","   74",",,S","  106","H,,S"
"IRM00040858","2022-01-23","28.945","50.835","20.7","BUSHEHR, IR","    0",",,S","  160",",,S","   58",",,S","  118","H,,S"
"IRM00040858","2022-01-24","28.945","50.835","20.7","BUSHEHR, IR","    0",",,S","  180",",,S",,,"  137","H,,S"
"IRM00040858","2022-01-25","28.945","50.835","20.7","BUSHEHR, IR","    0",",,S","  194",",,S","   90",",,S","  155","H,,S"
"IRM00040858","2022-01-26","28.945","50.835","20.7","BUSHEHR, IR","    0",",,S","  242",",,S",,,"  177","H,,S"
"IRM00040858","2022-01-27","28.945","50.835","20.7","BUSHEHR, IR","    0",",,S","  252",",,S",,,"  201","H,,S"
"IRM00040858","2022-01-28","28.945","50.835","20.7","BUSHEHR, IR","    0",",,S",,,"  130",",,S","  146","H,,S"
"IRM00040858","2022-01-29","28.945","50.835","20.7","BUSHEHR, IR","    0",",,S","  153",",,S","  110",",,S","  139","H,,S"
"IRM00040858","2022-01-30","28.945","50.835","20.7","BUSHEHR, IR","    0",",,S","  170",",,S","  127",",,S","  150","H,,S"
"IRM00040858","2022-01-31","28.945","50.835","20.7","BUSHEHR, IR","    0",",,S",,,,,"  160","H,,S"
"IRM00040858","2022-02-01","28.945","50.835","20.7","BUSHEHR, IR","    0",",,S","  240",",,S","  142",",,S","  183","H,,S"
"IRM00040858","2022-02-02","28.945","50.835","20.7","BUSHEHR, IR","    0",",,S","  182",",,S","  138",",,S","  160","H,,S"
"IRM00040858","2022-02-03","28.945","50.835","20.7","BUSHEHR, IR","    0",",,S","  202",",,S","  126",",,S","  158","H,,S"
"IRM00040858","2022-02-04","28.945","50.835","20.7","BUSHEHR, IR","    0",",,S","  240",",,S","  126",",,S","  193","H,,S"
"IRM00040858","2022-02-05","28.945","50.835","20.7","BUSHEHR, IR","   18",",,S",,,"  140",",,S","  172","H,,S"
"IRM00040858","2022-02-06","28.945","50.835","20.7","BUSHEHR, IR","    0",",,S","  184",",,S","  130",",,S","  162","H,,S"
"IRM00040858","2022-02-07","28.945","50.835","20.7","BUSHEHR, IR","    0",",,S",,,,,"  156","H,,S"
"IRM00040858","2022-02-08","28.945","50.835","20.7","BUSHEHR, IR","    0",",,S","  188",",,S","  120",",,S","  157","H,,S"
"IRM00040858","2022-02-09","28.945","50.835","20.7","BUSHEHR, IR","    0",",,S","  190",",,S",,,"  147","H,,S"
"IRM00040858","2022-02-10","28.945","50.835","20.7","BUSHEHR, IR","    0",",,S","  230",",,S","   74",",,S","  166","H,,S"
"IRM00040858","2022-02-11","28.945","50.835","20.7","BUSHEHR, IR","    0",",,S","  252",",,S","  136",",,S","  197","H,,S"
"IRM00040858","2022-02-12","28.945","50.835","20.7","BUSHEHR, IR","    3",",,S","  210",",,S",,,"  172","H,,S"
"IRM00040858","2022-02-13","28.945","50.835","20.7","BUSHEHR, IR","    0",",,S","  184",",,S","  108",",,S","  159","H,,S"
"IRM00040858","2022-02-14","28.945","50.835","20.7","BUSHEHR, IR","    0",",,S",,,"  110",",,S","  166","H,,S"
"IRM00040858","2022-02-15","28.945","50.835","20.7","BUSHEHR, IR","    0",",,S","  216",",,S","  108",",,S","  156","H,,S"
"IRM00040858","2022-02-16","28.945","50.835","20.7","BUSHEHR, IR","    0",",,S","  212",",,S","  104",",,S","  162","H,,S"
"IRM00040858","2022-02-17","28.945","50.835","20.7","BUSHEHR, IR","    0",",,S","  214",",,S","  114",",,S","  182","H,,S"
"IRM00040858","2022-02-18","28.945","50.835","20.7","BUSHEHR, IR","    0",",,S","  214",",,S",,,"  168","H,,S"
"IRM00040858","2022-02-19","28.945","50.835","20.7","BUSHEHR, IR","    0",",,S","  284",",,S","  140",",,S","  219","H,,S"
"IRM00040858","2022-02-20","28.945","50.835","20.7","BUSHEHR, IR","    0",",,S","  232",",,S",,,"  205","H,,S"
"IRM00040858","2022-02-21","28.945","50.835","20.7","BUSHEHR, IR","   28",",,S",,,,,"  178","H,,S"
"IRM00040858","2022-02-22","28.945","50.835","20.7","BUSHEHR, IR","    0",",,S","  210",",,S","  150",",,S","  181","H,,S"
"IRM00040858","2022-02-23","28.945","50.835","20.7","BUSHEHR, IR","    0",",,S","  224",",,S",,,"  179","H,,S"
"IRM00040858","2022-02-24","28.945","50.835","20.7","BUSHEHR, IR","    0",",,S","  226",",,S","  104",",,S","  174","H,,S"
"IRM00040858","2022-02-25","28.945","50.835","20.7","BUSHEHR, IR","    0",",,S",,,"  150",",,S","  204","H,,S"
"IRM00040858","2022-02-26","28.945","50.835","20.7","BUSHEHR, IR","    0",",,S","  290",",,S","  170",",,S","  221","H,,S"
"IRM00040858","2022-02-27","28.945","50.835","20.7","BUSHEHR, IR","    0",",,S","  222",",,S",,,"  197","H,,S"
"IRM00040858","2022-02-28","28.945","50.835","20.7","BUSHEHR, IR","    0",",,S","  216",",,S",,,"  186","H,,S"
"IRM00040858","2022-03-01","28.945","50.835","20.7","BUSHEHR, IR","    0",",,S","  220",",,S","  112",",,S","  179","H,,S"
"IRM00040858","2022-03-02","28.945","50.835","20.7","BUSHEHR, IR","    0",",,S","  224",",,S","  110",",,S","  187","H,,S"
"IRM00040858","2022-03-03","28.945","50.835","20.7","BUSHEHR, IR","    0",",,S",,,"  124",",,S","  221","H,,S"
"IRM00040858","2022-03-04","28.945","50.835","20.7","BUSHEHR, IR","    0",",,S","  274",",,S",,,"  214","H,,S"
"IRM00040858","2022-03-05","28.945","50.835","20.7","BUSHEHR, IR","   10",",,S","  218",",,S",,,"  191","H,,S"
"IRM00040858","2022-03-06","28.945","50.835","20.7","BUSHEHR, IR","    0",",,S","  224",",,S","  124",",,S","  184","H,,S"
"IRM00040858","2022-03-07","28.945","50.835","20.7","BUSHEHR, IR","    0",",,S",,,,,"  230","H,,S"
"IRM00040858","2022-03-08","28.945","50.835","20.7","BUSHEHR, IR","    0",",,S","  246",",,S","  170",",,S","  211","H,,S"
"IRM00040858","2022-03-09","28.945","50.835","20.7","BUSHEHR, IR","    0",",,S","  276",",,S","  192",",,S","  229","H,,S"
"IRM00040858","2022-03-10","28.945","50.835","20.7","BUSHEHR, IR","    0",",,S","  322",",,S","  204",",,S","  285","H,,S"
"IRM00040858","2022-03-11","28.945","50.835","20.7","BUSHEHR, IR","    0",",,S",,,,,"  264","H,,S"
"IRM00040858","2022-03-12","28.945","50.835","20.7","BUSHEHR, IR","    0",",,S",,,"  200",",,S","  217","H,,S"
"IRM00040858","2022-03-13","28.945","50.835","20.7","BUSHEHR, IR","    0",",,S","  254",",,S","  192",",,S","  212","H,,S"
"IRM00040858","2022-03-14","28.945","50.835","20.7","BUSHEHR, IR","    0",",,S","  232",",,S","  194",",,S","  213","H,,S"
"IRM00040858","2022-03-15","28.945","50.835","20.7","BUSHEHR, IR","    0",",,S","  310",",,S","  190",",,S","  228","H,,S"
"IRM00040858","2022-03-16","28.945","50.835","20.7","BUSHEHR, IR","    0",",,S","  206",",,S",,,"  190","H,,S"
"IRM00040858","2022-03-17","28.945","50.835","20.7","BUSHEHR, IR","    0",",,S",,,"  124",",,S","  154","H,,S"
"IRM00040858","2022-03-18","28.945","50.835","20.7","BUSHEHR, IR","    0",",,S","  184",",,S","  129",",,S","  162","H,,S"
"IRM00040858","2022-03-19","28.945","50.835","20.7","BUSHEHR, IR","    0",",,S","  220",",,S","  134",",,S","  182","H,,S"
"IRM00040858","2022-03-20","28.945","50.835","20.7","BUSHEHR, IR","    0",",,S","  234",",,S","  145",",,S","  198","H,,S"
"IRM00040858","2022-03-21","28.945","50.835","20.7","BUSHEHR, IR","    0",",,S","  230",",,S",,,"  198","H,,S"
"IRM00040858","2022-03-22","28.945","50.835","20.7","BUSHEHR, IR","    0",",,S","  270",",,S",,,"  215","H,,S"
"IRM00040858","2022-03-23","28.945","50.835","20.7","BUSHEHR, IR","    0",",,S","  314",",,S","  170",",,S","  247","H,,S"
"IRM00040858","2022-03-24","28.945","50.835","20.7","BUSHEHR, IR","    0",",,S",,,"  190",",,S","  247","H,,S"
"IRM00040858","2022-03-25","28.945","50.835","20.7","BUSHEHR, IR","    0",",,S","  236",",,S","  190",",,S","  212","H,,S"
"IRM00040858","2022-03-26","28.945","50.835","20.7","BUSHEHR, IR","    0",",,S","  224",",,S","  172",",,S","  204","H,,S"
"IRM00040858","2022-03-27","28.945","50.835","20.7","BUSHEHR, IR","    0",",,S",,,"  170",",,S","  192","H,,S"
"IRM00040858","2022-03-28","28.945","50.835","20.7","BUSHEHR, IR","    0",",,S","  220",",,S","  170",",,S","  196","H,,S"
"IRM00040858","2022-03-29","28.945","50.835","20.7","BUSHEHR, IR","    0",",,S","  216",",,S",,,"  184","H,,S"
"IRM00040858","2022-03-30","28.945","50.835","20.7","BUSHEHR, IR","    0",",,S","  224",",,S","  140",",,S","  187","H,,S"
"IRM00040858","2022-03-31","28.945","50.835","20.7","BUSHEHR, IR","    0",",,S","  270",",,S","  150",",,S","  212","H,,S"
"IRM00040858","2022-04-01","28.945","50.835","20.7","BUSHEHR, IR","    0",",,S",,,,,"  227","H,,S"
"IRM00040858","2022-04-02","28.945","50.835","20.7","BUSHEHR, IR","    0",",,S","  254",",,S",,,"  217","H,,S"
"IRM00040858","2022-04-03","28.945","50.835","20.7","BUSHEHR, IR","    0",",,S","  262",",,S",,,"  212","H,,S"
"IRM00040858","2022-04-04","28.945","50.835","20.7","BUSHEHR, IR","    0",",,S","  294",",,S","  160",",,S","  233","H,,S"
"IRM00040858","2022-04-05","28.945","50.835","20.7","BUSHEHR, IR","    0",",,S","  310",",,S","  166",",,S","  246","H,,S"
"IRM00040858","2022-04-06","28.945","50.835","20.7","BUSHEHR, IR","    0",",,S","  287",",,S",,,"  243","H,,S"
"IRM00040858","2022-04-07","28.945","50.835","20.7","BUSHEHR, IR","    0",",,S","  352",",,S",,,"  277","H,,S"
"IRM00040858","2022-04-08","28.945","50.835","20.7","BUSHEHR, IR","    0",",,S","  274",",,S",,,"  242","H,,S"
"IRM00040858","2022-04-09","28.945","50.835","20.7","BUSHEHR, IR","    0",",,S","  306",",,S","  194",",,S","  243","H,,S"
"IRM00040858","2022-04-10","28.945","50.835","20.7","BUSHEHR, IR","    0",",,S","  274",",,S","  212",",,S","  243","H,,S"
"IRM00040858","2022-04-11","28.945","50.835","20.7","BUSHEHR, IR","    0",",,S","  286",",,S","  190",",,S","  241","H,,S"
"IRM00040858","2022-04-12","28.945","50.835","20.7","BUSHEHR, IR","    0",",,S","  360",",,S","  206",",,S","  293","H,,S"
"IRM00040858","2022-04-13","28.945","50.835","20.7","BUSHEHR, IR","    0",",,S",,,,,"  280","H,,S"
"IRM00040858","2022-04-14","28.945","50.835","20.7","BUSHEHR, IR","    0",",,S","  322",",,S","  240",",,S","  272","H,,S"
"IRM00040858","2022-04-15","28.945","50.835","20.7","BUSHEHR, IR","    0",",,S","  360",",,S","  250",",,S","  297","H,,S"
"IRM00040858","2022-04-16","28.945","50.835","20.7","BUSHEHR, IR","    0",",,S","  280",",,S",,,"  266","H,,S"
"IRM00040858","2022-04-17","28.945","50.835","20.7","BUSHEHR, IR","    0",",,S","  294",",,S","  232",",,S","  263","H,,S"
"IRM00040858","2022-04-18","28.945","50.835","20.7","BUSHEHR, IR","    0",",,S","  266",",,S",,,"  236","H,,S"
"IRM00040858","2022-04-19","28.945","50.835","20.7","BUSHEHR, IR","    0",",,S","  278",",,S","  150",",,S","  232","H,,S"
"IRM00040858","2022-04-20","28.945","50.835","20.7","BUSHEHR, IR","    0",",,S","  300",",,S","  178",",,S","  246","H,,S"
"IRM00040858","2022-04-21","28.945","50.835","20.7","BUSHEHR, IR","    0",",,S","  352",",,S","  222",",,S","  276","H,,S"
"IRM00040858","2022-04-22","28.945","50.835","20.7","BUSHEHR, IR","    0",",,S","  340",",,S",,,"  257","H,,S"
"IRM00040858","2022-04-23","28.945","50.835","20.7","BUSHEHR, IR","    0",",,S","  284",",,S","  194",",,S","  257","H,,S"
"IRM00040858","2022-04-24","28.945","50.835","20.7","BUSHEHR, IR","    0",",,S","  318",",,S","  222",",,S","  269","H,,S"
"IRM00040858","2022-04-25","28.945","50.835","20.7","BUSHEHR, IR","    0",",,S",,,"  230",",,S","  276","H,,S"
"IRM00040858","2022-04-26","28.945","50.835","20.7","BUSHEHR, IR","    0",",,S","  322",",,S",,,"  271","H,,S"
"IRM00040858","2022-04-27","28.945","50.835","20.7","BUSHEHR, IR","    0",",,S","  324",",,S","  215",",,S","  270","H,,S"
"IRM00040858","2022-04-28","28.945","50.835","20.7","BUSHEHR, IR","    0",",,S",,,"  240",",,S","  271","H,,S"
"IRM00040858","2022-04-29","28.945","50.835","20.7","BUSHEHR, IR","    0",",,S","  294",",,S",,,"  256","H,,S"
"IRM00040858","2022-04-30","28.945","50.835","20.7","BUSHEHR, IR","    0",",,S","  292",",,S","  230",",,S","  258","H,,S"
"IRM00040858","2022-05-01","28.945","50.835","20.7","BUSHEHR, IR","    0",",,S","  302",",,S","  200",",,S","  262","H,,S"
"IRM00040858","2022-05-02","28.945","50.835","20.7","BUSHEHR, IR","    0",",,S","  292",",,S","  238",",,S","  274","H,,S"
"IRM00040858","2022-05-03","28.945","50.835","20.7","BUSHEHR, IR","    0",",,S","  302",",,S","  252",",,S","  276","H,,S"
"IRM00040858","2022-05-04","28.945","50.835","20.7","BUSHEHR, IR","    0",",,S",,,,,"  277","H,,S"
"IRM00040858","2022-05-05","28.945","50.835","20.7","BUSHEHR, IR","    0",",,S","  410",",,S","  228",",,S","  318","H,,S"
"IRM00040858","2022-05-06","28.945","50.835","20.7","BUSHEHR, IR","    3",",,S","  422",",,S","  288",",,S","  332","H,,S"
"IRM00040858","2022-05-07","28.945","50.835","20.7","BUSHEHR, IR","    3",",,S","  364",",,S",,,"  310","H,,S"
"IRM00040858","2022-05-08","28.945","50.835","20.7","BUSHEHR, IR","    0",",,S","  302",",,S","  254",",,S","  278","H,,S"
"IRM00040858","2022-05-09","28.945","50.835","20.7","BUSHEHR, IR","    0",",,S",,,"  240",",,S","  272","H,,S"
"IRM00040858","2022-05-10","28.945","50.835","20.7","BUSHEHR, IR","    0",",,S","  314",",,S","  230",",,S","  272","H,,S"
"IRM00040858","2022-05-11","28.945","50.835","20.7","BUSHEHR, IR","    0",",,S","  314",",,S","  234",",,S","  282","H,,S"
"IRM00040858","2022-05-12","28.945","50.835","20.7","BUSHEHR, IR","    0",",,S",,,"  250",",,S","  287","H,,S"
"IRM00040858","2022-05-13","28.945","50.835","20.7","BUSHEHR, IR","    0",",,S","  310",",,S",,,"  279","H,,S"
"IRM00040858","2022-05-14","28.945","50.835","20.7","BUSHEHR, IR","    0",",,S",,,"  250",",,S","  279","H,,S"
"IRM00040858","2022-05-15","28.945","50.835","20.7","BUSHEHR, IR","    0",",,S","  356",",,S",,,"  280","H,,S"
"IRM00040858","2022-05-16","28.945","50.835","20.7","BUSHEHR, IR","    0",",,S","  330",",,S","  190",",,S","  279","H,,S"
"IRM00040858","2022-05-17","28.945","50.835","20.7","BUSHEHR, IR","    0",",,S","  294",",,S","  256",",,S","  279","H,,S"
"IRM00040858","2022-05-18","28.945","50.835","20.7","BUSHEHR, IR","    0",",,S",,,"  260",",,S","  287","H,,S"
"IRM00040858","2022-05-19","28.945","50.835","20.7","BUSHEHR, IR","    0",",,S","  345",",,S","  258",",,S","  297","H,,S"
"IRM00040858","2022-05-20","28.945","50.835","20.7","BUSHEHR, IR","    0",",,S","  326",",,S",,,"  302","H,,S"
"IRM00040858","2022-05-21","28.945","50.835","20.7","BUSHEHR, IR","    0",",,S","  322",",,S","  274",",,S","  300","H,,S"
"IRM00040858","2022-05-22","28.945","50.835","20.7","BUSHEHR, IR","    0",",,S",,,"  266",",,S","  288","H,,S"
"IRM00040858","2022-05-23","28.945","50.835","20.7","BUSHEHR, IR","    0",",,S","  386",",,S","  258",",,S","  304","H,,S"
"IRM00040858","2022-05-24","28.945","50.835","20.7","BUSHEHR, IR","    0",",,S","  296",",,S","  262",",,S","  277","H,,S"
"IRM00040858","2022-05-25","28.945","50.835","20.7","BUSHEHR, IR","    0",",,S","  332",",,S",,,"  283","H,,S"
"IRM00040858","2022-05-26","28.945","50.835","20.7","BUSHEHR, IR","    0",",,S","  322",",,S",,,"  283","H,,S"
"IRM00040858","2022-05-27","28.945","50.835","20.7","BUSHEHR, IR","    0",",,S","  300",",,S","  248",",,S","  275","H,,S"
"IRM00040858","2022-05-28","28.945","50.835","20.7","BUSHEHR, IR","    0",",,S","  316",",,S","  240",",,S","  283","H,,S"
"IRM00040858","2022-05-29","28.945","50.835","20.7","BUSHEHR, IR","    0",",,S","  330",",,S",,,"  286","H,,S"
"IRM00040858","2022-05-30","28.945","50.835","20.7","BUSHEHR, IR","    0",",,S","  328",",,S","  212",",,S","  278","H,,S"
"IRM00040858","2022-05-31","28.945","50.835","20.7","BUSHEHR, IR","    0",",,S","  324",",,S","  248",",,S","  288","H,,S"
"IRM00040858","2022-06-01","28.945","50.835","20.7","BUSHEHR, IR","    0",",,S","  350",",,S",,,"  299","H,,S"
"IRM00040858","2022-06-02","28.945","50.835","20.7","BUSHEHR, IR","    0",",,S","  360",",,S","  224",",,S","  299","H,,S"
"IRM00040858","2022-06-03","28.945","50.835","20.7","BUSHEHR, IR","    0",",,S","  354",",,S","  228",",,S","  306","H,,S"
"IRM00040858","2022-06-04","28.945","50.835","20.7","BUSHEHR, IR","    0",",,S",,,"  246",",,S","  312","H,,S"
"IRM00040858","2022-06-05","28.945","50.835","20.7","BUSHEHR, IR","    0",",,S","  360",",,S",,,"  321","H,,S"
"IRM00040858","2022-06-06","28.945","50.835","20.7","BUSHEHR, IR","    0",",,S",,,"  260",",,S","  333","H,,S"
"IRM00040858","2022-06-07","28.945","50.835","20.7","BUSHEHR, IR","    0",",,S","  400",",,S","  275",",,S","  334","H,,S"
"IRM00040858","2022-06-08","28.945","50.835","20.7","BUSHEHR, IR","    0",",,S","  380",",,S","  254",",,S","  327","H,,S"
"IRM00040858","2022-06-09","28.945","50.835","20.7","BUSHEHR, IR","    0",",,S","  370",",,S","  256",",,S","  336","H,,S"
"IRM00040858","2022-06-10","28.945","50.835","20.7","BUSHEHR, IR","    0",",,S",,,"  320",",,S","  343","H,,S"
"IRM00040858","2022-06-11","28.945","50.835","20.7","BUSHEHR, IR","    0",",,S","  356",",,S",,,"  325","H,,S"
"IRM00040858","2022-06-12","28.945","50.835","20.7","BUSHEHR, IR","    0",",,S","  350",",,S",,,"  313","H,,S"
"IRM00040858","2022-06-13","28.945","50.835","20.7","BUSHEHR, IR","    0",",,S",,,"  249",",,S","  308","H,,S"
"IRM00040858","2022-06-14","28.945","50.835","20.7","BUSHEHR, IR","    0",",,S","  354",",,S","  252",",,S","  310","H,,S"
"IRM00040858","2022-06-15","28.945","50.835","20.7","BUSHEHR, IR","    0",",,S",,,"  254",",,S","  322","H,,S"
"IRM00040858","2022-06-16","28.945","50.835","20.7","BUSHEHR, IR","    0",",,S",,,"  300",",,S","  336","H,,S"
"IRM00040858","2022-06-17","28.945","50.835","20.7","BUSHEHR, IR","    0",",,S","  340",",,S",,,"  309","H,,S"
"IRM00040858","2022-06-18","28.945","50.835","20.7","BUSHEHR, IR","    0",",,S","  360",",,S","  260",",,S","  316","H,,S"
"IRM00040858","2022-06-19","28.945","50.835","20.7","BUSHEHR, IR","    0",",,S","  382",",,S",,,"  318","H,,S"
"IRM00040858","2022-06-20","28.945","50.835","20.7","BUSHEHR, IR","    0",",,S","  380",",,S","  260",",,S","  328","H,,S"
"IRM00040858","2022-06-21","28.945","50.835","20.7","BUSHEHR, IR","    0",",,S","  382",",,S","  256",",,S","  328","H,,S"
"IRM00040858","2022-06-22","28.945","50.835","20.7","BUSHEHR, IR","    0",",,S","  364",",,S","  280",",,S","  328","H,,S"
"IRM00040858","2022-06-23","28.945","50.835","20.7","BUSHEHR, IR","    0",",,S","  372",",,S",,,"  330","H,,S"
"IRM00040858","2022-06-24","28.945","50.835","20.7","BUSHEHR, IR","    0",",,S","  384",",,S","  284",",,S","  340","H,,S"
"IRM00040858","2022-06-25","28.945","50.835","20.7","BUSHEHR, IR","    0",",,S","  384",",,S","  306",",,S","  352","H,,S"
"IRM00040858","2022-06-26","28.945","50.835","20.7","BUSHEHR, IR","    0",",,S","  382",",,S","  284",",,S","  352","H,,S"
"IRM00040858","2022-06-27","28.945","50.835","20.7","BUSHEHR, IR","    0",",,S","  360",",,S",,,"  331","H,,S"
"IRM00040858","2022-06-28","28.945","50.835","20.7","BUSHEHR, IR","    0",",,S",,,,,"  324","H,,S"
"IRM00040858","2022-06-29","28.945","50.835","20.7","BUSHEHR, IR","    0",",,S","  350",",,S",,,"  316","H,,S"
"IRM00040858","2022-06-30","28.945","50.835","20.7","BUSHEHR, IR","    0",",,S","  350",",,S",,,"  313","H,,S"
"IRM00040858","2022-07-01","28.945","50.835","20.7","BUSHEHR, IR","    0",",,S","  360",",,S","  262",",,S","  326","H,,S"
"IRM00040858","2022-07-02","28.945","50.835","20.7","BUSHEHR, IR","    0",",,S","  360",",,S","  298",",,S","  339","H,,S"
"IRM00040858","2022-07-03","28.945","50.835","20.7","BUSHEHR, IR","    0",",,S","  358",",,S",,,"  330","H,,S"
"IRM00040858","2022-07-04","28.945","50.835","20.7","BUSHEHR, IR","    0",",,S",,,"  280",",,S","  326","H,,S"
"IRM00040858","2022-07-05","28.945","50.835","20.7","BUSHEHR, IR","    0",",,S","  372",",,S","  278",",,S","  328","H,,S"
"IRM00040858","2022-07-06","28.945","50.835","20.7","BUSHEHR, IR","    0",",,S",,,"  295",",,S","  328","H,,S"
"IRM00040858","2022-07-07","28.945","50.835","20.7","BUSHEHR, IR","    0",",,S","  376",",,S","  300",",,S","  337","H,,S"
"IRM00040858","2022-07-08","28.945","50.835","20.7","BUSHEHR, IR","    0",",,S","  370",",,S","  306",",,S","  332","H,,S"
"IRM00040858","2022-07-09","28.945","50.835","20.7","BUSHEHR, IR","    0",",,S","  362",",,S",,,"  329","H,,S"
"IRM00040858","2022-07-10","28.945","50.835","20.7","BUSHEHR, IR","    0",",,S","  364",",,S","  288",",,S","  333","H,,S"
"IRM00040858","2022-07-11","28.945","50.835","20.7","BUSHEHR, IR","    0",",,S","  380",",,S","  304",",,S","  342","H,,S"
"IRM00040858","2022-07-12","28.945","50.835","20.7","BUSHEHR, IR","    0",",,S","  364",",,S","  310",",,S","  338","H,,S"
"IRM00040858","2022-07-13","28.945","50.835","20.7","BUSHEHR, IR","    0",",,S","  370",",,S","  310",",,S","  341","H,,S"
"IRM00040858","2022-07-14","28.945","50.835","20.7","BUSHEHR, IR","    0",",,S","  376",",,S","  308",",,S","  342","H,,S"
"IRM00040858","2022-07-15","28.945","50.835","20.7","BUSHEHR, IR","    0",",,S","  376",",,S","  298",",,S","  339","H,,S"
"IRM00040858","2022-07-16","28.945","50.835","20.7","BUSHEHR, IR","    0",",,S",,,"  280",",,S","  342","H,,S"
"IRM00040858","2022-07-17","28.945","50.835","20.7","BUSHEHR, IR","    0",",,S","  394",",,S",,,"  341","H,,S"
"IRM00040858","2022-07-18","28.945","50.835","20.7","BUSHEHR, IR",,,,,"  290",",,S","  347","H,,S"
"IRM00040858","2022-07-19","28.945","50.835","20.7","BUSHEHR, IR","    0",",,S",,,"  290",",,S","  343","H,,S"
"IRM00040858","2022-07-20","28.945","50.835","20.7","BUSHEHR, IR","    0",",,S","  382",",,S","  310",",,S","  346","H,,S"
"IRM00040858","2022-07-21","28.945","50.835","20.7","BUSHEHR, IR","    0",",,S","  410",",,S","  310",",,S","  351","H,,S"
"IRM00040858","2022-07-22","28.945","50.835","20.7","BUSHEHR, IR","    0",",,S","  390",",,S","  300",",,S","  342","H,,S"
"IRM00040858","2022-07-23","28.945","50.835","20.7","BUSHEHR, IR","    0",",,S","  388",",,S","  296",",,S","  337","H,,S"
"IRM00040858","2022-07-24","28.945","50.835","20.7","BUSHEHR, IR","    0",",,S",,,,,"  344","H,,S"
"IRM00040858","2022-07-25","28.945","50.835","20.7","BUSHEHR, IR","    0",",,S",,,"  284",",,S","  357","H,,S"
"IRM00040858","2022-07-26","28.945","50.835","20.7","BUSHEHR, IR","    0",",,S","  384",",,S",,,"  349","H,,S"
"IRM00040858","2022-07-27","28.945","50.835","20.7","BUSHEHR, IR","    0",",,S","  384",",,S","  308",",,S","  342","H,,S"
"IRM00040858","2022-07-28","28.945","50.835","20.7","BUSHEHR, IR","    0",",,S","  360",",,S",,,"  328","H,,S"
"IRM00040858","2022-07-29","28.945","50.835","20.7","BUSHEHR, IR","    3",",,S","  378",",,S","  290",",,S","  335","H,,S"
"IRM00040858","2022-07-30","28.945","50.835","20.7","BUSHEHR, IR","    0",",,S","  360",",,S",,,"  316","H,,S"
"IRM00040858","2022-07-31","28.945","50.835","20.7","BUSHEHR, IR","    5",",,S","  366",",,S","  288",",,S","  333","H,,S"
"IRM00040858","2022-08-01","28.945","50.835","20.7","BUSHEHR, IR","    0",",,S","  374",",,S",,,"  342","H,,S"
"IRM00040858","2022-08-02","28.945","50.835","20.7","BUSHEHR, IR","    0",",,S",,,"  322",",,S","  354","H,,S"
"IRM00040858","2022-08-03","28.945","50.835","20.7","BUSHEHR, IR","    0",",,S","  388",",,S","  330",",,S","  358","H,,S"
"IRM00040858","2022-08-04","28.945","50.835","20.7","BUSHEHR, IR","    0",",,S","  394",",,S",,,"  359","H,,S"
"IRM00040858","2022-08-05","28.945","50.835","20.7","BUSHEHR, IR","    0",",,S","  404",",,S","  329",",,S","  361","H,,S"
"IRM00040858","2022-08-06","28.945","50.835","20.7","BUSHEHR, IR","    0",",,S","  404",",,S",,,"  363","H,,S"
"IRM00040858","2022-08-07","28.945","50.835","20.7","BUSHEHR, IR","    0",",,S","  400",",,S","  314",",,S","  354","H,,S"
"IRM00040858","2022-08-08","28.945","50.835","20.7","BUSHEHR, IR","    0",",,S","  402",",,S","  324",",,S","  361","H,,S"
"IRM00040858","2022-08-09","28.945","50.835","20.7","BUSHEHR, IR","    0",",,S","  394",",,S","  328",",,S","  359","H,,S"
"IRM00040858","2022-08-10","28.945","50.835","20.7","BUSHEHR, IR","    0",",,S",,,"  330",",,S","  363","H,,S"
"IRM00040858","2022-08-11","28.945","50.835","20.7","BUSHEHR, IR","    0",",,S","  392",",,S",,,"  367","H,,S"
"IRM00040858","2022-08-12","28.945","50.835","20.7","BUSHEHR, IR","    0",",,S","  410",",,S","  326",",,S","  369","H,,S"
"IRM00040858","2022-08-13","28.945","50.835","20.7","BUSHEHR, IR","    0",",,S",,,"  306",",,S","  366","H,,S"
"IRM00040858","2022-08-14","28.945","50.835","20.7","BUSHEHR, IR","    0",",,S",,,,,"  350","H,,S"
"IRM00040858","2022-08-15","28.945","50.835","20.7","BUSHEHR, IR","    0",",,S","  396",",,S",,,"  341","H,,S"
"IRM00040858","2022-08-16","28.945","50.835","20.7","BUSHEHR, IR","    0",",,S","  384",",,S",,,"  347","H,,S"
"IRM00040858","2022-08-17","28.945","50.835","20.7","BUSHEHR, IR","    0",",,S","  382",",,S","  296",",,S","  341","H,,S"
"IRM00040858","2022-08-18","28.945","50.835","20.7","BUSHEHR, IR","    0",",,S","  384",",,S","  288",",,S","  344","H,,S"
"IRM00040858","2022-08-19","28.945","50.835","20.7","BUSHEHR, IR","    0",",,S","  386",",,S","  298",",,S","  344","H,,S"
"IRM00040858","2022-08-20","28.945","50.835","20.7","BUSHEHR, IR","    0",",,S",,,"  300",",,S","  349","H,,S"
"IRM00040858","2022-08-21","28.945","50.835","20.7","BUSHEHR, IR","    0",",,S","  392",",,S","  314",",,S","  353","H,,S"
"IRM00040858","2022-08-22","28.945","50.835","20.7","BUSHEHR, IR","    0",",,S","  394",",,S",,,"  351","H,,S"
"IRM00040858","2022-08-23","28.945","50.835","20.7","BUSHEHR, IR","    0",",,S","  406",",,S","  310",",,S","  367","H,,S"
"IRM00040858","2022-08-24","28.945","50.835","20.7","BUSHEHR, IR","    0",",,S","  396",",,S",,,"  353","H,,S"
"IRM00040858","2022-08-25","28.945","50.835","20.7","BUSHEHR, IR","    0",",,S","  402",",,S","  286",",,S","  344","H,,S"
"IRM00040858","2022-08-26","28.945","50.835","20.7","BUSHEHR, IR","    0",",,S","  402",",,S",,,"  347","H,,S"
"IRM00040858","2022-08-27","28.945","50.835","20.7","BUSHEHR, IR","    0",",,S","  406",",,S","  286",",,S","  337","H,,S"
"IRM00040858","2022-08-28","28.945","50.835","20.7","BUSHEHR, IR","    0",",,S",,,"  274",",,S","  331","H,,S"
"IRM00040858","2022-08-29","28.945","50.835","20.7","BUSHEHR, IR","    0",",,S","  380",",,S","  274",",,S","  332","H,,S"
"IRM00040858","2022-08-30","28.945","50.835","20.7","BUSHEHR, IR","    0",",,S","  380",",,S",,,"  332","H,,S"
"IRM00040858","2022-08-31","28.945","50.835","20.7","BUSHEHR, IR","    0",",,S","  378",",,S","  274",",,S","  326","H,,S"
"IRM00040858","2022-09-01","28.945","50.835","20.7","BUSHEHR, IR","    0",",,S","  382",",,S",,,"  333","H,,S"
"IRM00040858","2022-09-02","28.945","50.835","20.7","BUSHEHR, IR","    0",",,S",,,"  282",",,S","  337","H,,S"
"IRM00040858","2022-09-03","28.945","50.835","20.7","BUSHEHR, IR","    0",",,S","  380",",,S","  293",",,S","  341","H,,S"
"IRM00040858","2022-09-04","28.945","50.835","20.7","BUSHEHR, IR","    0",",,S",,,,,"  338","H,,S"
"IRM00040858","2022-09-05","28.945","50.835","20.7","BUSHEHR, IR","    0",",,S",,,"  296",",,S","  339","H,,S"
"IRM00040858","2022-09-06","28.945","50.835","20.7","BUSHEHR, IR","    0",",,S","  384",",,S",,,"  338","H,,S"
"IRM00040858","2022-09-07","28.945","50.835","20.7","BUSHEHR, IR","    0",",,S","  404",",,S",,,"  340","H,,S"
"IRM00040858","2022-09-08","28.945","50.835","20.7","BUSHEHR, IR","    0",",,S","  384",",,S","  282",",,S","  333","H,,S"
"IRM00040858","2022-09-09","28.945","50.835","20.7","BUSHEHR, IR","    0",",,S","  372",",,S","  296",",,S","  337","H,,S"
"IRM00040858","2022-09-10","28.945","50.835","20.7","BUSHEHR, IR","    0",",,S","  370",",,S",,,"  336","H,,S"
"IRM00040858","2022-09-11","28.945","50.835","20.7","BUSHEHR, IR","    0",",,S","  376",",,S",,,"  338","H,,S"
"IRM00040858","2022-09-12","28.945","50.835","20.7","BUSHEHR, IR","    0",",,S","  390",",,S",,,"  333","H,,S"
"IRM00040858","2022-09-13","28.945","50.835","20.7","BUSHEHR, IR","    0",",,S","  380",",,S",,,"  327","H,,S"
"IRM00040858","2022-09-14","28.945","50.835","20.7","BUSHEHR, IR","    0",",,S","  372",",,S",,,"  318","H,,S"
"IRM00040858","2022-09-15","28.945","50.835","20.7","BUSHEHR, IR","    0",",,S","  386",",,S","  260",",,S","  338","H,,S"
"IRM00040858","2022-09-16","28.945","50.835","20.7","BUSHEHR, IR","    0",",,S","  374",",,S",,,"  336","H,,S"
"IRM00040858","2022-09-17","28.945","50.835","20.7","BUSHEHR, IR","    0",",,S","  360",",,S",,,"  326","H,,S"
"IRM00040858","2022-09-18","28.945","50.835","20.7","BUSHEHR, IR","    0",",,S","  364",",,S",,,"  324","H,,S"
"IRM00040858","2022-09-19","28.945","50.835","20.7","BUSHEHR, IR","    0",",,S","  368",",,S","  270",",,S","  323","H,,S"
"IRM00040858","2022-09-20","28.945","50.835","20.7","BUSHEHR, IR","    0",",,S","  370",",,S",,,"  327","H,,S"
"IRM00040858","2022-09-21","28.945","50.835","20.7","BUSHEHR, IR","    0",",,S","  402",",,S","  260",",,S","  341","H,,S"
"IRM00040858","2022-09-22","28.945","50.835","20.7","BUSHEHR, IR","    0",",,S","  392",",,S","  270",",,S","  336","H,,S"
"IRM00040858","2022-09-23","28.945","50.835","20.7","BUSHEHR, IR","    0",",,S","  376",",,S","  270",",,S","  329","H,,S"
"IRM00040858","2022-09-24","28.945","50.835","20.7","BUSHEHR, IR","    0",",,S","  362",",,S",,,"  327","H,,S"
"IRM00040858","2022-09-25","28.945","50.835","20.7","BUSHEHR, IR","    0",",,S","  360",",,S","  280",",,S","  334","H,,S"
"IRM00040858","2022-09-26","28.945","50.835","20.7","BUSHEHR, IR","    0",",,S","  332",",,S","  304",",,S","  322","H,,S"
"IRM00040858","2022-09-27","28.945","50.835","20.7","BUSHEHR, IR","    0",",,S","  346",",,S","  248",",,S","  307","H,,S"
"IRM00040858","2022-09-28","28.945","50.835","20.7","BUSHEHR, IR","    0",",,S",,,"  236",",,S","  301","H,,S"
"IRM00040858","2022-09-29","28.945","50.835","20.7","BUSHEHR, IR","    0",",,S","  348",",,S","  230",",,S","  291","H,,S"
"IRM00040858","2022-09-30","28.945","50.835","20.7","BUSHEHR, IR","    0",",,S","  344",",,S","  230",",,S","  292","H,,S"
"IRM00040858","2022-10-01","28.945","50.835","20.7","BUSHEHR, IR","    0",",,S","  348",",,S","  234",",,S","  298","H,,S"
"IRM00040858","2022-10-02","28.945","50.835","20.7","BUSHEHR, IR","    0",",,S","  354",",,S","  252",",,S","  303","H,,S"
"IRM00040858","2022-10-03","28.945","50.835","20.7","BUSHEHR, IR","    0",",,S","  356",",,S",,,"  306","H,,S"
"IRM00040858","2022-10-04","28.945","50.835","20.7","BUSHEHR, IR","    0",",,S","  342",",,S","  246",",,S","  298","H,,S"
"IRM00040858","2022-10-05","28.945","50.835","20.7","BUSHEHR, IR","    0",",,S","  354",",,S","  248",",,S","  311","H,,S"
"IRM00040858","2022-10-06","28.945","50.835","20.7","BUSHEHR, IR",,,,,,,"  297","H,,S"
"IRM00040858","2022-10-07","28.945","50.835","20.7","BUSHEHR, IR","    0",",,S","  390",",,S","  224",",,S","  305","H,,S"
"IRM00040858","2022-10-08","28.945","50.835","20.7","BUSHEHR, IR","    0",",,S","  346",",,S","  228",",,S","  297","H,,S"
"IRM00040858","2022-10-09","28.945","50.835","20.7","BUSHEHR, IR","    0",",,S","  344",",,S","  222",",,S","  293","H,,S"
"IRM00040858","2022-10-10","28.945","50.835","20.7","BUSHEHR, IR","    0",",,S","  336",",,S","  226",",,S","  282","H,,S"
"IRM00040858","2022-10-11","28.945","50.835","20.7","BUSHEHR, IR","    0",",,S","  340",",,S","  220",",,S","  292","H,,S"
"IRM00040858","2022-10-12","28.945","50.835","20.7","BUSHEHR, IR","    0",",,S","  348",",,S","  244",",,S","  308","H,,S"
"IRM00040858","2022-10-13","28.945","50.835","20.7","BUSHEHR, IR","    0",",,S","  340",",,S",,,"  304","H,,S"
"IRM00040858","2022-10-14","28.945","50.835","20.7","BUSHEHR, IR","    0",",,S","  340",",,S","  240",",,S","  295","H,,S"
"IRM00040858","2022-10-15","28.945","50.835","20.7","BUSHEHR, IR","    0",",,S","  336",",,S",,,"  287","H,,S"
"IRM00040858","2022-10-16","28.945","50.835","20.7","BUSHEHR, IR","    0",",,S","  334",",,S","  220",",,S","  283","H,,S"
"IRM00040858","2022-10-17","28.945","50.835","20.7","BUSHEHR, IR","    0",",,S","  332",",,S",,,"  298","H,,S"
"IRM00040858","2022-10-18","28.945","50.835","20.7","BUSHEHR, IR","    0",",,S","  330",",,S","  240",",,S","  291","H,,S"
"IRM00040858","2022-10-19","28.945","50.835","20.7","BUSHEHR, IR","    0",",,S",,,,,"  287","H,,S"
"IRM00040858","2022-10-20","28.945","50.835","20.7","BUSHEHR, IR","    0",",,S","  332",",,S",,,"  278","H,,S"
"IRM00040858","2022-10-21","28.945","50.835","20.7","BUSHEHR, IR","    0",",,S","  344",",,S","  222",",,S","  291","H,,S"
"IRM00040858","2022-10-22","28.945","50.835","20.7","BUSHEHR, IR","    0",",,S","  360",",,S",,,"  292","H,,S"
"IRM00040858","2022-10-23","28.945","50.835","20.7","BUSHEHR, IR","    0",",,S","  324",",,S",,,"  269","H,,S"
"IRM00040858","2022-10-24","28.945","50.835","20.7","BUSHEHR, IR","    0",",,S",,,"  198",",,S","  271","H,,S"
"IRM00040858","2022-10-25","28.945","50.835","20.7","BUSHEHR, IR","    0",",,S","  320",",,S","  200",",,S","  273","H,,S"
"IRM00040858","2022-10-26","28.945","50.835","20.7","BUSHEHR, IR","    0",",,S","  322",",,S","  210",",,S","  274","H,,S"
"IRM00040858","2022-10-27","28.945","50.835","20.7","BUSHEHR, IR","    0",",,S","  328",",,S","  210",",,S","  281","H,,S"
"IRM00040858","2022-10-28","28.945","50.835","20.7","BUSHEHR, IR","    0",",,S",,,"  250",",,S","  288","H,,S"
"IRM00040858","2022-10-29","28.945","50.835","20.7","BUSHEHR, IR","    0",",,S","  310",",,S","  228",",,S","  280","H,,S"
"IRM00040858","2022-10-30","28.945","50.835","20.7","BUSHEHR, IR","    0",",,S","  330",",,S","  240",",,S","  289","H,,S"
"IRM00040858","2022-10-31","28.945","50.835","20.7","BUSHEHR, IR","    0",",,S","  324",",,S",,,"  286","H,,S"
"IRM00040858","2022-11-01","28.945","50.835","20.7","BUSHEHR, IR",,,,,,,"  288","H,,S"
"IRM00040858","2022-11-02","28.945","50.835","20.7","BUSHEHR, IR","    0",",,S",,,"  256",",,S","  296","H,,S"
"IRM00040858","2022-11-03","28.945","50.835","20.7","BUSHEHR, IR","    0",",,S","  322",",,S",,,"  263","H,,S"
"IRM00040858","2022-11-04","28.945","50.835","20.7","BUSHEHR, IR","   56",",,S","  284",",,S","  210",",,S","  248","H,,S"
"IRM00040858","2022-11-05","28.945","50.835","20.7","BUSHEHR, IR","    0",",,S","  280",",,S",,,"  245","H,,S"
"IRM00040858","2022-11-06","28.945","50.835","20.7","BUSHEHR, IR","    0",",,S","  274",",,S","  190",",,S","  239","H,,S"
"IRM00040858","2022-11-07","28.945","50.835","20.7","BUSHEHR, IR","    0",",,S","  282",",,S","  190",",,S","  238","H,,S"
"IRM00040858","2022-11-08","28.945","50.835","20.7","BUSHEHR, IR","    0",",,S","  302",",,S","  170",",,S","  251","H,,S"
"IRM00040858","2022-11-09","28.945","50.835","20.7","BUSHEHR, IR","  152",",,S","  294",",,S",,,"  249","H,,S"
"IRM00040858","2022-11-10","28.945","50.835","20.7","BUSHEHR, IR","    0",",,S","  286",",,S","  230",",,S","  259","H,,S"
"IRM00040858","2022-11-11","28.945","50.835","20.7","BUSHEHR, IR","   38",",,S",,,"  230",",,S","  273","H,,S"
"IRM00040858","2022-11-12","28.945","50.835","20.7","BUSHEHR, IR","    0",",,S","  292",",,S","  250",",,S","  267","H,,S"
"IRM00040858","2022-11-13","28.945","50.835","20.7","BUSHEHR, IR","    0",",,S","  286",",,S",,,"  259","H,,S"
"IRM00040858","2022-11-14","28.945","50.835","20.7","BUSHEHR, IR","    0",",,S","  280",",,S",,,"  242","H,,S"
"IRM00040858","2022-11-15","28.945","50.835","20.7","BUSHEHR, IR","    0",",,S","  270",",,S",,,"  236","H,,S"
"IRM00040858","2022-11-16","28.945","50.835","20.7","BUSHEHR, IR","    0",",,S",,,"  184",",,S","  249","H,,S"
"IRM00040858","2022-11-17","28.945","50.835","20.7","BUSHEHR, IR","    0",",,S","  314",",,S","  220",",,S","  268","H,,S"
"IRM00040858","2022-11-18","28.945","50.835","20.7","BUSHEHR, IR","  277",",,S","  260",",,S",,,"  229","H,,S"
"IRM00040858","2022-11-19","28.945","50.835","20.7","BUSHEHR, IR","    0",",,S","  250",",,S","  210",",,S","  225","H,,S"
"IRM00040858","2022-11-20","28.945","50.835","20.7","BUSHEHR, IR","    0",",,S","  246",",,S","  200",",,S","  219","H,,S"
"IRM00040858","2022-11-21","28.945","50.835","20.7","BUSHEHR, IR","    0",",,S","  246",",,S","  180",",,S","  217","H,,S"
"IRM00040858","2022-11-22","28.945","50.835","20.7","BUSHEHR, IR","    0",",,S","  282",",,S","  180",",,S","  236","H,,S"
"IRM00040858","2022-11-23","28.945","50.835","20.7","BUSHEHR, IR","    0",",,S","  290",",,S","  200",",,S","  241","H,,S"
"IRM00040858","2022-11-24","28.945","50.835","20.7","BUSHEHR, IR","    0",",,S","  284",",,S","  198",",,S","  237","H,,S"
"IRM00040858","2022-11-25","28.945","50.835","20.7","BUSHEHR, IR","    0",",,S","  296",",,S",,,"  236","H,,S"
"IRM00040858","2022-11-26","28.945","50.835","20.7","BUSHEHR, IR","    0",",,S","  308",",,S","  194",",,S","  241","H,,S"
"IRM00040858","2022-11-27","28.945","50.835","20.7","BUSHEHR, IR","    0",",,S","  280",",,S","  204",",,S","  247","H,,S"
"IRM00040858","2022-11-28","28.945","50.835","20.7","BUSHEHR, IR","    0",",,S","  264",",,S","  200",",,S","  239","H,,S"
"IRM00040858","2022-11-29","28.945","50.835","20.7","BUSHEHR, IR","    0",",,S","  280",",,S","  160",",,S","  226","H,,S"
"IRM00040858","2022-11-30","28.945","50.835","20.7","BUSHEHR, IR","    0",",,S","  294",",,S","  190",",,S","  243","H,,S"
"IRM00040858","2022-12-01","28.945","50.835","20.7","BUSHEHR, IR","    0",",,S","  268",",,S",,,"  234","H,,S"
"IRM00040858","2022-12-02","28.945","50.835","20.7","BUSHEHR, IR","    0",",,S","  260",",,S","  210",",,S","  230","H,,S"
"IRM00040858","2022-12-03","28.945","50.835","20.7","BUSHEHR, IR","    0",",,S","  250",",,S","  194",",,S","  226","H,,S"
"IRM00040858","2022-12-04","28.945","50.835","20.7","BUSHEHR, IR","    0",",,S","  244",",,S","  190",",,S","  224","H,,S"
"IRM00040858","2022-12-05","28.945","50.835","20.7","BUSHEHR, IR","    0",",,S","  240",",,S","  194",",,S","  221","H,,S"
"IRM00040858","2022-12-06","28.945","50.835","20.7","BUSHEHR, IR","  533",",,S","  235",",,S",,,"  183","H,,S"
"IRM00040858","2022-12-07","28.945","50.835","20.7","BUSHEHR, IR","  437",",,S","  212",",,S","  166",",,S","  181","H,,S"
"IRM00040858","2022-12-08","28.945","50.835","20.7","BUSHEHR, IR","    0",",,S","  228",",,S","  166",",,S","  199","H,,S"
"IRM00040858","2022-12-09","28.945","50.835","20.7","BUSHEHR, IR","    0",",,S","  228",",,S",,,"  191","H,,S"
"IRM00040858","2022-12-10","28.945","50.835","20.7","BUSHEHR, IR","    0",",,S",,,,,"  178","H,,S"
"IRM00040858","2022-12-11","28.945","50.835","20.7","BUSHEHR, IR","    0",",,S","  210",",,S",,,"  172","H,,S"
"IRM00040858","2022-12-12","28.945","50.835","20.7","BUSHEHR, IR","    0",",,S","  222",",,S","  130",",,S","  173","H,,S"
"IRM00040858","2022-12-13","28.945","50.835","20.7","BUSHEHR, IR","    0",",,S","  230",",,S","  105",",,S","  180","H,,S"
"IRM00040858","2022-12-14","28.945","50.835","20.7","BUSHEHR, IR","    0",",,S","  250",",,S",,,"  194","H,,S"
"IRM00040858","2022-12-15","28.945","50.835","20.7","BUSHEHR, IR","    0",",,S","  250",",,S","  158",",,S","  201","H,,S"
"IRM00040858","2022-12-16","28.945","50.835","20.7","BUSHEHR, IR","    0",",,S","  232",",,S","  165",",,S","  208","H,,S"
"IRM00040858","2022-12-17","28.945","50.835","20.7","BUSHEHR, IR","    0",",,S","  226",",,S","  170",",,S","  195","H,,S"
"IRM00040858","2022-12-18","28.945","50.835","20.7","BUSHEHR, IR","    0",",,S","  216",",,S","  162",",,S","  189","H,,S"
"IRM00040858","2022-12-19","28.945","50.835","20.7","BUSHEHR, IR","    0",",,S","  232",",,S","  138",",,S","  188","H,,S"
"IRM00040858","2022-12-20","28.945","50.835","20.7","BUSHEHR, IR","    0",",,S","  242",",,S","  118",",,S","  185","H,,S"
"IRM00040858","2022-12-21","28.945","50.835","20.7","BUSHEHR, IR","    0",",,S","  266",",,S","  140",",,S","  199","H,,S"
"IRM00040858","2022-12-22","28.945","50.835","20.7","BUSHEHR, IR","    0",",,S","  256",",,S","  146",",,S","  199","H,,S"
"IRM00040858","2022-12-23","28.945","50.835","20.7","BUSHEHR, IR","    0",",,S","  230",",,S","  170",",,S","  202","H,,S"
"IRM00040858","2022-12-24","28.945","50.835","20.7","BUSHEHR, IR","  188",",,S","  206",",,S",,,"  183","H,,S"
"IRM00040858","2022-12-25","28.945","50.835","20.7","BUSHEHR, IR","    0",",,S","  198",",,S","  158",",,S","  173","H,,S"
"IRM00040858","2022-12-26","28.945","50.835","20.7","BUSHEHR, IR","    0",",,S","  194",",,S",,,"  163","H,,S"
"IRM00040858","2022-12-27","28.945","50.835","20.7","BUSHEHR, IR","  152",",,S","  196",",,S","  120",",,S","  156","H,,S"
"IRM00040858","2022-12-28","28.945","50.835","20.7","BUSHEHR, IR","  170",",,S","  184",",,S","  126",",,S","  155","H,,S"
"IRM00040858","2022-12-29","28.945","50.835","20.7","BUSHEHR, IR","    0",",,S","  182",",,S","  120",",,S","  152","H,,S"
"IRM00040858","2022-12-30","28.945","50.835","20.7","BUSHEHR, IR","    0",",,S","  188",",,S","  116",",,S","  155","H,,S"
"IRM00040858","2022-12-31","28.945","50.835","20.7","BUSHEHR, IR","    0",",,S","  180",",,S","  140",",,S","  158","H,,S"
"IRM00040858","2023-01-01","28.945","50.835","20.7","BUSHEHR, IR","    0",",,S","  180",",,S",,,"  156","H,,S"
"IRM00040858","2023-01-02","28.945","50.835","20.7","BUSHEHR, IR","    0",",,S","  170",",,S","  130",",,S","  153","H,,S"
"IRM00040858","2023-01-03","28.945","50.835","20.7","BUSHEHR, IR","    0",",,S","  190",",,S","  130",",,S","  161","H,,S"
"IRM00040858","2023-01-04","28.945","50.835","20.7","BUSHEHR, IR","  234",",,S","  177",",,S","  125",",,S","  154","H,,S"
"IRM00040858","2023-01-05","28.945","50.835","20.7","BUSHEHR, IR","  274",",,S","  164",",,S",,,"  141","H,,S"
"IRM00040858","2023-01-06","28.945","50.835","20.7","BUSHEHR, IR","    0",",,S",,,"  118",",,S","  149","H,,S"
"IRM00040858","2023-01-07","28.945","50.835","20.7","BUSHEHR, IR","    0",",,S","  180",",,S","  130",",,S","  152","H,,S"
"IRM00040858","2023-01-08","28.945","50.835","20.7","BUSHEHR, IR","    0",",,S","  180",",,S","   89",",,S","  141","H,,S"
"IRM00040858","2023-01-09","28.945","50.835","20.7","BUSHEHR, IR","    0",",,S","  182",",,S","   90",",,S","  149","H,,S"
"IRM00040858","2023-01-10","28.945","50.835","20.7","BUSHEHR, IR","  399",",,S","  202",",,S","  134",",,S","  159","H,,S"
"IRM00040858","2023-01-11","28.945","50.835","20.7","BUSHEHR, IR","    0",",,S","  160",",,S",,,"  139","H,,S"
"IRM00040858","2023-01-12","28.945","50.835","20.7","BUSHEHR, IR","    0",",,S",,,,,"  127","H,,S"
"IRM00040858","2023-01-13","28.945","50.835","20.7","BUSHEHR, IR","    0",",,S",,,"   90",",,S","  152","H,,S"
"IRM00040858","2023-01-14","28.945","50.835","20.7","BUSHEHR, IR","  343",",,S","  196",",,S","  140",",,S","  165","H,,S"
"IRM00040858","2023-01-15","28.945","50.835","20.7","BUSHEHR, IR","  805",",,S","  184",",,S","  156",",,S","  167","H,,S"
"IRM00040858","2023-01-16","28.945","50.835","20.7","BUSHEHR, IR","   38",",,S","  210",",,S",,,"  181","H,,S"
"IRM00040858","2023-01-17","28.945","50.835","20.7","BUSHEHR, IR","  521",",,S","  194",",,S",,,"  164","H,,S"
"IRM00040858","2023-01-18","28.945","50.835","20.7","BUSHEHR, IR","    0",",,S","  172",",,S",,,"  149","H,,S"
"IRM00040858","2023-01-19","28.945","50.835","20.7","BUSHEHR, IR","    0",",,S",,,"  114",",,S","  143","H,,S"
"IRM00040858","2023-01-20","28.945","50.835","20.7","BUSHEHR, IR","    0",",,S","  156",",,S","   87",",,S","  131","H,,S"
"IRM00040858","2023-01-21","28.945","50.835","20.7","BUSHEHR, IR","    0",",,S","  182",",,S","  110",",,S","  147","H,,S"
"IRM00040858","2023-01-22","28.945","50.835","20.7","BUSHEHR, IR","    0",",,S","  202",",,S","  115",",,S","  158","H,,S"
"IRM00040858","2023-01-23","28.945","50.835","20.7","BUSHEHR, IR","    0",",,S","  200",",,S",,,"  167","H,,S"
"IRM00040858","2023-01-24","28.945","50.835","20.7","BUSHEHR, IR","    0",",,S","  194",",,S","  135",",,S","  163","H,,S"
"IRM00040858","2023-01-25","28.945","50.835","20.7","BUSHEHR, IR","    0",",,S","  206",",,S","  138",",,S","  167","H,,S"
"IRM00040858","2023-01-26","28.945","50.835","20.7","BUSHEHR, IR","    5",",,S","  170",",,S","  144",",,S","  157","H,,S"
"IRM00040858","2023-01-27","28.945","50.835","20.7","BUSHEHR, IR","    0",",,S",,,,,"  158","H,,S"
"IRM00040858","2023-01-28","28.945","50.835","20.7","BUSHEHR, IR","    0",",,S","  188",",,S","   90",",,S","  147","H,,S"
"IRM00040858","2023-01-29","28.945","50.835","20.7","BUSHEHR, IR","    0",",,S","  186",",,S","  104",",,S","  149","H,,S"
"IRM00040858","2023-01-30","28.945","50.835","20.7","BUSHEHR, IR","    0",",,S","  230",",,S",,,"  176","H,,S"
"IRM00040858","2023-01-31","28.945","50.835","20.7","BUSHEHR, IR","   25",",,S","  230",",,S",,,"  191","H,,S"
"IRM00040858","2023-02-01","28.945","50.835","20.7","BUSHEHR, IR","   23",",,S",,,"  170",",,S","  202","H,,S"
"IRM00040858","2023-02-02","28.945","50.835","20.7","BUSHEHR, IR","   10",",,S",,,,,"  186","H,,S"
"IRM00040858","2023-02-03","28.945","50.835","20.7","BUSHEHR, IR","    0",",,S","  198",",,S",,,"  173","H,,S"
"IRM00040858","2023-02-04","28.945","50.835","20.7","BUSHEHR, IR","    0",",,S",,,"  136",",,S","  159","H,,S"
"IRM00040858","2023-02-05","28.945","50.835","20.7","BUSHEHR, IR","    0",",,S","  194",",,S",,,"  162","H,,S"
"IRM00040858","2023-02-06","28.945","50.835","20.7","BUSHEHR, IR","    0",",,S","  230",",,S","  118",",,S","  188","H,,S"
"IRM00040858","2023-02-07","28.945","50.835","20.7","BUSHEHR, IR","   28",",,S","  236",",,S","  156",",,S","  192","H,,S"
"IRM00040858","2023-02-08","28.945","50.835","20.7","BUSHEHR, IR","    0",",,S","  198",",,S",,,"  169","H,,S"
"IRM00040858","2023-02-09","28.945","50.835","20.7","BUSHEHR, IR","    0",",,S","  180",",,S",,,"  154","H,,S"
"IRM00040858","2023-02-10","28.945","50.835","20.7","BUSHEHR, IR","    0",",,S","  160",",,S","  108",",,S","  128","H,,S"
"IRM00040858","2023-02-11","28.945","50.835","20.7","BUSHEHR, IR","    0",",,S","  178",",,S","   96",",,S","  143","H,,S"
"IRM00040858","2023-02-12","28.945","50.835","20.7","BUSHEHR, IR","    0",",,S","  238",",,S","  138",",,S","  193","H,,S"
"IRM00040858","2023-02-13","28.945","50.835","20.7","BUSHEHR, IR","    0",",,S","  222",",,S",,,"  183","H,,S"
"IRM00040858","2023-02-14","28.945","50.835","20.7","BUSHEHR, IR","    0",",,S",,,"  160",",,S","  197","H,,S"
"IRM00040858","2023-02-15","28.945","50.835","20.7","BUSHEHR, IR","    0",",,S","  250",",,S",,,"  194","H,,S"
"IRM00040858","2023-02-16","28.945","50.835","20.7","BUSHEHR, IR","    0",",,S","  204",",,S","  150",",,S","  161","H,,S"
"IRM00040858","2023-02-17","28.945","50.835","20.7","BUSHEHR, IR","    0",",,S","  170",",,S","  130",",,S","  143","H,,S"
"IRM00040858","2023-02-18","28.945","50.835","20.7","BUSHEHR, IR","    0",",,S","  156",",,S","  106",",,S","  137","H,,S"
"IRM00040858","2023-02-19","28.945","50.835","20.7","BUSHEHR, IR","    0",",,S","  176",",,S",,,"  145","H,,S"
"IRM00040858","2023-02-20","28.945","50.835","20.7","BUSHEHR, IR","    0",",,S","  192",",,S",,,"  146","H,,S"
"IRM00040858","2023-02-21","28.945","50.835","20.7","BUSHEHR, IR","    0",",,S",,,"   90",",,S","  158","H,,S"
"IRM00040858","2023-02-22","28.945","50.835","20.7","BUSHEHR, IR","    0",",,S","  240",",,S","  109",",,S","  174","H,,S"
"IRM00040858","2023-02-23","28.945","50.835","20.7","BUSHEHR, IR","    0",",,S","  274",",,S","  130",",,S","  208","H,,S"
"IRM00040858","2023-02-24","28.945","50.835","20.7","BUSHEHR, IR","    0",",,S","  286",",,S",,,"  216","H,,S"
"IRM00040858","2023-02-25","28.945","50.835","20.7","BUSHEHR, IR","    0",",,S","  278",",,S","  160",",,S","  203","H,,S"
"IRM00040858","2023-02-26","28.945","50.835","20.7","BUSHEHR, IR","    0",",,S","  286",",,S","  172",",,S","  229","H,,S"
"IRM00040858","2023-02-27","28.945","50.835","20.7","BUSHEHR, IR","    0",",,S","  270",",,S",,,"  221","H,,S"
"IRM00040858","2023-02-28","28.945","50.835","20.7","BUSHEHR, IR","    0",",,S","  226",",,S","  167",",,S","  196","H,,S"
"IRM00040858","2023-03-01","28.945","50.835","20.7","BUSHEHR, IR","    0",",,S","  224",",,S",,,"  190","H,,S"
"IRM00040858","2023-03-02","28.945","50.835","20.7","BUSHEHR, IR","    0",",,S","  220",",,S",,,"  186","H,,S"
"IRM00040858","2023-03-03","28.945","50.835","20.7","BUSHEHR, IR","    0",",,S","  232",",,S","  136",",,S","  198","H,,S"
"IRM00040858","2023-03-04","28.945","50.835","20.7","BUSHEHR, IR","    0",",,S","  288",",,S","  122",",,S","  203","H,,S"
"IRM00040858","2023-03-05","28.945","50.835","20.7","BUSHEHR, IR","    0",",,S","  312",",,S","  148",",,S","  218","H,,S"
"IRM00040858","2023-03-06","28.945","50.835","20.7","BUSHEHR, IR","    0",",,S",,,"  180",",,S","  226","H,,S"
"IRM00040858","2023-03-07","28.945","50.835","20.7","BUSHEHR, IR","    0",",,S",,,"  190",",,S","  236","H,,S"
"IRM00040858","2023-03-08","28.945","50.835","20.7","BUSHEHR, IR","    0",",,S","  300",",,S","  210",",,S","  241","H,,S"
"IRM00040858","2023-03-09","28.945","50.835","20.7","BUSHEHR, IR","    0",",,S","  308",",,S","  230",",,S","  265","H,,S"
"IRM00040858","2023-03-10","28.945","50.835","20.7","BUSHEHR, IR","    0",",,S","  276",",,S",,,"  217","H,,S"
"IRM00040858","2023-03-11","28.945","50.835","20.7","BUSHEHR, IR","    0",",,S","  226",",,S","  176",",,S","  203","H,,S"
"IRM00040858","2023-03-12","28.945","50.835","20.7","BUSHEHR, IR","    0",",,S",,,"  170",",,S","  213","H,,S"
"IRM00040858","2023-03-13","28.945","50.835","20.7","BUSHEHR, IR","   23",",,S","  238",",,S",,,"  203","H,,S"
"IRM00040858","2023-03-14","28.945","50.835","20.7","BUSHEHR, IR","    0",",,S","  260",",,S",,,"  216","H,,S"
"IRM00040858","2023-03-15","28.945","50.835","20.7","BUSHEHR, IR","    0",",,S","  296",",,S","  170",",,S","  234","H,,S"
"IRM00040858","2023-03-16","28.945","50.835","20.7","BUSHEHR, IR","    0",",,S","  238",",,S",,,"  218","H,,S"
"IRM00040858","2023-03-17","28.945","50.835","20.7","BUSHEHR, IR","    0",",,S","  234",",,S",,,"  213","H,,S"
"IRM00040858","2023-03-18","28.945","50.835","20.7","BUSHEHR, IR","    0",",,S","  246",",,S","  160",",,S","  202","H,,S"
"IRM00040858","2023-03-19","28.945","50.835","20.7","BUSHEHR, IR","    0",",,S",,,"  150",",,S","  210","H,,S"
"IRM00040858","2023-03-20","28.945","50.835","20.7","BUSHEHR, IR","    0",",,S","  256",",,S","  160",",,S","  216","H,,S"
"IRM00040858","2023-03-21","28.945","50.835","20.7","BUSHEHR, IR","    0",",,S",,,,,"  207","H,,S"
"IRM00040858","2023-03-22","28.945","50.835","20.7","BUSHEHR, IR","    0",",,S","  240",",,S","  146",",,S","  197","H,,S"
"IRM00040858","2023-03-23","28.945","50.835","20.7","BUSHEHR, IR","    0",",,S","  220",",,S","  130",",,S","  192","H,,S"
"IRM00040858","2023-03-24","28.945","50.835","20.7","BUSHEHR, IR","    0",",,S","  234",",,S",,,"  202","H,,S"
"IRM00040858","2023-03-25","28.945","50.835","20.7","BUSHEHR, IR","    0",",,S","  244",",,S","  140",",,S","  204","H,,S"
"IRM00040858","2023-03-26","28.945","50.835","20.7","BUSHEHR, IR","    0",",,S","  242",",,S","  190",",,S","  220","H,,S"
"IRM00040858","2023-03-27","28.945","50.835","20.7","BUSHEHR, IR","    8",",,S","  296",",,S","  180",",,S","  223","H,,S"
"IRM00040858","2023-03-28","28.945","50.835","20.7","BUSHEHR, IR","    0",",,S","  243",",,S","  182",",,S","  219","H,,S"
"IRM00040858","2023-03-29","28.945","50.835","20.7","BUSHEHR, IR","    0",",,S","  244",",,S","  202",",,S","  221","H,,S"
"IRM00040858","2023-03-30","28.945","50.835","20.7","BUSHEHR, IR","    0",",,S","  252",",,S","  160",",,S","  221","H,,S"
"IRM00040858","2023-03-31","28.945","50.835","20.7","BUSHEHR, IR","    0",",,S","  300",",,S",,,"  231","H,,S"
"IRM00040858","2023-04-01","28.945","50.835","20.7","BUSHEHR, IR","    0",",,S","  236",",,S",,,"  201","H,,S"
"IRM00040858","2023-04-02","28.945","50.835","20.7","BUSHEHR, IR","    0",",,S","  210",",,S","  150",",,S","  185","H,,S"
"IRM00040858","2023-04-03","28.945","50.835","20.7","BUSHEHR, IR","    0",",,S",,,"  160",",,S","  196","H,,S"
"IRM00040858","2023-04-04","28.945","50.835","20.7","BUSHEHR, IR","    0",",,S",,,,,"  198","H,,S"
"IRM00040858","2023-04-05","28.945","50.835","20.7","BUSHEHR, IR","    0",",,S",,,,,"  202","H,,S"
"IRM00040858","2023-04-06","28.945","50.835","20.7","BUSHEHR, IR","    0",",,S","  260",",,S","  146",",,S","  214","H,,S"
"IRM00040858","2023-04-07","28.945","50.835","20.7","BUSHEHR, IR","    0",",,S","  292",",,S","  190",",,S","  233","H,,S"
"IRM00040858","2023-04-08","28.945","50.835","20.7","BUSHEHR, IR","    0",",,S",,,,,"  224","H,,S"
"IRM00040858","2023-04-09","28.945","50.835","20.7","BUSHEHR, IR","    0",",,S",,,"  158",",,S","  228","H,,S"
"IRM00040858","2023-04-10","28.945","50.835","20.7","BUSHEHR, IR","    0",",,S",,,"  186",",,S","  250","H,,S"
"IRM00040858","2023-04-11","28.945","50.835","20.7","BUSHEHR, IR","    0",",,S",,,"  200",",,S","  262","H,,S"
"IRM00040858","2023-04-12","28.945","50.835","20.7","BUSHEHR, IR","    0",",,S","  344",",,S","  200",",,S","  270","H,,S"
"IRM00040858","2023-04-13","28.945","50.835","20.7","BUSHEHR, IR","    3",",,S","  344",",,S","  220",",,S","  246","H,,S"
"IRM00040858","2023-04-14","28.945","50.835","20.7","BUSHEHR, IR","    0",",,S","  264",",,S",,,"  233","H,,S"
"IRM00040858","2023-04-15","28.945","50.835","20.7","BUSHEHR, IR","    0",",,S","  242",",,S","  202",",,S","  230","H,,S"
"IRM00040858","2023-04-16","28.945","50.835","20.7","BUSHEHR, IR","    0",",,S",,,,,"  219","H,,S"
"IRM00040858","2023-04-17","28.945","50.835","20.7","BUSHEHR, IR","    0",",,S","  258",",,S",,,"  219","H,,S"
"IRM00040858","2023-04-18","28.945","50.835","20.7","BUSHEHR, IR","    0",",,S","  270",",,S","  158",",,S","  223","H,,S"
"IRM00040858","2023-04-19","28.945","50.835","20.7","BUSHEHR, IR","    0",",,S","  276",",,S","  180",",,S","  231","H,,S"
"IRM00040858","2023-04-20","28.945","50.835","20.7","BUSHEHR, IR","    0",",,S","  290",",,S","  166",",,S","  235","H,,S"
"IRM00040858","2023-04-21","28.945","50.835","20.7","BUSHEHR, IR","    0",",,S",,,"  164",",,S","  234","H,,S"
"IRM00040858","2023-04-22","28.945","50.835","20.7","BUSHEHR, IR","    0",",,S","  304",",,S","  172",",,S","  242","H,,S"
"IRM00040858","2023-04-23","28.945","50.835","20.7","BUSHEHR, IR","    0",",,S","  324",",,S","  176",",,S","  258","H,,S"
"IRM00040858","2023-04-24","28.945","50.835","20.7","BUSHEHR, IR","    0",",,S","  314",",,S",,,"  268","H,,S"
"IRM00040858","2023-04-25","28.945","50.835","20.7","BUSHEHR, IR","    0",",,S",,,"  220",",,S","  268","H,,S"
"IRM00040858","2023-04-26","28.945","50.835","20.7","BUSHEHR, IR","    0",",,S","  296",",,S",,,"  259","H,,S"
"IRM00040858","2023-04-27","28.945","50.835","20.7","BUSHEHR, IR","    0",",,S",,,"  202",",,S","  257","H,,S"
"IRM00040858","2023-04-28","28.945","50.835","20.7","BUSHEHR, IR","    0",",,S",,,,,"  261","H,,S"
"IRM00040858","2023-04-29","28.945","50.835","20.7","BUSHEHR, IR","    0",",,S","  350",",,S","  200",",,S","  281","H,,S"
"IRM00040858","2023-04-30","28.945","50.835","20.7","BUSHEHR, IR","    0",",,S",,,"  224",",,S","  284","H,,S"
"IRM00040858","2023-05-01","28.945","50.835","20.7","BUSHEHR, IR","    0",",,S",,,"  214",",,S","  280","H,,S"
"IRM00040858","2023-05-02","28.945","50.835","20.7","BUSHEHR, IR","    0",",,S","  294",",,S",,,"  269","H,,S"
"IRM00040858","2023-05-03","28.945","50.835","20.7","BUSHEHR, IR","    0",",,S","  280",",,S",,,"  264","H,,S"
"IRM00040858","2023-05-04","28.945","50.835","20.7","BUSHEHR, IR","    0",",,S",,,"  244",",,S","  267","H,,S"
"IRM00040858","2023-05-05","28.945","50.835","20.7","BUSHEHR, IR","    0",",,S","  294",",,S",,,"  242","H,,S"
"IRM00040858","2023-05-06","28.945","50.835","20.7","BUSHEHR, IR","    0",",,S",,,,,"  237","H,,S"
"IRM00040858","2023-05-07","28.945","50.835","20.7","BUSHEHR, IR","    0",",,S",,,"  160",",,S","  257","H,,S"
"IRM00040858","2023-05-08","28.945","50.835","20.7","BUSHEHR, IR","    0",",,S",,,"  194",",,S","  290","H,,S"
"IRM00040858","2023-05-09","28.945","50.835","20.7","BUSHEHR, IR","    0",",,S","  360",",,S","  258",",,S","  308","H,,S"
"IRM00040858","2023-05-10","28.945","50.835","20.7","BUSHEHR, IR","    0",",,S","  378",",,S",,,"  299","H,,S"
"IRM00040858","2023-05-11","28.945","50.835","20.7","BUSHEHR, IR","    0",",,S","  358",",,S","  246",",,S","  294","H,,S"
"IRM00040858","2023-05-12","28.945","50.835","20.7","BUSHEHR, IR","    0",",,S",,,"  244",",,S","  311","H,,S"
"IRM00040858","2023-05-13","28.945","50.835","20.7","BUSHEHR, IR","    0",",,S","  382",",,S","  250",",,S","  319","H,,S"
"IRM00040858","2023-05-14","28.945","50.835","20.7","BUSHEHR, IR","    0",",,S","  336",",,S","  248",",,S","  296","H,,S"
"IRM00040858","2023-05-15","28.945","50.835","20.7","BUSHEHR, IR","    0",",,S","  302",",,S",,,"  278","H,,S"
"IRM00040858","2023-05-16","28.945","50.835","20.7","BUSHEHR, IR","    0",",,S",,,"  242",",,S","  285","H,,S"
"IRM00040858","2023-05-17","28.945","50.835","20.7","BUSHEHR, IR","    0",",,S",,,,,"  290","H,,S"
"IRM00040858","2023-05-18","28.945","50.835","20.7","BUSHEHR, IR","    0",",,S",,,"  230",",,S","  293","H,,S"
"IRM00040858","2023-05-19","28.945","50.835","20.7","BUSHEHR, IR","    0",",,S",,,"  260",",,S","  304","H,,S"
"IRM00040858","2023-05-20","28.945","50.835","20.7","BUSHEHR, IR","    0",",,S","  356",",,S","  262",",,S","  311","H,,S"
"IRM00040858","2023-05-21","28.945","50.835","20.7","BUSHEHR, IR","    0",",,S",,,"  266",",,S","  311","H,,S"
"IRM00040858","2023-05-22","28.945","50.835","20.7","BUSHEHR, IR","    0",",,S","  360",",,S","  250",",,S","  302","H,,S"
"IRM00040858","2023-05-23","28.945","50.835","20.7","BUSHEHR, IR","    0",",,S","  330",",,S","  260",",,S","  294","H,,S"
"IRM00040858","2023-05-24","28.945","50.835","20.7","BUSHEHR, IR","    0",",,S",,,"  260",",,S","  309","H,,S"
"IRM00040858","2023-05-25","28.945","50.835","20.7","BUSHEHR, IR","    0",",,S","  372",",,S","  270",",,S","  318","H,,S"
"IRM00040858","2023-05-26","28.945","50.835","20.7","BUSHEHR, IR","    0",",,S","  338",",,S",,,"  310","H,,S"
"IRM00040858","2023-05-27","28.945","50.835","20.7","BUSHEHR, IR","    0",",,S",,,"  270",",,S","  313","H,,S"
"IRM00040858","2023-05-28","28.945","50.835","20.7","BUSHEHR, IR","    0",",,S","  346",",,S","  240",",,S","  312","H,,S"
"IRM00040858","2023-05-29","28.945","50.835","20.7","BUSHEHR, IR","    0",",,S","  340",",,S","  248",",,S","  307","H,,S"
"IRM00040858","2023-05-30","28.945","50.835","20.7","BUSHEHR, IR","    0",",,S",,,"  280",",,S","  317","H,,S"
"IRM00040858","2023-05-31","28.945","50.835","20.7","BUSHEHR, IR","    0",",,S","  352",",,S",,,"  316","H,,S"
"IRM00040858","2023-06-01","28.945","50.835","20.7","BUSHEHR, IR","    0",",,S","  356",",,S","  300",",,S","  320","H,,S"
"IRM00040858","2023-06-02","28.945","50.835","20.7","BUSHEHR, IR","    0",",,S","  332",",,S",,,"  308","H,,S"
"IRM00040858","2023-06-03","28.945","50.835","20.7","BUSHEHR, IR","    0",",,S","  330",",,S",,,"  300","H,,S"
"IRM00040858","2023-06-04","28.945","50.835","20.7","BUSHEHR, IR","    0",",,S",,,"  256",",,S","  303","H,,S"
"IRM00040858","2023-06-05","28.945","50.835","20.7","BUSHEHR, IR","    0",",,S","  427",",,S","  260",",,S","  311","H,,S"
"IRM00040858","2023-06-06","28.945","50.835","20.7","BUSHEHR, IR","    0",",,S",,,"  265",",,S","  308","H,,S"
"IRM00040858","2023-06-07","28.945","50.835","20.7","BUSHEHR, IR","    0",",,S","  360",",,S","  272",",,S","  322","H,,S"
"IRM00040858","2023-06-08","28.945","50.835","20.7","BUSHEHR, IR","    0",",,S","  390",",,S","  278",",,S","  331","H,,S"
"IRM00040858","2023-06-09","28.945","50.835","20.7","BUSHEHR, IR","    0",",,S","  384",",,S","  280",",,S","  330","H,,S"
"IRM00040858","2023-06-10","28.945","50.835","20.7","BUSHEHR, IR","    0",",,S","  354",",,S","  278",",,S","  332","H,,S"
"IRM00040858","2023-06-11","28.945","50.835","20.7","BUSHEHR, IR","    0",",,S",,,"  300",",,S","  339","H,,S"
"IRM00040858","2023-06-12","28.945","50.835","20.7","BUSHEHR, IR","    0",",,S","  386",",,S",,,"  344","H,,S"
"IRM00040858","2023-06-13","28.945","50.835","20.7","BUSHEHR, IR","    0",",,S","  382",",,S","  296",",,S","  346","H,,S"
"IRM00040858","2023-06-14","28.945","50.835","20.7","BUSHEHR, IR","    0",",,S",,,,,"  343","H,,S"
"IRM00040858","2023-06-15","28.945","50.835","20.7","BUSHEHR, IR","    0",",,S",,,"  304",",,S","  326","H,,S"
"IRM00040858","2023-06-16","28.945","50.835","20.7","BUSHEHR, IR","    0",",,S","  354",",,S","  306",",,S","  331","H,,S"
"IRM00040858","2023-06-17","28.945","50.835","20.7","BUSHEHR, IR","    0",",,S","  342",",,S",,,"  317","H,,S"
"IRM00040858","2023-06-18","28.945","50.835","20.7","BUSHEHR, IR","    0",",,S","  342",",,S","  276",",,S","  311","H,,S"
"IRM00040858","2023-06-19","28.945","50.835","20.7","BUSHEHR, IR","    0",",,S","  360",",,S",,,"  324","H,,S"
"IRM00040858","2023-06-20","28.945","50.835","20.7","BUSHEHR, IR","    0",",,S",,,"  272",",,S","  323","H,,S"
"IRM00040858","2023-06-21","28.945","50.835","20.7","BUSHEHR, IR","    0",",,S",,,"  300",",,S","  325","H,,S"
"IRM00040858","2023-06-22","28.945","50.835","20.7","BUSHEHR, IR","    0",",,S","  340",",,S",,,"  313","H,,S"
"IRM00040858","2023-06-23","28.945","50.835","20.7","BUSHEHR, IR","    0",",,S",,,"  252",",,S","  309","H,,S"
"IRM00040858","2023-06-24","28.945","50.835","20.7","BUSHEHR, IR","    0",",,S","  358",",,S",,,"  316","H,,S"
"IRM00040858","2023-06-25","28.945","50.835","20.7","BUSHEHR, IR","    0",",,S","  354",",,S",,,"  326","H,,S"
"IRM00040858","2023-06-26","28.945","50.835","20.7","BUSHEHR, IR","    0",",,S","  364",",,S",,,"  319","H,,S"
"IRM00040858","2023-06-27","28.945","50.835","20.7","BUSHEHR, IR","    0",",,S",,,,,"  310","H,,S"
"IRM00040858","2023-06-28","28.945","50.835","20.7","BUSHEHR, IR","    0",",,S","  352",",,S","  250",",,S","  304","H,,S"
"IRM00040858","2023-06-29","28.945","50.835","20.7","BUSHEHR, IR","    0",",,S",,,"  268",",,S","  319","H,,S"
"IRM00040858","2023-06-30","28.945","50.835","20.7","BUSHEHR, IR","    0",",,S",,,"  280",",,S","  335","H,,S"
"IRM00040858","2023-07-01","28.945","50.835","20.7","BUSHEHR, IR","    0",",,S","  386",",,S",,,"  328","H,,S"
"IRM00040858","2023-07-02","28.945","50.835","20.7","BUSHEHR, IR","    0",",,S","  370",",,S","  282",",,S","  341","H,,S"
"IRM00040858","2023-07-03","28.945","50.835","20.7","BUSHEHR, IR","    0",",,S","  354",",,S",,,"  324","H,,S"
"IRM00040858","2023-07-04","28.945","50.835","20.7","BUSHEHR, IR","    0",",,S","  360",",,S",,,"  321","H,,S"
"IRM00040858","2023-07-05","28.945","50.835","20.7","BUSHEHR, IR","    0",",,S",,,"  258",",,S","  317","H,,S"
"IRM00040858","2023-07-06","28.945","50.835","20.7","BUSHEHR, IR","    0",",,S",,,"  256",",,S","  325","H,,S"
"IRM00040858","2023-07-07","28.945","50.835","20.7","BUSHEHR, IR","    0",",,S","  404",",,S","  276",",,S","  337","H,,S"
"IRM00040858","2023-07-08","28.945","50.835","20.7","BUSHEHR, IR","    0",",,S",,,"  270",",,S","  334","H,,S"
"IRM00040858","2023-07-09","28.945","50.835","20.7","BUSHEHR, IR","    0",",,S","  410",",,S","  280",",,S","  332","H,,S"
"IRM00040858","2023-07-10","28.945","50.835","20.7","BUSHEHR, IR","    0",",,S","  380",",,S",,,"  334","H,,S"
"IRM00040858","2023-07-11","28.945","50.835","20.7","BUSHEHR, IR","    0",",,S",,,"  280",",,S","  352","H,,S"
"IRM00040858","2023-07-12","28.945","50.835","20.7","BUSHEHR, IR","    0",",,S","  400",",,S","  338",",,S","  360","H,,S"
"IRM00040858","2023-07-13","28.945","50.835","20.7","BUSHEHR, IR","    0",",,S","  362",",,S",,,"  329","H,,S"
"IRM00040858","2023-07-14","28.945","50.835","20.7","BUSHEHR, IR","    0",",,S","  382",",,S","  286",",,S","  335","H,,S"
"IRM00040858","2023-07-15","28.945","50.835","20.7","BUSHEHR, IR","    0",",,S","  380",",,S","  310",",,S","  339","H,,S"
"IRM00040858","2023-07-16","28.945","50.835","20.7","BUSHEHR, IR","    0",",,S","  370",",,S","  306",",,S","  338","H,,S"
"IRM00040858","2023-07-17","28.945","50.835","20.7","BUSHEHR, IR","    0",",,S","  392",",,S","  300",",,S","  353","H,,S"
"IRM00040858","2023-07-18","28.945","50.835","20.7","BUSHEHR, IR","    0",",,S",,,"  290",",,S","  356","H,,S"
"IRM00040858","2023-07-19","28.945","50.835","20.7","BUSHEHR, IR","    0",",,S",,,,,"  351","H,,S"
"IRM00040858","2023-07-20","28.945","50.835","20.7","BUSHEHR, IR","    0",",,S","  382",",,S",,,"  349","H,,S"
"IRM00040858","2023-07-21","28.945","50.835","20.7","BUSHEHR, IR","    0",",,S","  383",",,S","  270",",,S","  332","H,,S"
"IRM00040858","2023-07-22","28.945","50.835","20.7","BUSHEHR, IR","    0",",,S","  380",",,S",,,"  340","H,,S"
"IRM00040858","2023-07-23","28.945","50.835","20.7","BUSHEHR, IR","    0",",,S",,,"  292",",,S","  346","H,,S"
"IRM00040858","2023-07-24","28.945","50.835","20.7","BUSHEHR, IR","    0",",,S","  386",",,S",,,"  342","H,,S"
"IRM00040858","2023-07-25","28.945","50.835","20.7","BUSHEHR, IR","    0",",,S",,,"  290",",,S","  338","H,,S"
"IRM00040858","2023-07-26","28.945","50.835","20.7","BUSHEHR, IR","    0",",,S",,,,,"  344","H,,S"
"IRM00040858","2023-07-27","28.945","50.835","20.7","BUSHEHR, IR","    0",",,S","  380",",,S","  290",",,S","  338","H,,S"
"IRM00040858","2023-07-28","28.945","50.835","20.7","BUSHEHR, IR","    0",",,S","  382",",,S","  300",",,S","  343","H,,S"
"IRM00040858","2023-07-29","28.945","50.835","20.7","BUSHEHR, IR","    0",",,S","  393",",,S","  290",",,S","  344","H,,S"
"IRM00040858","2023-07-30","28.945","50.835","20.7","BUSHEHR, IR","    0",",,S","  392",",,S",,,"  344","H,,S"
"IRM00040858","2023-07-31","28.945","50.835","20.7","BUSHEHR, IR","    0",",,S",,,"  284",",,S","  347","H,,S"
"IRM00040858","2023-08-01","28.945","50.835","20.7","BUSHEHR, IR","    0",",,S","  400",",,S","  286",",,S","  344","H,,S"
"IRM00040858","2023-08-02","28.945","50.835","20.7","BUSHEHR, IR","    0",",,S",,,"  300",",,S","  352","H,,S"
"IRM00040858","2023-08-03","28.945","50.835","20.7","BUSHEHR, IR","    0",",,S","  392",",,S","  306",",,S","  363","H,,S"
"IRM00040858","2023-08-04","28.945","50.835","20.7","BUSHEHR, IR","    0",",,S","  390",",,S",,,"  359","H,,S"
"IRM00040858","2023-08-05","28.945","50.835","20.7","BUSHEHR, IR","    0",",,S",,,"  310",",,S","  356","H,,S"
"IRM00040858","2023-08-06","28.945","50.835","20.7","BUSHEHR, IR","    0",",,S","  392",",,S",,,"  355","H,,S"
"IRM00040858","2023-08-07","28.945","50.835","20.7","BUSHEHR, IR","    0",",,S",,,,,"  353","H,,S"
"IRM00040858","2023-08-08","28.945","50.835","20.7","BUSHEHR, IR","    0",",,S","  392",",,S","  306",",,S","  357","H,,S"
"IRM00040858","2023-08-09","28.945","50.835","20.7","BUSHEHR, IR","    0",",,S",,,"  295",",,S","  368","H,,S"
"IRM00040858","2023-08-10","28.945","50.835","20.7","BUSHEHR, IR","    0",",,S","  400",",,S","  338",",,S","  369","H,,S"
"IRM00040858","2023-08-11","28.945","50.835","20.7","BUSHEHR, IR","    0",",,S","  400",",,S",,,"  366","H,,S"
"IRM00040858","2023-08-12","28.945","50.835","20.7","BUSHEHR, IR","    0",",,S","  390",",,S","  300",",,S","  358","H,,S"
"IRM00040858","2023-08-13","28.945","50.835","20.7","BUSHEHR, IR","    0",",,S","  404",",,S","  290",",,S","  353","H,,S"
"IRM00040858","2023-08-14","28.945","50.835","20.7","BUSHEHR, IR","    0",",,S","  474",",,S",,,"  372","H,,S"
"IRM00040858","2023-08-15","28.945","50.835","20.7","BUSHEHR, IR","    0",",,S",,,"  292",",,S","  362","H,,S"
"IRM00040858","2023-08-16","28.945","50.835","20.7","BUSHEHR, IR","    0",",,S",,,"  286",",,S","  364","H,,S"
"IRM00040858","2023-08-17","28.945","50.835","20.7","BUSHEHR, IR","    0",",,S",,,"  296",",,S","  362","H,,S"
"IRM00040858","2023-08-18","28.945","50.835","20.7","BUSHEHR, IR","    0",",,S","  390",",,S",,,"  350","H,,S"
"IRM00040858","2023-08-19","28.945","50.835","20.7","BUSHEHR, IR","    0",",,S","  400",",,S",,,"  354","H,,S"
"IRM00040858","2023-08-20","28.945","50.835","20.7","BUSHEHR, IR","    0",",,S","  390",",,S","  318",",,S","  355","H,,S"
"IRM00040858","2023-08-21","28.945","50.835","20.7","BUSHEHR, IR","    0",",,S",,,"  302",",,S","  348","H,,S"
"IRM00040858","2023-08-22","28.945","50.835","20.7","BUSHEHR, IR","    0",",,S","  384",",,S","  298",",,S","  347","H,,S"
"IRM00040858","2023-08-23","28.945","50.835","20.7","BUSHEHR, IR","    0",",,S",,,"  320",",,S","  357","H,,S"
"IRM00040858","2023-08-24","28.945","50.835","20.7","BUSHEHR, IR","    0",",,S",,,"  308",",,S","  353","H,,S"
"IRM00040858","2023-08-25","28.945","50.835","20.7","BUSHEHR, IR","    0",",,S",,,,,"  357","H,,S"
"IRM00040858","2023-08-26","28.945","50.835","20.7","BUSHEHR, IR","    0",",,S","  414",",,S",,,"  351","H,,S"
"IRM00040858","2023-08-27","28.945","50.835","20.7","BUSHEHR, IR","    0",",,S","  394",",,S",,,"  344","H,,S"
"IRM00040858","2023-08-28","28.945","50.835","20.7","BUSHEHR, IR","    0",",,S","  400",",,S","  286",",,S","  339","H,,S"
"IRM00040858","2023-08-29","28.945","50.835","20.7","BUSHEHR, IR","    0",",,S","  384",",,S",,,"  336","H,,S"
"IRM00040858","2023-08-30","28.945","50.835","20.7","BUSHEHR, IR","    0",",,S","  390",",,S","  278",",,S","  350","H,,S"
"IRM00040858","2023-08-31","28.945","50.835","20.7","BUSHEHR, IR","    0",",,S","  394",",,S",,,"  354","H,,S"
"IRM00040858","2023-09-01","28.945","50.835","20.7","BUSHEHR, IR","    0",",,S","  394",",,S",,,"  351","H,,S"
"IRM00040858","2023-09-02","28.945","50.835","20.7","BUSHEHR, IR","    0",",,S","  390",",,S","  290",",,S","  336","H,,S"
"IRM00040858","2023-09-03","28.945","50.835","20.7","BUSHEHR, IR","    0",",,S","  380",",,S","  290",",,S","  338","H,,S"
"IRM00040858","2023-09-04","28.945","50.835","20.7","BUSHEHR, IR","    0",",,S","  378",",,S","  300",",,S","  339","H,,S"
"IRM00040858","2023-09-05","28.945","50.835","20.7","BUSHEHR, IR","    0",",,S",,,,,"  341","H,,S"
"IRM00040858","2023-09-06","28.945","50.835","20.7","BUSHEHR, IR","    0",",,S","  380",",,S","  300",",,S","  344","H,,S"
"IRM00040858","2023-09-07","28.945","50.835","20.7","BUSHEHR, IR","    0",",,S","  390",",,S",,,"  347","H,,S"
"IRM00040858","2023-09-08","28.945","50.835","20.7","BUSHEHR, IR","    0",",,S","  400",",,S","  310",",,S","  348","H,,S"
"IRM00040858","2023-09-09","28.945","50.835","20.7","BUSHEHR, IR","    0",",,S","  376",",,S","  320",",,S","  355","H,,S"
"IRM00040858","2023-09-10","28.945","50.835","20.7","BUSHEHR, IR","    0",",,S","  390",",,S",,,"  349","H,,S"
"IRM00040858","2023-09-11","28.945","50.835","20.7","BUSHEHR, IR","    0",",,S","  380",",,S","  305",",,S","  342","H,,S"
"IRM00040858","2023-09-12","28.945","50.835","20.7","BUSHEHR, IR","    0",",,S","  370",",,S","  306",",,S","  336","H,,S"
"IRM00040858","2023-09-13","28.945","50.835","20.7","BUSHEHR, IR","    0",",,S",,,"  300",",,S","  342","H,,S"
"IRM00040858","2023-09-14","28.945","50.835","20.7","BUSHEHR, IR","    0",",,S",,,"  308",",,S","  357","H,,S"
"IRM00040858","2023-09-15","28.945","50.835","20.7","BUSHEHR, IR","    0",",,S",,,,,"  352","H,,S"
"IRM00040858","2023-09-16","28.945","50.835","20.7","BUSHEHR, IR","    0",",,S","  364",",,S","  308",",,S","  337","H,,S"
"IRM00040858","2023-09-17","28.945","50.835","20.7","BUSHEHR, IR","    0",",,S","  360",",,S",,,"  323","H,,S"
"IRM00040858","2023-09-18","28.945","50.835","20.7","BUSHEHR, IR","    0",",,S","  364",",,S","  260",",,S","  314","H,,S"
"IRM00040858","2023-09-19","28.945","50.835","20.7","BUSHEHR, IR","    0",",,S",,,"  250",",,S","  317","H,,S"
"IRM00040858","2023-09-20","28.945","50.835","20.7","BUSHEHR, IR","    0",",,S",,,"  256",",,S","  315","H,,S"
"IRM00040858","2023-09-21","28.945","50.835","20.7","BUSHEHR, IR","    0",",,S","  356",",,S",,,"  311","H,,S"
"IRM00040858","2023-09-22","28.945","50.835","20.7","BUSHEHR, IR","    0",",,S","  374",",,S","  250",",,S","  326","H,,S"
"IRM00040858","2023-09-23","28.945","50.835","20.7","BUSHEHR, IR","    0",",,S",,,"  270",",,S","  319","H,,S"
"IRM00040858","2023-09-24","28.945","50.835","20.7","BUSHEHR, IR","    0",",,S","  362",",,S","  278",",,S","  316","H,,S"
"IRM00040858","2023-09-25","28.945","50.835","20.7","BUSHEHR, IR","    0",",,S","  364",",,S","  264",",,S","  311","H,,S"
"IRM00040858","2023-09-26","28.945","50.835","20.7","BUSHEHR, IR","    0",",,S","  362",",,S","  240",",,S","  319","H,,S"
"IRM00040858","2023-09-27","28.945","50.835","20.7","BUSHEHR, IR","    0",",,S","  362",",,S","  250",",,S","  315","H,,S"
"IRM00040858","2023-09-28","28.945","50.835","20.7","BUSHEHR, IR","    0",",,S",,,,,"  308","H,,S"
"IRM00040858","2023-09-29","28.945","50.835","20.7","BUSHEHR, IR","    0",",,S","  364",",,S",,,"  314","H,,S"
"IRM00040858","2023-09-30","28.945","50.835","20.7","BUSHEHR, IR","    0",",,S",,,"  260",",,S","  316","H,,S"
"IRM00040858","2023-10-01","28.945","50.835","20.7","BUSHEHR, IR","    0",",,S",,,"  250",",,S","  321","H,,S"
"IRM00040858","2023-10-02","28.945","50.835","20.7","BUSHEHR, IR","    0",",,S",,,,,"  318","H,,S"
"IRM00040858","2023-10-03","28.945","50.835","20.7","BUSHEHR, IR","    0",",,S","  360",",,S","  252",",,S","  319","H,,S"
"IRM00040858","2023-10-04","28.945","50.835","20.7","BUSHEHR, IR","    0",",,S","  370",",,S","  280",",,S","  331","H,,S"
"IRM00040858","2023-10-05","28.945","50.835","20.7","BUSHEHR, IR","    0",",,S","  364",",,S","  268",",,S","  331","H,,S"
"IRM00040858","2023-10-06","28.945","50.835","20.7","BUSHEHR, IR","    0",",,S","  343",",,S","  296",",,S","  316","H,,S"
"IRM00040858","2023-10-07","28.945","50.835","20.7","BUSHEHR, IR","    0",",,S",,,,,"  317","H,,S"
"IRM00040858","2023-10-08","28.945","50.835","20.7","BUSHEHR, IR","    0",",,S","  370",",,S","  266",",,S","  317","H,,S"
"IRM00040858","2023-10-09","28.945","50.835","20.7","BUSHEHR, IR","    0",",,S","  340",",,S",,,"  304","H,,S"
"IRM00040858","2023-10-10","28.945","50.835","20.7","BUSHEHR, IR","    0",",,S",,,"  225",",,S","  291","H,,S"
"IRM00040858","2023-10-11","28.945","50.835","20.7","BUSHEHR, IR","    0",",,S",,,"  240",",,S","  291","H,,S"
"IRM00040858","2023-10-12","28.945","50.835","20.7","BUSHEHR, IR","    0",",,S",,,"  225",",,S","  283","H,,S"
"IRM00040858","2023-10-13","28.945","50.835","20.7","BUSHEHR, IR","    0",",,S",,,"  232",",,S","  293","H,,S"
"IRM00040858","2023-10-14","28.945","50.835","20.7","BUSHEHR, IR","    0",",,S",,,"  240",",,S","  297","H,,S"
"IRM00040858","2023-10-15","28.945","50.835","20.7","BUSHEHR, IR","    0",",,S","  340",",,S",,,"  291","H,,S"
"IRM00040858","2023-10-16","28.945","50.835","20.7","BUSHEHR, IR","    0",",,S",,,"  222",",,S","  296","H,,S"
"IRM00040858","2023-10-17","28.945","50.835","20.7","BUSHEHR, IR","    0",",,S",,,"  270",",,S","  308","H,,S"
"IRM00040858","2023-10-18","28.945","50.835","20.7","BUSHEHR, IR","    0",",,S",,,,,"  296","H,,S"
"IRM00040858","2023-10-19","28.945","50.835","20.7","BUSHEHR, IR","    0",",,S","  344",",,S","  232",",,S","  296","H,,S"
"IRM00040858","2023-10-20","28.945","50.835","20.7","BUSHEHR, IR","    0",",,S",,,,,"  300","H,,S"
"IRM00040858","2023-10-21","28.945","50.835","20.7","BUSHEHR, IR","    0",",,S","  330",",,S","  240",",,S","  297","H,,S"
"IRM00040858","2023-10-22","28.945","50.835","20.7","BUSHEHR, IR","    0",",,S","  334",",,S","  238",",,S","  303","H,,S"
"IRM00040858","2023-10-23","28.945","50.835","20.7","BUSHEHR, IR","    0",",,S","  330",",,S","  220",",,S","  296","H,,S"
"IRM00040858","2023-10-24","28.945","50.835","20.7","BUSHEHR, IR","    0",",,S","  324",",,S",,,"  288","H,,S"
"IRM00040858","2023-10-25","28.945","50.835","20.7","BUSHEHR, IR","    0",",,S","  326",",,S","  228",",,S","  288","H,,S"
"IRM00040858","2023-10-26","28.945","50.835","20.7","BUSHEHR, IR","    0",",,S","  304",",,S",,,"  281","H,,S"
"IRM00040858","2023-10-27","28.945","50.835","20.7","BUSHEHR, IR","    0",",,S","  300",",,S",,,"  269","H,,S"
"IRM00040858","2023-10-28","28.945","50.835","20.7","BUSHEHR, IR","    0",",,S","  304",",,S","  208",",,S","  266","H,,S"
"IRM00040858","2023-10-29","28.945","50.835","20.7","BUSHEHR, IR","    0",",,S",,,,,"  268","H,,S"
"IRM00040858","2023-10-30","28.945","50.835","20.7","BUSHEHR, IR","    0",",,S","  312",",,S","  210",",,S","  269","H,,S"
"IRM00040858","2023-10-31","28.945","50.835","20.7","BUSHEHR, IR","    0",",,S","  316",",,S","  238",",,S","  273","H,,S"
"IRM00040858","2023-11-01","28.945","50.835","20.7","BUSHEHR, IR","    0",",,S","  304",",,S",,,"  272","H,,S"
"IRM00040858","2023-11-02","28.945","50.835","20.7","BUSHEHR, IR","    0",",,S","  290",",,S","  232",",,S","  261","H,,S"
"IRM00040858","2023-11-03","28.945","50.835","20.7","BUSHEHR, IR","    0",",,S","  290",",,S",,,"  263","H,,S"
"IRM00040858","2023-11-04","28.945","50.835","20.7","BUSHEHR, IR","    0",",,S","  298",",,S",,,"  264","H,,S"
"IRM00040858","2023-11-05","28.945","50.835","20.7","BUSHEHR, IR","    0",",,S","  306",",,S","  215",",,S","  263","H,,S"
"IRM00040858","2023-11-06","28.945","50.835","20.7","BUSHEHR, IR","    0",",,S","  290",",,S","  204",",,S","  255","H,,S"
"IRM00040858","2023-11-07","28.945","50.835","20.7","BUSHEHR, IR","    0",",,S","  284",",,S",,,"  243","H,,S"
"IRM00040858","2023-11-08","28.945","50.835","20.7","BUSHEHR, IR","    0",",,S","  290",",,S","  170",",,S","  239","H,,S"
"IRM00040858","2023-11-09","28.945","50.835","20.7","BUSHEHR, IR","    0",",,S","  300",",,S","  188",",,S","  254","H,,S"
"IRM00040858","2023-11-10","28.945","50.835","20.7","BUSHEHR, IR","    0",",,S","  292",",,S",,,"  256","H,,S"
"IRM00040858","2023-11-11","28.945","50.835","20.7","BUSHEHR, IR","    0",",,S","  290",",,S","  194",",,S","  246","H,,S"
"IRM00040858","2023-11-12","28.945","50.835","20.7","BUSHEHR, IR","    0",",,S","  310",",,S","  200",",,S","  258","H,,S"
"IRM00040858","2023-11-13","28.945","50.835","20.7","BUSHEHR, IR","    0",",,S","  300",",,S","  190",",,S","  248","H,,S"
"IRM00040858","2023-11-14","28.945","50.835","20.7","BUSHEHR, IR","    0",",,S","  292",",,S",,,"  248","H,,S"
"IRM00040858","2023-11-15","28.945","50.835","20.7","BUSHEHR, IR","    0",",,S",,,"  194",",,S","  252","H,,S"
"IRM00040858","2023-11-16","28.945","50.835","20.7","BUSHEHR, IR","  338",",,S","  266",",,S","  190",",,S","  218","H,,S"
"IRM00040858","2023-11-17","28.945","50.835","20.7","BUSHEHR, IR","   15",",,S","  260",",,S","  190",",,S","  227","H,,S"
"IRM00040858","2023-11-18","28.945","50.835","20.7","BUSHEHR, IR","    0",",,S","  252",",,S","  192",",,S","  227","H,,S"
"IRM00040858","2023-11-19","28.945","50.835","20.7","BUSHEHR, IR","    0",",,S","  270",",,S","  180",",,S","  228","H,,S"
"IRM00040858","2023-11-20","28.945","50.835","20.7","BUSHEHR, IR","  305",",,S","  230",",,S","  200",",,S","  211","H,,S"
"IRM00040858","2023-11-21","28.945","50.835","20.7","BUSHEHR, IR","   20",",,S","  260",",,S",,,"  225","H,,S"
"IRM00040858","2023-11-22","28.945","50.835","20.7","BUSHEHR, IR","    0",",,S","  242",",,S",,,"  216","H,,S"
"IRM00040858","2023-11-23","28.945","50.835","20.7","BUSHEHR, IR","    0",",,S","  224",",,S","  170",",,S","  201","H,,S"
"IRM00040858","2023-11-24","28.945","50.835","20.7","BUSHEHR, IR","   33",",,S","  224",",,S","  180",",,S","  197","H,,S"
"IRM00040858","2023-11-25","28.945","50.835","20.7","BUSHEHR, IR","    0",",,S","  232",",,S","  170",",,S","  202","H,,S"
"IRM00040858","2023-11-26","28.945","50.835","20.7","BUSHEHR, IR","    0",",,S","  264",",,S",,,"  208","H,,S"
"IRM00040858","2023-11-27","28.945","50.835","20.7","BUSHEHR, IR","    0",",,S","  280",",,S","  190",",,S","  232","H,,S"
"IRM00040858","2023-11-28","28.945","50.835","20.7","BUSHEHR, IR","    0",",,S","  264",",,S","  180",",,S","  228","H,,S"
"IRM00040858","2023-11-29","28.945","50.835","20.7","BUSHEHR, IR","    0",",,S","  236",",,S",,,"  206","H,,S"
"IRM00040858","2023-11-30","28.945","50.835","20.7","BUSHEHR, IR","    0",",,S",,,"  154",",,S","  191","H,,S"
"IRM00040858","2023-12-01","28.945","50.835","20.7","BUSHEHR, IR","    0",",,S","  224",",,S","  164",",,S","  197","H,,S"
"IRM00040858","2023-12-02","28.945","50.835","20.7","BUSHEHR, IR","    0",",,S","  234",",,S","  148",",,S","  193","H,,S"
"IRM00040858","2023-12-03","28.945","50.835","20.7","BUSHEHR, IR","    0",",,S",,,"  136",",,S","  197","H,,S"
"IRM00040858","2023-12-04","28.945","50.835","20.7","BUSHEHR, IR","    0",",,S","  236",",,S","  150",",,S","  201","H,,S"
"IRM00040858","2023-12-05","28.945","50.835","20.7","BUSHEHR, IR","    0",",,S","  248",",,S","  160",",,S","  201","H,,S"
"IRM00040858","2023-12-06","28.945","50.835","20.7","BUSHEHR, IR","    0",",,S","  250",",,S","  128",",,S","  195","H,,S"
"IRM00040858","2023-12-07","28.945","50.835","20.7","BUSHEHR, IR","    0",",,S","  250",",,S","  125",",,S","  196","H,,S"
"IRM00040858","2023-12-08","28.945","50.835","20.7","BUSHEHR, IR","    0",",,S","  252",",,S","  144",",,S","  205","H,,S"
"IRM00040858","2023-12-09","28.945","50.835","20.7","BUSHEHR, IR","    0",",,S",,,"  149",",,S","  213","H,,S"
"IRM00040858","2023-12-10","28.945","50.835","20.7","BUSHEHR, IR","    0",",,S","  252",",,S","  160",",,S","  212","H,,S"
"IRM00040858","2023-12-11","28.945","50.835","20.7","BUSHEHR, IR","    0",",,S",,,"  138",",,S","  199","H,,S"
"IRM00040858","2023-12-12","28.945","50.835","20.7","BUSHEHR, IR","    0",",,S","  264",",,S","  118",",,S","  193","H,,S"
"IRM00040858","2023-12-13","28.945","50.835","20.7","BUSHEHR, IR","    0",",,S","  268",",,S","  180",",,S","  221","H,,S"
"IRM00040858","2023-12-14","28.945","50.835","20.7","BUSHEHR, IR","    0",",,S","  234",",,S",,,"  189","H,,S"
"IRM00040858","2023-12-15","28.945","50.835","20.7","BUSHEHR, IR","    0",",,S","  194",",,S",,,"  173","H,,S"
"IRM00040858","2023-12-16","28.945","50.835","20.7","BUSHEHR, IR","    0",",,S","  212",",,S","  110",",,S","  165","H,,S"
"IRM00040858","2023-12-17","28.945","50.835","20.7","BUSHEHR, IR","    0",",,S","  226",",,S","  134",",,S","  184","H,,S"
"IRM00040858","2023-12-18","28.945","50.835","20.7","BUSHEHR, IR","    0",",,S","  232",",,S","  138",",,S","  184","H,,S"
"IRM00040858","2023-12-19","28.945","50.835","20.7","BUSHEHR, IR","    0",",,S","  236",",,S","  120",",,S","  185","H,,S"
"IRM00040858","2023-12-20","28.945","50.835","20.7","BUSHEHR, IR","    0",",,S","  232",",,S","  120",",,S","  186","H,,S"
"IRM00040858","2023-12-21","28.945","50.835","20.7","BUSHEHR, IR","    0",",,S",,,"  138",",,S","  188","H,,S"
"IRM00040858","2023-12-22","28.945","50.835","20.7","BUSHEHR, IR","    0",",,S",,,"  109",",,S","  181","H,,S"
"IRM00040858","2023-12-23","28.945","50.835","20.7","BUSHEHR, IR","    3",",,S","  228",",,S","  154",",,S","  196","H,,S"
"IRM00040858","2023-12-24","28.945","50.835","20.7","BUSHEHR, IR","    0",",,S","  278",",,S","  182",",,S","  220","H,,S"
"IRM00040858","2023-12-25","28.945","50.835","20.7","BUSHEHR, IR","    0",",,S","  240",",,S","  180",",,S","  207","H,,S"
"IRM00040858","2023-12-26","28.945","50.835","20.7","BUSHEHR, IR","    0",",,S",,,"  168",",,S","  201","H,,S"
"IRM00040858","2023-12-27","28.945","50.835","20.7","BUSHEHR, IR","    0",",,S","  222",",,S","  160",",,S","  192","H,,S"
"IRM00040858","2023-12-28","28.945","50.835","20.7","BUSHEHR, IR","    0",",,S","  222",",,S",,,"  191","H,,S"
"IRM00040858","2023-12-29","28.945","50.835","20.7","BUSHEHR, IR","    0",",,S","  240",",,S","  180",",,S","  208","H,,S"
"IRM00040858","2023-12-30","28.945","50.835","20.7","BUSHEHR, IR","    3",",,S","  212",",,S","  168",",,S","  189","H,,S"
"IRM00040858","2023-12-31","28.945","50.835","20.7","BUSHEHR, IR","    0",",,S","  224",",,S","  150",",,S","  192","H,,S"
"IRM00040858","2024-01-01","28.945","50.835","20.7","BUSHEHR, IR","    0",",,S",,,"  158",",,S","  184","H,,S"
"IRM00040858","2024-01-02","28.945","50.835","20.7","BUSHEHR, IR","    0",",,S",,,"  146",",,S","  178","H,,S"
"IRM00040858","2024-01-03","28.945","50.835","20.7","BUSHEHR, IR","    5",",,S","  222",",,S","  147",",,S","  187","H,,S"
"IRM00040858","2024-01-04","28.945","50.835","20.7","BUSHEHR, IR","    0",",,S",,,,,"  176","H,,S"
"IRM00040858","2024-01-05","28.945","50.835","20.7","BUSHEHR, IR","    0",",,S",,,"  100",",,S","  177","H,,S"
"IRM00040858","2024-01-06","28.945","50.835","20.7","BUSHEHR, IR","    0",",,S","  206",",,S","  140",",,S","  178","H,,S"
"IRM00040858","2024-01-07","28.945","50.835","20.7","BUSHEHR, IR","    0",",,S","  212",",,S",,,"  175","H,,S"
"IRM00040858","2024-01-08","28.945","50.835","20.7","BUSHEHR, IR","    0",",,S",,,"  104",",,S","  166","H,,S"
"IRM00040858","2024-01-09","28.945","50.835","20.7","BUSHEHR, IR","    0",",,S","  202",",,S","  100",",,S","  166","H,,S"
"IRM00040858","2024-01-10","28.945","50.835","20.7","BUSHEHR, IR","    0",",,S","  226",",,S",,,"  166","H,,S"
"IRM00040858","2024-01-11","28.945","50.835","20.7","BUSHEHR, IR","    0",",,S","  240",",,S","  138",",,S","  189","H,,S"
"IRM00040858","2024-01-12","28.945","50.835","20.7","BUSHEHR, IR","    0",",,S","  244",",,S","  170",",,S","  206","H,,S"
"IRM00040858","2024-01-13","28.945","50.835","20.7","BUSHEHR, IR","    0",",,S",,,,,"  194","H,,S"
"IRM00040858","2024-01-14","28.945","50.835","20.7","BUSHEHR, IR","    0",",,S","  262",",,S","  174",",,S","  221","H,,S"
"IRM00040858","2024-01-15","28.945","50.835","20.7","BUSHEHR, IR","    0",",,S","  270",",,S","  162",",,S","  215","H,,S"
"IRM00040858","2024-01-16","28.945","50.835","20.7","BUSHEHR, IR","    5",",,S","  224",",,S","  168",",,S","  198","H,,S"
"IRM00040858","2024-01-17","28.945","50.835","20.7","BUSHEHR, IR","    0",",,S","  200",",,S",,,"  176","H,,S"
"IRM00040858","2024-01-18","28.945","50.835","20.7","BUSHEHR, IR","    0",",,S",,,"  122",",,S","  167","H,,S"
"IRM00040858","2024-01-19","28.945","50.835","20.7","BUSHEHR, IR","    0",",,S","  204",",,S",,,"  167","H,,S"
"IRM00040858","2024-01-20","28.945","50.835","20.7","BUSHEHR, IR","    0",",,S","  216",",,S",,,"  171","H,,S"
"IRM00040858","2024-01-21","28.945","50.835","20.7","BUSHEHR, IR","    0",",,S","  214",",,S","  112",",,S","  173","H,,S"
"IRM00040858","2024-01-22","28.945","50.835","20.7","BUSHEHR, IR","    0",",,S","  220",",,S","   95",",,S","  166","H,,S"
"IRM00040858","2024-01-23","28.945","50.835","20.7","BUSHEHR, IR","    0",",,S","  260",",,S","   98",",,S","  189","H,,S"
"IRM00040858","2024-01-24","28.945","50.835","20.7","BUSHEHR, IR","    0",",,S","  266",",,S","  140",",,S","  218","H,,S"
"IRM00040858","2024-01-25","28.945","50.835","20.7","BUSHEHR, IR","    0",",,S","  232",",,S","  146",",,S","  198","H,,S"
"IRM00040858","2024-01-26","28.945","50.835","20.7","BUSHEHR, IR","    0",",,S","  244",",,S","  162",",,S","  214","H,,S"
"IRM00040858","2024-01-27","28.945","50.835","20.7","BUSHEHR, IR","    0",",,S","  230",",,S",,,"  202","H,,S"
"IRM00040858","2024-01-28","28.945","50.835","20.7","BUSHEHR, IR","    0",",,S",,,,,"  188","H,,S"
"IRM00040858","2024-01-29","28.945","50.835","20.7","BUSHEHR, IR","    0",",,S","  214",",,S","  140",",,S","  182","H,,S"
"IRM00040858","2024-01-30","28.945","50.835","20.7","BUSHEHR, IR","    0",",,S","  244",",,S",,,"  186","H,,S"
"IRM00040858","2024-01-31","28.945","50.835","20.7","BUSHEHR, IR","    0",",,S",,,"  122",",,S","  188","H,,S"
"IRM00040858","2024-02-01","28.945","50.835","20.7","BUSHEHR, IR","   10",",,S","  260",",,S","  146",",,S","  199","H,,S"
"IRM00040858","2024-02-02","28.945","50.835","20.7","BUSHEHR, IR","  122",",,S","  204",",,S",,,"  151","H,,S"
"IRM00040858","2024-02-03","28.945","50.835","20.7","BUSHEHR, IR","    0",",,S","  174",",,S","  120",",,S","  149","H,,S"
"IRM00040858","2024-02-04","28.945","50.835","20.7","BUSHEHR, IR","    0",",,S",,,"  120",",,S","  153","H,,S"
"IRM00040858","2024-02-05","28.945","50.835","20.7","BUSHEHR, IR","    0",",,S","  186",",,S",,,"  157","H,,S"
"IRM00040858","2024-02-06","28.945","50.835","20.7","BUSHEHR, IR","    0",",,S","  195",",,S","  104",",,S","  162","H,,S"
"IRM00040858","2024-02-07","28.945","50.835","20.7","BUSHEHR, IR","    0",",,S",,,"  120",",,S","  172","H,,S"
"IRM00040858","2024-02-08","28.945","50.835","20.7","BUSHEHR, IR","    0",",,S",,,,,"  164","H,,S"
"IRM00040858","2024-02-09","28.945","50.835","20.7","BUSHEHR, IR","    0",",,S","  210",",,S","   97",",,S","  160","H,,S"
"IRM00040858","2024-02-10","28.945","50.835","20.7","BUSHEHR, IR","    0",",,S","  210",",,S",,,"  168","H,,S"
"IRM00040858","2024-02-11","28.945","50.835","20.7","BUSHEHR, IR","    3",",,S","  224",",,S","  154",",,S","  186","H,,S"
"IRM00040858","2024-02-12","28.945","50.835","20.7","BUSHEHR, IR","    5",",,S","  220",",,S",,,"  183","H,,S"
"IRM00040858","2024-02-13","28.945","50.835","20.7","BUSHEHR, IR","    0",",,S","  222",",,S",,,"  182","H,,S"
"IRM00040858","2024-02-14","28.945","50.835","20.7","BUSHEHR, IR","    0",",,S",,,"  136",",,S","  204","H,,S"
"IRM00040858","2024-02-15","28.945","50.835","20.7","BUSHEHR, IR","    5",",,S","  278",",,S","  176",",,S","  227","H,,S"
"IRM00040858","2024-02-16","28.945","50.835","20.7","BUSHEHR, IR","  137",",,S","  291",",,S","  190",",,S","  244","H,,S"
"IRM00040858","2024-02-17","28.945","50.835","20.7","BUSHEHR, IR","   13",",,S","  254",",,S",,,"  205","H,,S"
"IRM00040858","2024-02-18","28.945","50.835","20.7","BUSHEHR, IR","    0",",,S","  210",",,S","  166",",,S","  187","H,,S"
"IRM00040858","2024-02-19","28.945","50.835","20.7","BUSHEHR, IR","    0",",,S","  212",",,S","  140",",,S","  183","H,,S"
"IRM00040858","2024-02-20","28.945","50.835","20.7","BUSHEHR, IR","    0",",,S","  216",",,S",,,"  181","H,,S"
"IRM00040858","2024-02-21","28.945","50.835","20.7","BUSHEHR, IR","    0",",,S",,,"  148",",,S","  188","H,,S"
"IRM00040858","2024-02-22","28.945","50.835","20.7","BUSHEHR, IR","    0",",,S",,,"  160",",,S","  188","H,,S"
"IRM00040858","2024-02-23","28.945","50.835","20.7","BUSHEHR, IR","    0",",,S","  230",",,S","  149",",,S","  188","H,,S"
"IRM00040858","2024-02-24","28.945","50.835","20.7","BUSHEHR, IR","    5",",,S","  220",",,S","  154",",,S","  199","H,,S"
"IRM00040858","2024-02-25","28.945","50.835","20.7","BUSHEHR, IR","   41",",,S","  223",",,S","  170",",,S","  182","H,,S"
"IRM00040858","2024-02-26","28.945","50.835","20.7","BUSHEHR, IR","    0",",,S","  200",",,S",,,"  178","H,,S"
"IRM00040858","2024-02-27","28.945","50.835","20.7","BUSHEHR, IR","    0",",,S",,,"  148",",,S","  179","H,,S"
"IRM00040858","2024-02-28","28.945","50.835","20.7","BUSHEHR, IR","   18",",,S","  190",",,S",,,"  157","H,,S"
"IRM00040858","2024-02-29","28.945","50.835","20.7","BUSHEHR, IR","    0",",,S","  172",",,S","  110",",,S","  158","H,,S"
"IRM00040858","2024-03-01","28.945","50.835","20.7","BUSHEHR, IR","    0",",,S","  200",",,S","  110",",,S","  161","H,,S"
"IRM00040858","2024-03-02","28.945","50.835","20.7","BUSHEHR, IR","    0",",,S",,,"   76",",,S","  156","H,,S"
"IRM00040858","2024-03-03","28.945","50.835","20.7","BUSHEHR, IR","    0",",,S","  220",",,S","  104",",,S","  182","H,,S"
"IRM00040858","2024-03-04","28.945","50.835","20.7","BUSHEHR, IR","    0",",,S","  250",",,S","  166",",,S","  202","H,,S"
"IRM00040858","2024-03-05","28.945","50.835","20.7","BUSHEHR, IR","    0",",,S",,,,,"  188","H,,S"
"IRM00040858","2024-03-06","28.945","50.835","20.7","BUSHEHR, IR","    0",",,S","  226",",,S","  130",",,S","  182","H,,S"
"IRM00040858","2024-03-07","28.945","50.835","20.7","BUSHEHR, IR","    0",",,S","  240",",,S","  128",",,S","  189","H,,S"
"IRM00040858","2024-03-08","28.945","50.835","20.7","BUSHEHR, IR","    0",",,S","  258",",,S","  148",",,S","  203","H,,S"
"IRM00040858","2024-03-09","28.945","50.835","20.7","BUSHEHR, IR","    0",",,S",,,,,"  204","H,,S"
"IRM00040858","2024-03-10","28.945","50.835","20.7","BUSHEHR, IR","    0",",,S",,,"  130",",,S","  198","H,,S"
"IRM00040858","2024-03-11","28.945","50.835","20.7","BUSHEHR, IR","    0",",,S","  284",",,S","  140",",,S","  217","H,,S"
"IRM00040858","2024-03-12","28.945","50.835","20.7","BUSHEHR, IR","    0",",,S","  254",",,S","  180",",,S","  198","H,,S"
"IRM00040858","2024-03-13","28.945","50.835","20.7","BUSHEHR, IR","    0",",,S","  230",",,S",,,"  192","H,,S"
"IRM00040858","2024-03-14","28.945","50.835","20.7","BUSHEHR, IR","    0",",,S","  294",",,S","  138",",,S","  214","H,,S"
"IRM00040858","2024-03-15","28.945","50.835","20.7","BUSHEHR, IR","    0",",,S","  274",",,S","  200",",,S","  224","H,,S"
"IRM00040858","2024-03-16","28.945","50.835","20.7","BUSHEHR, IR","    0",",,S","  286",",,S","  200",",,S","  236","H,,S"
"IRM00040858","2024-03-17","28.945","50.835","20.7","BUSHEHR, IR","    0",",,S","  242",",,S",,,"  217","H,,S"
"IRM00040858","2024-03-18","28.945","50.835","20.7","BUSHEHR, IR","    0",",,S","  262",",,S","  180",",,S","  226","H,,S"
"IRM00040858","2024-03-19","28.945","50.835","20.7","BUSHEHR, IR","   33",",,S","  270",",,S",,,"  226","H,,S"
"IRM00040858","2024-03-20","28.945","50.835","20.7","BUSHEHR, IR","    0",",,S","  234",",,S","  180",",,S","  211","H,,S"
"IRM00040858","2024-03-21","28.945","50.835","20.7","BUSHEHR, IR","    0",",,S","  234",",,S","  194",",,S","  213","H,,S"
"IRM00040858","2024-03-22","28.945","50.835","20.7","BUSHEHR, IR","    3",",,S","  238",",,S","  167",",,S","  211","H,,S"
"IRM00040858","2024-03-23","28.945","50.835","20.7","BUSHEHR, IR","    0",",,S","  280",",,S","  188",",,S","  226","H,,S"
"IRM00040858","2024-03-24","28.945","50.835","20.7","BUSHEHR, IR","  104",",,S","  270",",,S","  195",",,S","  227","H,,S"
"IRM00040858","2024-03-25","28.945","50.835","20.7","BUSHEHR, IR","   51",",,S",,,,,"  217","H,,S"
"IRM00040858","2024-03-26","28.945","50.835","20.7","BUSHEHR, IR","    0",",,S",,,"  180",",,S","  200","H,,S"
"IRM00040858","2024-03-27","28.945","50.835","20.7","BUSHEHR, IR","    0",",,S",,,"  168",",,S","  210","H,,S"
"IRM00040858","2024-04-01","28.945","50.835","20.7","BUSHEHR, IR","    0",",,S",,,,,"  197","H,,S"
"IRM00040858","2024-04-02","28.945","50.835","20.7","BUSHEHR, IR","    0",",,S","  230",",,S","  180",",,S","  190","H,,S"
"IRM00040858","2024-04-03","28.945","50.835","20.7","BUSHEHR, IR","    0",",,S",,,"  172",",,S","  226","H,,S"
"IRM00040858","2024-04-04","28.945","50.835","20.7","BUSHEHR, IR","    0",",,S",,,"  160",",,S","  227","H,,S"
"IRM00040858","2024-04-05","28.945","50.835","20.7","BUSHEHR, IR","    0",",,S","  282",",,S","  182",",,S","  245","H,,S"
"IRM00040858","2024-04-06","28.945","50.835","20.7","BUSHEHR, IR","    0",",,S","  290",",,S","  172",",,S","  242","H,,S"
"IRM00040858","2024-04-07","28.945","50.835","20.7","BUSHEHR, IR","    0",",,S","  274",",,S","  180",",,S","  243","H,,S"
"IRM00040858","2024-04-08","28.945","50.835","20.7","BUSHEHR, IR","    0",",,S",,,"  216",",,S","  269","H,,S"
"IRM00040858","2024-04-09","28.945","50.835","20.7","BUSHEHR, IR","    0",",,S",,,"  220",",,S","  270","H,,S"
"IRM00040858","2024-04-10","28.945","50.835","20.7","BUSHEHR, IR","   13",",,S","  332",",,S","  236",",,S","  277","H,,S"
"IRM00040858","2024-04-11","28.945","50.835","20.7","BUSHEHR, IR","    8",",,S",,,"  228",",,S","  256","H,,S"
"IRM00040858","2024-04-12","28.945","50.835","20.7","BUSHEHR, IR","    0",",,S","  284",",,S","  200",",,S","  252","H,,S"
"IRM00040858","2024-04-13","28.945","50.835","20.7","BUSHEHR, IR","    0",",,S","  286",",,S","  198",",,S","  249","H,,S"
"IRM00040858","2024-04-14","28.945","50.835","20.7","BUSHEHR, IR","    0",",,S","  282",",,S","  200",",,S","  242","H,,S"
"IRM00040858","2024-04-15","28.945","50.835","20.7","BUSHEHR, IR","   25",",,S","  294",",,S","  176",",,S","  236","H,,S"
"IRM00040858","2024-04-16","28.945","50.835","20.7","BUSHEHR, IR","    0",",,S",,,"  204",",,S","  233","H,,S"
"IRM00040858","2024-04-17","28.945","50.835","20.7","BUSHEHR, IR","    0",",,S",,,"  198",",,S","  239","H,,S"
"IRM00040858","2024-04-18","28.945","50.835","20.7","BUSHEHR, IR","    0",",,S",,,"  208",",,S","  248","H,,S"
"IRM00040858","2024-04-19","28.945","50.835","20.7","BUSHEHR, IR","    0",",,S","  308",",,S","  194",",,S","  251","H,,S"
"IRM00040858","2024-04-20","28.945","50.835","20.7","BUSHEHR, IR","    0",",,S","  300",",,S","  190",",,S","  256","H,,S"
"IRM00040858","2024-04-21","28.945","50.835","20.7","BUSHEHR, IR","    0",",,S","  314",",,S","  228",",,S","  271","H,,S"
"IRM00040858","2024-04-22","28.945","50.835","20.7","BUSHEHR, IR","    0",",,S","  360",",,S","  226",",,S","  284","H,,S"
"IRM00040858","2024-04-23","28.945","50.835","20.7","BUSHEHR, IR","    0",",,S",,,,,"  259","H,,S"
"IRM00040858","2024-04-24","28.945","50.835","20.7","BUSHEHR, IR","    0",",,S","  304",",,S","  204",",,S","  269","H,,S"
"IRM00040858","2024-04-25","28.945","50.835","20.7","BUSHEHR, IR","    0",",,S",,,"  220",",,S","  271","H,,S"
"IRM00040858","2024-04-26","28.945","50.835","20.7","BUSHEHR, IR","    0",",,S","  308",",,S","  220",",,S","  268","H,,S"
"IRM00040858","2024-04-27","28.945","50.835","20.7","BUSHEHR, IR","    0",",,S","  310",",,S","  212",",,S","  274","H,,S"
"IRM00040858","2024-04-28","28.945","50.835","20.7","BUSHEHR, IR","    0",",,S",,,"  230",",,S","  289","H,,S"
"IRM00040858","2024-04-29","28.945","50.835","20.7","BUSHEHR, IR","    0",",,S",,,"  234",",,S","  291","H,,S"
"IRM00040858","2024-04-30","28.945","50.835","20.7","BUSHEHR, IR","    0",",,S","  308",",,S","  248",",,S","  282","H,,S"
"IRM00040858","2024-05-02","28.945","50.835","20.7","BUSHEHR, IR","  127",",,S",,,"  206",",,S","  235","H,,S"
"IRM00040858","2024-05-03","28.945","50.835","20.7","BUSHEHR, IR","    0",",,S","  322",",,S","  220",",,S","  275","H,,S"
"IRM00040858","2024-05-04","28.945","50.835","20.7","BUSHEHR, IR","    0",",,S","  320",",,S",,,"  276","H,,S"
"IRM00040858","2024-05-05","28.945","50.835","20.7","BUSHEHR, IR","    0",",,S",,,"  238",",,S","  271","H,,S"
"IRM00040858","2024-05-06","28.945","50.835","20.7","BUSHEHR, IR","    0",",,S","  340",",,S","  236",",,S","  294","H,,S"
"IRM00040858","2024-05-07","28.945","50.835","20.7","BUSHEHR, IR","    0",",,S","  340",",,S","  260",",,S","  299","H,,S"
"IRM00040858","2024-05-08","28.945","50.835","20.7","BUSHEHR, IR","    0",",,S",,,"  250",",,S","  290","H,,S"
"IRM00040858","2024-05-09","28.945","50.835","20.7","BUSHEHR, IR","    0",",,S",,,,,"  282","H,,S"
"IRM00040858","2024-05-10","28.945","50.835","20.7","BUSHEHR, IR","    0",",,S","  302",",,S","  236",",,S","  276","H,,S"
"IRM00040858","2024-05-11","28.945","50.835","20.7","BUSHEHR, IR","    0",",,S","  312",",,S",,,"  274","H,,S"
"IRM00040858","2024-05-12","28.945","50.835","20.7","BUSHEHR, IR","    0",",,S","  356",",,S","  220",",,S","  297","H,,S"
"IRM00040858","2024-05-13","28.945","50.835","20.7","BUSHEHR, IR","    0",",,S","  390",",,S","  266",",,S","  330","H,,S"
"IRM00040858","2024-05-14","28.945","50.835","20.7","BUSHEHR, IR","   18",",,S","  362",",,S",,,"  310","H,,S"
"IRM00040858","2024-05-15","28.945","50.835","20.7","BUSHEHR, IR","   30",",,S",,,,,"  300","H,,S"
"IRM00040858","2024-05-16","28.945","50.835","20.7","BUSHEHR, IR","   23",",,S","  380",",,S","  274",",,S","  318","H,,S"
"IRM00040858","2024-05-17","28.945","50.835","20.7","BUSHEHR, IR","    0",",,S","  390",",,S","  280",",,S","  320","H,,S"
"IRM00040858","2024-05-18","28.945","50.835","20.7","BUSHEHR, IR","    0",",,S","  310",",,S",,,"  287","H,,S"
"IRM00040858","2024-05-19","28.945","50.835","20.7","BUSHEHR, IR","    0",",,S","  316",",,S","  260",",,S","  291","H,,S"
"IRM00040858","2024-05-20","28.945","50.835","20.7","BUSHEHR, IR","    0",",,S","  320",",,S",,,"  291","H,,S"
"IRM00040858","2024-05-21","28.945","50.835","20.7","BUSHEHR, IR","    0",",,S",,,"  226",",,S","  301","H,,S"
"IRM00040858","2024-05-22","28.945","50.835","20.7","BUSHEHR, IR","    0",",,S",,,"  258",",,S","  314","H,,S"
"IRM00040858","2024-05-23","28.945","50.835","20.7","BUSHEHR, IR","    0",",,S","  348",",,S",,,"  305","H,,S"
"IRM00040858","2024-05-24","28.945","50.835","20.7","BUSHEHR, IR","    0",",,S","  340",",,S","  250",",,S","  309","H,,S"
"IRM00040858","2024-05-25","28.945","50.835","20.7","BUSHEHR, IR","    0",",,S","  346",",,S","  254",",,S","  317","H,,S"
"IRM00040858","2024-05-26","28.945","50.835","20.7","BUSHEHR, IR","    0",",,S",,,"  274",",,S","  321","H,,S"
"IRM00040858","2024-05-27","28.945","50.835","20.7","BUSHEHR, IR","    0",",,S",,,,,"  326","H,,S"
"IRM00040858","2024-05-28","28.945","50.835","20.7","BUSHEHR, IR","    0",",,S",,,"  298",",,S","  322","H,,S"
"IRM00040858","2024-05-29","28.945","50.835","20.7","BUSHEHR, IR","    0",",,S","  340",",,S",,,"  307","H,,S"
"IRM00040858","2024-05-30","28.945","50.835","20.7","BUSHEHR, IR","    0",",,S","  354",",,S","  246",",,S","  313","H,,S"
"IRM00040858","2024-05-31","28.945","50.835","20.7","BUSHEHR, IR","    0",",,S","  366",",,S","  260",",,S","  323","H,,S"
"IRM00040858","2024-06-01","28.945","50.835","20.7","BUSHEHR, IR","    0",",,S","  370",",,S","  266",",,S","  338","H,,S"
"IRM00040858","2024-06-02","28.945","50.835","20.7","BUSHEHR, IR","    0",",,S","  363",",,S",,,"  323","H,,S"
"IRM00040858","2024-06-03","28.945","50.835","20.7","BUSHEHR, IR","    0",",,S","  334",",,S",,,"  312","H,,S"
"IRM00040858","2024-06-04","28.945","50.835","20.7","BUSHEHR, IR","    0",",,S","  340",",,S","  256",",,S","  312","H,,S"
"IRM00040858","2024-06-05","28.945","50.835","20.7","BUSHEHR, IR","    0",",,S",,,"  270",",,S","  310","H,,S"
"IRM00040858","2024-06-06","28.945","50.835","20.7","BUSHEHR, IR","    0",",,S","  364",",,S",,,"  312","H,,S"
"IRM00040858","2024-06-07","28.945","50.835","20.7","BUSHEHR, IR","    0",",,S","  392",",,S","  260",",,S","  323","H,,S"
"IRM00040858","2024-06-08","28.945","50.835","20.7","BUSHEHR, IR","    0",",,S",,,"  268",",,S","  322","H,,S"
"IRM00040858","2024-06-09","28.945","50.835","20.7","BUSHEHR, IR","    0",",,S",,,"  256",",,S","  323","H,,S"
"IRM00040858","2024-06-10","28.945","50.835","20.7","BUSHEHR, IR","    0",",,S",,,,,"  326","H,,S"
"IRM00040858","2024-06-11","28.945","50.835","20.7","BUSHEHR, IR","    0",",,S","  376",",,S","  280",",,S","  341","H,,S"
"IRM00040858","2024-06-12","28.945","50.835","20.7","BUSHEHR, IR","    0",",,S",,,"  310",",,S","  349","H,,S"
"IRM00040858","2024-06-13","28.945","50.835","20.7","BUSHEHR, IR","    0",",,S","  370",",,S",,,"  340","H,,S"
"IRM00040858","2024-06-14","28.945","50.835","20.7","BUSHEHR, IR","    0",",,S",,,"  276",",,S","  332","H,,S"
"IRM00040858","2024-06-15","28.945","50.835","20.7","BUSHEHR, IR","    0",",,S","  402",",,S",,,"  338","H,,S"
"IRM00040858","2024-06-16","28.945","50.835","20.7","BUSHEHR, IR","    0",",,S",,,"  260",",,S","  335","H,,S"
"IRM00040858","2024-06-17","28.945","50.835","20.7","BUSHEHR, IR","    0",",,S","  378",",,S","  280",",,S","  337","H,,S"
"IRM00040858","2024-06-18","28.945","50.835","20.7","BUSHEHR, IR","    0",",,S","  380",",,S","  280",",,S","  338","H,,S"
"IRM00040858","2024-06-19","28.945","50.835","20.7","BUSHEHR, IR","    0",",,S",,,"  280",",,S","  342","H,,S"
"IRM00040858","2024-06-20","28.945","50.835","20.7","BUSHEHR, IR","    0",",,S",,,,,"  345","H,,S"
"IRM00040858","2024-06-21","28.945","50.835","20.7","BUSHEHR, IR","    0",",,S",,,"  296",",,S","  344","H,,S"
"IRM00040858","2024-06-22","28.945","50.835","20.7","BUSHEHR, IR","    0",",,S",,,,,"  348","H,,S"
"IRM00040858","2024-06-23","28.945","50.835","20.7","BUSHEHR, IR","    0",",,S",,,"  286",",,S","  346","H,,S"
"IRM00040858","2024-06-24","28.945","50.835","20.7","BUSHEHR, IR","    0",",,S",,,"  280",",,S","  347","H,,S"
"IRM00040858","2024-06-25","28.945","50.835","20.7","BUSHEHR, IR","    0",",,S","  400",",,S","  300",",,S","  349","H,,S"
"IRM00040858","2024-06-26","28.945","50.835","20.7","BUSHEHR, IR","    0",",,S","  394",",,S","  298",",,S","  351","H,,S"
"IRM00040858","2024-06-27","28.945","50.835","20.7","BUSHEHR, IR","    0",",,S","  390",",,S",,,"  356","H,,S"
"IRM00040858","2024-06-28","28.945","50.835","20.7","BUSHEHR, IR","    0",",,S","  380",",,S",,,"  347","H,,S"
"IRM00040858","2024-06-29","28.945","50.835","20.7","BUSHEHR, IR","    0",",,S","  390",",,S","  286",",,S","  334","H,,S"
"IRM00040858","2024-06-30","28.945","50.835","20.7","BUSHEHR, IR","    0",",,S","  374",",,S","  286",",,S","  338","H,,S"
"IRM00040858","2024-07-01","28.945","50.835","20.7","BUSHEHR, IR","    0",",,S","  386",",,S","  300",",,S","  352","H,,S"
"IRM00040858","2024-07-02","28.945","50.835","20.7","BUSHEHR, IR","    0",",,S","  400",",,S","  316",",,S","  364","H,,S"
"IRM00040858","2024-07-03","28.945","50.835","20.7","BUSHEHR, IR","    0",",,S","  396",",,S",,,"  359","H,,S"
"IRM00040858","2024-07-04","28.945","50.835","20.7","BUSHEHR, IR","    0",",,S","  370",",,S",,,"  344","H,,S"
"IRM00040858","2024-07-05","28.945","50.835","20.7","BUSHEHR, IR","    0",",,S",,,,,"  340","H,,S"
"IRM00040858","2024-07-06","28.945","50.835","20.7","BUSHEHR, IR","    0",",,S","  403",",,S",,,"  341","H,,S"
"IRM00040858","2024-07-07","28.945","50.835","20.7","BUSHEHR, IR","    0",",,S","  372",",,S","  293",",,S","  341","H,,S"
"IRM00040858","2024-07-08","28.945","50.835","20.7","BUSHEHR, IR","    0",",,S",,,"  324",",,S","  362","H,,S"
"IRM00040858","2024-07-09","28.945","50.835","20.7","BUSHEHR, IR","    0",",,S","  400",",,S","  340",",,S","  361","H,,S"
"IRM00040858","2024-07-10","28.945","50.835","20.7","BUSHEHR, IR","    0",",,S",,,"  314",",,S","  364","H,,S"
"IRM00040858","2024-07-11","28.945","50.835","20.7","BUSHEHR, IR","    0",",,S","  404",",,S","  328",",,S","  363","H,,S"
"IRM00040858","2024-07-12","28.945","50.835","20.7","BUSHEHR, IR","    0",",,S","  398",",,S","  306",",,S","  357","H,,S"
"IRM00040858","2024-07-13","28.945","50.835","20.7","BUSHEHR, IR","    0",",,S","  382",",,S","  315",",,S","  349","H,,S"
"IRM00040858","2024-07-14","28.945","50.835","20.7","BUSHEHR, IR","    0",",,S","  380",",,S","  337",",,S","  358","H,,S"
"IRM00040858","2024-07-15","28.945","50.835","20.7","BUSHEHR, IR","    0",",,S","  382",",,S",,,"  351","H,,S"
"IRM00040858","2024-07-16","28.945","50.835","20.7","BUSHEHR, IR","    0",",,S","  382",",,S","  308",",,S","  348","H,,S"
"IRM00040858","2024-07-17","28.945","50.835","20.7","BUSHEHR, IR","    0",",,S","  394",",,S",,,"  350","H,,S"
"IRM00040858","2024-07-18","28.945","50.835","20.7","BUSHEHR, IR","    0",",,S","  382",",,S",,,"  345","H,,S"
"IRM00040858","2024-07-19","28.945","50.835","20.7","BUSHEHR, IR","    0",",,S","  386",",,S",,,"  348","H,,S"
"IRM00040858","2024-07-20","28.945","50.835","20.7","BUSHEHR, IR","    0",",,S","  390",",,S","  306",",,S","  358","H,,S"
"IRM00040858","2024-07-21","28.945","50.835","20.7","BUSHEHR, IR","    0",",,S","  390",",,S","  312",",,S","  364","H,,S"
"IRM00040858","2024-07-22","28.945","50.835","20.7","BUSHEHR, IR","    0",",,S","  384",",,S",,,"  356","H,,S"
"IRM00040858","2024-07-23","28.945","50.835","20.7","BUSHEHR, IR","    0",",,S","  384",",,S","  290",",,S","  350","H,,S"
"IRM00040858","2024-07-24","28.945","50.835","20.7","BUSHEHR, IR","    0",",,S","  388",",,S","  298",",,S","  350","H,,S"
"IRM00040858","2024-07-25","28.945","50.835","20.7","BUSHEHR, IR","    0",",,S",,,"  304",",,S","  349","H,,S"
"IRM00040858","2024-07-26","28.945","50.835","20.7","BUSHEHR, IR","    0",",,S","  388",",,S","  302",",,S","  349","H,,S"
"IRM00040858","2024-07-27","28.945","50.835","20.7","BUSHEHR, IR","    0",",,S","  392",",,S","  310",",,S","  360","H,,S"
"IRM00040858","2024-07-28","28.945","50.835","20.7","BUSHEHR, IR","    0",",,S",,,,,"  358","H,,S"
"IRM00040858","2024-07-29","28.945","50.835","20.7","BUSHEHR, IR","    0",",,S","  370",",,S",,,"  343","H,,S"
"IRM00040858","2024-07-30","28.945","50.835","20.7","BUSHEHR, IR","    0",",,S","  384",",,S","  296",",,S","  342","H,,S"
"IRM00040858","2024-07-31","28.945","50.835","20.7","BUSHEHR, IR","    0",",,S","  374",",,S","  312",",,S","  343","H,,S"
"IRM00040858","2024-08-01","28.945","50.835","20.7","BUSHEHR, IR","    0",",,S","  378",",,S","  320",",,S","  350","H,,S"
"IRM00040858","2024-08-02","28.945","50.835","20.7","BUSHEHR, IR","    0",",,S","  380",",,S","  322",",,S","  356","H,,S"
"IRM00040858","2024-08-03","28.945","50.835","20.7","BUSHEHR, IR","    0",",,S","  374",",,S",,,"  349","H,,S"
"IRM00040858","2024-08-04","28.945","50.835","20.7","BUSHEHR, IR","    0",",,S","  370",",,S","  300",",,S","  343","H,,S"
"IRM00040858","2024-08-05","28.945","50.835","20.7","BUSHEHR, IR","    0",",,S","  370",",,S","  292",",,S","  337","H,,S"
"IRM00040858","2024-08-06","28.945","50.835","20.7","BUSHEHR, IR","    0",",,S","  376",",,S","  288",",,S","  336","H,,S"
"IRM00040858","2024-08-07","28.945","50.835","20.7","BUSHEHR, IR","    0",",,S",,,"  296",",,S","  338","H,,S"
"IRM00040858","2024-08-08","28.945","50.835","20.7","BUSHEHR, IR","    0",",,S",,,"  312",",,S","  344","H,,S"
"IRM00040858","2024-08-09","28.945","50.835","20.7","BUSHEHR, IR","    0",",,S",,,"  320",",,S","  347","H,,S"
"IRM00040858","2024-08-10","28.945","50.835","20.7","BUSHEHR, IR","    0",",,S","  380",",,S","  310",",,S","  339","H,,S"
"IRM00040858","2024-08-11","28.945","50.835","20.7","BUSHEHR, IR","    0",",,S","  382",",,S","  304",",,S","  339","H,,S"
"IRM00040858","2024-08-13","28.945","50.835","20.7","BUSHEHR, IR","    0",",,S","  392",",,S",,,"  346","H,,S"
"IRM00040858","2024-08-14","28.945","50.835","20.7","BUSHEHR, IR","    0",",,S","  388",",,S","  309",",,S","  343","H,,S"
"IRM00040858","2024-08-15","28.945","50.835","20.7","BUSHEHR, IR","    0",",,S","  380",",,S","  312",",,S","  358","H,,S"
"IRM00040858","2024-08-16","28.945","50.835","20.7","BUSHEHR, IR","    0",",,S","  394",",,S",,,"  359","H,,S"
"IRM00040858","2024-08-17","28.945","50.835","20.7","BUSHEHR, IR","    0",",,S","  396",",,S","  300",",,S","  349","H,,S"
"IRM00040858","2024-08-18","28.945","50.835","20.7","BUSHEHR, IR","    0",",,S","  384",",,S","  318",",,S","  345","H,,S"
"IRM00040858","2024-08-19","28.945","50.835","20.7","BUSHEHR, IR","    0",",,S","  380",",,S","  314",",,S","  347","H,,S"
"IRM00040858","2024-08-20","28.945","50.835","20.7","BUSHEHR, IR","    0",",,S","  378",",,S","  324",",,S","  354","H,,S"
"IRM00040858","2024-08-21","28.945","50.835","20.7","BUSHEHR, IR","    0",",,S",,,"  332",",,S","  354","H,,S"
"IRM00040858","2024-08-22","28.945","50.835","20.7","BUSHEHR, IR","    0",",,S","  380",",,S",,,"  352","H,,S"
"IRM00040858","2024-08-23","28.945","50.835","20.7","BUSHEHR, IR","    0",",,S","  380",",,S","  316",",,S","  350","H,,S"
"IRM00040858","2024-08-24","28.945","50.835","20.7","BUSHEHR, IR","    0",",,S","  382",",,S","  318",",,S","  352","H,,S"
"IRM00040858","2024-08-25","28.945","50.835","20.7","BUSHEHR, IR","    0",",,S","  384",",,S","  318",",,S","  356","H,,S"
"IRM00040858","2024-08-26","28.945","50.835","20.7","BUSHEHR, IR","    0",",,S","  388",",,S","  340",",,S","  358","H,,S"
"IRM00040858","2024-08-27","28.945","50.835","20.7","BUSHEHR, IR","    0",",,S","  404",",,S",,,"  357","H,,S"
"IRM00040858","2024-08-28","28.945","50.835","20.7","BUSHEHR, IR","    0",",,S",,,"  324",",,S","  351","H,,S"
"IRM00040858","2024-08-29","28.945","50.835","20.7","BUSHEHR, IR","    0",",,S","  386",",,S","  322",",,S","  361","H,,S"
"IRM00040858","2024-08-30","28.945","50.835","20.7","BUSHEHR, IR","    0",",,S","  380",",,S",,,"  354","H,,S"
"IRM00040858","2024-08-31","28.945","50.835","20.7","BUSHEHR, IR","    0",",,S","  374",",,S",,,"  338","H,,S"
"IRM00040858","2024-09-01","28.945","50.835","20.7","BUSHEHR, IR","    0",",,S","  380",",,S","  282",",,S","  338","H,,S"
"IRM00040858","2024-09-02","28.945","50.835","20.7","BUSHEHR, IR","    0",",,S","  378",",,S","  296",",,S","  341","H,,S"
"IRM00040858","2024-09-03","28.945","50.835","20.7","BUSHEHR, IR","    0",",,S","  380",",,S","  304",",,S","  342","H,,S"
"IRM00040858","2024-09-04","28.945","50.835","20.7","BUSHEHR, IR","    0",",,S","  376",",,S",,,"  337","H,,S"
"IRM00040858","2024-09-05","28.945","50.835","20.7","BUSHEHR, IR","    0",",,S",,,"  296",",,S","  331","H,,S"
"IRM00040858","2024-09-06","28.945","50.835","20.7","BUSHEHR, IR","    0",",,S",,,"  298",",,S","  331","H,,S"
"IRM00040858","2024-09-07","28.945","50.835","20.7","BUSHEHR, IR","    0",",,S","  381",",,S","  284",",,S","  338","H,,S"
"IRM00040858","2024-09-08","28.945","50.835","20.7","BUSHEHR, IR","    0",",,S","  384",",,S",,,"  332","H,,S"
"IRM00040858","2024-09-09","28.945","50.835","20.7","BUSHEHR, IR","    0",",,S","  384",",,S",,,"  329","H,,S"
"IRM00040858","2024-09-10","28.945","50.835","20.7","BUSHEHR, IR","    0",",,S","  384",",,S","  276",",,S","  332","H,,S"
"IRM00040858","2024-09-11","28.945","50.835","20.7","BUSHEHR, IR","    0",",,S",,,"  290",",,S","  347","H,,S"
"IRM00040858","2024-09-12","28.945","50.835","20.7","BUSHEHR, IR","    0",",,S","  370",",,S",,,"  336","H,,S"
"IRM00040858","2024-09-13","28.945","50.835","20.7","BUSHEHR, IR","    0",",,S",,,"  300",",,S","  338","H,,S"
"IRM00040858","2024-09-14","28.945","50.835","20.7","BUSHEHR, IR","    0",",,S","  380",",,S",,,"  336","H,,S"
"IRM00040858","2024-09-15","28.945","50.835","20.7","BUSHEHR, IR","    0",",,S","  376",",,S",,,"  334","H,,S"
"IRM00040858","2024-09-16","28.945","50.835","20.7","BUSHEHR, IR","    0",",,S","  370",",,S","  260",",,S","  326","H,,S"
"IRM00040858","2024-09-17","28.945","50.835","20.7","BUSHEHR, IR","    0",",,S","  366",",,S","  266",",,S","  324","H,,S"
"IRM00040858","2024-09-18","28.945","50.835","20.7","BUSHEHR, IR","    0",",,S","  366",",,S",,,"  336","H,,S"
"IRM00040858","2024-09-19","28.945","50.835","20.7","BUSHEHR, IR","    0",",,S","  360",",,S",,,"  329","H,,S"
"IRM00040858","2024-09-20","28.945","50.835","20.7","BUSHEHR, IR","    0",",,S","  368",",,S","  268",",,S","  326","H,,S"
"IRM00040858","2024-09-21","28.945","50.835","20.7","BUSHEHR, IR","    0",",,S","  368",",,S",,,"  326","H,,S"
"IRM00040858","2024-09-22","28.945","50.835","20.7","BUSHEHR, IR","    0",",,S","  360",",,S",,,"  316","H,,S"
"IRM00040858","2024-09-23","28.945","50.835","20.7","BUSHEHR, IR","    0",",,S",,,"  256",",,S","  317","H,,S"
"IRM00040858","2024-09-24","28.945","50.835","20.7","BUSHEHR, IR","    0",",,S","  366",",,S","  266",",,S","  316","H,,S"
"IRM00040858","2024-09-25","28.945","50.835","20.7","BUSHEHR, IR","    0",",,S","  372",",,S","  278",",,S","  336","H,,S"
"IRM00040858","2024-09-26","28.945","50.835","20.7","BUSHEHR, IR","    0",",,S","  358",",,S",,,"  307","H,,S"
"IRM00040858","2024-09-27","28.945","50.835","20.7","BUSHEHR, IR","    0",",,S","  354",",,S","  250",",,S","  304","H,,S"
"IRM00040858","2024-09-28","28.945","50.835","20.7","BUSHEHR, IR","    0",",,S",,,"  250",",,S","  308","H,,S"
"IRM00040858","2024-09-29","28.945","50.835","20.7","BUSHEHR, IR","    0",",,S","  354",",,S","  244",",,S","  309","H,,S"
"IRM00040858","2024-09-30","28.945","50.835","20.7","BUSHEHR, IR","    0",",,S",,,"  260",",,S","  312","H,,S"
"IRM00040858","2024-10-01","28.945","50.835","20.7","BUSHEHR, IR","    0",",,S","  372",",,S",,,"  319","H,,S"
"IRM00040858","2024-10-02","28.945","50.835","20.7","BUSHEHR, IR","    0",",,S","  354",",,S",,,"  318","H,,S"
"IRM00040858","2024-10-03","28.945","50.835","20.7","BUSHEHR, IR","    0",",,S","  356",",,S","  280",",,S","  318","H,,S"
"IRM00040858","2024-10-04","28.945","50.835","20.7","BUSHEHR, IR","    0",",,S","  330",",,S",,,"  314","H,,S"
"IRM00040858","2024-10-05","28.945","50.835","20.7","BUSHEHR, IR","    0",",,S",,,,,"  286","H,,S"
"IRM00040858","2024-10-06","28.945","50.835","20.7","BUSHEHR, IR","    0",",,S","  336",",,S","  220",",,S","  280","H,,S"
"IRM00040858","2024-10-07","28.945","50.835","20.7","BUSHEHR, IR","    0",",,S","  336",",,S","  200",",,S","  281","H,,S"
"IRM00040858","2024-10-08","28.945","50.835","20.7","BUSHEHR, IR","    0",",,S","  344",",,S",,,"  298","H,,S"
"IRM00040858","2024-10-09","28.945","50.835","20.7","BUSHEHR, IR","    0",",,S","  334",",,S","  232",",,S","  289","H,,S"
"IRM00040858","2024-10-10","28.945","50.835","20.7","BUSHEHR, IR","    0",",,S",,,"  236",",,S","  285","H,,S"
"IRM00040858","2024-10-11","28.945","50.835","20.7","BUSHEHR, IR","    0",",,S","  334",",,S","  240",",,S","  296","H,,S"
"IRM00040858","2024-10-12","28.945","50.835","20.7","BUSHEHR, IR","    0",",,S","  330",",,S","  232",",,S","  292","H,,S"
"IRM00040858","2024-10-13","28.945","50.835","20.7","BUSHEHR, IR","    0",",,S","  330",",,S","  240",",,S","  289","H,,S"
"IRM00040858","2024-10-14","28.945","50.835","20.7","BUSHEHR, IR","    0",",,S","  330",",,S","  234",",,S","  285","H,,S"
"IRM00040858","2024-10-15","28.945","50.835","20.7","BUSHEHR, IR","    0",",,S","  334",",,S","  240",",,S","  287","H,,S"
"IRM00040858","2024-10-16","28.945","50.835","20.7","BUSHEHR, IR","    0",",,S",,,"  236",",,S","  290","H,,S"
"IRM00040858","2024-10-17","28.945","50.835","20.7","BUSHEHR, IR","    0",",,S","  332",",,S","  216",",,S","  277","H,,S"
"IRM00040858","2024-10-18","28.945","50.835","20.7","BUSHEHR, IR","    0",",,S",,,"  220",",,S","  288","H,,S"
"IRM00040858","2024-10-19","28.945","50.835","20.7","BUSHEHR, IR","    0",",,S","  350",",,S","  212",",,S","  292","H,,S"
"IRM00040858","2024-10-20","28.945","50.835","20.7","BUSHEHR, IR","    0",",,S",,,"  224",",,S","  289","H,,S"
"IRM00040858","2024-10-21","28.945","50.835","20.7","BUSHEHR, IR","    0",",,S","  310",",,S","  250",",,S","  287","H,,S"
"IRM00040858","2024-10-22","28.945","50.835","20.7","BUSHEHR, IR","    0",",,S","  292",",,S",,,"  263","H,,S"
"IRM00040858","2024-10-23","28.945","50.835","20.7","BUSHEHR, IR","    5",",,S","  273",",,S","  240",",,S","  256","H,,S"
"IRM00040858","2024-10-24","28.945","50.835","20.7","BUSHEHR, IR","  221",",,S","  270",",,S","  209",",,S","  234","H,,S"
"IRM00040858","2024-10-25","28.945","50.835","20.7","BUSHEHR, IR","    0",",,S","  256",",,S","  210",",,S","  239","H,,S"
"IRM00040858","2024-10-26","28.945","50.835","20.7","BUSHEHR, IR","    0",",,S","  266",",,S","  204",",,S","  237","H,,S"
"IRM00040858","2024-10-27","28.945","50.835","20.7","BUSHEHR, IR","    0",",,S",,,"  208",",,S","  242","H,,S"
"IRM00040858","2024-10-28","28.945","50.835","20.7","BUSHEHR, IR","    0",",,S",,,"  208",",,S","  240","H,,S"
"IRM00040858","2024-10-29","28.945","50.835","20.7","BUSHEHR, IR","    0",",,S","  264",",,S","  200",",,S","  232","H,,S"
"IRM00040858","2024-10-30","28.945","50.835","20.7","BUSHEHR, IR","    0",",,S","  282",",,S","  180",",,S","  236","H,,S"
"IRM00040858","2024-10-31","28.945","50.835","20.7","BUSHEHR, IR","    0",",,S","  282",",,S","  220",",,S","  244","H,,S"
"IRM00040858","2024-11-01","28.945","50.835","20.7","BUSHEHR, IR","    0",",,S","  274",",,S","  202",",,S","  241","H,,S"
"IRM00040858","2024-11-02","28.945","50.835","20.7","BUSHEHR, IR","    0",",,S",,,"  208",",,S","  254","H,,S"
"IRM00040858","2024-11-03","28.945","50.835","20.7","BUSHEHR, IR","    0",",,S","  304",",,S","  220",",,S","  257","H,,S"
"IRM00040858","2024-11-04","28.945","50.835","20.7","BUSHEHR, IR","    0",",,S",,,"  210",",,S","  251","H,,S"
"IRM00040858","2024-11-05","28.945","50.835","20.7","BUSHEHR, IR","    0",",,S",,,"  196",",,S","  254","H,,S"
"IRM00040858","2024-11-06","28.945","50.835","20.7","BUSHEHR, IR","    0",",,S",,,"  230",",,S","  263","H,,S"
"IRM00040858","2024-11-07","28.945","50.835","20.7","BUSHEHR, IR","    0",",,S","  298",",,S","  234",",,S","  262","H,,S"
"IRM00040858","2024-11-08","28.945","50.835","20.7","BUSHEHR, IR","    0",",,S","  278",",,S",,,"  253","H,,S"
"IRM00040858","2024-11-09","28.945","50.835","20.7","BUSHEHR, IR","    0",",,S","  272",",,S","  219",",,S","  251","H,,S"
"IRM00040858","2024-11-10","28.945","50.835","20.7","BUSHEHR, IR","    0",",,S","  292",",,S","  220",",,S","  256","H,,S"
"IRM00040858","2024-11-11","28.945","50.835","20.7","BUSHEHR, IR","    0",",,S","  290",",,S",,,"  249","H,,S"
"IRM00040858","2024-11-12","28.945","50.835","20.7","BUSHEHR, IR","    0",",,S","  284",",,S","  194",",,S","  246","H,,S"
"IRM00040858","2024-11-13","28.945","50.835","20.7","BUSHEHR, IR","    0",",,S","  270",",,S","  230",",,S","  253","H,,S"
"IRM00040858","2024-11-14","28.945","50.835","20.7","BUSHEHR, IR","    0",",,S","  260",",,S",,,"  236","H,,S"
"IRM00040858","2024-11-15","28.945","50.835","20.7","BUSHEHR, IR","    0",",,S","  254",",,S",,,"  219","H,,S"
"IRM00040858","2024-11-16","28.945","50.835","20.7","BUSHEHR, IR","    0",",,S","  254",",,S","  150",",,S","  213","H,,S"
"IRM00040858","2024-11-17","28.945","50.835","20.7","BUSHEHR, IR","    0",",,S","  294",",,S","  156",",,S","  228","H,,S"
"IRM00040858","2024-11-22","28.945","50.835","20.7","BUSHEHR, IR","    0",",,S","  270",",,S",,,"  240","H,,S"
"IRM00040858","2024-11-23","28.945","50.835","20.7","BUSHEHR, IR","    0",",,S","  255",",,S",,,"  228","H,,S"
"IRM00040858","2024-11-24","28.945","50.835","20.7","BUSHEHR, IR","    0",",,S","  256",",,S","  182",",,S","  222","H,,S"
"IRM00040858","2024-11-25","28.945","50.835","20.7","BUSHEHR, IR","   36",",,S",,,"  190",",,S","  228","H,,S"
"IRM00040858","2024-11-26","28.945","50.835","20.7","BUSHEHR, IR","    0",",,S",,,,,"  238","H,,S"
"IRM00040858","2024-11-27","28.945","50.835","20.7","BUSHEHR, IR","  137",",,S","  245",",,S",,,"  201","H,,S"
"IRM00040858","2024-11-28","28.945","50.835","20.7","BUSHEHR, IR","    0",",,S","  212",",,S",,,"  168","H,,S"
"IRM00040858","2024-11-29","28.945","50.835","20.7","BUSHEHR, IR","    0",",,S","  182",",,S","  134",",,S","  158","H,,S"
"IRM00040858","2024-11-30","28.945","50.835","20.7","BUSHEHR, IR","    0",",,S","  192",",,S","  136",",,S","  164","H,,S"
"IRM00040858","2024-12-02","28.945","50.835","20.7","BUSHEHR, IR","    0",",,S",,,"  138",",,S","  167","H,,S"
"IRM00040858","2024-12-03","28.945","50.835","20.7","BUSHEHR, IR","    0",",,S",,,"  120",",,S","  171","H,,S"
"IRM00040858","2024-12-04","28.945","50.835","20.7","BUSHEHR, IR","    0",",,S",,,,,"  178","H,,S"
"IRM00040858","2024-12-05","28.945","50.835","20.7","BUSHEHR, IR","    0",",,S","  232",",,S",,,"  196","H,,S"
"IRM00040858","2024-12-06","28.945","50.835","20.7","BUSHEHR, IR","    0",",,S","  240",",,S","  188",",,S","  207","H,,S"
"IRM00040858","2024-12-07","28.945","50.835","20.7","BUSHEHR, IR","    0",",,S","  234",",,S","  130",",,S","  199","H,,S"
"IRM00040858","2024-12-08","28.945","50.835","20.7","BUSHEHR, IR","    0",",,S",,,,,"  184","H,,S"
"IRM00040858","2024-12-09","28.945","50.835","20.7","BUSHEHR, IR","    0",",,S",,,"  132",",,S","  205","H,,S"
"IRM00040858","2024-12-10","28.945","50.835","20.7","BUSHEHR, IR","    0",",,S",,,,,"  206","H,,S"
"IRM00040858","2024-12-11","28.945","50.835","20.7","BUSHEHR, IR","    0",",,S","  222",",,S","  156",",,S","  196","H,,S"
"IRM00040858","2024-12-12","28.945","50.835","20.7","BUSHEHR, IR","    0",",,S","  218",",,S",,,"  188","H,,S"
"IRM00040858","2024-12-13","28.945","50.835","20.7","BUSHEHR, IR","    0",",,S","  244",",,S",,,"  198","H,,S"
"IRM00040858","2024-12-14","28.945","50.835","20.7","BUSHEHR, IR","    0",",,S",,,,,"  197","H,,S"
"IRM00040858","2024-12-15","28.945","50.835","20.7","BUSHEHR, IR","    0",",,S","  192",",,S",,,"  144","H,,S"
"IRM00040858","2024-12-16","28.945","50.835","20.7","BUSHEHR, IR","    0",",,S","  180",",,S","   96",",,S","  147","H,,S"
"IRM00040858","2024-12-17","28.945","50.835","20.7","BUSHEHR, IR","    0",",,S","  190",",,S","  100",",,S","  158","H,,S"
"IRM00040858","2024-12-18","28.945","50.835","20.7","BUSHEHR, IR","    0",",,S","  190",",,S","  118",",,S","  148","H,,S"
"IRM00040858","2024-12-19","28.945","50.835","20.7","BUSHEHR, IR","    0",",,S",,,"  106",",,S","  148","H,,S"
"IRM00040858","2024-12-20","28.945","50.835","20.7","BUSHEHR, IR","    0",",,S","  200",",,S","   66",",,S","  153","H,,S"
"IRM00040858","2024-12-21","28.945","50.835","20.7","BUSHEHR, IR","    3",",,S",,,"  140",",,S","  179","H,,S"
"IRM00040858","2024-12-22","28.945","50.835","20.7","BUSHEHR, IR","    0",",,S","  172",",,S",,,"  147","H,,S"
"IRM00040858","2024-12-23","28.945","50.835","20.7","BUSHEHR, IR","    0",",,S","  190",",,S","  120",",,S","  158","H,,S"
"IRM00040858","2024-12-24","28.945","50.835","20.7","BUSHEHR, IR","    0",",,S","  204",",,S","  104",",,S","  158","H,,S"
"IRM00040858","2024-12-25","28.945","50.835","20.7","BUSHEHR, IR","    0",",,S","  212",",,S",,,"  168","H,,S"
"IRM00040858","2024-12-26","28.945","50.835","20.7","BUSHEHR, IR","    0",",,S",,,,,"  174","H,,S"
"IRM00040858","2024-12-27","28.945","50.835","20.7","BUSHEHR, IR","    0",",,S","  254",",,S","  118",",,S","  192","H,,S"
"IRM00040858","2024-12-28","28.945","50.835","20.7","BUSHEHR, IR","   15",",,S","  246",",,S","  160",",,S","  203","H,,S"
"IRM00040858","2024-12-29","28.945","50.835","20.7","BUSHEHR, IR","    0",",,S",,,"  170",",,S","  196","H,,S"
"IRM00040858","2024-12-30","28.945","50.835","20.7","BUSHEHR, IR","   23",",,S","  210",",,S",,,"  178","H,,S"
"IRM00040858","2024-12-31","28.945","50.835","20.7","BUSHEHR, IR","    0",",,S","  202",",,S","  162",",,S","  183","H,,S"
"IRM00040858","2025-01-01","28.945","50.835","20.7","BUSHEHR, IR","    0",",,S","  196",",,S",,,"  167","H,,S"
"IRM00040858","2025-01-02","28.945","50.835","20.7","BUSHEHR, IR","    0",",,S",,,"   87",",,S","  147","H,,S"
"IRM00040858","2025-01-03","28.945","50.835","20.7","BUSHEHR, IR","    0",",,S",,,"   84",",,S","  150","H,,S"
"IRM00040858","2025-01-04","28.945","50.835","20.7","BUSHEHR, IR","    0",",,S","  186",",,S",,,"  148","H,,S"
"IRM00040858","2025-01-05","28.945","50.835","20.7","BUSHEHR, IR","    0",",,S","  184",",,S",,,"  144","H,,S"
"IRM00040858","2025-01-06","28.945","50.835","20.7","BUSHEHR, IR","    0",",,S",,,"   68",",,S","  163","H,,S"
"IRM00040858","2025-01-07","28.945","50.835","20.7","BUSHEHR, IR","    0",",,S",,,"  146",",,S","  186","H,,S"
"IRM00040858","2025-01-08","28.945","50.835","20.7","BUSHEHR, IR","    0",",,S",,,"  156",",,S","  178","H,,S"
"IRM00040858","2025-01-09","28.945","50.835","20.7","BUSHEHR, IR","    0",",,S","  196",",,S","  138",",,S","  169","H,,S"
"IRM00040858","2025-01-10","28.945","50.835","20.7","BUSHEHR, IR","    0",",,S","  200",",,S","  107",",,S","  162","H,,S"
"IRM00040858","2025-01-11","28.945","50.835","20.7","BUSHEHR, IR","    0",",,S","  204",",,S","   80",",,S","  163","H,,S"
"IRM00040858","2025-01-12","28.945","50.835","20.7","BUSHEHR, IR","    0",",,S","  222",",,S",,,"  181","H,,S"
"IRM00040858","2025-01-13","28.945","50.835","20.7","BUSHEHR, IR","    0",",,S","  192",",,S","  134",",,S","  166","H,,S"
"IRM00040858","2025-01-14","28.945","50.835","20.7","BUSHEHR, IR","    0",",,S",,,,,"  158","H,,S"
"IRM00040858","2025-01-15","28.945","50.835","20.7","BUSHEHR, IR","    0",",,S",,,,,"  158","H,,S"
"IRM00040858","2025-01-16","28.945","50.835","20.7","BUSHEHR, IR","    0",",,S","  200",",,S","   98",",,S","  158","H,,S"
"IRM00040858","2025-01-17","28.945","50.835","20.7","BUSHEHR, IR","    0",",,S","  234",",,S","  138",",,S","  188","H,,S"
"IRM00040858","2025-01-18","28.945","50.835","20.7","BUSHEHR, IR","    0",",,S","  189",",,S",,,"  155","H,,S"
"IRM00040858","2025-01-19","28.945","50.835","20.7","BUSHEHR, IR","    0",",,S","  194",",,S","   92",",,S","  153","H,,S"
"IRM00040858","2025-01-20","28.945","50.835","20.7","BUSHEHR, IR","    0",",,S","  190",",,S","   89",",,S","  149","H,,S"
"IRM00040858","2025-01-21","28.945","50.835","20.7","BUSHEHR, IR","    0",",,S","  190",",,S","   78",",,S","  153","H,,S"
"IRM00040858","2025-01-22","28.945","50.835","20.7","BUSHEHR, IR","    0",",,S","  204",",,S",,,"  153","H,,S"
"IRM00040858","2025-01-23","28.945","50.835","20.7","BUSHEHR, IR","    0",",,S","  214",",,S","   74",",,S","  155","H,,S"
"IRM00040858","2025-01-24","28.945","50.835","20.7","BUSHEHR, IR","    0",",,S","  206",",,S","   82",",,S","  156","H,,S"
"IRM00040858","2025-01-25","28.945","50.835","20.7","BUSHEHR, IR","    0",",,S","  210",",,S","   89",",,S","  163","H,,S"
"IRM00040858","2025-01-26","28.945","50.835","20.7","BUSHEHR, IR","   13",",,S","  216",",,S",,,"  173","H,,S"
"IRM00040858","2025-01-27","28.945","50.835","20.7","BUSHEHR, IR","   10",",,S","  194",",,S","  144",",,S","  168","H,,S"
"IRM00040858","2025-01-28","28.945","50.835","20.7","BUSHEHR, IR","    0",",,S","  194",",,S","  140",",,S","  170","H,,S"
"IRM00040858","2025-01-29","28.945","50.835","20.7","BUSHEHR, IR","    0",",,S","  198",",,S","  130",",,S","  168","H,,S"
"IRM00040858","2025-01-30","28.945","50.835","20.7","BUSHEHR, IR","    0",",,S","  186",",,S",,,"  170","H,,S"
"IRM00040858","2025-01-31","28.945","50.835","20.7","BUSHEHR, IR","    0",",,S","  200",",,S","   90",",,S","  154","H,,S"
"IRM00040858","2025-02-01","28.945","50.835","20.7","BUSHEHR, IR","    0",",,S",,,,,"  152","H,,S"
"IRM00040858","2025-02-02","28.945","50.835","20.7","BUSHEHR, IR","    0",",,S",,,,,"  152","H,,S"
"IRM00040858","2025-02-03","28.945","50.835","20.7","BUSHEHR, IR","    0",",,S","  196",",,S","   90",",,S","  149","H,,S"
"IRM00040858","2025-02-04","28.945","50.835","20.7","BUSHEHR, IR","    0",",,S","  200",",,S","   68",",,S","  147","H,,S"
"IRM00040858","2025-02-05","28.945","50.835","20.7","BUSHEHR, IR","    0",",,S",,,"   98",",,S","  179","H,,S"
"IRM00040858","2025-02-06","28.945","50.835","20.7","BUSHEHR, IR","    3",",,S",,,"  177",",,S","  209","H,,S"
"IRM00040858","2025-02-07","28.945","50.835","20.7","BUSHEHR, IR","    0",",,S","  220",",,S",,,"  180","H,,S"
"IRM00040858","2025-02-08","28.945","50.835","20.7","BUSHEHR, IR","    0",",,S","  182",",,S",,,"  158","H,,S"
"IRM00040858","2025-02-09","28.945","50.835","20.7","BUSHEHR, IR","    0",",,S","  182",",,S","   92",",,S","  147","H,,S"
"IRM00040858","2025-02-10","28.945","50.835","20.7","BUSHEHR, IR","    0",",,S","  174",",,S","  106",",,S","  147","H,,S"
"IRM00040858","2025-02-11","28.945","50.835","20.7","BUSHEHR, IR","    0",",,S","  200",",,S","  120",",,S","  169","H,,S"
"IRM00040858","2025-02-12","28.945","50.835","20.7","BUSHEHR, IR","   53",",,S","  198",",,S",,,"  174","H,,S"
"IRM00040858","2025-02-13","28.945","50.835","20.7","BUSHEHR, IR","   94",",,S",,,,,"  178","H,,S"
"IRM00040858","2025-02-14","28.945","50.835","20.7","BUSHEHR, IR","  155",",,S","  202",",,S",,,"  179","H,,S"
"IRM00040858","2025-02-15","28.945","50.835","20.7","BUSHEHR, IR","    0",",,S","  180",",,S",,,"  166","H,,S"
"IRM00040858","2025-02-16","28.945","50.835","20.7","BUSHEHR, IR","   10",",,S","  184",",,S","  110",",,S","  156","H,,S"
"IRM00040858","2025-02-17","28.945","50.835","20.7","BUSHEHR, IR","    0",",,S","  200",",,S","  140",",,S","  173","H,,S"
"IRM00040858","2025-02-18","28.945","50.835","20.7","BUSHEHR, IR","    0",",,S",,,"  150",",,S","  171","H,,S"
"IRM00040858","2025-02-19","28.945","50.835","20.7","BUSHEHR, IR","    0",",,S","  200",",,S","  132",",,S","  168","H,,S"
"IRM00040858","2025-02-20","28.945","50.835","20.7","BUSHEHR, IR","   18",",,S","  192",",,S","  130",",,S","  173","H,,S"
"IRM00040858","2025-02-21","28.945","50.835","20.7","BUSHEHR, IR","    0",",,S",,,"  140",",,S","  180","H,,S"
"IRM00040858","2025-02-22","28.945","50.835","20.7","BUSHEHR, IR","    0",",,S",,,"  140",",,S","  192","H,,S"
"IRM00040858","2025-02-23","28.945","50.835","20.7","BUSHEHR, IR","    0",",,S",,,,,"  186","H,,S"
"IRM00040858","2025-02-24","28.945","50.835","20.7","BUSHEHR, IR","    0",",,S","  187",",,S",,,"  157","H,,S"
"IRM00040858","2025-02-25","28.945","50.835","20.7","BUSHEHR, IR","    0",",,S","  168",",,S","  100",",,S","  114","H,,S"
"IRM00040858","2025-02-26","28.945","50.835","20.7","BUSHEHR, IR","    0",",,S",,,"   79",",,S","  123","H,,S"
"IRM00040858","2025-02-27","28.945","50.835","20.7","BUSHEHR, IR","    0",",,S",,,,,"  141","H,,S"
"IRM00040858","2025-02-28","28.945","50.835","20.7","BUSHEHR, IR","    0",",,S",,,,,"  133","H,,S"
"IRM00040858","2025-03-01","28.945","50.835","20.7","BUSHEHR, IR","    0",",,S","  176",",,S","   90",",,S","  146","H,,S"
"IRM00040858","2025-03-02","28.945","50.835","20.7","BUSHEHR, IR","    0",",,S",,,"  130",",,S","  164","H,,S"
"IRM00040858","2025-03-03","28.945","50.835","20.7","BUSHEHR, IR","    0",",,S","  190",",,S",,,"  147","H,,S"
"IRM00040858","2025-03-04","28.945","50.835","20.7","BUSHEHR, IR","   23",",,S",,,"   76",",,S","  159","H,,S"
"IRM00040858","2025-03-05","28.945","50.835","20.7","BUSHEHR, IR","  213",",,S","  240",",,S","  150",",,S","  189","H,,S"
"IRM00040858","2025-03-06","28.945","50.835","20.7","BUSHEHR, IR","   84",",,S","  210",",,S","  175",",,S","  191","H,,S"
"IRM00040858","2025-03-07","28.945","50.835","20.7","BUSHEHR, IR","  320",",,S","  200",",,S","  176",",,S","  189","H,,S"
"IRM00040858","2025-03-08","28.945","50.835","20.7","BUSHEHR, IR","   10",",,S",,,,,"  201","H,,S"
"IRM00040858","2025-03-09","28.945","50.835","20.7","BUSHEHR, IR","    0",",,S",,,,,"  181","H,,S"
"IRM00040858","2025-03-10","28.945","50.835","20.7","BUSHEHR, IR","   33",",,S","  214",",,S","  140",",,S","  179","H,,S"
"IRM00040858","2025-03-11","28.945","50.835","20.7","BUSHEHR, IR","    0",",,S",,,"  162",",,S","  191","H,,S"
"IRM00040858","2025-03-12","28.945","50.835","20.7","BUSHEHR, IR","    0",",,S","  212",",,S",,,"  187","H,,S"
"IRM00040858","2025-03-13","28.945","50.835","20.7","BUSHEHR, IR","    0",",,S","  214",",,S","  146",",,S","  184","H,,S"
"IRM00040858","2025-03-14","28.945","50.835","20.7","BUSHEHR, IR","    0",",,S",,,"  154",",,S","  197","H,,S"
"IRM00040858","2025-03-15","28.945","50.835","20.7","BUSHEHR, IR","    0",",,S","  232",",,S","  156",",,S","  204","H,,S"
"IRM00040858","2025-03-16","28.945","50.835","20.7","BUSHEHR, IR","    0",",,S","  240",",,S","  160",",,S","  206","H,,S"
"IRM00040858","2025-03-17","28.945","50.835","20.7","BUSHEHR, IR","    0",",,S","  230",",,S",,,"  201","H,,S"
"IRM00040858","2025-03-18","28.945","50.835","20.7","BUSHEHR, IR","    0",",,S","  236",",,S","  144",",,S","  201","H,,S"
"IRM00040858","2025-03-19","28.945","50.835","20.7","BUSHEHR, IR","    0",",,S","  244",",,S","  138",",,S","  207","H,,S"
"IRM00040858","2025-03-20","28.945","50.835","20.7","BUSHEHR, IR","    0",",,S",,,"  172",",,S","  239","H,,S"
"IRM00040858","2025-03-21","28.945","50.835","20.7","BUSHEHR, IR","    0",",,S",,,"  200",",,S","  257","H,,S"
"IRM00040858","2025-03-22","28.945","50.835","20.7","BUSHEHR, IR","   74",",,S","  301",",,S",,,"  234","H,,S"
"IRM00040858","2025-03-23","28.945","50.835","20.7","BUSHEHR, IR","    0",",,S","  222",",,S",,,"  205","H,,S"
"IRM00040858","2025-03-24","28.945","50.835","20.7","BUSHEHR, IR","    0",",,S","  210",",,S","  166",",,S","  190","H,,S"
"IRM00040858","2025-03-25","28.945","50.835","20.7","BUSHEHR, IR","    0",",,S","  204",",,S",,,"  183","H,,S"
"IRM00040858","2025-03-26","28.945","50.835","20.7","BUSHEHR, IR","    0",",,S",,,"  120",",,S","  177","H,,S"
"IRM00040858","2025-03-27","28.945","50.835","20.7","BUSHEHR, IR","    0",",,S","  256",",,S","  130",",,S","  201","H,,S"
"IRM00040858","2025-03-28","28.945","50.835","20.7","BUSHEHR, IR","    0",",,S",,,"  144",",,S","  203","H,,S"
"IRM00040858","2025-03-29","28.945","50.835","20.7","BUSHEHR, IR","    0",",,S",,,"  154",",,S","  217","H,,S"
"IRM00040858","2025-03-30","28.945","50.835","20.7","BUSHEHR, IR","    0",",,S","  262",",,S","  158",",,S","  223","H,,S"
"IRM00040858","2025-03-31","28.945","50.835","20.7","BUSHEHR, IR","    0",",,S","  338",",,S","  188",",,S","  243","H,,S"
"IRM00040858","2025-04-01","28.945","50.835","20.7","BUSHEHR, IR","    0",",,S",,,"  206",",,S","  244","H,,S"
"IRM00040858","2025-04-02","28.945","50.835","20.7","BUSHEHR, IR","    0",",,S","  282",",,S","  180",",,S","  244","H,,S"
"IRM00040858","2025-04-03","28.945","50.835","20.7","BUSHEHR, IR","    0",",,S","  374",",,S",,,"  291","H,,S"
"IRM00040858","2025-04-04","28.945","50.835","20.7","BUSHEHR, IR","    0",",,S","  330",",,S",,,"  274","H,,S"
"IRM00040858","2025-04-05","28.945","50.835","20.7","BUSHEHR, IR","    0",",,S","  360",",,S","  230",",,S","  299","H,,S"
"IRM00040858","2025-04-06","28.945","50.835","20.7","BUSHEHR, IR","    0",",,S","  324",",,S","  250",",,S","  276","H,,S"
"IRM00040858","2025-04-07","28.945","50.835","20.7","BUSHEHR, IR","    0",",,S",,,"  246",",,S","  271","H,,S"
"IRM00040858","2025-04-08","28.945","50.835","20.7","BUSHEHR, IR","    0",",,S","  302",",,S","  244",",,S","  270","H,,S"
"IRM00040858","2025-04-09","28.945","50.835","20.7","BUSHEHR, IR","    0",",,S","  286",",,S",,,"  263","H,,S"
"IRM00040858","2025-04-10","28.945","50.835","20.7","BUSHEHR, IR","    0",",,S","  334",",,S","  200",",,S","  282","H,,S"
"IRM00040858","2025-04-11","28.945","50.835","20.7","BUSHEHR, IR","    0",",,S","  362",",,S",,,"  281","H,,S"
"IRM00040858","2025-04-12","28.945","50.835","20.7","BUSHEHR, IR","    0",",,S","  352",",,S",,,"  276","H,,S"
"IRM00040858","2025-04-13","28.945","50.835","20.7","BUSHEHR, IR","    0",",,S","  280",",,S","  228",",,S","  254","H,,S"
"IRM00040858","2025-04-14","28.945","50.835","20.7","BUSHEHR, IR","    0",",,S",,,"  236",",,S","  291","H,,S"
"IRM00040858","2025-04-15","28.945","50.835","20.7","BUSHEHR, IR","    0",",,S","  310",",,S","  230",",,S","  243","H,,S"
"IRM00040858","2025-04-16","28.945","50.835","20.7","BUSHEHR, IR","    0",",,S","  262",",,S",,,"  236","H,,S"
"IRM00040858","2025-04-17","28.945","50.835","20.7","BUSHEHR, IR","    0",",,S","  244",",,S","  204",",,S","  226","H,,S"
"IRM00040858","2025-04-18","28.945","50.835","20.7","BUSHEHR, IR","    0",",,S",,,,,"  222","H,,S"
"IRM00040858","2025-04-19","28.945","50.835","20.7","BUSHEHR, IR","    0",",,S","  260",",,S","  160",",,S","  224","H,,S"
"IRM00040858","2025-04-20","28.945","50.835","20.7","BUSHEHR, IR","    0",",,S","  272",",,S","  168",",,S","  227","H,,S"
"IRM00040858","2025-04-21","28.945","50.835","20.7","BUSHEHR, IR","    3",",,S","  298",",,S","  166",",,S","  242","H,,S"
"IRM00040858","2025-04-22","28.945","50.835","20.7","BUSHEHR, IR","   10",",,S","  332",",,S","  219",",,S","  279","H,,S"
"IRM00040858","2025-04-23","28.945","50.835","20.7","BUSHEHR, IR","    0",",,S","  308",",,S",,,"  270","H,,S"
"IRM00040858","2025-04-24","28.945","50.835","20.7","BUSHEHR, IR","    0",",,S",,,"  218",",,S","  271","H,,S"
"IRM00040858","2025-04-25","28.945","50.835","20.7","BUSHEHR, IR","    0",",,S","  342",",,S","  210",",,S","  286","H,,S"
"IRM00040858","2025-04-26","28.945","50.835","20.7","BUSHEHR, IR","    0",",,S",,,"  242",",,S","  294","H,,S"
"IRM00040858","2025-04-27","28.945","50.835","20.7","BUSHEHR, IR","    0",",,S",,,"  256",",,S","  312","H,,S"
"IRM00040858","2025-04-28","28.945","50.835","20.7","BUSHEHR, IR","    0",",,S","  400",",,S","  250",",,S","  337","H,,S"
"IRM00040858","2025-04-29","28.945","50.835","20.7","BUSHEHR, IR","    0",",,S","  405",",,S",,,"  296","H,,S"
"IRM00040858","2025-04-30","28.945","50.835","20.7","BUSHEHR, IR","    0",",,S","  356",",,S","  240",",,S","  302","H,,S"
"IRM00040858","2025-05-01","28.945","50.835","20.7","BUSHEHR, IR","    0",",,S","  334",",,S",,,"  296","H,,S"
"IRM00040858","2025-05-02","28.945","50.835","20.7","BUSHEHR, IR","    0",",,S","  342",",,S","  250",",,S","  310","H,,S"
"IRM00040858","2025-05-03","28.945","50.835","20.7","BUSHEHR, IR","    0",",,S",,,"  250",",,S","  319","H,,S"
"IRM00040858","2025-05-04","28.945","50.835","20.7","BUSHEHR, IR","    0",",,S",,,"  274",",,S","  333","H,,S"
"IRM00040858","2025-05-05","28.945","50.835","20.7","BUSHEHR, IR","    0",",,S","  380",",,S","  290",",,S","  319","H,,S"
"IRM00040858","2025-05-06","28.945","50.835","20.7","BUSHEHR, IR","    0",",,S",,,"  250",",,S","  295","H,,S"
"IRM00040858","2025-05-07","28.945","50.835","20.7","BUSHEHR, IR","    0",",,S","  292",",,S","  267",",,S","  278","H,,S"
"IRM00040858","2025-05-08","28.945","50.835","20.7","BUSHEHR, IR","    0",",,S","  300",",,S","  260",",,S","  276","H,,S"
"IRM00040858","2025-05-09","28.945","50.835","20.7","BUSHEHR, IR","    0",",,S","  302",",,S",,,"  271","H,,S"
"IRM00040858","2025-05-10","28.945","50.835","20.7","BUSHEHR, IR","    0",",,S",,,"  210",",,S","  269","H,,S"
"IRM00040858","2025-05-11","28.945","50.835","20.7","BUSHEHR, IR","    0",",,S",,,"  210",",,S","  277","H,,S"
"IRM00040858","2025-05-12","28.945","50.835","20.7","BUSHEHR, IR","    0",",,S","  362",",,S","  220",",,S","  302","H,,S"
"IRM00040858","2025-05-13","28.945","50.835","20.7","BUSHEHR, IR","    0",",,S",,,"  248",",,S","  322","H,,S"
"IRM00040858","2025-05-14","28.945","50.835","20.7","BUSHEHR, IR","    0",",,S","  380",",,S",,,"  306","H,,S"
"IRM00040858","2025-05-15","28.945","50.835","20.7","BUSHEHR, IR","    0",",,S","  332",",,S","  242",",,S","  289","H,,S"
"IRM00040858","2025-05-16","28.945","50.835","20.7","BUSHEHR, IR","    0",",,S","  326",",,S","  260",",,S","  304","H,,S"
"IRM00040858","2025-05-17","28.945","50.835","20.7","BUSHEHR, IR","    0",",,S","  314",",,S",,,"  278","H,,S"
"IRM00040858","2025-05-18","28.945","50.835","20.7","BUSHEHR, IR","    0",",,S","  314",",,S","  232",",,S","  279","H,,S"
"IRM00040858","2025-05-19","28.945","50.835","20.7","BUSHEHR, IR","    0",",,S",,,"  216",",,S","  299","H,,S"
"IRM00040858","2025-05-20","28.945","50.835","20.7","BUSHEHR, IR","    0",",,S",,,"  264",",,S","  316","H,,S"
"IRM00040858","2025-05-21","28.945","50.835","20.7","BUSHEHR, IR","    0",",,S","  342",",,S",,,"  301","H,,S"
"IRM00040858","2025-05-22","28.945","50.835","20.7","BUSHEHR, IR","    0",",,S",,,"  239",",,S","  309","H,,S"
"IRM00040858","2025-05-23","28.945","50.835","20.7","BUSHEHR, IR","    0",",,S","  394",",,S",,,"  323","H,,S"
"IRM00040858","2025-05-24","28.945","50.835","20.7","BUSHEHR, IR","    0",",,S","  372",",,S","  258",",,S","  318","H,,S"
"IRM00040858","2025-05-25","28.945","50.835","20.7","BUSHEHR, IR","    0",",,S","  360",",,S","  266",",,S","  333","H,,S"
"IRM00040858","2025-05-26","28.945","50.835","20.7","BUSHEHR, IR","    0",",,S","  352",",,S",,,"  325","H,,S"
"IRM00040858","2025-05-27","28.945","50.835","20.7","BUSHEHR, IR","    0",",,S","  354",",,S","  252",",,S","  314","H,,S"
"IRM00040858","2025-05-28","28.945","50.835","20.7","BUSHEHR, IR","    0",",,S","  368",",,S","  260",",,S","  323","H,,S"
"IRM00040858","2025-05-29","28.945","50.835","20.7","BUSHEHR, IR","    0",",,S","  354",",,S","  250",",,S","  328","H,,S"
"IRM00040858","2025-05-30","28.945","50.835","20.7","BUSHEHR, IR","    0",",,S","  376",",,S","  310",",,S","  338","H,,S"
"IRM00040858","2025-05-31","28.945","50.835","20.7","BUSHEHR, IR","    0",",,S","  344",",,S",,,"  301","H,,S"
"IRM00040858","2025-06-01","28.945","50.835","20.7","BUSHEHR, IR","    0",",,S","  332",",,S","  242",",,S","  311","H,,S"
"IRM00040858","2025-06-02","28.945","50.835","20.7","BUSHEHR, IR","    0",",,S","  352",",,S","  288",",,S","  323","H,,S"
"IRM00040858","2025-06-03","28.945","50.835","20.7","BUSHEHR, IR","    0",",,S","  334",",,S",,,"  315","H,,S"
"IRM00040858","2025-06-04","28.945","50.835","20.7","BUSHEHR, IR","    0",",,S","  330",",,S","  280",",,S","  305","H,,S"
"IRM00040858","2025-06-05","28.945","50.835","20.7","BUSHEHR, IR","    0",",,S","  326",",,S","  280",",,S","  306","H,,S"
"IRM00040858","2025-06-06","28.945","50.835","20.7","BUSHEHR, IR","    0",",,S","  331",",,S","  240",",,S","  292","H,,S"
"IRM00040858","2025-06-07","28.945","50.835","20.7","BUSHEHR, IR","    0",",,S","  336",",,S","  234",",,S","  296","H,,S"
"IRM00040858","2025-06-08","28.945","50.835","20.7","BUSHEHR, IR","    0",",,S","  344",",,S",,,"  291","H,,S"
"IRM00040858","2025-06-09","28.945","50.835","20.7","BUSHEHR, IR","    0",",,S",,,"  250",",,S","  310","H,,S"
"IRM00040858","2025-06-10","28.945","50.835","20.7","BUSHEHR, IR","    0",",,S","  404",",,S","  270",",,S","  338","H,,S"
"IRM00040858","2025-06-11","28.945","50.835","20.7","BUSHEHR, IR","    0",",,S",,,,,"  347","H,,S"
"IRM00040858","2025-06-12","28.945","50.835","20.7","BUSHEHR, IR","    0",",,S","  396",",,S","  280",",,S","  351","H,,S"
"IRM00040858","2025-06-13","28.945","50.835","20.7","BUSHEHR, IR","    0",",,S",,,,,"  327","H,,S"
"IRM00040858","2025-06-14","28.945","50.835","20.7","BUSHEHR, IR","    0",",,S",,,"  270",",,S","  340","H,,S"
"IRM00040858","2025-06-18","28.945","50.835","20.7","BUSHEHR, IR",,,,,,,"  344","H,,S"
"IRM00040858","2025-06-19","28.945","50.835","20.7","BUSHEHR, IR",,,,,,,"  323","H,,S"
"IRM00040858","2025-06-20","28.945","50.835","20.7","BUSHEHR, IR",,,,,,,"  316","H,,S"
"IRM00040858","2025-06-27","28.945","50.835","20.7","BUSHEHR, IR",,,,,,,"  322","H,,S"
"IRM00040858","2025-06-28","28.945","50.835","20.7","BUSHEHR, IR",,,,,,,"  323","H,,S"
"IRM00040858","2025-06-29","28.945","50.835","20.7","BUSHEHR, IR",,,,,,,"  331","H,,S"
"IRM00040858","2025-06-30","28.945","50.835","20.7","BUSHEHR, IR",,,,,,,"  339","H,,S"
"IRM00040858","2025-07-01","28.945","50.835","20.7","BUSHEHR, IR","    0",",,S",,,,,"  345","H,,S"
"IRM00040858","2025-07-02","28.945","50.835","20.7","BUSHEHR, IR","    0",",,S",,,,,"  337","H,,S"
"IRM00040858","2025-07-03","28.945","50.835","20.7","BUSHEHR, IR","    0",",,S","  362",",,S","  314",",,S","  333","H,,S"
"IRM00040858","2025-07-04","28.945","50.835","20.7","BUSHEHR, IR","    0",",,S","  360",",,S",,,"  333","H,,S"
"IRM00040858","2025-07-05","28.945","50.835","20.7","BUSHEHR, IR","    0",",,S",,,"  301",",,S","  331","H,,S"
"IRM00040858","2025-07-06","28.945","50.835","20.7","BUSHEHR, IR","    0",",,S","  340",",,S",,,"  314","H,,S"
"IRM00040858","2025-07-07","28.945","50.835","20.7","BUSHEHR, IR","    0",",,S","  342",",,S",,,"  308","H,,S"
"IRM00040858","2025-07-08","28.945","50.835","20.7","BUSHEHR, IR","    0",",,S","  362",",,S",,,"  303","H,,S"
"IRM00040858","2025-07-09","28.945","50.835","20.7","BUSHEHR, IR","    0",",,S","  380",",,S","  276",",,S","  322","H,,S"
"IRM00040858","2025-07-10","28.945","50.835","20.7","BUSHEHR, IR","    0",",,S","  364",",,S","  278",",,S","  322","H,,S"
"IRM00040858","2025-07-11","28.945","50.835","20.7","BUSHEHR, IR","    0",",,S","  380",",,S","  282",",,S","  331","H,,S"
"IRM00040858","2025-07-12","28.945","50.835","20.7","BUSHEHR, IR","    0",",,S","  411",",,S",,,"  344","H,,S"
"IRM00040858","2025-07-13","28.945","50.835","20.7","BUSHEHR, IR","    0",",,S",,,"  295",",,S","  341","H,,S"
"IRM00040858","2025-07-14","28.945","50.835","20.7","BUSHEHR, IR","    0",",,S","  426",",,S","  290",",,S","  356","H,,S"
"IRM00040858","2025-07-15","28.945","50.835","20.7","BUSHEHR, IR","    0",",,S",,,"  300",",,S","  347","H,,S"
"IRM00040858","2025-07-16","28.945","50.835","20.7","BUSHEHR, IR","    0",",,S",,,"  298",",,S","  352","H,,S"
"IRM00040858","2025-07-17","28.945","50.835","20.7","BUSHEHR, IR","    0",",,S","  392",",,S","  300",",,S","  351","H,,S"
"IRM00040858","2025-07-18","28.945","50.835","20.7","BUSHEHR, IR","    0",",,S","  401",",,S","  298",",,S","  359","H,,S"
"IRM00040858","2025-07-19","28.945","50.835","20.7","BUSHEHR, IR","    0",",,S","  384",",,S",,,"  350","H,,S"
"IRM00040858","2025-07-20","28.945","50.835","20.7","BUSHEHR, IR","    0",",,S",,,"  296",",,S","  352","H,,S"
"IRM00040858","2025-07-21","28.945","50.835","20.7","BUSHEHR, IR","    0",",,S","  392",",,S",,,"  353","H,,S"
"IRM00040858","2025-07-22","28.945","50.835","20.7","BUSHEHR, IR","    0",",,S",,,"  320",",,S","  348","H,,S"
"IRM00040858","2025-07-23","28.945","50.835","20.7","BUSHEHR, IR","    0",",,S","  376",",,S",,,"  343","H,,S"
"IRM00040858","2025-07-24","28.945","50.835","20.7","BUSHEHR, IR","    0",",,S","  374",",,S",,,"  334","H,,S"
"IRM00040858","2025-07-25","28.945","50.835","20.7","BUSHEHR, IR","    0",",,S","  376",",,S","  310",",,S","  339","H,,S"
"IRM00040858","2025-07-26","28.945","50.835","20.7","BUSHEHR, IR","    0",",,S",,,"  296",",,S","  341","H,,S"
"IRM00040858","2025-07-27","28.945","50.835","20.7","BUSHEHR, IR","    0",",,S","  396",",,S","  296",",,S","  346","H,,S"
"IRM00040858","2025-07-28","28.945","50.835","20.7","BUSHEHR, IR","    0",",,S",,,,,"  347","H,,S"
"IRM00040858","2025-07-29","28.945","50.835","20.7","BUSHEHR, IR","    0",",,S","  413",",,S",,,"  356","H,,S"
"IRM00040858","2025-07-30","28.945","50.835","20.7","BUSHEHR, IR","    0",",,S","  390",",,S","  304",",,S","  364","H,,S"
"IRM00040858","2025-07-31","28.945","50.835","20.7","BUSHEHR, IR","    0",",,S","  402",",,S",,,"  370","H,,S"
"IRM00040858","2025-08-01","28.945","50.835","20.7","BUSHEHR, IR","    0",",,S",,,,,"  358","H,,S"
"IRM00040858","2025-08-02","28.945","50.835","20.7","BUSHEHR, IR","    0",",,S","  393",",,S","  310",",,S","  352","H,,S"
"IRM00040858","2025-08-03","28.945","50.835","20.7","BUSHEHR, IR","    0",",,S",,,"  327",",,S","  355","H,,S"
"IRM00040858","2025-08-04","28.945","50.835","20.7","BUSHEHR, IR","    0",",,S","  388",",,S",,,"  354","H,,S"
"IRM00040858","2025-08-05","28.945","50.835","20.7","BUSHEHR, IR","    0",",,S",,,"  318",",,S","  348","H,,S"
"IRM00040858","2025-08-06","28.945","50.835","20.7","BUSHEHR, IR","    0",",,S","  374",",,S","  310",",,S","  347","H,,S"
"IRM00040858","2025-08-07","28.945","50.835","20.7","BUSHEHR, IR","    0",",,S","  393",",,S",,,"  355","H,,S"
"IRM00040858","2025-08-08","28.945","50.835","20.7","BUSHEHR, IR","    0",",,S","  404",",,S",,,"  354","H,,S"
"IRM00040858","2025-08-09","28.945","50.835","20.7","BUSHEHR, IR","    0",",,S","  382",",,S",,,"  351","H,,S"
"IRM00040858","2025-08-10","28.945","50.835","20.7","BUSHEHR, IR","    0",",,S","  412",",,S","  324",",,S","  360","H,,S"
"IRM00040858","2025-08-11","28.945","50.835","20.7","BUSHEHR, IR","    0",",,S",,,,,"  354","H,,S"
"IRM00040858","2025-08-12","28.945","50.835","20.7","BUSHEHR, IR","    0",",,S","  380",",,S",,,"  347","H,,S"
"IRM00040858","2025-08-13","28.945","50.835","20.7","BUSHEHR, IR","    0",",,S","  390",",,S","  310",",,S","  351","H,,S"
"IRM00040858","2025-08-14","28.945","50.835","20.7","BUSHEHR, IR","    0",",,S",,,,,"  356","H,,S"
"IRM00040858","2025-08-15","28.945","50.835","20.7","BUSHEHR, IR","    0",",,S","  390",",,S",,,"  357","H,,S"
"IRM00040858","2025-08-16","28.945","50.835","20.7","BUSHEHR, IR","    0",",,S","  404",",,S","  316",",,S","  362","H,,S"
"IRM00040858","2025-08-17","28.945","50.835","20.7","BUSHEHR, IR","    0",",,S","  390",",,S","  316",",,S","  352","H,,S"
"IRM00040858","2025-08-18","28.945","50.835","20.7","BUSHEHR, IR","    0",",,S",,,"  310",",,S","  353","H,,S"
"IRM00040858","2025-08-19","28.945","50.835","20.7","BUSHEHR, IR","    0",",,S","  386",",,S",,,"  353","H,,S"
"IRM00040858","2025-08-20","28.945","50.835","20.7","BUSHEHR, IR","    0",",,S","  391",",,S","  316",",,S","  358","H,,S"
"IRM00040858","2025-08-21","28.945","50.835","20.7","BUSHEHR, IR","    0",",,S","  403",",,S",,,"  356","H,,S"
"IRM00040858","2025-08-22","28.945","50.835","20.7","BUSHEHR, IR","    0",",,S","  394",",,S",,,"  344","H,,S"
"IRM00040858","2025-08-23","28.945","50.835","20.7","BUSHEHR, IR","    0",",,S","  390",",,S",,,"  347","H,,S"
"IRM00040858","2025-08-24","28.945","50.835","20.7","BUSHEHR, IR","    0",",,S",,,"  280",",,S","  351","H,,S"
