"STATION","DATE","LATITUDE","LONGITUDE","ELEVATION","NAME","PRCP","PRCP_ATTRIBUTES","TMAX","TMAX_ATTRIBUTES","TMIN","TMIN_ATTRIBUTES","TAVG","TAVG_ATTRIBUTES"
"IRM00040845","1973-03-01","29.267","50.267","3.0","KHARG, IR",,,,,,,"  205","H,,S"
"IRM00040845","1973-03-04","29.267","50.267","3.0","KHARG, IR",,,,,,,"  135","H,,S"
"IRM00040845","1973-03-10","29.267","50.267","3.0","KHARG, IR",,,,,,,"  172","H,,S"
"IRM00040845","1973-03-22","29.267","50.267","3.0","KHARG, IR",,,,,,,"  243","H,,S"
"IRM00040845","1973-03-26","29.267","50.267","3.0","KHARG, IR",,,,,,,"  198","H,,S"
"IRM00040845","1973-05-04","29.267","50.267","3.0","KHARG, IR",,,"  300",",,S",,,"  280","H,,S"
"IRM00040845","1973-06-02","29.267","50.267","3.0","KHARG, IR",,,"  390",",,S",,,"  358","H,,S"
"IRM00040845","1973-06-03","29.267","50.267","3.0","KHARG, IR",,,"  400",",,S","  280",",,S","  338","H,,S"
"IRM00040845","1973-06-10","29.267","50.267","3.0","KHARG, IR",,,"  350",",,S","  260",",,S","  318","H,,S"
"IRM00040845","1973-07-23","29.267","50.267","3.0","KHARG, IR",,,"  380",",,S","  310",",,S","  346","H,,S"
"IRM00040845","1973-11-30","29.267","50.267","3.0","KHARG, IR",,,"  220",",,S","  150",",,S","  193","H,,S"
"IRM00040845","1973-12-14","29.267","50.267","3.0","KHARG, IR",,,"  190",",,S",,,"  130","H,,S"
"IRM00040845","1973-12-15","29.267","50.267","3.0","KHARG, IR",,,,,,,"  127","H,,S"
"IRM00040845","1973-12-19","29.267","50.267","3.0","KHARG, IR",,,"  170",",,S","  160",",,S","  163","H,,S"
"IRM00040845","1974-02-13","29.267","50.267","3.0","KHARG, IR",,,"  190",",,S","  130",",,S","  176","H,,S"
"IRM00040845","1974-03-01","29.267","50.267","3.0","KHARG, IR",,,"  190",",,S","  170",",,S","  175","H,,S"
"IRM00040845","1974-04-11","29.267","50.267","3.0","KHARG, IR",,,,,"  190",",,S","  225","H,,S"
"IRM00040845","1974-04-16","29.267","50.267","3.0","KHARG, IR",,,,,"  170",",,S","  252","H,,S"
"IRM00040845","1974-05-13","29.267","50.267","3.0","KHARG, IR",,,"  340",",,S","  240",",,S","  308","H,,S"
"IRM00040845","1974-05-17","29.267","50.267","3.0","KHARG, IR",,,"  370",",,S",,,"  345","H,,S"
"IRM00040845","1974-06-29","29.267","50.267","3.0","KHARG, IR",,,"  400",",,S","  300",",,S","  358","H,,S"
"IRM00040845","1974-09-19","29.267","50.267","3.0","KHARG, IR",,,"  370",",,S","  270",",,S","  335","H,,S"
"IRM00040845","1974-09-25","29.267","50.267","3.0","KHARG, IR",,,"  360",",,S","  250",",,S","  315","H,,S"
"IRM00040845","1974-12-03","29.267","50.267","3.0","KHARG, IR",,,"  220",",,S","  130",",,S","  185","H,,S"
"IRM00040845","1974-12-10","29.267","50.267","3.0","KHARG, IR",,,,,"  160",",,S","  177","H,,S"
"IRM00040845","1975-04-05","29.267","50.267","3.0","KHARG, IR",,,"  290",",,S",,,"  252","H,,S"
"IRM00040845","1975-10-04","29.267","50.267","3.0","KHARG, IR",,,"  340",",,S","  270",",,S","  300","H,,S"
"IRM00040845","1975-11-14","29.267","50.267","3.0","KHARG, IR",,,"  250",",,S",,,"  220","H,,S"
"IRM00040845","1976-03-16","29.267","50.267","3.0","KHARG, IR",,,"  210",",,S","  140",",,S","  173","H,,S"
"IRM00040845","1976-05-08","29.267","50.267","3.0","KHARG, IR",,,"  310",",,S","  210",",,S","  277","H,,S"
"IRM00040845","1976-06-11","29.267","50.267","3.0","KHARG, IR",,,"  430",",,S",,,"  390","H,,S"
"IRM00040845","1976-07-21","29.267","50.267","3.0","KHARG, IR",,,,,,,"  342","H,,S"
"IRM00040845","1976-07-26","29.267","50.267","3.0","KHARG, IR",,,,,"  290",",,S","  335","H,,S"
"IRM00040845","1976-08-14","29.267","50.267","3.0","KHARG, IR",,,"  400",",,S",,,"  360","H,,S"
"IRM00040845","1976-09-28","29.267","50.267","3.0","KHARG, IR",,,"  360",",,S",,,"  348","H,,S"
"IRM00040845","1976-11-06","29.267","50.267","3.0","KHARG, IR",,,"  310",",,S",,,"  210","H,,S"
"IRM00040845","1976-11-19","29.267","50.267","3.0","KHARG, IR",,,"  260",",,S",,,"  178","H,,S"
"IRM00040845","1977-02-04","29.267","50.267","3.0","KHARG, IR",,,"  210",",,S",,,"  115","H,,S"
"IRM00040845","1977-02-09","29.267","50.267","3.0","KHARG, IR",,,,,,,"  223","H,,S"
"IRM00040845","1977-02-11","29.267","50.267","3.0","KHARG, IR",,,"  180",",,S",,,"  142","H,,S"
"IRM00040845","1977-02-14","29.267","50.267","3.0","KHARG, IR",,,"  190",",,S",,,"  177","H,,S"
"IRM00040845","1977-02-22","29.267","50.267","3.0","KHARG, IR",,,"  230",",,S","  130",",,S","  185","H,,S"
"IRM00040845","1977-03-06","29.267","50.267","3.0","KHARG, IR",,,"  200",",,S",,,"  152","H,,S"
"IRM00040845","1977-03-11","29.267","50.267","3.0","KHARG, IR",,,"  230",",,S",,,"  202","H,,S"
"IRM00040845","1977-04-30","29.267","50.267","3.0","KHARG, IR",,,"  360",",,S",,,"  338","H,,S"
"IRM00040845","1977-05-18","29.267","50.267","3.0","KHARG, IR",,,"  360",",,S","  240",",,S","  298","H,,S"
"IRM00040845","1977-06-04","29.267","50.267","3.0","KHARG, IR",,,"  430",",,S",,,"  383","H,,S"
"IRM00040845","1977-06-14","29.267","50.267","3.0","KHARG, IR",,,"  360",",,S",,,"  292","H,,S"
"IRM00040845","1977-07-10","29.267","50.267","3.0","KHARG, IR",,,"  410",",,S","  310",",,S","  360","H,,S"
"IRM00040845","1978-04-19","29.267","50.267","3.0","KHARG, IR",,,,,,,"  235","H,,S"
"IRM00040845","1978-04-28","29.267","50.267","3.0","KHARG, IR",,,"  290",",,S",,,"  233","H,,S"
"IRM00040845","1978-05-24","29.267","50.267","3.0","KHARG, IR",,,"  340",",,S",,,"  285","H,,S"
"IRM00040845","1978-05-26","29.267","50.267","3.0","KHARG, IR",,,"  370",",,S",,,"  335","H,,S"
"IRM00040845","1978-06-06","29.267","50.267","3.0","KHARG, IR",,,,,"  260",",,S","  348","H,,S"
"IRM00040845","1978-06-11","29.267","50.267","3.0","KHARG, IR",,,"  380",",,S",,,"  345","H,,S"
"IRM00040845","1978-06-28","29.267","50.267","3.0","KHARG, IR",,,"  360",",,S","  260",",,S","  320","H,,S"
"IRM00040845","1978-06-29","29.267","50.267","3.0","KHARG, IR",,,,,,,"  340","H,,S"
"IRM00040845","1978-06-30","29.267","50.267","3.0","KHARG, IR",,,"  370",",,S",,,"  305","H,,S"
"IRM00040845","1978-07-03","29.267","50.267","3.0","KHARG, IR",,,"  360",",,S","  220",",,S","  325","H,,S"
"IRM00040845","1978-07-07","29.267","50.267","3.0","KHARG, IR",,,"  390",",,S",,,"  338","H,,S"
"IRM00040845","1978-07-16","29.267","50.267","3.0","KHARG, IR",,,"  380",",,S","  300",",,S","  346","H,,S"
"IRM00040845","1978-07-17","29.267","50.267","3.0","KHARG, IR",,,"  390",",,S",,,"  344","H,,S"
"IRM00040845","1978-07-21","29.267","50.267","3.0","KHARG, IR",,,"  400",",,S","  310",",,S","  365","H,,S"
"IRM00040845","1978-07-23","29.267","50.267","3.0","KHARG, IR",,,"  410",",,S","  340",",,S","  380","H,,S"
"IRM00040845","1978-08-01","29.267","50.267","3.0","KHARG, IR",,,"  390",",,S","  320",",,S","  365","H,,S"
"IRM00040845","1989-02-05","29.267","50.267","3.0","KHARG, IR",,,,,"   10",",,S","  143","H,,S"
"IRM00040845","1989-03-11","29.267","50.267","3.0","KHARG, IR",,,,,,,"  175","H,,S"
"IRM00040845","1990-05-10","29.267","50.267","3.0","KHARG, IR",,,,,"  250",",,S","  302","H,,S"
"IRM00040845","1990-07-29","29.267","50.267","3.0","KHARG, IR",,,"  408",",,S",,,"  360","H,,S"
"IRM00040845","1990-08-10","29.267","50.267","3.0","KHARG, IR",,,"  390",",,S",,,"  330","H,,S"
"IRM00040845","1990-08-26","29.267","50.267","3.0","KHARG, IR","    0",",,S","  380",",,S",,,"  340","H,,S"
"IRM00040845","1990-08-27","29.267","50.267","3.0","KHARG, IR",,,"  380",",,S","  310",",,S","  342","H,,S"
"IRM00040845","1990-08-28","29.267","50.267","3.0","KHARG, IR",,,"  370",",,S","  300",",,S","  330","H,,S"
"IRM00040845","1990-08-29","29.267","50.267","3.0","KHARG, IR",,,"  370",",,S",,,"  352","H,,S"
"IRM00040845","1990-11-16","29.267","50.267","3.0","KHARG, IR",,,"  270",",,S",,,"  245","H,,S"
"IRM00040845","1990-12-19","29.267","50.267","3.0","KHARG, IR",,,,,,,"  182","H,,S"
"IRM00040845","1990-12-30","29.267","50.267","3.0","KHARG, IR","    0",",,S",,,"  135",",,S","  166","H,,S"
"IRM00040845","1991-01-08","29.267","50.267","3.0","KHARG, IR",,,,,"   90",",,S","  148","H,,S"
"IRM00040845","1991-03-22","29.267","50.267","3.0","KHARG, IR",,,"  250",",,S",,,"  203","H,,S"
"IRM00040845","1991-03-29","29.267","50.267","3.0","KHARG, IR",,,,,,,"  212","H,,S"
"IRM00040845","1991-03-30","29.267","50.267","3.0","KHARG, IR",,,"  260",",,S",,,"  223","H,,S"
"IRM00040845","1991-05-20","29.267","50.267","3.0","KHARG, IR","    0",",,S","  310",",,S","  246",",,S","  288","H,,S"
"IRM00040845","1991-06-05","29.267","50.267","3.0","KHARG, IR",,,"  350",",,S","  246",",,S","  306","H,,S"
"IRM00040845","1991-06-22","29.267","50.267","3.0","KHARG, IR",,,"  355",",,S",,,"  318","H,,S"
"IRM00040845","1991-06-28","29.267","50.267","3.0","KHARG, IR","    0",",,S","  380",",,S","  285",",,S","  340","H,,S"
"IRM00040845","1991-06-30","29.267","50.267","3.0","KHARG, IR",,,,,,,"  340","H,,S"
"IRM00040845","1991-07-01","29.267","50.267","3.0","KHARG, IR",,,,,,,"  320","H,,S"
"IRM00040845","1991-07-03","29.267","50.267","3.0","KHARG, IR",,,,,"  270",",,S","  333","H,,S"
"IRM00040845","1991-07-04","29.267","50.267","3.0","KHARG, IR",,,,,,,"  353","H,,S"
"IRM00040845","1991-07-06","29.267","50.267","3.0","KHARG, IR","    0",",,S","  380",",,S","  285",",,S","  325","H,,S"
"IRM00040845","1991-07-07","29.267","50.267","3.0","KHARG, IR","    0",",,S","  370",",,S","  276",",,S","  328","H,,S"
"IRM00040845","1991-07-08","29.267","50.267","3.0","KHARG, IR",,,"  360",",,S",,,"  320","H,,S"
"IRM00040845","1991-07-09","29.267","50.267","3.0","KHARG, IR",,,"  360",",,S","  230",",,S","  327","H,,S"
"IRM00040845","1991-07-10","29.267","50.267","3.0","KHARG, IR","    0",",,S",,,,,"  335","H,,S"
"IRM00040845","1991-07-12","29.267","50.267","3.0","KHARG, IR",,,"  350",",,S","  290",",,S","  327","H,,S"
"IRM00040845","1991-07-13","29.267","50.267","3.0","KHARG, IR","    0",",,S","  360",",,S","  255",",,S","  314","H,,S"
"IRM00040845","1991-08-06","29.267","50.267","3.0","KHARG, IR",,,,,,,"  350","H,,S"
"IRM00040845","1991-08-09","29.267","50.267","3.0","KHARG, IR",,,"  380",",,S","  320",",,S","  358","H,,S"
"IRM00040845","1991-08-10","29.267","50.267","3.0","KHARG, IR","    0",",,S",,,,,"  309","H,,S"
"IRM00040845","1991-08-23","29.267","50.267","3.0","KHARG, IR",,,"  360",",,S",,,"  345","H,,S"
"IRM00040845","1991-08-24","29.267","50.267","3.0","KHARG, IR",,,,,,,"  343","H,,S"
"IRM00040845","1991-09-14","29.267","50.267","3.0","KHARG, IR","    0",",,S","  335",",,S","  275",",,S","  305","H,,S"
"IRM00040845","1991-09-20","29.267","50.267","3.0","KHARG, IR",,,"  370",",,S","  280",",,S","  313","H,,S"
"IRM00040845","1991-09-22","29.267","50.267","3.0","KHARG, IR",,,"  360",",,S","  265",",,S","  325","H,,S"
"IRM00040845","1991-09-23","29.267","50.267","3.0","KHARG, IR",,,,,,,"  335","H,,S"
"IRM00040845","1991-10-23","29.267","50.267","3.0","KHARG, IR","    0",",,S",,,,,"  288","H,,S"
"IRM00040845","1991-10-26","29.267","50.267","3.0","KHARG, IR",,,"  300",",,S",,,"  272","H,,S"
"IRM00040845","1991-11-12","29.267","50.267","3.0","KHARG, IR",,,,,,,"  255","H,,S"
"IRM00040845","1991-11-14","29.267","50.267","3.0","KHARG, IR",,,,,,,"  250","H,,S"
"IRM00040845","1991-11-22","29.267","50.267","3.0","KHARG, IR",,,,,,,"  227","H,,S"
"IRM00040845","1992-01-02","29.267","50.267","3.0","KHARG, IR",,,,,"  145",",,S","  165","H,,S"
"IRM00040845","1992-01-05","29.267","50.267","3.0","KHARG, IR",,,,,,,"   95","H,,S"
"IRM00040845","1992-01-14","29.267","50.267","3.0","KHARG, IR",,,"  150",",,S","   98",",,S","  132","H,,S"
"IRM00040845","1992-01-16","29.267","50.267","3.0","KHARG, IR",,,,,"  110",",,S","  170","H,,S"
"IRM00040845","1992-01-19","29.267","50.267","3.0","KHARG, IR",,,"  160",",,S",,,"  140","H,,S"
"IRM00040845","1992-01-20","29.267","50.267","3.0","KHARG, IR",,,"  180",",,S",,,"  108","H,,S"
"IRM00040845","1992-01-23","29.267","50.267","3.0","KHARG, IR",,,,,,,"  138","H,,S"
"IRM00040845","1992-01-27","29.267","50.267","3.0","KHARG, IR",,,,,,,"  123","H,,S"
"IRM00040845","1992-01-29","29.267","50.267","3.0","KHARG, IR",,,,,,,"  128","H,,S"
"IRM00040845","1992-01-31","29.267","50.267","3.0","KHARG, IR",,,"  190",",,S",,,"  168","H,,S"
"IRM00040845","1992-02-08","29.267","50.267","3.0","KHARG, IR",,,,,,,"  157","H,,S"
"IRM00040845","1992-02-09","29.267","50.267","3.0","KHARG, IR",,,"  170",",,S",,,"  150","H,,S"
"IRM00040845","1992-02-10","29.267","50.267","3.0","KHARG, IR",,,"  200",",,S",,,"  180","H,,S"
"IRM00040845","1992-02-17","29.267","50.267","3.0","KHARG, IR",,,,,,,"  140","H,,S"
"IRM00040845","1992-02-27","29.267","50.267","3.0","KHARG, IR","    0",",,S","  160",",,S",,,"  150","H,,S"
"IRM00040845","1992-02-28","29.267","50.267","3.0","KHARG, IR",,,,,,,"  132","H,,S"
"IRM00040845","1992-03-02","29.267","50.267","3.0","KHARG, IR",,,"  160",",,S","  125",",,S","  148","H,,S"
"IRM00040845","1992-03-03","29.267","50.267","3.0","KHARG, IR",,,,,,,"   85","H,,S"
"IRM00040845","1992-03-05","29.267","50.267","3.0","KHARG, IR","    0",",,S",,,,,"  121","H,,S"
"IRM00040845","1992-03-06","29.267","50.267","3.0","KHARG, IR",,,"  210",",,S",,,"  173","H,,S"
"IRM00040845","1992-03-07","29.267","50.267","3.0","KHARG, IR",,,,,,,"  142","H,,S"
"IRM00040845","1992-03-08","29.267","50.267","3.0","KHARG, IR",,,"  210",",,S","  100",",,S","  146","H,,S"
"IRM00040845","1992-03-11","29.267","50.267","3.0","KHARG, IR",,,,,,,"  129","H,,S"
"IRM00040845","1992-03-12","29.267","50.267","3.0","KHARG, IR",,,"  160",",,S","  103",",,S","  148","H,,S"
"IRM00040845","1992-03-14","29.267","50.267","3.0","KHARG, IR",,,"  200",",,S","  120",",,S","  181","H,,S"
"IRM00040845","1992-03-20","29.267","50.267","3.0","KHARG, IR",,,"  200",",,S",,,"  171","H,,S"
"IRM00040845","1992-03-21","29.267","50.267","3.0","KHARG, IR","    0",",,S",,,,,"  168","H,,S"
"IRM00040845","1992-03-26","29.267","50.267","3.0","KHARG, IR",,,"  210",",,S","  130",",,S","  172","H,,S"
"IRM00040845","1992-03-27","29.267","50.267","3.0","KHARG, IR",,,,,,,"  173","H,,S"
"IRM00040845","1992-04-05","29.267","50.267","3.0","KHARG, IR",,,"  250",",,S","  165",",,S","  205","H,,S"
"IRM00040845","1992-04-06","29.267","50.267","3.0","KHARG, IR",,,,,,,"  210","H,,S"
"IRM00040845","1992-04-07","29.267","50.267","3.0","KHARG, IR",,,,,,,"  166","H,,S"
"IRM00040845","1992-04-08","29.267","50.267","3.0","KHARG, IR",,,,,,,"  200","H,,S"
"IRM00040845","1992-04-16","29.267","50.267","3.0","KHARG, IR",,,"  260",",,S",,,"  235","H,,S"
"IRM00040845","1992-04-17","29.267","50.267","3.0","KHARG, IR",,,,,"  180",",,S","  240","H,,S"
"IRM00040845","1992-04-19","29.267","50.267","3.0","KHARG, IR",,,"  240",",,S",,,"  222","H,,S"
"IRM00040845","1992-04-20","29.267","50.267","3.0","KHARG, IR",,,"  250",",,S",,,"  215","H,,S"
"IRM00040845","1992-04-23","29.267","50.267","3.0","KHARG, IR",,,"  340",",,S","  210",",,S","  265","H,,S"
"IRM00040845","1992-04-24","29.267","50.267","3.0","KHARG, IR",,,"  300",",,S","  146",",,S","  243","H,,S"
"IRM00040845","1992-04-29","29.267","50.267","3.0","KHARG, IR",,,"  300",",,S",,,"  254","H,,S"
"IRM00040845","1992-04-30","29.267","50.267","3.0","KHARG, IR",,,,,,,"  277","H,,S"
"IRM00040845","1992-05-01","29.267","50.267","3.0","KHARG, IR",,,"  310",",,S","  225",",,S","  275","H,,S"
"IRM00040845","1992-05-03","29.267","50.267","3.0","KHARG, IR",,,"  360",",,S","  220",",,S","  315","H,,S"
"IRM00040845","1992-05-05","29.267","50.267","3.0","KHARG, IR",,,,,"  200",",,S","  270","H,,S"
"IRM00040845","1992-05-07","29.267","50.267","3.0","KHARG, IR","    0",",,S","  300",",,S","  247",",,S","  275","H,,S"
"IRM00040845","1992-05-09","29.267","50.267","3.0","KHARG, IR",,,"  290",",,S","  222",",,S","  268","H,,S"
"IRM00040845","1992-05-13","29.267","50.267","3.0","KHARG, IR",,,"  310",",,S",,,"  290","H,,S"
"IRM00040845","1992-05-14","29.267","50.267","3.0","KHARG, IR",,,,,,,"  293","H,,S"
"IRM00040845","1992-05-16","29.267","50.267","3.0","KHARG, IR",,,,,,,"  286","H,,S"
"IRM00040845","1992-05-21","29.267","50.267","3.0","KHARG, IR",,,,,,,"  274","H,,S"
"IRM00040845","1992-05-24","29.267","50.267","3.0","KHARG, IR",,,,,,,"  262","H,,S"
"IRM00040845","1992-05-25","29.267","50.267","3.0","KHARG, IR",,,,,,,"  254","H,,S"
"IRM00040845","1992-05-28","29.267","50.267","3.0","KHARG, IR",,,"  380",",,S",,,"  318","H,,S"
"IRM00040845","1992-06-03","29.267","50.267","3.0","KHARG, IR",,,"  380",",,S","  249",",,S","  338","H,,S"
"IRM00040845","1992-06-05","29.267","50.267","3.0","KHARG, IR","    0",",,S","  390",",,S","  275",",,S","  340","H,,S"
"IRM00040845","1992-06-06","29.267","50.267","3.0","KHARG, IR",,,"  400",",,S",,,"  330","H,,S"
"IRM00040845","1992-06-07","29.267","50.267","3.0","KHARG, IR","    0",",,S","  410",",,S",,,"  340","H,,S"
"IRM00040845","1992-06-11","29.267","50.267","3.0","KHARG, IR","    0",",,S","  380",",,S","  290",",,S","  342","H,,S"
"IRM00040845","1992-06-12","29.267","50.267","3.0","KHARG, IR","    0",",,S",,,,,"  324","H,,S"
"IRM00040845","1992-06-13","29.267","50.267","3.0","KHARG, IR","    0",",,S",,,"  270",",,S","  332","H,,S"
"IRM00040845","1992-06-15","29.267","50.267","3.0","KHARG, IR","    0",",,S","  370",",,S",,,"  353","H,,S"
"IRM00040845","1992-06-17","29.267","50.267","3.0","KHARG, IR",,,"  430",",,S","  200",",,S","  321","H,,S"
"IRM00040845","1992-06-19","29.267","50.267","3.0","KHARG, IR","    0",",,S","  380",",,S","  290",",,S","  340","H,,S"
"IRM00040845","1992-06-20","29.267","50.267","3.0","KHARG, IR",,,"  360",",,S","  310",",,S","  338","H,,S"
"IRM00040845","1992-06-25","29.267","50.267","3.0","KHARG, IR","    0",",,S","  370",",,S",,,"  336","H,,S"
"IRM00040845","1992-06-27","29.267","50.267","3.0","KHARG, IR","    0",",,S","  370",",,S","  290",",,S","  340","H,,S"
"IRM00040845","1992-07-08","29.267","50.267","3.0","KHARG, IR",,,"  370",",,S",,,"  312","H,,S"
"IRM00040845","1992-07-10","29.267","50.267","3.0","KHARG, IR","    0",",,S","  390",",,S","  275",",,S","  353","H,,S"
"IRM00040845","1992-07-11","29.267","50.267","3.0","KHARG, IR",,,,,,,"  372","H,,S"
"IRM00040845","1992-07-13","29.267","50.267","3.0","KHARG, IR",,,,,"  310",",,S","  333","H,,S"
"IRM00040845","1992-07-15","29.267","50.267","3.0","KHARG, IR","    0",",,S","  390",",,S",,,"  338","H,,S"
"IRM00040845","1992-07-16","29.267","50.267","3.0","KHARG, IR","    0",",,S",,,,,"  338","H,,S"
"IRM00040845","1992-07-19","29.267","50.267","3.0","KHARG, IR",,,,,,,"  332","H,,S"
"IRM00040845","1992-07-20","29.267","50.267","3.0","KHARG, IR",,,,,,,"  340","H,,S"
"IRM00040845","1992-07-25","29.267","50.267","3.0","KHARG, IR",,,,,,,"  330","H,,S"
"IRM00040845","1992-07-29","29.267","50.267","3.0","KHARG, IR",,,,,,,"  325","H,,S"
"IRM00040845","1992-08-04","29.267","50.267","3.0","KHARG, IR",,,,,,,"  345","H,,S"
"IRM00040845","1992-08-06","29.267","50.267","3.0","KHARG, IR",,,,,,,"  325","H,,S"
"IRM00040845","1992-08-07","29.267","50.267","3.0","KHARG, IR",,,,,,,"  315","H,,S"
"IRM00040845","1992-08-09","29.267","50.267","3.0","KHARG, IR",,,,,"  270",",,S","  330","H,,S"
"IRM00040845","1992-08-12","29.267","50.267","3.0","KHARG, IR",,,,,,,"  360","H,,S"
"IRM00040845","1992-08-15","29.267","50.267","3.0","KHARG, IR",,,,,,,"  358","H,,S"
"IRM00040845","1992-08-21","29.267","50.267","3.0","KHARG, IR",,,,,,,"  344","H,,S"
"IRM00040845","1992-09-04","29.267","50.267","3.0","KHARG, IR",,,,,,,"  360","H,,S"
"IRM00040845","1992-09-05","29.267","50.267","3.0","KHARG, IR",,,,,,,"  340","H,,S"
"IRM00040845","1992-09-09","29.267","50.267","3.0","KHARG, IR",,,,,,,"  370","H,,S"
"IRM00040845","1992-09-10","29.267","50.267","3.0","KHARG, IR",,,,,,,"  377","H,,S"
"IRM00040845","1992-09-12","29.267","50.267","3.0","KHARG, IR",,,,,,,"  328","H,,S"
"IRM00040845","1992-09-13","29.267","50.267","3.0","KHARG, IR",,,,,,,"  313","H,,S"
"IRM00040845","1992-09-14","29.267","50.267","3.0","KHARG, IR",,,,,,,"  338","H,,S"
"IRM00040845","1992-09-26","29.267","50.267","3.0","KHARG, IR",,,,,,,"  325","H,,S"
"IRM00040845","1992-09-27","29.267","50.267","3.0","KHARG, IR",,,,,,,"  340","H,,S"
"IRM00040845","1992-09-30","29.267","50.267","3.0","KHARG, IR",,,,,,,"  300","H,,S"
"IRM00040845","1992-10-01","29.267","50.267","3.0","KHARG, IR",,,,,,,"  295","H,,S"
"IRM00040845","1992-10-03","29.267","50.267","3.0","KHARG, IR",,,,,,,"  280","H,,S"
"IRM00040845","1992-10-06","29.267","50.267","3.0","KHARG, IR",,,,,,,"  285","H,,S"
"IRM00040845","1992-10-08","29.267","50.267","3.0","KHARG, IR",,,,,,,"  280","H,,S"
"IRM00040845","1992-10-09","29.267","50.267","3.0","KHARG, IR",,,,,,,"  285","H,,S"
"IRM00040845","1992-10-11","29.267","50.267","3.0","KHARG, IR",,,,,,,"  292","H,,S"
"IRM00040845","1992-10-12","29.267","50.267","3.0","KHARG, IR",,,"  318",",,S",,,"  282","H,,S"
"IRM00040845","1992-10-18","29.267","50.267","3.0","KHARG, IR","    0",",,S",,,,,"  283","H,,S"
"IRM00040845","1992-10-20","29.267","50.267","3.0","KHARG, IR",,,,,,,"  266","H,,S"
"IRM00040845","1992-10-25","29.267","50.267","3.0","KHARG, IR",,,,,,,"  250","H,,S"
"IRM00040845","1992-10-26","29.267","50.267","3.0","KHARG, IR",,,,,,,"  262","H,,S"
"IRM00040845","1992-11-02","29.267","50.267","3.0","KHARG, IR",,,,,"  192",",,S","  254","H,,S"
"IRM00040845","1992-11-04","29.267","50.267","3.0","KHARG, IR",,,,,,,"  240","H,,S"
"IRM00040845","1992-11-05","29.267","50.267","3.0","KHARG, IR",,,,,,,"  270","H,,S"
"IRM00040845","1992-11-06","29.267","50.267","3.0","KHARG, IR",,,,,,,"  258","H,,S"
"IRM00040845","1992-11-07","29.267","50.267","3.0","KHARG, IR",,,,,,,"  238","H,,S"
"IRM00040845","1992-11-09","29.267","50.267","3.0","KHARG, IR",,,,,,,"  255","H,,S"
"IRM00040845","1992-11-10","29.267","50.267","3.0","KHARG, IR",,,,,,,"  253","H,,S"
"IRM00040845","1992-11-16","29.267","50.267","3.0","KHARG, IR",,,,,,,"  248","H,,S"
"IRM00040845","1992-11-17","29.267","50.267","3.0","KHARG, IR",,,,,,,"  227","H,,S"
"IRM00040845","1992-11-20","29.267","50.267","3.0","KHARG, IR",,,,,,,"  218","H,,S"
"IRM00040845","1992-11-21","29.267","50.267","3.0","KHARG, IR",,,,,,,"  218","H,,S"
"IRM00040845","1992-11-22","29.267","50.267","3.0","KHARG, IR",,,,,,,"  230","H,,S"
"IRM00040845","1992-11-26","29.267","50.267","3.0","KHARG, IR",,,,,,,"  175","H,,S"
"IRM00040845","1992-11-29","29.267","50.267","3.0","KHARG, IR",,,,,,,"  170","H,,S"
"IRM00040845","1992-11-30","29.267","50.267","3.0","KHARG, IR",,,,,,,"  194","H,,S"
"IRM00040845","1992-12-02","29.267","50.267","3.0","KHARG, IR",,,,,,,"  208","H,,S"
"IRM00040845","1992-12-04","29.267","50.267","3.0","KHARG, IR",,,,,,,"  200","H,,S"
"IRM00040845","1992-12-07","29.267","50.267","3.0","KHARG, IR",,,,,,,"  175","H,,S"
"IRM00040845","1992-12-08","29.267","50.267","3.0","KHARG, IR",,,,,,,"  163","H,,S"
"IRM00040845","1992-12-11","29.267","50.267","3.0","KHARG, IR",,,,,,,"  158","H,,S"
"IRM00040845","1992-12-13","29.267","50.267","3.0","KHARG, IR",,,,,,,"  200","H,,S"
"IRM00040845","1992-12-14","29.267","50.267","3.0","KHARG, IR","    0",",,S",,,,,"  169","H,,S"
"IRM00040845","1992-12-15","29.267","50.267","3.0","KHARG, IR",,,,,,,"  194","H,,S"
"IRM00040845","1992-12-17","29.267","50.267","3.0","KHARG, IR",,,,,,,"  204","H,,S"
"IRM00040845","1992-12-20","29.267","50.267","3.0","KHARG, IR",,,,,,,"  160","H,,S"
"IRM00040845","1992-12-24","29.267","50.267","3.0","KHARG, IR",,,,,,,"  120","H,,S"
"IRM00040845","1992-12-25","29.267","50.267","3.0","KHARG, IR",,,,,,,"  148","H,,S"
"IRM00040845","1992-12-26","29.267","50.267","3.0","KHARG, IR",,,,,,,"  172","H,,S"
"IRM00040845","1992-12-27","29.267","50.267","3.0","KHARG, IR",,,,,,,"  148","H,,S"
"IRM00040845","1992-12-28","29.267","50.267","3.0","KHARG, IR",,,,,,,"  140","H,,S"
"IRM00040845","1992-12-29","29.267","50.267","3.0","KHARG, IR",,,,,,,"  130","H,,S"
"IRM00040845","1992-12-31","29.267","50.267","3.0","KHARG, IR",,,,,,,"  112","H,,S"
"IRM00040845","1993-01-09","29.267","50.267","3.0","KHARG, IR",,,,,,,"  166","H,,S"
"IRM00040845","1993-01-11","29.267","50.267","3.0","KHARG, IR",,,,,,,"  150","H,,S"
"IRM00040845","1993-01-14","29.267","50.267","3.0","KHARG, IR",,,,,,,"  118","H,,S"
"IRM00040845","1993-01-16","29.267","50.267","3.0","KHARG, IR",,,,,,,"  130","H,,S"
"IRM00040845","1993-01-17","29.267","50.267","3.0","KHARG, IR",,,,,,,"  103","H,,S"
"IRM00040845","1993-01-20","29.267","50.267","3.0","KHARG, IR",,,,,,,"  110","H,,S"
"IRM00040845","1993-01-21","29.267","50.267","3.0","KHARG, IR",,,,,,,"  116","H,,S"
"IRM00040845","1993-01-22","29.267","50.267","3.0","KHARG, IR","    0",",,S",,,,,"  132","H,,S"
"IRM00040845","1993-01-23","29.267","50.267","3.0","KHARG, IR",,,,,,,"  125","H,,S"
"IRM00040845","1993-01-24","29.267","50.267","3.0","KHARG, IR",,,,,,,"  128","H,,S"
"IRM00040845","1993-01-26","29.267","50.267","3.0","KHARG, IR",,,,,,,"  144","H,,S"
"IRM00040845","1993-01-27","29.267","50.267","3.0","KHARG, IR",,,,,,,"  152","H,,S"
"IRM00040845","1993-01-28","29.267","50.267","3.0","KHARG, IR",,,,,,,"  143","H,,S"
"IRM00040845","1993-01-29","29.267","50.267","3.0","KHARG, IR",,,"  210",",,S",,,"  166","H,,S"
"IRM00040845","1993-01-30","29.267","50.267","3.0","KHARG, IR",,,,,,,"  158","H,,S"
"IRM00040845","1993-01-31","29.267","50.267","3.0","KHARG, IR",,,,,,,"  166","H,,S"
"IRM00040845","1993-02-01","29.267","50.267","3.0","KHARG, IR",,,,,,,"  178","H,,S"
"IRM00040845","1993-02-03","29.267","50.267","3.0","KHARG, IR",,,,,,,"  147","H,,S"
"IRM00040845","1993-02-06","29.267","50.267","3.0","KHARG, IR",,,,,,,"  123","H,,S"
"IRM00040845","1993-02-07","29.267","50.267","3.0","KHARG, IR",,,,,,,"  128","H,,S"
"IRM00040845","1993-02-09","29.267","50.267","3.0","KHARG, IR",,,,,,,"  122","H,,S"
"IRM00040845","1993-02-11","29.267","50.267","3.0","KHARG, IR",,,,,,,"  176","H,,S"
"IRM00040845","1993-02-12","29.267","50.267","3.0","KHARG, IR",,,,,,,"  164","H,,S"
"IRM00040845","1993-02-19","29.267","50.267","3.0","KHARG, IR",,,,,,,"  164","H,,S"
"IRM00040845","1993-02-21","29.267","50.267","3.0","KHARG, IR",,,,,,,"  182","H,,S"
"IRM00040845","1993-02-23","29.267","50.267","3.0","KHARG, IR",,,,,,,"  157","H,,S"
"IRM00040845","1993-02-24","29.267","50.267","3.0","KHARG, IR",,,,,,,"  158","H,,S"
"IRM00040845","1993-02-25","29.267","50.267","3.0","KHARG, IR",,,"  180",",,S",,,"  152","H,,S"
"IRM00040845","1993-02-26","29.267","50.267","3.0","KHARG, IR",,,,,,,"  150","H,,S"
"IRM00040845","1993-03-01","29.267","50.267","3.0","KHARG, IR",,,,,,,"  173","H,,S"
"IRM00040845","1993-03-03","29.267","50.267","3.0","KHARG, IR",,,,,,,"  193","H,,S"
"IRM00040845","1993-03-06","29.267","50.267","3.0","KHARG, IR",,,,,,,"  220","H,,S"
"IRM00040845","1993-03-07","29.267","50.267","3.0","KHARG, IR",,,,,,,"  214","H,,S"
"IRM00040845","1993-03-10","29.267","50.267","3.0","KHARG, IR",,,,,,,"  204","H,,S"
"IRM00040845","1993-03-22","29.267","50.267","3.0","KHARG, IR",,,,,,,"  156","H,,S"
"IRM00040845","1993-03-23","29.267","50.267","3.0","KHARG, IR","    0",",,S",,,,,"  162","H,,S"
"IRM00040845","1993-03-24","29.267","50.267","3.0","KHARG, IR",,,,,,,"  173","H,,S"
"IRM00040845","1993-03-27","29.267","50.267","3.0","KHARG, IR",,,,,,,"  195","H,,S"
"IRM00040845","1993-04-04","29.267","50.267","3.0","KHARG, IR",,,,,"  180",",,S","  202","H,,S"
"IRM00040845","1993-04-09","29.267","50.267","3.0","KHARG, IR",,,,,,,"  235","H,,S"
"IRM00040845","1993-04-11","29.267","50.267","3.0","KHARG, IR",,,,,,,"  228","H,,S"
"IRM00040845","1993-04-12","29.267","50.267","3.0","KHARG, IR","    0",",,S",,,"   83",",,S","  213","H,,S"
"IRM00040845","1993-04-13","29.267","50.267","3.0","KHARG, IR",,,,,,,"  225","H,,S"
"IRM00040845","1993-04-17","29.267","50.267","3.0","KHARG, IR",,,,,,,"  286","H,,S"
"IRM00040845","1993-04-19","29.267","50.267","3.0","KHARG, IR",,,,,,,"  267","H,,S"
"IRM00040845","1993-04-20","29.267","50.267","3.0","KHARG, IR",,,,,,,"  260","H,,S"
"IRM00040845","1993-04-21","29.267","50.267","3.0","KHARG, IR",,,,,,,"  258","H,,S"
"IRM00040845","1993-04-22","29.267","50.267","3.0","KHARG, IR",,,,,,,"  282","H,,S"
"IRM00040845","1993-04-23","29.267","50.267","3.0","KHARG, IR",,,,,,,"  242","H,,S"
"IRM00040845","1993-04-25","29.267","50.267","3.0","KHARG, IR","   20",",,S",,,,,"  238","H,,S"
"IRM00040845","1993-05-01","29.267","50.267","3.0","KHARG, IR",,,,,,,"  270","H,,S"
"IRM00040845","1993-05-05","29.267","50.267","3.0","KHARG, IR",,,,,,,"  305","H,,S"
"IRM00040845","1993-05-07","29.267","50.267","3.0","KHARG, IR",,,,,,,"  241","H,,S"
"IRM00040845","1993-05-24","29.267","50.267","3.0","KHARG, IR",,,,,,,"  298","H,,S"
"IRM00040845","1993-05-27","29.267","50.267","3.0","KHARG, IR",,,,,,,"  316","H,,S"
"IRM00040845","1993-06-01","29.267","50.267","3.0","KHARG, IR",,,,,,,"  330","H,,S"
"IRM00040845","1993-06-02","29.267","50.267","3.0","KHARG, IR",,,,,,,"  335","H,,S"
"IRM00040845","1993-06-06","29.267","50.267","3.0","KHARG, IR",,,,,,,"  323","H,,S"
"IRM00040845","1993-06-07","29.267","50.267","3.0","KHARG, IR",,,,,,,"  323","H,,S"
"IRM00040845","1993-06-08","29.267","50.267","3.0","KHARG, IR",,,,,,,"  320","H,,S"
"IRM00040845","1993-06-09","29.267","50.267","3.0","KHARG, IR",,,,,,,"  333","H,,S"
"IRM00040845","1993-06-15","29.267","50.267","3.0","KHARG, IR",,,,,,,"  340","H,,S"
"IRM00040845","1993-06-17","29.267","50.267","3.0","KHARG, IR",,,,,,,"  335","H,,S"
"IRM00040845","1993-06-18","29.267","50.267","3.0","KHARG, IR",,,,,,,"  348","H,,S"
"IRM00040845","1993-06-22","29.267","50.267","3.0","KHARG, IR",,,,,,,"  293","H,,S"
"IRM00040845","1993-06-26","29.267","50.267","3.0","KHARG, IR",,,,,,,"  324","H,,S"
"IRM00040845","1993-06-27","29.267","50.267","3.0","KHARG, IR",,,,,,,"  330","H,,S"
"IRM00040845","1993-07-01","29.267","50.267","3.0","KHARG, IR",,,,,,,"  330","H,,S"
"IRM00040845","1993-07-02","29.267","50.267","3.0","KHARG, IR",,,,,,,"  325","H,,S"
"IRM00040845","1993-07-07","29.267","50.267","3.0","KHARG, IR",,,,,,,"  327","H,,S"
"IRM00040845","1993-07-14","29.267","50.267","3.0","KHARG, IR",,,,,,,"  335","H,,S"
"IRM00040845","1993-07-22","29.267","50.267","3.0","KHARG, IR",,,,,,,"  395","H,,S"
"IRM00040845","1993-07-23","29.267","50.267","3.0","KHARG, IR",,,,,,,"  347","H,,S"
"IRM00040845","1993-07-24","29.267","50.267","3.0","KHARG, IR",,,,,,,"  360","H,,S"
"IRM00040845","1993-07-25","29.267","50.267","3.0","KHARG, IR",,,,,,,"  355","H,,S"
"IRM00040845","1993-07-27","29.267","50.267","3.0","KHARG, IR",,,,,,,"  350","H,,S"
"IRM00040845","1993-07-30","29.267","50.267","3.0","KHARG, IR",,,,,,,"  303","H,,S"
"IRM00040845","1993-07-31","29.267","50.267","3.0","KHARG, IR",,,,,,,"  383","H,,S"
"IRM00040845","1993-08-02","29.267","50.267","3.0","KHARG, IR",,,,,,,"  377","H,,S"
"IRM00040845","1993-08-04","29.267","50.267","3.0","KHARG, IR",,,,,,,"  362","H,,S"
"IRM00040845","1993-08-06","29.267","50.267","3.0","KHARG, IR",,,,,,,"  350","H,,S"
"IRM00040845","1993-08-09","29.267","50.267","3.0","KHARG, IR",,,,,,,"  345","H,,S"
"IRM00040845","1993-08-10","29.267","50.267","3.0","KHARG, IR",,,,,,,"  358","H,,S"
"IRM00040845","1993-08-11","29.267","50.267","3.0","KHARG, IR",,,,,,,"  367","H,,S"
"IRM00040845","1993-08-12","29.267","50.267","3.0","KHARG, IR",,,,,,,"  363","H,,S"
"IRM00040845","1993-08-14","29.267","50.267","3.0","KHARG, IR",,,,,,,"  346","H,,S"
"IRM00040845","1993-08-15","29.267","50.267","3.0","KHARG, IR",,,,,,,"  345","H,,S"
"IRM00040845","1993-08-16","29.267","50.267","3.0","KHARG, IR",,,,,,,"  357","H,,S"
"IRM00040845","1993-08-22","29.267","50.267","3.0","KHARG, IR",,,,,,,"  345","H,,S"
"IRM00040845","1993-08-23","29.267","50.267","3.0","KHARG, IR",,,,,,,"  358","H,,S"
"IRM00040845","1993-08-28","29.267","50.267","3.0","KHARG, IR",,,,,,,"  363","H,,S"
"IRM00040845","1993-08-30","29.267","50.267","3.0","KHARG, IR",,,,,,,"  362","H,,S"
"IRM00040845","1993-08-31","29.267","50.267","3.0","KHARG, IR",,,,,,,"  360","H,,S"
"IRM00040845","1993-09-03","29.267","50.267","3.0","KHARG, IR",,,,,,,"  296","H,,S"
"IRM00040845","1993-09-04","29.267","50.267","3.0","KHARG, IR",,,,,,,"  318","H,,S"
"IRM00040845","1993-09-05","29.267","50.267","3.0","KHARG, IR",,,,,,,"  320","H,,S"
"IRM00040845","1993-09-08","29.267","50.267","3.0","KHARG, IR",,,,,,,"  320","H,,S"
"IRM00040845","1993-09-09","29.267","50.267","3.0","KHARG, IR",,,,,,,"  327","H,,S"
"IRM00040845","1993-09-12","29.267","50.267","3.0","KHARG, IR",,,,,,,"  330","H,,S"
"IRM00040845","1993-09-14","29.267","50.267","3.0","KHARG, IR",,,,,,,"  320","H,,S"
"IRM00040845","1993-09-17","29.267","50.267","3.0","KHARG, IR",,,,,,,"  343","H,,S"
"IRM00040845","1993-09-19","29.267","50.267","3.0","KHARG, IR",,,,,,,"  322","H,,S"
"IRM00040845","1993-09-21","29.267","50.267","3.0","KHARG, IR",,,,,,,"  313","H,,S"
"IRM00040845","1993-09-22","29.267","50.267","3.0","KHARG, IR",,,,,,,"  328","H,,S"
"IRM00040845","1993-09-29","29.267","50.267","3.0","KHARG, IR",,,,,,,"  290","H,,S"
"IRM00040845","1993-10-01","29.267","50.267","3.0","KHARG, IR",,,,,,,"  322","H,,S"
"IRM00040845","1993-10-02","29.267","50.267","3.0","KHARG, IR",,,,,,,"  308","H,,S"
"IRM00040845","1993-10-09","29.267","50.267","3.0","KHARG, IR",,,,,,,"  317","H,,S"
"IRM00040845","1993-10-10","29.267","50.267","3.0","KHARG, IR",,,,,,,"  302","H,,S"
"IRM00040845","1993-10-17","29.267","50.267","3.0","KHARG, IR",,,,,,,"  313","H,,S"
"IRM00040845","1993-10-18","29.267","50.267","3.0","KHARG, IR",,,,,,,"  290","H,,S"
"IRM00040845","1993-10-19","29.267","50.267","3.0","KHARG, IR",,,,,,,"  308","H,,S"
"IRM00040845","1993-10-22","29.267","50.267","3.0","KHARG, IR",,,,,,,"  278","H,,S"
"IRM00040845","1993-10-25","29.267","50.267","3.0","KHARG, IR",,,,,,,"  274","H,,S"
"IRM00040845","1993-10-26","29.267","50.267","3.0","KHARG, IR",,,,,,,"  295","H,,S"
"IRM00040845","1993-10-27","29.267","50.267","3.0","KHARG, IR",,,,,,,"  288","H,,S"
"IRM00040845","1993-11-04","29.267","50.267","3.0","KHARG, IR",,,,,,,"  270","H,,S"
"IRM00040845","1993-11-05","29.267","50.267","3.0","KHARG, IR",,,,,,,"  243","H,,S"
"IRM00040845","1993-11-07","29.267","50.267","3.0","KHARG, IR",,,,,,,"  199","H,,S"
"IRM00040845","1993-11-10","29.267","50.267","3.0","KHARG, IR",,,,,,,"  267","H,,S"
"IRM00040845","1993-11-12","29.267","50.267","3.0","KHARG, IR",,,,,,,"  273","H,,S"
"IRM00040845","1993-11-15","29.267","50.267","3.0","KHARG, IR",,,,,,,"  178","H,,S"
"IRM00040845","1993-11-17","29.267","50.267","3.0","KHARG, IR",,,,,,,"  145","H,,S"
"IRM00040845","1993-11-24","29.267","50.267","3.0","KHARG, IR",,,,,,,"  245","H,,S"
"IRM00040845","1993-11-29","29.267","50.267","3.0","KHARG, IR",,,,,,,"  175","H,,S"
"IRM00040845","1993-11-30","29.267","50.267","3.0","KHARG, IR",,,,,,,"  173","H,,S"
"IRM00040845","1993-12-01","29.267","50.267","3.0","KHARG, IR",,,,,,,"  195","H,,S"
"IRM00040845","1993-12-02","29.267","50.267","3.0","KHARG, IR",,,,,,,"  195","H,,S"
"IRM00040845","1993-12-05","29.267","50.267","3.0","KHARG, IR",,,,,,,"  188","H,,S"
"IRM00040845","1993-12-09","29.267","50.267","3.0","KHARG, IR",,,,,,,"  180","H,,S"
"IRM00040845","1993-12-10","29.267","50.267","3.0","KHARG, IR",,,,,,,"  177","H,,S"
"IRM00040845","1993-12-14","29.267","50.267","3.0","KHARG, IR",,,,,,,"  207","H,,S"
"IRM00040845","1993-12-18","29.267","50.267","3.0","KHARG, IR",,,,,,,"  173","H,,S"
"IRM00040845","1993-12-19","29.267","50.267","3.0","KHARG, IR",,,,,,,"  182","H,,S"
"IRM00040845","1993-12-20","29.267","50.267","3.0","KHARG, IR",,,"  210",",,S",,,"  188","H,,S"
"IRM00040845","1993-12-22","29.267","50.267","3.0","KHARG, IR",,,,,,,"  210","H,,S"
"IRM00040845","1993-12-23","29.267","50.267","3.0","KHARG, IR",,,,,,,"  205","H,,S"
"IRM00040845","1993-12-28","29.267","50.267","3.0","KHARG, IR",,,,,,,"  151","H,,S"
"IRM00040845","1994-01-04","29.267","50.267","3.0","KHARG, IR",,,,,,,"  227","H,,S"
"IRM00040845","1994-01-07","29.267","50.267","3.0","KHARG, IR",,,,,,,"  172","H,,S"
"IRM00040845","1994-01-12","29.267","50.267","3.0","KHARG, IR",,,,,,,"  123","H,,S"
"IRM00040845","1994-01-24","29.267","50.267","3.0","KHARG, IR",,,,,,,"  170","H,,S"
"IRM00040845","1994-01-25","29.267","50.267","3.0","KHARG, IR",,,,,,,"  157","H,,S"
"IRM00040845","1994-01-28","29.267","50.267","3.0","KHARG, IR",,,,,,,"  160","H,,S"
"IRM00040845","1994-01-29","29.267","50.267","3.0","KHARG, IR",,,,,,,"  157","H,,S"
"IRM00040845","1994-02-02","29.267","50.267","3.0","KHARG, IR",,,,,,,"  153","H,,S"
"IRM00040845","1994-02-05","29.267","50.267","3.0","KHARG, IR",,,,,,,"  138","H,,S"
"IRM00040845","1994-02-06","29.267","50.267","3.0","KHARG, IR",,,,,,,"  150","H,,S"
"IRM00040845","1994-02-07","29.267","50.267","3.0","KHARG, IR",,,,,,,"  145","H,,S"
"IRM00040845","1994-02-15","29.267","50.267","3.0","KHARG, IR",,,,,,,"  177","H,,S"
"IRM00040845","1994-02-23","29.267","50.267","3.0","KHARG, IR",,,,,,,"  190","H,,S"
"IRM00040845","1994-02-26","29.267","50.267","3.0","KHARG, IR",,,,,,,"  188","H,,S"
"IRM00040845","1994-02-28","29.267","50.267","3.0","KHARG, IR",,,,,,,"  203","H,,S"
"IRM00040845","1994-03-02","29.267","50.267","3.0","KHARG, IR",,,,,,,"  175","H,,S"
"IRM00040845","1994-03-03","29.267","50.267","3.0","KHARG, IR",,,,,,,"  151","H,,S"
"IRM00040845","1994-03-10","29.267","50.267","3.0","KHARG, IR",,,,,,,"  198","H,,S"
"IRM00040845","1994-03-12","29.267","50.267","3.0","KHARG, IR",,,,,,,"  191","H,,S"
"IRM00040845","1994-03-13","29.267","50.267","3.0","KHARG, IR",,,,,,,"  185","H,,S"
"IRM00040845","1994-03-16","29.267","50.267","3.0","KHARG, IR",,,,,,,"  192","H,,S"
"IRM00040845","1994-03-18","29.267","50.267","3.0","KHARG, IR",,,,,,,"  194","H,,S"
"IRM00040845","1994-03-20","29.267","50.267","3.0","KHARG, IR",,,,,,,"  208","H,,S"
"IRM00040845","1994-03-22","29.267","50.267","3.0","KHARG, IR",,,,,,,"  214","H,,S"
"IRM00040845","1994-03-26","29.267","50.267","3.0","KHARG, IR",,,,,,,"  218","H,,S"
"IRM00040845","1994-03-27","29.267","50.267","3.0","KHARG, IR",,,,,,,"  195","H,,S"
"IRM00040845","1994-03-29","29.267","50.267","3.0","KHARG, IR",,,,,,,"  210","H,,S"
"IRM00040845","1994-03-30","29.267","50.267","3.0","KHARG, IR",,,,,,,"  218","H,,S"
"IRM00040845","1994-04-02","29.267","50.267","3.0","KHARG, IR",,,,,,,"  230","H,,S"
"IRM00040845","1994-04-04","29.267","50.267","3.0","KHARG, IR",,,,,,,"  234","H,,S"
"IRM00040845","1994-04-09","29.267","50.267","3.0","KHARG, IR",,,,,,,"  232","H,,S"
"IRM00040845","1994-04-11","29.267","50.267","3.0","KHARG, IR",,,,,,,"  223","H,,S"
"IRM00040845","1994-04-15","29.267","50.267","3.0","KHARG, IR",,,,,,,"  245","H,,S"
"IRM00040845","1994-04-16","29.267","50.267","3.0","KHARG, IR",,,,,,,"  238","H,,S"
"IRM00040845","1994-04-20","29.267","50.267","3.0","KHARG, IR",,,,,,,"  262","H,,S"
"IRM00040845","1994-04-22","29.267","50.267","3.0","KHARG, IR",,,,,,,"  262","H,,S"
"IRM00040845","1994-04-23","29.267","50.267","3.0","KHARG, IR",,,,,,,"  290","H,,S"
"IRM00040845","1994-04-28","29.267","50.267","3.0","KHARG, IR",,,,,,,"  318","H,,S"
"IRM00040845","1994-04-29","29.267","50.267","3.0","KHARG, IR",,,,,,,"  316","H,,S"
"IRM00040845","1994-04-30","29.267","50.267","3.0","KHARG, IR",,,,,,,"  305","H,,S"
"IRM00040845","1994-05-01","29.267","50.267","3.0","KHARG, IR",,,,,,,"  228","H,,S"
"IRM00040845","1994-05-02","29.267","50.267","3.0","KHARG, IR",,,,,,,"  288","H,,S"
"IRM00040845","1994-05-05","29.267","50.267","3.0","KHARG, IR",,,,,,,"  293","H,,S"
"IRM00040845","1994-05-10","29.267","50.267","3.0","KHARG, IR",,,,,,,"  284","H,,S"
"IRM00040845","1994-05-11","29.267","50.267","3.0","KHARG, IR",,,,,,,"  290","H,,S"
"IRM00040845","1994-05-12","29.267","50.267","3.0","KHARG, IR",,,,,,,"  265","H,,S"
"IRM00040845","1994-05-13","29.267","50.267","3.0","KHARG, IR",,,,,,,"  303","H,,S"
"IRM00040845","1994-05-14","29.267","50.267","3.0","KHARG, IR",,,,,"  240",",,S","  290","H,,S"
"IRM00040845","1994-05-15","29.267","50.267","3.0","KHARG, IR",,,,,,,"  310","H,,S"
"IRM00040845","1994-05-17","29.267","50.267","3.0","KHARG, IR",,,,,,,"  293","H,,S"
"IRM00040845","1994-05-18","29.267","50.267","3.0","KHARG, IR",,,,,,,"  295","H,,S"
"IRM00040845","1994-05-19","29.267","50.267","3.0","KHARG, IR",,,,,,,"  290","H,,S"
"IRM00040845","1994-05-25","29.267","50.267","3.0","KHARG, IR",,,"  360",",,S",,,"  338","H,,S"
"IRM00040845","1994-05-29","29.267","50.267","3.0","KHARG, IR",,,,,,,"  333","H,,S"
"IRM00040845","2006-03-16","29.267","50.267","3.0","KHARG, IR","    0",",,S","  226",",,S","  154",",,S","  214","H,,S"
"IRM00040845","2006-03-17","29.267","50.267","3.0","KHARG, IR",,,"  202",",,S","  180",",,S","  191","H,,S"
"IRM00040845","2006-08-16","29.267","50.267","3.0","KHARG, IR","    0",",,S","  380",",,S","  304",",,S","  348","H,,S"
"IRM00040845","2006-08-17","29.267","50.267","3.0","KHARG, IR",,,"  394",",,S","  330",",,S","  357","H,,S"
"IRM00040845","2006-08-18","29.267","50.267","3.0","KHARG, IR","    0",",,S","  384",",,S","  304",",,S","  356","H,,S"
"IRM00040845","2006-08-19","29.267","50.267","3.0","KHARG, IR","    0",",,S","  390",",,S","  306",",,S","  354","H,,S"
"IRM00040845","2006-08-20","29.267","50.267","3.0","KHARG, IR",,,,,"  304",",,S","  356","H,,S"
"IRM00040845","2006-08-21","29.267","50.267","3.0","KHARG, IR","    0",",,S","  388",",,S","  316",",,S","  353","H,,S"
"IRM00040845","2006-08-22","29.267","50.267","3.0","KHARG, IR","    0",",,S","  392",",,S","  316",",,S","  355","H,,S"
"IRM00040845","2006-08-23","29.267","50.267","3.0","KHARG, IR","    0",",,S","  384",",,S","  314",",,S","  343","H,,S"
"IRM00040845","2006-08-24","29.267","50.267","3.0","KHARG, IR","    0",",,S","  372",",,S","  316",",,S","  349","H,,S"
"IRM00040845","2006-08-25","29.267","50.267","3.0","KHARG, IR","    0",",,S",,,,,"  363","H,,S"
"IRM00040845","2006-08-26","29.267","50.267","3.0","KHARG, IR","    0",",,S","  374",",,S",,,"  361","H,,S"
"IRM00040845","2006-08-27","29.267","50.267","3.0","KHARG, IR","    0",",,S","  374",",,S","  310",",,S","  347","H,,S"
"IRM00040845","2006-08-28","29.267","50.267","3.0","KHARG, IR","    0",",,S","  384",",,S","  304",",,S","  349","H,,S"
"IRM00040845","2006-08-29","29.267","50.267","3.0","KHARG, IR","  500",",,S","  372",",,S","  304",",,S","  346","H,,S"
"IRM00040845","2006-08-30","29.267","50.267","3.0","KHARG, IR","    0",",,S","  374",",,S","  304",",,S","  344","H,,S"
"IRM00040845","2006-08-31","29.267","50.267","3.0","KHARG, IR","    0",",,S","  378",",,S","  308",",,S","  352","H,,S"
"IRM00040845","2006-09-01","29.267","50.267","3.0","KHARG, IR","    0",",,S","  374",",,S","  312",",,S","  343","H,,S"
"IRM00040845","2006-09-02","29.267","50.267","3.0","KHARG, IR","    0",",,S","  372",",,S","  286",",,S","  349","H,,S"
"IRM00040845","2006-09-03","29.267","50.267","3.0","KHARG, IR","    0",",,S","  380",",,S","  304",",,S","  349","H,,S"
"IRM00040845","2006-09-04","29.267","50.267","3.0","KHARG, IR","    0",",,S","  374",",,S","  314",",,S","  349","H,,S"
"IRM00040845","2006-09-05","29.267","50.267","3.0","KHARG, IR",,,"  378",",,S","  316",",,S","  352","H,,S"
"IRM00040845","2006-09-06","29.267","50.267","3.0","KHARG, IR","    0",",,S","  370",",,S","  324",",,S","  347","H,,S"
"IRM00040845","2006-09-07","29.267","50.267","3.0","KHARG, IR","    0",",,S","  352",",,S","  304",",,S","  333","H,,S"
"IRM00040845","2006-09-08","29.267","50.267","3.0","KHARG, IR","    0",",,S","  368",",,S","  322",",,S","  349","H,,S"
"IRM00040845","2006-09-09","29.267","50.267","3.0","KHARG, IR","    0",",,S",,,"  290",",,S","  336","H,,S"
"IRM00040845","2006-09-10","29.267","50.267","3.0","KHARG, IR","    0",",,S","  368",",,S","  292",",,S","  337","H,,S"
"IRM00040845","2006-09-11","29.267","50.267","3.0","KHARG, IR","    0",",,S","  364",",,S","  312",",,S","  344","H,,S"
"IRM00040845","2006-09-12","29.267","50.267","3.0","KHARG, IR","    0",",,S","  370",",,S","  292",",,S","  337","H,,S"
"IRM00040845","2006-09-13","29.267","50.267","3.0","KHARG, IR","    0",",,S","  354",",,S","  294",",,S","  331","H,,S"
"IRM00040845","2006-09-14","29.267","50.267","3.0","KHARG, IR","    0",",,S","  366",",,S","  318",",,S","  348","H,,S"
"IRM00040845","2006-09-15","29.267","50.267","3.0","KHARG, IR","    0",",,S","  354",",,S","  318",",,S","  334","H,,S"
"IRM00040845","2006-09-16","29.267","50.267","3.0","KHARG, IR","    0",",,S","  358",",,S","  260",",,S","  308","H,,S"
"IRM00040845","2006-09-17","29.267","50.267","3.0","KHARG, IR","    0",",,S","  354",",,S","  282",",,S","  328","H,,S"
"IRM00040845","2006-09-18","29.267","50.267","3.0","KHARG, IR","    0",",,S","  348",",,S","  324",",,S","  336","H,,S"
"IRM00040845","2006-09-19","29.267","50.267","3.0","KHARG, IR","    0",",,S","  340",",,S","  310",",,S","  323","H,,S"
"IRM00040845","2006-09-20","29.267","50.267","3.0","KHARG, IR","    0",",,S","  348",",,S","  268",",,S","  317","H,,S"
"IRM00040845","2006-09-21","29.267","50.267","3.0","KHARG, IR","    0",",,S",,,"  308",",,S","  327","H,,S"
"IRM00040845","2006-09-22","29.267","50.267","3.0","KHARG, IR","    0",",,S","  340",",,S","  306",",,S","  329","H,,S"
"IRM00040845","2006-09-23","29.267","50.267","3.0","KHARG, IR","    0",",,S","  340",",,S",,,"  322","H,,S"
"IRM00040845","2006-09-24","29.267","50.267","3.0","KHARG, IR","    0",",,S","  354",",,S","  272",",,S","  318","H,,S"
"IRM00040845","2006-09-25","29.267","50.267","3.0","KHARG, IR","    0",",,S","  354",",,S","  276",",,S","  324","H,,S"
"IRM00040845","2006-09-26","29.267","50.267","3.0","KHARG, IR","    0",",,S","  344",",,S","  276",",,S","  317","H,,S"
"IRM00040845","2006-09-27","29.267","50.267","3.0","KHARG, IR","    0",",,S","  340",",,S","  280",",,S","  315","H,,S"
"IRM00040845","2006-09-28","29.267","50.267","3.0","KHARG, IR","    0",",,S","  330",",,S","  292",",,S","  314","H,,S"
"IRM00040845","2006-09-29","29.267","50.267","3.0","KHARG, IR","    0",",,S","  324",",,S","  300",",,S","  312","H,,S"
"IRM00040845","2006-09-30","29.267","50.267","3.0","KHARG, IR","    0",",,S","  332",",,S","  302",",,S","  314","H,,S"
"IRM00040845","2006-10-01","29.267","50.267","3.0","KHARG, IR","    0",",,S","  338",",,S","  250",",,S","  305","H,,S"
"IRM00040845","2006-10-02","29.267","50.267","3.0","KHARG, IR","    0",",,S","  330",",,S","  252",",,S","  298","H,,S"
"IRM00040845","2006-10-03","29.267","50.267","3.0","KHARG, IR","    0",",,S","  324",",,S","  252",",,S","  301","H,,S"
"IRM00040845","2006-10-04","29.267","50.267","3.0","KHARG, IR","    0",",,S","  340",",,S","  268",",,S","  318","H,,S"
"IRM00040845","2006-10-05","29.267","50.267","3.0","KHARG, IR","    0",",,S","  348",",,S",,,"  326","H,,S"
"IRM00040845","2006-10-06","29.267","50.267","3.0","KHARG, IR","    0",",,S","  310",",,S","  290",",,S","  303","H,,S"
"IRM00040845","2006-10-07","29.267","50.267","3.0","KHARG, IR","    0",",,S","  316",",,S","  290",",,S","  302","H,,S"
"IRM00040845","2006-10-08","29.267","50.267","3.0","KHARG, IR","    0",",,S","  316",",,S","  286",",,S","  302","H,,S"
"IRM00040845","2006-10-09","29.267","50.267","3.0","KHARG, IR","    0",",,S","  320",",,S","  274",",,S","  301","H,,S"
"IRM00040845","2006-10-10","29.267","50.267","3.0","KHARG, IR","    0",",,S","  318",",,S","  250",",,S","  296","H,,S"
"IRM00040845","2006-10-11","29.267","50.267","3.0","KHARG, IR","    0",",,S","  324",",,S",,,"  299","H,,S"
"IRM00040845","2006-10-12","29.267","50.267","3.0","KHARG, IR","    0",",,S","  316",",,S","  254",",,S","  289","H,,S"
"IRM00040845","2006-10-13","29.267","50.267","3.0","KHARG, IR","    0",",,S",,,"  256",",,S","  290","H,,S"
"IRM00040845","2006-10-14","29.267","50.267","3.0","KHARG, IR","    0",",,S","  348",",,S","  256",",,S","  303","H,,S"
"IRM00040845","2006-10-15","29.267","50.267","3.0","KHARG, IR","    0",",,S","  334",",,S","  252",",,S","  301","H,,S"
"IRM00040845","2006-10-16","29.267","50.267","3.0","KHARG, IR","    0",",,S","  328",",,S","  256",",,S","  298","H,,S"
"IRM00040845","2006-10-17","29.267","50.267","3.0","KHARG, IR","    0",",,S","  340",",,S","  252",",,S","  308","H,,S"
"IRM00040845","2006-10-18","29.267","50.267","3.0","KHARG, IR","    0",",,S","  344",",,S","  256",",,S","  303","H,,S"
"IRM00040845","2006-10-19","29.267","50.267","3.0","KHARG, IR","    0",",,S","  344",",,S","  248",",,S","  299","H,,S"
"IRM00040845","2006-10-20","29.267","50.267","3.0","KHARG, IR","    0",",,S","  334",",,S","  252",",,S","  298","H,,S"
"IRM00040845","2006-10-21","29.267","50.267","3.0","KHARG, IR","    0",",,S","  350",",,S","  252",",,S","  305","H,,S"
"IRM00040845","2006-10-22","29.267","50.267","3.0","KHARG, IR",,,"  334",",,S","  254",",,S","  298","H,,S"
"IRM00040845","2006-10-23","29.267","50.267","3.0","KHARG, IR","    0",",,S","  340",",,S","  252",",,S","  293","H,,S"
"IRM00040845","2006-10-24","29.267","50.267","3.0","KHARG, IR","    0",",,S","  314",",,S","  250",",,S","  298","H,,S"
"IRM00040845","2006-10-25","29.267","50.267","3.0","KHARG, IR","    0",",,S","  322",",,S","  260",",,S","  292","H,,S"
"IRM00040845","2006-10-26","29.267","50.267","3.0","KHARG, IR","    0",",,S","  320",",,S","  258",",,S","  293","H,,S"
"IRM00040845","2006-10-27","29.267","50.267","3.0","KHARG, IR","    0",",,S","  326",",,S",,,"  294","H,,S"
"IRM00040845","2006-10-28","29.267","50.267","3.0","KHARG, IR","    0",",,S","  314",",,S","  262",",,S","  291","H,,S"
"IRM00040845","2006-10-29","29.267","50.267","3.0","KHARG, IR","    0",",,S","  314",",,S",,,"  280","H,,S"
"IRM00040845","2006-10-30","29.267","50.267","3.0","KHARG, IR","    5",",,S","  324",",,S","  268",",,S","  291","H,,S"
"IRM00040845","2006-10-31","29.267","50.267","3.0","KHARG, IR","    0",",,S","  328",",,S","  268",",,S","  292","H,,S"
"IRM00040845","2006-11-01","29.267","50.267","3.0","KHARG, IR","    0",",,S","  330",",,S",,,"  301","H,,S"
"IRM00040845","2006-11-02","29.267","50.267","3.0","KHARG, IR","    0",",,S","  314",",,S","  276",",,S","  295","H,,S"
"IRM00040845","2006-11-03","29.267","50.267","3.0","KHARG, IR","    0",",,S","  322",",,S","  260",",,S","  292","H,,S"
"IRM00040845","2006-11-04","29.267","50.267","3.0","KHARG, IR","    0",",,S","  280",",,S",,,"  268","H,,S"
"IRM00040845","2006-11-05","29.267","50.267","3.0","KHARG, IR","   18",",,S","  320",",,S","  264",",,S","  287","H,,S"
"IRM00040845","2006-11-07","29.267","50.267","3.0","KHARG, IR","    0",",,S","  296",",,S",,,"  286","H,,S"
"IRM00040845","2006-11-08","29.267","50.267","3.0","KHARG, IR","    0",",,S","  270",",,S","  250",",I,S","  260","H,,S"
"IRM00040845","2006-11-09","29.267","50.267","3.0","KHARG, IR","    0",",,S","  236",",I,S","  212",",,S","  222","H,,S"
"IRM00040845","2006-11-10","29.267","50.267","3.0","KHARG, IR","    0",",,S","  236",",,S","  210",",,S","  222","H,,S"
"IRM00040845","2006-11-11","29.267","50.267","3.0","KHARG, IR","    0",",,S",,,"  216",",,S","  263","H,,S"
"IRM00040845","2006-11-12","29.267","50.267","3.0","KHARG, IR","    0",",,S","  288",",,S","  248",",,S","  263","H,,S"
"IRM00040845","2006-11-13","29.267","50.267","3.0","KHARG, IR","    0",",,S","  310",",,S",,,"  280","H,,S"
"IRM00040845","2006-11-14","29.267","50.267","3.0","KHARG, IR","  124",",,S",,,"  202",",,S","  246","H,,S"
"IRM00040845","2006-11-15","29.267","50.267","3.0","KHARG, IR","    0",",,S","  244",",,S","  230",",,S","  233","H,,S"
"IRM00040845","2006-11-16","29.267","50.267","3.0","KHARG, IR","    0",",,S","  238",",,S","  220",",,S","  227","H,,S"
"IRM00040845","2006-11-17","29.267","50.267","3.0","KHARG, IR","    0",",,S","  228",",,S",,,"  217","H,,S"
"IRM00040845","2006-11-18","29.267","50.267","3.0","KHARG, IR","    0",",,S",,,,,"  201","H,,S"
"IRM00040845","2006-11-19","29.267","50.267","3.0","KHARG, IR","    0",",,S",,,,,"  208","H,,S"
"IRM00040845","2006-11-20","29.267","50.267","3.0","KHARG, IR","    0",",,S","  250",",,S","  164",",,S","  214","H,,S"
"IRM00040845","2006-11-21","29.267","50.267","3.0","KHARG, IR","    0",",,S","  190",",,S","  162",",,S","  177","H,,S"
"IRM00040845","2006-11-22","29.267","50.267","3.0","KHARG, IR","    0",",,S","  216",",,S","  176",",,S","  204","H,,S"
"IRM00040845","2006-11-23","29.267","50.267","3.0","KHARG, IR","    0",",,S","  220",",,S",,,"  214","H,,S"
"IRM00040845","2006-11-24","29.267","50.267","3.0","KHARG, IR","    0",",,S","  228",",,S","  206",",,S","  218","H,,S"
"IRM00040845","2006-11-27","29.267","50.267","3.0","KHARG, IR","    0",",,S","  220",",,S",,,"  208","H,,S"
"IRM00040845","2006-11-28","29.267","50.267","3.0","KHARG, IR","    0",",,S","  222",",,S","  110",",,S","  207","H,,S"
"IRM00040845","2006-11-29","29.267","50.267","3.0","KHARG, IR","    0",",,S","  214",",,S","  192",",,S","  200","H,,S"
"IRM00040845","2006-12-01","29.267","50.267","3.0","KHARG, IR","    0",",,S","  196",",,S",,,"  189","H,,S"
"IRM00040845","2006-12-07","29.267","50.267","3.0","KHARG, IR","  140",",,S","  200",",,S",,,"  177","H,,S"
"IRM00040845","2006-12-08","29.267","50.267","3.0","KHARG, IR","  168",",,S","  200",",,S",,,"  170","H,,S"
"IRM00040845","2006-12-09","29.267","50.267","3.0","KHARG, IR","    0",",,S","  180",",,S","  166",",,S","  171","H,,S"
"IRM00040845","2006-12-10","29.267","50.267","3.0","KHARG, IR","    0",",,S","  200",",,S",,,"  182","H,,S"
"IRM00040845","2006-12-11","29.267","50.267","3.0","KHARG, IR","  295",",,S",,,,,"  169","H,,S"
"IRM00040845","2006-12-12","29.267","50.267","3.0","KHARG, IR","  122",",,S","  174",",,S",,,"  157","H,,S"
"IRM00040845","2006-12-13","29.267","50.267","3.0","KHARG, IR","    0",",,S","  172",",,S",,,"  161","H,,S"
"IRM00040845","2006-12-14","29.267","50.267","3.0","KHARG, IR","    0",",,S","  172",",,S","  150",",,S","  159","H,,S"
"IRM00040845","2006-12-15","29.267","50.267","3.0","KHARG, IR","    0",",,S","  170",",,S","  150",",,S","  159","H,,S"
"IRM00040845","2006-12-16","29.267","50.267","3.0","KHARG, IR",,,"  170",",,S","  124",",,S","  155","H,,S"
"IRM00040845","2006-12-17","29.267","50.267","3.0","KHARG, IR","  536",",,S","  174",",,S",,,"  122","H,,S"
"IRM00040845","2006-12-18","29.267","50.267","3.0","KHARG, IR","  104",",,S","  170",",,S",,,"  148","H,,S"
"IRM00040845","2006-12-19","29.267","50.267","3.0","KHARG, IR","    0",",,S","  150",",,S","  136",",,S","  141","H,,S"
"IRM00040845","2006-12-20","29.267","50.267","3.0","KHARG, IR","    0",",,S","  162",",,S","  138",",,S","  151","H,,S"
"IRM00040845","2006-12-21","29.267","50.267","3.0","KHARG, IR","    0",",,S","  154",",,S","  128",",,S","  142","H,,S"
"IRM00040845","2006-12-22","29.267","50.267","3.0","KHARG, IR",,,"  154",",,S","  132",",,S","  141","H,,S"
"IRM00040845","2006-12-23","29.267","50.267","3.0","KHARG, IR","    0",",,S","  162",",,S","  112",",,S","  145","H,,S"
"IRM00040845","2006-12-24","29.267","50.267","3.0","KHARG, IR","   51",",,S","  160",",,S",,,"  137","H,,S"
"IRM00040845","2006-12-25","29.267","50.267","3.0","KHARG, IR","   84",",,S","  154",",,S","  134",",,S","  146","H,,S"
"IRM00040845","2006-12-26","29.267","50.267","3.0","KHARG, IR","    0",",,S","  164",",,S","  144",",,S","  153","H,,S"
"IRM00040845","2006-12-27","29.267","50.267","3.0","KHARG, IR","    0",",,S","  202",",,S","  118",",,S","  172","H,,S"
"IRM00040845","2006-12-28","29.267","50.267","3.0","KHARG, IR","   13",",,S","  210",",,S",,,"  165","H,,S"
"IRM00040845","2006-12-29","29.267","50.267","3.0","KHARG, IR","    0",",,S","  118",",,S","   98",",,S","  108","H,,S"
"IRM00040845","2006-12-30","29.267","50.267","3.0","KHARG, IR","    0",",,S","  108",",,S","   84",",,S","   96","H,,S"
"IRM00040845","2006-12-31","29.267","50.267","3.0","KHARG, IR","    0",",,S","  116",",,S","   96",",,S","  106","H,,S"
"IRM00040845","2007-01-01","29.267","50.267","3.0","KHARG, IR","    0",",,S","  122",",,S","  100",",,S","  109","H,,S"
"IRM00040845","2007-01-02","29.267","50.267","3.0","KHARG, IR","    0",",,S","  122",",,S","  102",",,S","  111","H,,S"
"IRM00040845","2007-01-03","29.267","50.267","3.0","KHARG, IR","    0",",,S","  124",",,S","  102",",,S","  114","H,,S"
"IRM00040845","2007-01-04","29.267","50.267","3.0","KHARG, IR","    0",",,S","  138",",,S","  102",",,S","  117","H,,S"
"IRM00040845","2007-01-05","29.267","50.267","3.0","KHARG, IR","    0",",,S",,,,,"  133","H,,S"
"IRM00040845","2007-01-06","29.267","50.267","3.0","KHARG, IR","    0",",,S","  174",",,S",,,"  147","H,,S"
"IRM00040845","2007-01-07","29.267","50.267","3.0","KHARG, IR","    0",",,S","  162",",,S","  140",",,S","  151","H,,S"
"IRM00040845","2007-01-08","29.267","50.267","3.0","KHARG, IR","    0",",,S","  156",",,S",,,"  142","H,,S"
"IRM00040845","2007-01-09","29.267","50.267","3.0","KHARG, IR","    0",",,S",,,"  142",",,S","  146","H,,S"
"IRM00040845","2007-01-10","29.267","50.267","3.0","KHARG, IR","    0",",,S","  152",",,S",,,"  139","H,,S"
"IRM00040845","2007-01-12","29.267","50.267","3.0","KHARG, IR","    5",",,S","  172",",,S","  122",",,S","  159","H,,S"
"IRM00040845","2007-01-13","29.267","50.267","3.0","KHARG, IR","   61",",,S","  162",",,S",,,"  152","H,,S"
"IRM00040845","2007-01-14","29.267","50.267","3.0","KHARG, IR","    0",",,S","  154",",,S",,,"  129","H,,S"
"IRM00040845","2007-01-15","29.267","50.267","3.0","KHARG, IR","    0",",,S","  180",",,S",,,"  124","H,,S"
"IRM00040845","2007-01-16","29.267","50.267","3.0","KHARG, IR","    0",",,S","  134",",,S",,,"  119","H,,S"
"IRM00040845","2007-01-17","29.267","50.267","3.0","KHARG, IR","  191",",,S","  130",",,S","  106",",,S","  119","H,,S"
"IRM00040845","2007-01-18","29.267","50.267","3.0","KHARG, IR","    0",",,S","  118",",,S",,,"  111","H,,S"
"IRM00040845","2007-01-19","29.267","50.267","3.0","KHARG, IR","    0",",,S","  130",",,S","  106",",,S","  121","H,,S"
"IRM00040845","2007-01-20","29.267","50.267","3.0","KHARG, IR","    0",",,S","  138",",,S","  114",",,S","  129","H,,S"
"IRM00040845","2007-01-21","29.267","50.267","3.0","KHARG, IR","    8",",,S","  164",",,S","  100",",,S","  147","H,,S"
"IRM00040845","2007-01-23","29.267","50.267","3.0","KHARG, IR","   23",",,S","  148",",,S","  130",",,S","  138","H,,S"
"IRM00040845","2007-01-24","29.267","50.267","3.0","KHARG, IR","    0",",,S","  154",",,S","  138",",,S","  148","H,,S"
"IRM00040845","2007-01-25","29.267","50.267","3.0","KHARG, IR","    0",",,S","  162",",,S","  138",",,S","  152","H,,S"
"IRM00040845","2007-01-26","29.267","50.267","3.0","KHARG, IR",,,"  162",",,S","  142",",,S","  154","H,,S"
"IRM00040845","2007-01-27","29.267","50.267","3.0","KHARG, IR","    0",",,S","  160",",,S","  142",",,S","  151","H,,S"
"IRM00040845","2007-01-28","29.267","50.267","3.0","KHARG, IR","    0",",,S","  160",",,S","  140",",,S","  151","H,,S"
"IRM00040845","2007-01-29","29.267","50.267","3.0","KHARG, IR","    0",",,S","  188",",,S","   98",",,S","  162","H,,S"
"IRM00040845","2007-01-30","29.267","50.267","3.0","KHARG, IR","    0",",,S","  204",",,S","  146",",,S","  172","H,,S"
"IRM00040845","2007-01-31","29.267","50.267","3.0","KHARG, IR","    8",",,S","  196",",,S",,,"  177","H,,S"
"IRM00040845","2007-02-01","29.267","50.267","3.0","KHARG, IR","    0",",,S","  200",",,S",,,"  175","H,,S"
"IRM00040845","2007-02-02","29.267","50.267","3.0","KHARG, IR","    0",",,S","  174",",,S",,,"  154","H,,S"
"IRM00040845","2007-02-03","29.267","50.267","3.0","KHARG, IR","   30",",,S","  182",",,S","  142",",,S","  167","H,,S"
"IRM00040845","2007-02-04","29.267","50.267","3.0","KHARG, IR","   99",",,S","  188",",,S",,,"  176","H,,S"
"IRM00040845","2007-02-05","29.267","50.267","3.0","KHARG, IR","   76",",,S","  174",",,S",,,"  154","H,,S"
"IRM00040845","2007-02-06","29.267","50.267","3.0","KHARG, IR","    0",",,S","  194",",,S","  144",",,S","  168","H,,S"
"IRM00040845","2007-02-07","29.267","50.267","3.0","KHARG, IR","    5",",,S","  206",",,S","  154",",,S","  178","H,,S"
"IRM00040845","2007-02-08","29.267","50.267","3.0","KHARG, IR","    3",",,S","  162",",,S",,,"  142","H,,S"
"IRM00040845","2007-02-09","29.267","50.267","3.0","KHARG, IR","    0",",,S","  156",",,S","  128",",,S","  145","H,,S"
"IRM00040845","2007-02-10","29.267","50.267","3.0","KHARG, IR","    0",",,S","  170",",,S","  146",",,S","  157","H,,S"
"IRM00040845","2007-02-11","29.267","50.267","3.0","KHARG, IR","    0",",,S","  172",",,S","  136",",,S","  156","H,,S"
"IRM00040845","2007-02-12","29.267","50.267","3.0","KHARG, IR","    0",",,S","  172",",,S","  156",",,S","  163","H,,S"
"IRM00040845","2007-02-13","29.267","50.267","3.0","KHARG, IR","    0",",,S","  186",",,S","  138",",,S","  169","H,,S"
"IRM00040845","2007-02-14","29.267","50.267","3.0","KHARG, IR","    5",",,S","  200",",,S","  164",",,S","  178","H,,S"
"IRM00040845","2007-02-15","29.267","50.267","3.0","KHARG, IR","    0",",,S","  186",",,S","  160",",,S","  172","H,,S"
"IRM00040845","2007-02-16","29.267","50.267","3.0","KHARG, IR","    0",",,S","  202",",,S","  130",",,S","  178","H,,S"
"IRM00040845","2007-02-17","29.267","50.267","3.0","KHARG, IR","    0",",,S","  186",",,S","  140",",,S","  165","H,,S"
"IRM00040845","2007-02-18","29.267","50.267","3.0","KHARG, IR","    0",",,S","  196",",,S","  110",",,S","  173","H,,S"
"IRM00040845","2007-02-19","29.267","50.267","3.0","KHARG, IR","   13",",,S","  194",",,S","  110",",,S","  177","H,,S"
"IRM00040845","2007-02-20","29.267","50.267","3.0","KHARG, IR","    0",",,S","  184",",,S",,,"  169","H,,S"
"IRM00040845","2007-02-21","29.267","50.267","3.0","KHARG, IR","    0",",,S","  180",",,S","  158",",,S","  168","H,,S"
"IRM00040845","2007-02-22","29.267","50.267","3.0","KHARG, IR","    0",",,S","  190",",,S","  156",",,S","  173","H,,S"
"IRM00040845","2007-02-23","29.267","50.267","3.0","KHARG, IR","    3",",,S","  224",",,S","  162",",,S","  189","H,,S"
"IRM00040845","2007-02-24","29.267","50.267","3.0","KHARG, IR","    0",",,S","  210",",,S","  146",",,S","  183","H,,S"
"IRM00040845","2007-02-26","29.267","50.267","3.0","KHARG, IR","    0",",,S","  196",",,S","  176",",,S","  187","H,,S"
"IRM00040845","2007-02-27","29.267","50.267","3.0","KHARG, IR","    0",",,S","  198",",,S","  166",",,S","  184","H,,S"
"IRM00040845","2007-03-01","29.267","50.267","3.0","KHARG, IR","    0",",,S","  216",",,S","  156",",,S","  192","H,,S"
"IRM00040845","2007-03-02","29.267","50.267","3.0","KHARG, IR","    0",",,S","  210",",,S","  154",",,S","  172","H,,S"
"IRM00040845","2007-03-03","29.267","50.267","3.0","KHARG, IR","    0",",,S","  188",",,S","  160",",,S","  175","H,,S"
"IRM00040845","2007-03-04","29.267","50.267","3.0","KHARG, IR","    0",",,S","  210",",,S",,,"  185","H,,S"
"IRM00040845","2007-03-05","29.267","50.267","3.0","KHARG, IR","    0",",,S","  216",",,S","  152",",,S","  186","H,,S"
"IRM00040845","2007-03-06","29.267","50.267","3.0","KHARG, IR","    0",",,S","  224",",,S",,,"  196","H,,S"
"IRM00040845","2007-03-08","29.267","50.267","3.0","KHARG, IR","    0",",,S","  196",",,S",,,"  182","H,,S"
"IRM00040845","2007-03-09","29.267","50.267","3.0","KHARG, IR","    0",",,S","  204",",,S","  160",",,S","  188","H,,S"
"IRM00040845","2007-03-10","29.267","50.267","3.0","KHARG, IR","    0",",,S","  220",",,S","  160",",,S","  197","H,,S"
"IRM00040845","2007-03-11","29.267","50.267","3.0","KHARG, IR","    0",",,S","  206",",,S","  178",",,S","  191","H,,S"
"IRM00040845","2007-03-12","29.267","50.267","3.0","KHARG, IR","    0",",,S","  224",",,S",,,"  200","H,,S"
"IRM00040845","2007-03-13","29.267","50.267","3.0","KHARG, IR","    0",",,S","  254",",,S","  152",",,S","  207","H,,S"
"IRM00040845","2007-03-14","29.267","50.267","3.0","KHARG, IR","    0",",,S","  260",",,S","  192",",,S","  226","H,,S"
"IRM00040845","2007-03-15","29.267","50.267","3.0","KHARG, IR","    0",",,S","  274",",,S","  200",",,S","  233","H,,S"
"IRM00040845","2007-03-16","29.267","50.267","3.0","KHARG, IR","   15",",,S","  210",",,S","  192",",,S","  197","H,,S"
"IRM00040845","2007-03-17","29.267","50.267","3.0","KHARG, IR","    0",",,S","  188",",,S","  158",",,S","  172","H,,S"
"IRM00040845","2007-03-18","29.267","50.267","3.0","KHARG, IR",,,"  200",",,S","  162",",,S","  185","H,,S"
"IRM00040845","2007-03-19","29.267","50.267","3.0","KHARG, IR",,,"  190",",,S","  168",",,S","  177","H,,S"
"IRM00040845","2007-03-20","29.267","50.267","3.0","KHARG, IR","    0",",,S",,,"  124",",,S","  179","H,,S"
"IRM00040845","2007-03-21","29.267","50.267","3.0","KHARG, IR","    0",",,S","  236",",,S","  152",",,S","  202","H,,S"
"IRM00040845","2007-03-22","29.267","50.267","3.0","KHARG, IR","    0",",,S","  250",",,S","  150",",,S","  208","H,,S"
"IRM00040845","2007-03-23","29.267","50.267","3.0","KHARG, IR","    0",",,S","  236",",,S","  184",",,S","  217","H,,S"
"IRM00040845","2007-03-24","29.267","50.267","3.0","KHARG, IR","    0",",,S",,,"  190",",,S","  223","H,,S"
"IRM00040845","2007-03-25","29.267","50.267","3.0","KHARG, IR","    0",",,S","  250",",,S","  166",",,S","  212","H,,S"
"IRM00040845","2007-03-26","29.267","50.267","3.0","KHARG, IR","    0",",,S","  282",",,S","  198",",,S","  226","H,,S"
"IRM00040845","2007-03-27","29.267","50.267","3.0","KHARG, IR","   13",",,S","  248",",,S","  190",",,S","  219","H,,S"
"IRM00040845","2007-03-28","29.267","50.267","3.0","KHARG, IR","  112",",,S","  232",",,S","  184",",,S","  210","H,,S"
"IRM00040845","2007-03-29","29.267","50.267","3.0","KHARG, IR","    0",",,S","  222",",,S","  188",",,S","  205","H,,S"
"IRM00040845","2007-03-30","29.267","50.267","3.0","KHARG, IR","    0",",,S","  222",",,S","  152",",,S","  197","H,,S"
"IRM00040845","2007-03-31","29.267","50.267","3.0","KHARG, IR","    0",",,S","  222",",,S","  188",",,S","  208","H,,S"
"IRM00040845","2007-04-01","29.267","50.267","3.0","KHARG, IR","    0",",,S","  224",",,S","  174",",,S","  207","H,,S"
"IRM00040845","2007-04-02","29.267","50.267","3.0","KHARG, IR","    0",",,S",,,"  184",",,S","  222","H,,S"
"IRM00040845","2007-04-03","29.267","50.267","3.0","KHARG, IR","    0",",,S","  226",",,S","  184",",,S","  201","H,,S"
"IRM00040845","2007-04-04","29.267","50.267","3.0","KHARG, IR","    0",",,S","  250",",,S","  172",",,S","  212","H,,S"
"IRM00040845","2007-04-05","29.267","50.267","3.0","KHARG, IR","    0",",,S","  280",",,S",,,"  238","H,,S"
"IRM00040845","2007-04-06","29.267","50.267","3.0","KHARG, IR","    0",",,S","  258",",,S","  208",",,S","  229","H,,S"
"IRM00040845","2007-04-07","29.267","50.267","3.0","KHARG, IR","    0",",,S","  274",",,S",,,"  234","H,,S"
"IRM00040845","2007-04-08","29.267","50.267","3.0","KHARG, IR","    0",",,S","  326",",,S","  212",",,S","  268","H,,S"
"IRM00040845","2007-04-09","29.267","50.267","3.0","KHARG, IR",,,"  282",",,S","  142",",,S","  252","H,,S"
"IRM00040845","2007-04-10","29.267","50.267","3.0","KHARG, IR","    0",",,S","  310",",,S","  220",",,S","  266","H,,S"
"IRM00040845","2007-04-11","29.267","50.267","3.0","KHARG, IR","    8",",,S","  272",",,S","  228",",,S","  239","H,,S"
"IRM00040845","2007-04-12","29.267","50.267","3.0","KHARG, IR","    5",",,S","  268",",,S","  214",",,S","  231","H,,S"
"IRM00040845","2007-04-13","29.267","50.267","3.0","KHARG, IR","   94",",,S","  248",",,S","  180",",,S","  229","H,,S"
"IRM00040845","2007-04-14","29.267","50.267","3.0","KHARG, IR","   38",",,S","  252",",,S","  216",",,S","  235","H,,S"
"IRM00040845","2007-04-15","29.267","50.267","3.0","KHARG, IR","   10",",,S","  248",",,S",,,"  227","H,,S"
"IRM00040845","2007-04-16","29.267","50.267","3.0","KHARG, IR","    0",",,S","  246",",,S","  208",",,S","  228","H,,S"
"IRM00040845","2007-04-17","29.267","50.267","3.0","KHARG, IR","    0",",,S","  280",",,S","  188",",,S","  237","H,,S"
"IRM00040845","2007-04-18","29.267","50.267","3.0","KHARG, IR","    0",",,S","  332",",,S","  214",",,S","  288","H,,S"
"IRM00040845","2007-04-20","29.267","50.267","3.0","KHARG, IR","    0",",,S","  252",",,S","  228",",,S","  238","H,,S"
"IRM00040845","2007-04-21","29.267","50.267","3.0","KHARG, IR","    0",",,S","  276",",,S","  220",",,S","  248","H,,S"
"IRM00040845","2007-04-22","29.267","50.267","3.0","KHARG, IR","    0",",,S","  276",",,S","  228",",,S","  254","H,,S"
"IRM00040845","2007-04-23","29.267","50.267","3.0","KHARG, IR","    0",",,S","  294",",,S","  226",",,S","  259","H,,S"
"IRM00040845","2007-04-24","29.267","50.267","3.0","KHARG, IR",,,,,"  228",",,S","  278","H,,S"
"IRM00040845","2007-04-25","29.267","50.267","3.0","KHARG, IR","    0",",,S","  284",",,S","  240",",,S","  265","H,,S"
"IRM00040845","2007-04-26","29.267","50.267","3.0","KHARG, IR","    0",",,S","  320",",,S","  240",",,S","  275","H,,S"
"IRM00040845","2007-04-27","29.267","50.267","3.0","KHARG, IR","    0",",,S","  346",",,S","  250",",,S","  275","H,,S"
"IRM00040845","2007-04-28","29.267","50.267","3.0","KHARG, IR","    0",",,S","  290",",,S","  244",",,S","  269","H,,S"
"IRM00040845","2007-04-29","29.267","50.267","3.0","KHARG, IR","    0",",,S","  336",",,S",,,"  270","H,,S"
"IRM00040845","2007-04-30","29.267","50.267","3.0","KHARG, IR","    0",",,S","  376",",,S","  244",",,S","  318","H,,S"
"IRM00040845","2007-05-01","29.267","50.267","3.0","KHARG, IR","    0",",,S","  326",",,S","  258",",,S","  273","H,,S"
"IRM00040845","2007-05-02","29.267","50.267","3.0","KHARG, IR","    0",",,S","  340",",,S","  246",",,S","  268","H,,S"
"IRM00040845","2007-05-03","29.267","50.267","3.0","KHARG, IR","    0",",,S","  320",",,S","  244",",,S","  291","H,,S"
"IRM00040845","2007-05-04","29.267","50.267","3.0","KHARG, IR",,,"  334",",,S","  254",",,S","  293","H,,S"
"IRM00040845","2007-05-05","29.267","50.267","3.0","KHARG, IR","    0",",,S","  346",",,S","  258",",,S","  302","H,,S"
"IRM00040845","2007-05-06","29.267","50.267","3.0","KHARG, IR","    0",",,S","  336",",,S","  250",",,S","  295","H,,S"
"IRM00040845","2007-05-07","29.267","50.267","3.0","KHARG, IR","    0",",,S","  326",",,S","  250",",,S","  288","H,,S"
"IRM00040845","2007-05-08","29.267","50.267","3.0","KHARG, IR","    0",",,S","  336",",,S","  256",",,S","  297","H,,S"
"IRM00040845","2007-05-09","29.267","50.267","3.0","KHARG, IR","    0",",,S","  342",",,S","  238",",,S","  291","H,,S"
"IRM00040845","2007-05-10","29.267","50.267","3.0","KHARG, IR","    0",",,S","  346",",,S",,,"  315","H,,S"
"IRM00040845","2007-05-11","29.267","50.267","3.0","KHARG, IR","    0",",,S","  358",",,S","  256",",,S","  307","H,,S"
"IRM00040845","2007-05-12","29.267","50.267","3.0","KHARG, IR","    0",",,S","  376",",,S","  258",",,S","  299","H,,S"
"IRM00040845","2007-05-13","29.267","50.267","3.0","KHARG, IR","    0",",,S","  386",",,S","  270",",,S","  334","H,,S"
"IRM00040845","2007-05-14","29.267","50.267","3.0","KHARG, IR","    0",",,S","  350",",,S","  270",",,S","  311","H,,S"
"IRM00040845","2007-05-15","29.267","50.267","3.0","KHARG, IR","    0",",,S","  368",",,S","  280",",,S","  317","H,,S"
"IRM00040845","2007-05-16","29.267","50.267","3.0","KHARG, IR","    0",",,S","  354",",,S","  288",",,S","  308","H,,S"
"IRM00040845","2007-05-17","29.267","50.267","3.0","KHARG, IR","    0",",,S","  338",",,S","  278",",,S","  311","H,,S"
"IRM00040845","2007-05-18","29.267","50.267","3.0","KHARG, IR","    0",",,S","  332",",,S","  272",",,S","  302","H,,S"
"IRM00040845","2007-05-19","29.267","50.267","3.0","KHARG, IR",,,"  324",",,S","  264",",,S","  304","H,,S"
"IRM00040845","2007-05-20","29.267","50.267","3.0","KHARG, IR","    0",",,S","  340",",,S","  272",",,S","  307","H,,S"
"IRM00040845","2007-05-21","29.267","50.267","3.0","KHARG, IR","    0",",,S","  322",",,S","  280",",,S","  299","H,,S"
"IRM00040845","2007-05-22","29.267","50.267","3.0","KHARG, IR","    0",",,S","  340",",,S","  260",",,S","  309","H,,S"
"IRM00040845","2007-05-23","29.267","50.267","3.0","KHARG, IR","    0",",,S",,,"  264",",,S","  308","H,,S"
"IRM00040845","2007-05-24","29.267","50.267","3.0","KHARG, IR","    0",",,S","  350",",,S","  262",",,S","  317","H,,S"
"IRM00040845","2007-05-25","29.267","50.267","3.0","KHARG, IR",,,"  348",",,S","  266",",,S","  318","H,,S"
"IRM00040845","2007-05-26","29.267","50.267","3.0","KHARG, IR","    0",",,S","  356",",,S","  264",",,S","  322","H,,S"
"IRM00040845","2007-05-27","29.267","50.267","3.0","KHARG, IR","    0",",,S","  380",",,S","  264",",,S","  333","H,,S"
"IRM00040845","2007-05-28","29.267","50.267","3.0","KHARG, IR","    0",",,S","  394",",,S","  272",",,S","  351","H,,S"
"IRM00040845","2007-05-29","29.267","50.267","3.0","KHARG, IR","    0",",,S","  384",",,S","  276",",,S","  347","H,,S"
"IRM00040845","2007-05-30","29.267","50.267","3.0","KHARG, IR","    0",",,S","  380",",,S","  306",",,S","  339","H,,S"
"IRM00040845","2007-05-31","29.267","50.267","3.0","KHARG, IR","    0",",,S","  380",",,S","  292",",,S","  339","H,,S"
"IRM00040845","2007-06-01","29.267","50.267","3.0","KHARG, IR","    0",",,S","  380",",,S","  288",",,S","  331","H,,S"
"IRM00040845","2007-06-02","29.267","50.267","3.0","KHARG, IR","    0",",,S","  410",",,S","  320",",,S","  348","H,,S"
"IRM00040845","2007-06-04","29.267","50.267","3.0","KHARG, IR","    0",",,S","  362",",,S","  312",",,S","  328","H,,S"
"IRM00040845","2007-06-05","29.267","50.267","3.0","KHARG, IR","    0",",,S","  350",",,S","  306",",,S","  323","H,,S"
"IRM00040845","2007-06-06","29.267","50.267","3.0","KHARG, IR","    0",",,S","  350",",,S","  290",",,S","  323","H,,S"
"IRM00040845","2007-06-07","29.267","50.267","3.0","KHARG, IR","    0",",,S","  356",",,S","  296",",,S","  327","H,,S"
"IRM00040845","2007-06-08","29.267","50.267","3.0","KHARG, IR","    0",",,S",,,,,"  312","H,,S"
"IRM00040845","2007-06-09","29.267","50.267","3.0","KHARG, IR","    0",",,S","  336",",,S","  290",",,S","  316","H,,S"
"IRM00040845","2007-06-10","29.267","50.267","3.0","KHARG, IR","    0",",,S","  362",",,S","  294",",,S","  328","H,,S"
"IRM00040845","2007-06-11","29.267","50.267","3.0","KHARG, IR","    0",",,S","  352",",,S","  302",",,S","  323","H,,S"
"IRM00040845","2007-06-12","29.267","50.267","3.0","KHARG, IR","    0",",,S","  370",",,S","  306",",,S","  337","H,,S"
"IRM00040845","2007-06-13","29.267","50.267","3.0","KHARG, IR","    0",",,S","  356",",,S","  306",",,S","  331","H,,S"
"IRM00040845","2007-06-14","29.267","50.267","3.0","KHARG, IR","    0",",,S","  350",",,S","  298",",,S","  321","H,,S"
"IRM00040845","2007-06-15","29.267","50.267","3.0","KHARG, IR","    0",",,S","  356",",,S","  300",",,S","  324","H,,S"
"IRM00040845","2007-06-16","29.267","50.267","3.0","KHARG, IR","    0",",,S","  350",",,S","  300",",,S","  323","H,,S"
"IRM00040845","2007-06-17","29.267","50.267","3.0","KHARG, IR","    0",",,S","  362",",,S",,,"  335","H,,S"
"IRM00040845","2007-06-18","29.267","50.267","3.0","KHARG, IR",,,"  368",",,S","  304",",,S","  343","H,,S"
"IRM00040845","2007-06-19","29.267","50.267","3.0","KHARG, IR","    0",",,S","  368",",,S","  304",",,S","  341","H,,S"
"IRM00040845","2007-06-20","29.267","50.267","3.0","KHARG, IR","    0",",,S","  366",",,S","  300",",,S","  347","H,,S"
"IRM00040845","2007-06-21","29.267","50.267","3.0","KHARG, IR","    0",",,S","  368",",,S","  304",",,S","  336","H,,S"
"IRM00040845","2007-06-22","29.267","50.267","3.0","KHARG, IR","    0",",,S","  366",",,S","  300",",,S","  334","H,,S"
"IRM00040845","2007-06-23","29.267","50.267","3.0","KHARG, IR","    0",",,S","  352",",,S",,,"  330","H,,S"
"IRM00040845","2007-06-24","29.267","50.267","3.0","KHARG, IR","    0",",,S","  358",",,S",,,"  330","H,,S"
"IRM00040845","2007-06-25","29.267","50.267","3.0","KHARG, IR","    0",",,S","  372",",,S","  282",",,S","  340","H,,S"
"IRM00040845","2007-06-26","29.267","50.267","3.0","KHARG, IR","    0",",,S","  386",",,S","  280",",,S","  345","H,,S"
"IRM00040845","2007-06-27","29.267","50.267","3.0","KHARG, IR","    0",",,S","  356",",,S","  316",",,S","  336","H,,S"
"IRM00040845","2007-06-28","29.267","50.267","3.0","KHARG, IR","    0",",,S","  374",",,S","  310",",,S","  346","H,,S"
"IRM00040845","2007-06-29","29.267","50.267","3.0","KHARG, IR","    0",",,S","  380",",,S",,,"  361","H,,S"
"IRM00040845","2007-06-30","29.267","50.267","3.0","KHARG, IR","    0",",,S","  374",",,S","  294",",,S","  347","H,,S"
"IRM00040845","2007-07-01","29.267","50.267","3.0","KHARG, IR","    0",",,S","  370",",,S","  314",",,S","  344","H,,S"
"IRM00040845","2007-07-02","29.267","50.267","3.0","KHARG, IR","    0",",,S","  374",",,S","  322",",,S","  348","H,,S"
"IRM00040845","2007-07-03","29.267","50.267","3.0","KHARG, IR","    0",",,S","  362",",,S","  322",",,S","  339","H,,S"
"IRM00040845","2007-07-04","29.267","50.267","3.0","KHARG, IR","    0",",,S",,,"  316",",,S","  338","H,,S"
"IRM00040845","2007-07-05","29.267","50.267","3.0","KHARG, IR","    0",",,S","  368",",,S","  304",",,S","  335","H,,S"
"IRM00040845","2007-07-06","29.267","50.267","3.0","KHARG, IR","    0",",,S","  368",",,S","  312",",,S","  341","H,,S"
"IRM00040845","2007-07-07","29.267","50.267","3.0","KHARG, IR","    0",",,S","  370",",,S","  312",",,S","  343","H,,S"
"IRM00040845","2007-07-08","29.267","50.267","3.0","KHARG, IR","    0",",,S","  370",",,S","  318",",,S","  343","H,,S"
"IRM00040845","2007-07-09","29.267","50.267","3.0","KHARG, IR","    0",",,S","  380",",,S","  312",",,S","  344","H,,S"
"IRM00040845","2007-07-10","29.267","50.267","3.0","KHARG, IR","    0",",,S","  380",",,S","  312",",,S","  343","H,,S"
"IRM00040845","2007-07-11","29.267","50.267","3.0","KHARG, IR","    0",",,S","  390",",,S","  292",",,S","  349","H,,S"
"IRM00040845","2007-07-12","29.267","50.267","3.0","KHARG, IR","    0",",,S","  380",",,S","  296",",,S","  356","H,,S"
"IRM00040845","2007-07-13","29.267","50.267","3.0","KHARG, IR",,,"  380",",,S","  326",",,S","  349","H,,S"
"IRM00040845","2007-07-14","29.267","50.267","3.0","KHARG, IR","    0",",,S","  378",",,S","  318",",,S","  347","H,,S"
"IRM00040845","2007-07-15","29.267","50.267","3.0","KHARG, IR","    0",",,S",,,"  320",",,S","  338","H,,S"
"IRM00040845","2007-07-16","29.267","50.267","3.0","KHARG, IR","    0",",,S",,,"  266",",,S","  339","H,,S"
"IRM00040845","2007-07-18","29.267","50.267","3.0","KHARG, IR",,,"  366",",,S","  314",",,S","  342","H,,S"
"IRM00040845","2007-07-19","29.267","50.267","3.0","KHARG, IR","    0",",,S","  358",",,S","  300",",,S","  331","H,,S"
"IRM00040845","2007-07-20","29.267","50.267","3.0","KHARG, IR","    0",",,S","  360",",,S","  300",",,S","  333","H,,S"
"IRM00040845","2007-07-21","29.267","50.267","3.0","KHARG, IR","    0",",,S","  366",",,S","  310",",,S","  342","H,,S"
"IRM00040845","2007-07-22","29.267","50.267","3.0","KHARG, IR","    0",",,S","  374",",,S",,,"  327","H,,S"
"IRM00040845","2007-07-23","29.267","50.267","3.0","KHARG, IR","    0",",,S","  370",",,S","  312",",,S","  347","H,,S"
"IRM00040845","2007-07-24","29.267","50.267","3.0","KHARG, IR","    0",",,S",,,"  304",",,S","  348","H,,S"
"IRM00040845","2007-07-25","29.267","50.267","3.0","KHARG, IR","    0",",,S","  366",",,S",,,"  338","H,,S"
"IRM00040845","2007-07-26","29.267","50.267","3.0","KHARG, IR","    0",",,S","  370",",,S","  290",",,S","  339","H,,S"
"IRM00040845","2007-07-27","29.267","50.267","3.0","KHARG, IR","    0",",,S","  380",",,S",,,"  356","H,,S"
"IRM00040845","2007-07-28","29.267","50.267","3.0","KHARG, IR","    0",",,S","  400",",,S","  290",",,S","  343","H,,S"
"IRM00040845","2007-07-29","29.267","50.267","3.0","KHARG, IR","    0",",,S","  388",",,S","  308",",,S","  355","H,,S"
"IRM00040845","2007-07-30","29.267","50.267","3.0","KHARG, IR","    0",",,S","  380",",,S","  306",",,S","  352","H,,S"
"IRM00040845","2007-07-31","29.267","50.267","3.0","KHARG, IR","    0",",,S","  396",",,S","  296",",,S","  349","H,,S"
"IRM00040845","2007-08-01","29.267","50.267","3.0","KHARG, IR","    0",",,S","  398",",,S","  308",",,S","  351","H,,S"
"IRM00040845","2007-08-02","29.267","50.267","3.0","KHARG, IR","    0",",,S","  384",",,S","  316",",,S","  357","H,,S"
"IRM00040845","2007-08-03","29.267","50.267","3.0","KHARG, IR","    0",",,S","  388",",,S","  332",",,S","  363","H,,S"
"IRM00040845","2007-08-04","29.267","50.267","3.0","KHARG, IR",,,"  390",",,S","  340",",,S","  362","H,,S"
"IRM00040845","2007-08-05","29.267","50.267","3.0","KHARG, IR","    0",",,S","  412",",,S","  314",",,S","  364","H,,S"
"IRM00040845","2007-08-06","29.267","50.267","3.0","KHARG, IR","    0",",,S","  382",",,S","  316",",,S","  351","H,,S"
"IRM00040845","2007-08-07","29.267","50.267","3.0","KHARG, IR","    0",",,S","  384",",,S","  310",",,S","  347","H,,S"
"IRM00040845","2007-08-08","29.267","50.267","3.0","KHARG, IR","    0",",,S","  372",",,S","  316",",,S","  349","H,,S"
"IRM00040845","2007-08-09","29.267","50.267","3.0","KHARG, IR","    0",",,S","  362",",,S","  330",",,S","  343","H,,S"
"IRM00040845","2007-08-10","29.267","50.267","3.0","KHARG, IR","    0",",,S","  362",",,S","  324",",,S","  341","H,,S"
"IRM00040845","2007-08-11","29.267","50.267","3.0","KHARG, IR","    0",",,S","  390",",,S",,,"  349","H,,S"
"IRM00040845","2007-08-12","29.267","50.267","3.0","KHARG, IR","    0",",,S","  380",",,S","  310",",,S","  344","H,,S"
"IRM00040845","2007-08-13","29.267","50.267","3.0","KHARG, IR","    0",",,S","  400",",,S","  326",",,S","  353","H,,S"
"IRM00040845","2007-08-14","29.267","50.267","3.0","KHARG, IR","    0",",,S",,,"  304",",,S","  346","H,,S"
"IRM00040845","2007-08-15","29.267","50.267","3.0","KHARG, IR","    0",",,S","  374",",,S","  314",",,S","  344","H,,S"
"IRM00040845","2007-08-16","29.267","50.267","3.0","KHARG, IR"," 1212",",,S","  384",",,S","  314",",,S","  352","H,,S"
"IRM00040845","2007-08-17","29.267","50.267","3.0","KHARG, IR","    0",",,S","  382",",,S","  296",",,S","  341","H,,S"
"IRM00040845","2007-08-18","29.267","50.267","3.0","KHARG, IR","    0",",,S","  386",",,S","  296",",,S","  345","H,,S"
"IRM00040845","2007-08-19","29.267","50.267","3.0","KHARG, IR","    0",",,S","  378",",,S","  312",",,S","  345","H,,S"
"IRM00040845","2007-08-20","29.267","50.267","3.0","KHARG, IR","    0",",,S","  388",",,S","  306",",,S","  350","H,,S"
"IRM00040845","2007-08-21","29.267","50.267","3.0","KHARG, IR","    0",",,S","  400",",,S","  300",",,S","  359","H,,S"
"IRM00040845","2007-08-22","29.267","50.267","3.0","KHARG, IR","    0",",,S","  388",",,S","  310",",,S","  357","H,,S"
"IRM00040845","2007-08-23","29.267","50.267","3.0","KHARG, IR","    0",",,S","  400",",,S","  314",",,S","  367","H,,S"
"IRM00040845","2007-08-24","29.267","50.267","3.0","KHARG, IR","    0",",,S","  392",",,S","  300",",,S","  354","H,,S"
"IRM00040845","2007-08-26","29.267","50.267","3.0","KHARG, IR","    0",",,S","  392",",,S","  292",",,S","  356","H,,S"
"IRM00040845","2007-08-27","29.267","50.267","3.0","KHARG, IR","    0",",,S","  394",",,S","  296",",,S","  345","H,,S"
"IRM00040845","2007-08-29","29.267","50.267","3.0","KHARG, IR","    0",",,S","  376",",,S","  294",",,S","  343","H,,S"
"IRM00040845","2007-08-30","29.267","50.267","3.0","KHARG, IR","    0",",,S","  382",",,S","  322",",,S","  352","H,,S"
"IRM00040845","2007-08-31","29.267","50.267","3.0","KHARG, IR","    0",",,S","  378",",,S","  308",",,S","  348","H,,S"
"IRM00040845","2007-09-01","29.267","50.267","3.0","KHARG, IR","    0",",,S","  372",",,S","  336",",,S","  352","H,,S"
"IRM00040845","2007-09-02","29.267","50.267","3.0","KHARG, IR","    0",",,S","  394",",,S","  336",",,S","  364","H,,S"
"IRM00040845","2007-09-03","29.267","50.267","3.0","KHARG, IR","    0",",,S","  380",",,S","  290",",,S","  349","H,,S"
"IRM00040845","2007-09-04","29.267","50.267","3.0","KHARG, IR","    0",",,S",,,"  316",",,S","  362","H,,S"
"IRM00040845","2007-09-05","29.267","50.267","3.0","KHARG, IR","    0",",,S",,,"  296",",,S","  354","H,,S"
"IRM00040845","2007-09-06","29.267","50.267","3.0","KHARG, IR","    0",",,S","  384",",,S","  304",",,S","  350","H,,S"
"IRM00040845","2007-09-07","29.267","50.267","3.0","KHARG, IR","    0",",,S","  404",",,S","  308",",,S","  352","H,,S"
"IRM00040845","2007-09-08","29.267","50.267","3.0","KHARG, IR","    0",",,S","  388",",,S","  306",",,S","  347","H,,S"
"IRM00040845","2007-09-09","29.267","50.267","3.0","KHARG, IR","    0",",,S","  366",",,S","  304",",,S","  344","H,,S"
"IRM00040845","2007-09-10","29.267","50.267","3.0","KHARG, IR","    0",",,S","  360",",,S",,,"  341","H,,S"
"IRM00040845","2007-09-11","29.267","50.267","3.0","KHARG, IR","    0",",,S","  350",",,S","  316",",,S","  340","H,,S"
"IRM00040845","2007-09-12","29.267","50.267","3.0","KHARG, IR",,,"  362",",,S","  284",",,S","  331","H,,S"
"IRM00040845","2007-09-13","29.267","50.267","3.0","KHARG, IR","    0",",,S","  376",",,S","  294",",,S","  337","H,,S"
"IRM00040845","2007-09-14","29.267","50.267","3.0","KHARG, IR","    0",",,S","  370",",,S",,,"  341","H,,S"
"IRM00040845","2007-09-15","29.267","50.267","3.0","KHARG, IR","    0",",,S","  362",",,S","  284",",,S","  333","H,,S"
"IRM00040845","2007-09-16","29.267","50.267","3.0","KHARG, IR","    0",",,S","  372",",,S","  296",",,S","  339","H,,S"
"IRM00040845","2007-09-17","29.267","50.267","3.0","KHARG, IR","    0",",,S","  374",",,S","  310",",,S","  339","H,,S"
"IRM00040845","2007-09-18","29.267","50.267","3.0","KHARG, IR","    0",",,S","  358",",,S","  280",",,S","  333","H,,S"
"IRM00040845","2007-09-19","29.267","50.267","3.0","KHARG, IR","    0",",,S","  358",",,S","  278",",,S","  331","H,,S"
"IRM00040845","2007-09-20","29.267","50.267","3.0","KHARG, IR","    0",",,S","  356",",,S","  284",",,S","  334","H,,S"
"IRM00040845","2007-09-21","29.267","50.267","3.0","KHARG, IR","    0",",,S","  362",",,S",,,"  349","H,,S"
"IRM00040845","2007-09-22","29.267","50.267","3.0","KHARG, IR","    0",",,S","  356",",,S","  310",",,S","  332","H,,S"
"IRM00040845","2007-09-23","29.267","50.267","3.0","KHARG, IR","    0",",,S","  360",",,S","  288",",,S","  333","H,,S"
"IRM00040845","2007-09-24","29.267","50.267","3.0","KHARG, IR","    0",",,S",,,"  284",",,S","  333","H,,S"
"IRM00040845","2007-09-26","29.267","50.267","3.0","KHARG, IR","    0",",,S","  350",",,S","  284",",,S","  332","H,,S"
"IRM00040845","2007-09-27","29.267","50.267","3.0","KHARG, IR","    0",",,S","  320",",,S","  300",",,S","  308","H,,S"
"IRM00040845","2007-09-28","29.267","50.267","3.0","KHARG, IR","    0",",,S","  332",",,S","  252",",,S","  306","H,,S"
"IRM00040845","2007-09-29","29.267","50.267","3.0","KHARG, IR","    0",",,S","  344",",,S","  242",",,S","  308","H,,S"
"IRM00040845","2007-09-30","29.267","50.267","3.0","KHARG, IR","    0",",,S","  338",",,S","  262",",,S","  310","H,,S"
"IRM00040845","2007-10-01","29.267","50.267","3.0","KHARG, IR",,,"  348",",,S","  270",",,S","  322","H,,S"
"IRM00040845","2007-10-02","29.267","50.267","3.0","KHARG, IR","    0",",,S","  366",",,S","  282",",,S","  328","H,,S"
"IRM00040845","2007-10-03","29.267","50.267","3.0","KHARG, IR","    0",",,S","  344",",,S","  290",",,S","  318","H,,S"
"IRM00040845","2007-10-04","29.267","50.267","3.0","KHARG, IR","    0",",,S",,,"  221",",,S","  319","H,,S"
"IRM00040845","2007-10-05","29.267","50.267","3.0","KHARG, IR",,,"  348",",,S","  258",",,S","  314","H,,S"
"IRM00040845","2007-10-06","29.267","50.267","3.0","KHARG, IR",,,"  336",",,S","  276",",,S","  311","H,,S"
"IRM00040845","2007-10-07","29.267","50.267","3.0","KHARG, IR","    0",",,S","  336",",,S","  270",",,S","  309","H,,S"
"IRM00040845","2007-10-08","29.267","50.267","3.0","KHARG, IR","    0",",,S","  340",",,S","  274",",,S","  317","H,,S"
"IRM00040845","2007-10-09","29.267","50.267","3.0","KHARG, IR","    0",",,S",,,"  310",",,S","  325","H,,S"
"IRM00040845","2007-10-10","29.267","50.267","3.0","KHARG, IR","    0",",,S",,,"  298",",,S","  314","H,,S"
"IRM00040845","2007-10-11","29.267","50.267","3.0","KHARG, IR","    0",",,S","  344",",,S","  254",",,S","  305","H,,S"
"IRM00040845","2007-10-12","29.267","50.267","3.0","KHARG, IR","    0",",,S","  324",",,S","  270",",,S","  303","H,,S"
"IRM00040845","2007-10-13","29.267","50.267","3.0","KHARG, IR","    0",",,S","  320",",,S",,,"  295","H,,S"
"IRM00040845","2007-10-14","29.267","50.267","3.0","KHARG, IR","    0",",,S","  322",",,S",,,"  298","H,,S"
"IRM00040845","2007-10-15","29.267","50.267","3.0","KHARG, IR",,,"  326",",,S","  264",",,S","  312","H,,S"
"IRM00040845","2007-10-16","29.267","50.267","3.0","KHARG, IR","    0",",,S","  330",",,S","  250",",,S","  303","H,,S"
"IRM00040845","2007-10-17","29.267","50.267","3.0","KHARG, IR","    0",",,S","  326",",,S","  254",",,S","  300","H,,S"
"IRM00040845","2007-10-18","29.267","50.267","3.0","KHARG, IR","    0",",,S","  326",",,S","  204",",,S","  299","H,,S"
"IRM00040845","2007-10-19","29.267","50.267","3.0","KHARG, IR","    0",",,S","  324",",,S","  256",",,S","  297","H,,S"
"IRM00040845","2007-10-20","29.267","50.267","3.0","KHARG, IR","    0",",,S","  324",",,S","  262",",,S","  296","H,,S"
"IRM00040845","2007-10-21","29.267","50.267","3.0","KHARG, IR","    0",",,S","  314",",,S","  254",",,S","  299","H,,S"
"IRM00040845","2007-10-22","29.267","50.267","3.0","KHARG, IR","    0",",,S","  324",",,S","  294",",,S","  306","H,,S"
"IRM00040845","2007-10-23","29.267","50.267","3.0","KHARG, IR","    0",",,S","  318",",,S","  292",",,S","  305","H,,S"
"IRM00040845","2007-10-24","29.267","50.267","3.0","KHARG, IR","    0",",,S","  312",",,S","  284",",,S","  297","H,,S"
"IRM00040845","2007-10-25","29.267","50.267","3.0","KHARG, IR","    0",",,S","  320",",,S","  248",",,S","  291","H,,S"
"IRM00040845","2007-10-26","29.267","50.267","3.0","KHARG, IR","    0",",,S","  314",",,S","  260",",,S","  298","H,,S"
"IRM00040845","2007-10-27","29.267","50.267","3.0","KHARG, IR","    0",",,S","  328",",,S","  256",",,S","  289","H,,S"
"IRM00040845","2007-10-28","29.267","50.267","3.0","KHARG, IR","    0",",,S",,,"  242",",,S","  289","H,,S"
"IRM00040845","2007-10-29","29.267","50.267","3.0","KHARG, IR",,,"  308",",,S","  242",",,S","  289","H,,S"
"IRM00040845","2007-10-30","29.267","50.267","3.0","KHARG, IR","    0",",,S","  312",",,S","  274",",,S","  292","H,,S"
"IRM00040845","2007-10-31","29.267","50.267","3.0","KHARG, IR","    0",",,S","  316",",,S","  270",",,S","  291","H,,S"
"IRM00040845","2007-11-03","29.267","50.267","3.0","KHARG, IR","    0",",,S","  266",",,S","  244",",,S","  255","H,,S"
"IRM00040845","2007-11-04","29.267","50.267","3.0","KHARG, IR","    0",",,S",,,"  252",",,S","  267","H,,S"
"IRM00040845","2007-11-05","29.267","50.267","3.0","KHARG, IR","    0",",,S","  282",",,S","  252",",,S","  273","H,,S"
"IRM00040845","2007-11-06","29.267","50.267","3.0","KHARG, IR","    0",",,S","  278",",,S","  250",",,S","  269","H,,S"
"IRM00040845","2007-11-07","29.267","50.267","3.0","KHARG, IR","    0",",,S",,,"  254",",,S","  289","H,,S"
"IRM00040845","2007-11-08","29.267","50.267","3.0","KHARG, IR","    0",",,S","  290",",,S","  260",",,S","  276","H,,S"
"IRM00040845","2007-11-09","29.267","50.267","3.0","KHARG, IR","    0",",,S","  292",",,S","  254",",,S","  281","H,,S"
"IRM00040845","2007-11-10","29.267","50.267","3.0","KHARG, IR","    0",",,S","  290",",,S","  244",",,S","  273","H,,S"
"IRM00040845","2007-11-11","29.267","50.267","3.0","KHARG, IR","    0",",,S","  292",",,S","  250",",,S","  271","H,,S"
"IRM00040845","2007-11-12","29.267","50.267","3.0","KHARG, IR","    0",",,S",,,"  200",",,S","  257","H,,S"
"IRM00040845","2007-11-13","29.267","50.267","3.0","KHARG, IR","    0",",,S","  284",",,S","  240",",,S","  265","H,,S"
"IRM00040845","2007-11-14","29.267","50.267","3.0","KHARG, IR","    0",",,S","  282",",,S","  220",",,S","  260","H,,S"
"IRM00040845","2007-11-15","29.267","50.267","3.0","KHARG, IR","    0",",,S","  280",",,S","  242",",,S","  263","H,,S"
"IRM00040845","2007-11-17","29.267","50.267","3.0","KHARG, IR","    0",",,S","  276",",,S","  250",",,S","  265","H,,S"
"IRM00040845","2007-11-18","29.267","50.267","3.0","KHARG, IR","    0",",,S","  290",",,S","  208",",,S","  254","H,,S"
"IRM00040845","2007-11-19","29.267","50.267","3.0","KHARG, IR","    0",",,S","  298",",,S","  226",",,S","  265","H,,S"
"IRM00040845","2007-11-20","29.267","50.267","3.0","KHARG, IR","    0",",,S","  292",",,S","  246",",,S","  271","H,,S"
"IRM00040845","2007-11-21","29.267","50.267","3.0","KHARG, IR","    0",",,S","  294",",,S","  234",",,S","  262","H,,S"
"IRM00040845","2007-11-22","29.267","50.267","3.0","KHARG, IR","    0",",,S","  290",",,S","  244",",,S","  272","H,,S"
"IRM00040845","2007-11-23","29.267","50.267","3.0","KHARG, IR","    0",",,S","  286",",,S","  254",",I,S","  269","H,,S"
"IRM00040845","2007-11-24","29.267","50.267","3.0","KHARG, IR","    0",",,S","  238",",I,S","  226",",I,S","  232","H,,S"
"IRM00040845","2007-11-25","29.267","50.267","3.0","KHARG, IR","    0",",,S","  208",",I,S","  192",",,S","  199","H,,S"
"IRM00040845","2007-11-26","29.267","50.267","3.0","KHARG, IR","    0",",,S","  206",",,S","  186",",,S","  194","H,,S"
"IRM00040845","2007-11-27","29.267","50.267","3.0","KHARG, IR","    0",",,S","  194",",,S",,,"  188","H,,S"
"IRM00040845","2007-11-28","29.267","50.267","3.0","KHARG, IR","    0",",,S","  186",",,S",,,"  181","H,,S"
"IRM00040845","2007-11-29","29.267","50.267","3.0","KHARG, IR","    0",",,S","  202",",,S","  176",",,S","  192","H,,S"
"IRM00040845","2007-11-30","29.267","50.267","3.0","KHARG, IR","    0",",,S","  216",",,S","  188",",,S","  206","H,,S"
"IRM00040845","2007-12-03","29.267","50.267","3.0","KHARG, IR",,,,,"  182",",,S","  218","H,,S"
"IRM00040845","2007-12-04","29.267","50.267","3.0","KHARG, IR","    0",",,S",,,"  182",",,S","  196","H,,S"
"IRM00040845","2007-12-05","29.267","50.267","3.0","KHARG, IR","    0",",,S","  220",",,S",,,"  191","H,,S"
"IRM00040845","2007-12-06","29.267","50.267","3.0","KHARG, IR","    0",",,S","  234",",,S","  170",",,S","  214","H,,S"
"IRM00040845","2007-12-07","29.267","50.267","3.0","KHARG, IR",,,"  250",",,S",,,"  236","H,,S"
"IRM00040845","2007-12-08","29.267","50.267","3.0","KHARG, IR","    0",",,S",,,"  200",",,S","  242","H,,S"
"IRM00040845","2007-12-10","29.267","50.267","3.0","KHARG, IR","    0",",,S","  196",",,S","  162",",,S","  183","H,,S"
"IRM00040845","2007-12-11","29.267","50.267","3.0","KHARG, IR","    0",",,S",,,"  170",",,S","  179","H,,S"
"IRM00040845","2007-12-12","29.267","50.267","3.0","KHARG, IR","    0",",,S","  202",",,S","  172",",,S","  190","H,,S"
"IRM00040845","2007-12-13","29.267","50.267","3.0","KHARG, IR","    0",",,S","  210",",,S","  176",",,S","  196","H,,S"
"IRM00040845","2007-12-14","29.267","50.267","3.0","KHARG, IR",,,"  214",",,S","  156",",,S","  192","H,,S"
"IRM00040845","2007-12-15","29.267","50.267","3.0","KHARG, IR","    0",",,S","  242",",,S","  144",",,S","  209","H,,S"
"IRM00040845","2007-12-16","29.267","50.267","3.0","KHARG, IR","    0",",,S","  236",",,S","  196",",,S","  216","H,,S"
"IRM00040845","2007-12-18","29.267","50.267","3.0","KHARG, IR",,,"  200",",,S",,,"  186","H,,S"
"IRM00040845","2007-12-21","29.267","50.267","3.0","KHARG, IR","    0",",,S","  186",",,S","  162",",I,S","  174","H,,S"
"IRM00040845","2007-12-22","29.267","50.267","3.0","KHARG, IR","   76",",,S","  146",",I,S","  132",",,S","  137","H,,S"
"IRM00040845","2007-12-23","29.267","50.267","3.0","KHARG, IR","    0",",,S","  144",",,S","  124",",,S","  135","H,,S"
"IRM00040845","2007-12-24","29.267","50.267","3.0","KHARG, IR","    0",",,S","  152",",,S","  126",",,S","  142","H,,S"
"IRM00040845","2007-12-25","29.267","50.267","3.0","KHARG, IR","    0",",,S","  158",",,S","  140",",,S","  149","H,,S"
"IRM00040845","2007-12-26","29.267","50.267","3.0","KHARG, IR",,,"  158",",,S","  142",",,S","  151","H,,S"
"IRM00040845","2007-12-27","29.267","50.267","3.0","KHARG, IR","    0",",,S","  148",",,S","  126",",,S","  137","H,,S"
"IRM00040845","2007-12-28","29.267","50.267","3.0","KHARG, IR","    0",",,S","  156",",,S","  128",",,S","  146","H,,S"
"IRM00040845","2007-12-29","29.267","50.267","3.0","KHARG, IR","    0",",,S","  172",",,S","  146",",,S","  157","H,,S"
"IRM00040845","2007-12-30","29.267","50.267","3.0","KHARG, IR","    0",",,S","  166",",,S","  112",",,S","  152","H,,S"
"IRM00040845","2007-12-31","29.267","50.267","3.0","KHARG, IR","    0",",,S","  210",",,S","  102",",,S","  177","H,,S"
"IRM00040845","2008-01-02","29.267","50.267","3.0","KHARG, IR","    0",",,S","  226",",,S","  170",",,S","  207","H,,S"
"IRM00040845","2008-01-03","29.267","50.267","3.0","KHARG, IR","    0",",,S",,,"  172",",,S","  189","H,,S"
"IRM00040845","2008-01-04","29.267","50.267","3.0","KHARG, IR",,,"  178",",,S","  148",",,S","  168","H,,S"
"IRM00040845","2008-01-05","29.267","50.267","3.0","KHARG, IR","    0",",,S","  184",",,S","  164",",,S","  177","H,,S"
"IRM00040845","2008-01-06","29.267","50.267","3.0","KHARG, IR","    0",",,S","  180",",,S",,,"  150","H,,S"
"IRM00040845","2008-01-07","29.267","50.267","3.0","KHARG, IR","    0",",,S","  114",",,S","   94",",,S","  104","H,,S"
"IRM00040845","2008-01-08","29.267","50.267","3.0","KHARG, IR","    0",",,S",,,"   90",",,S","  131","H,,S"
"IRM00040845","2008-01-09","29.267","50.267","3.0","KHARG, IR","    0",",,S","  138",",,S","   94",",,S","  119","H,,S"
"IRM00040845","2008-01-10","29.267","50.267","3.0","KHARG, IR","    0",",,S","  148",",,S","  122",",,S","  138","H,,S"
"IRM00040845","2008-01-11","29.267","50.267","3.0","KHARG, IR","  165",",,S","  130",",,S","   80",",,S","  113","H,,S"
"IRM00040845","2008-01-12","29.267","50.267","3.0","KHARG, IR","   18",",,S","  110",",,S","  102",",,S","  105","H,,S"
"IRM00040845","2008-01-13","29.267","50.267","3.0","KHARG, IR","    0",",,S",,,,,"   98","H,,S"
"IRM00040845","2008-01-14","29.267","50.267","3.0","KHARG, IR","   10",",,S","  104",",,S",,,"   96","H,,S"
"IRM00040845","2008-01-15","29.267","50.267","3.0","KHARG, IR","    0",",,S","  100",",,S","   80",",,S","   91","H,,S"
"IRM00040845","2008-01-16","29.267","50.267","3.0","KHARG, IR","    0",",,S","  110",",,S","   86",",,S","   99","H,,S"
"IRM00040845","2008-01-17","29.267","50.267","3.0","KHARG, IR","    0",",,S","  132",",,S","  104",",,S","  121","H,,S"
"IRM00040845","2008-01-18","29.267","50.267","3.0","KHARG, IR","    0",",,S","  144",",,S","  108",",,S","  132","H,,S"
"IRM00040845","2008-01-19","29.267","50.267","3.0","KHARG, IR","    0",",,S","  150",",,S","  128",",,S","  141","H,,S"
"IRM00040845","2008-01-20","29.267","50.267","3.0","KHARG, IR","    0",",,S","  162",",,S","  136",",,S","  152","H,,S"
"IRM00040845","2008-01-21","29.267","50.267","3.0","KHARG, IR","    0",",,S","  170",",,S","  122",",,S","  158","H,,S"
"IRM00040845","2008-01-22","29.267","50.267","3.0","KHARG, IR","    0",",,S","  166",",,S","  142",",,S","  155","H,,S"
"IRM00040845","2008-01-23","29.267","50.267","3.0","KHARG, IR","    5",",,S","  156",",,S",,,"  148","H,,S"
"IRM00040845","2008-01-24","29.267","50.267","3.0","KHARG, IR","  203",",,S","  138",",,S",,,"  132","H,,S"
"IRM00040845","2008-01-25","29.267","50.267","3.0","KHARG, IR","    0",",,S","  120",",,S","  106",",,S","  113","H,,S"
"IRM00040845","2008-01-26","29.267","50.267","3.0","KHARG, IR","    0",",,S","  154",",,S","   96",",,S","  133","H,,S"
"IRM00040845","2008-01-27","29.267","50.267","3.0","KHARG, IR","  135",",,S",,,,,"  136","H,,S"
"IRM00040845","2008-01-28","29.267","50.267","3.0","KHARG, IR","    0",",,S","  126",",,S","  110",",,S","  117","H,,S"
"IRM00040845","2008-01-29","29.267","50.267","3.0","KHARG, IR","    0",",,S","  168",",,S","  120",",,S","  146","H,,S"
"IRM00040845","2008-01-30","29.267","50.267","3.0","KHARG, IR","    0",",,S","  188",",,S","  130",",,S","  168","H,,S"
"IRM00040845","2008-01-31","29.267","50.267","3.0","KHARG, IR","    0",",,S","  176",",,S","  144",",,S","  162","H,,S"
"IRM00040845","2008-02-01","29.267","50.267","3.0","KHARG, IR","    0",",,S",,,,,"  112","H,,S"
"IRM00040845","2008-02-02","29.267","50.267","3.0","KHARG, IR","    0",",,S","  130",",,S","   96",",,S","  113","H,,S"
"IRM00040845","2008-02-03","29.267","50.267","3.0","KHARG, IR","    0",",,S","  126",",,S","  106",",,S","  117","H,,S"
"IRM00040845","2008-02-04","29.267","50.267","3.0","KHARG, IR","    0",",,S","  130",",,S","  104",",,S","  118","H,,S"
"IRM00040845","2008-02-05","29.267","50.267","3.0","KHARG, IR","    0",",,S","  156",",,S","   86",",,S","  131","H,,S"
"IRM00040845","2008-02-06","29.267","50.267","3.0","KHARG, IR","    0",",,S","  156",",,S","  100",",,S","  137","H,,S"
"IRM00040845","2008-02-07","29.267","50.267","3.0","KHARG, IR","    0",",,S","  156",",,S","   84",",,S","  136","H,,S"
"IRM00040845","2008-02-08","29.267","50.267","3.0","KHARG, IR","    0",",,S",,,"   96",",,S","  145","H,,S"
"IRM00040845","2008-02-09","29.267","50.267","3.0","KHARG, IR","    0",",,S","  190",",,S","  110",",,S","  151","H,,S"
"IRM00040845","2008-02-10","29.267","50.267","3.0","KHARG, IR","    0",",,S","  184",",,S",,,"  167","H,,S"
"IRM00040845","2008-02-11","29.267","50.267","3.0","KHARG, IR","    0",",,S","  192",",,S","  124",",,S","  164","H,,S"
"IRM00040845","2008-02-12","29.267","50.267","3.0","KHARG, IR","    0",",,S","  214",",,S","  172",",,S","  194","H,,S"
"IRM00040845","2008-02-13","29.267","50.267","3.0","KHARG, IR","   13",",,S","  214",",,S","  164",",,S","  176","H,,S"
"IRM00040845","2008-02-14","29.267","50.267","3.0","KHARG, IR","    0",",,S","  188",",,S","  128",",,S","  165","H,,S"
"IRM00040845","2008-02-15","29.267","50.267","3.0","KHARG, IR","    0",",,S","  204",",,S","  150",",,S","  182","H,,S"
"IRM00040845","2008-02-16","29.267","50.267","3.0","KHARG, IR","    0",",,S","  156",",,S","  140",",,S","  142","H,,S"
"IRM00040845","2008-02-17","29.267","50.267","3.0","KHARG, IR","    0",",,S","  164",",,S","  128",",,S","  146","H,,S"
"IRM00040845","2008-02-18","29.267","50.267","3.0","KHARG, IR","    0",",,S","  202",",,S","  110",",,S","  162","H,,S"
"IRM00040845","2008-02-19","29.267","50.267","3.0","KHARG, IR","    0",",,S","  232",",,S","  142",",,S","  193","H,,S"
"IRM00040845","2008-02-20","29.267","50.267","3.0","KHARG, IR","    0",",,S","  160",",,S","  144",",,S","  152","H,,S"
"IRM00040845","2008-02-21","29.267","50.267","3.0","KHARG, IR","    0",",,S","  144",",,S","  104",",,S","  126","H,,S"
"IRM00040845","2008-02-22","29.267","50.267","3.0","KHARG, IR","    0",",,S","  146",",,S","  100",",,S","  123","H,,S"
"IRM00040845","2008-02-23","29.267","50.267","3.0","KHARG, IR","    0",",,S","  148",",,S","  130",",,S","  139","H,,S"
"IRM00040845","2008-02-24","29.267","50.267","3.0","KHARG, IR","    0",",,S","  166",",,S","  130",",,S","  151","H,,S"
"IRM00040845","2008-02-25","29.267","50.267","3.0","KHARG, IR","    0",",,S","  212",",,S","  110",",,S","  172","H,,S"
"IRM00040845","2008-02-26","29.267","50.267","3.0","KHARG, IR","    0",",,S","  220",",,S","  132",",,S","  194","H,,S"
"IRM00040845","2008-02-27","29.267","50.267","3.0","KHARG, IR","    0",",,S","  212",",,S",,,"  172","H,,S"
"IRM00040845","2008-02-28","29.267","50.267","3.0","KHARG, IR","    3",",,S","  184",",,S","  156",",,S","  169","H,,S"
"IRM00040845","2008-02-29","29.267","50.267","3.0","KHARG, IR","    0",",,S","  188",",,S","  144",",,S","  164","H,,S"
"IRM00040845","2008-03-01","29.267","50.267","3.0","KHARG, IR","    0",",,S","  200",",,S","  150",",,S","  172","H,,S"
"IRM00040845","2008-03-02","29.267","50.267","3.0","KHARG, IR","    0",",,S","  230",",,S","  134",",,S","  175","H,,S"
"IRM00040845","2008-03-03","29.267","50.267","3.0","KHARG, IR","    0",",,S","  240",",,S","  154",",,S","  204","H,,S"
"IRM00040845","2008-03-04","29.267","50.267","3.0","KHARG, IR","    0",",,S","  198",",,S",,,"  181","H,,S"
"IRM00040845","2008-03-05","29.267","50.267","3.0","KHARG, IR","    0",",,S","  176",",,S","  150",",,S","  163","H,,S"
"IRM00040845","2008-03-06","29.267","50.267","3.0","KHARG, IR","    0",",,S","  220",",,S","  152",",,S","  191","H,,S"
"IRM00040845","2008-03-07","29.267","50.267","3.0","KHARG, IR","    0",",,S","  220",",,S",,,"  185","H,,S"
"IRM00040845","2008-03-08","29.267","50.267","3.0","KHARG, IR","    0",",,S","  214",",,S",,,"  184","H,,S"
"IRM00040845","2008-03-09","29.267","50.267","3.0","KHARG, IR","    0",",,S","  238",",,S","  140",",,S","  199","H,,S"
"IRM00040845","2008-03-10","29.267","50.267","3.0","KHARG, IR","    0",",,S","  248",",,S","  140",",,S","  214","H,,S"
"IRM00040845","2008-03-11","29.267","50.267","3.0","KHARG, IR","    0",",,S","  252",",,S","  134",",,S","  204","H,,S"
"IRM00040845","2008-03-12","29.267","50.267","3.0","KHARG, IR","    0",",,S","  286",",,S","  172",",,S","  230","H,,S"
"IRM00040845","2008-03-13","29.267","50.267","3.0","KHARG, IR","    0",",,S","  260",",,S","  148",",,S","  218","H,,S"
"IRM00040845","2008-03-14","29.267","50.267","3.0","KHARG, IR","    0",",,S","  232",",,S","  192",",,S","  209","H,,S"
"IRM00040845","2008-03-15","29.267","50.267","3.0","KHARG, IR","    0",",,S","  236",",,S","  174",",,S","  202","H,,S"
"IRM00040845","2008-03-16","29.267","50.267","3.0","KHARG, IR","    0",",,S","  204",",,S","  172",",,S","  189","H,,S"
"IRM00040845","2008-03-17","29.267","50.267","3.0","KHARG, IR","    0",",,S","  206",",,S","  168",",,S","  188","H,,S"
"IRM00040845","2008-03-18","29.267","50.267","3.0","KHARG, IR","    0",",,S","  244",",,S","  172",",,S","  207","H,,S"
"IRM00040845","2008-03-19","29.267","50.267","3.0","KHARG, IR","    0",",,S","  270",",,S","  186",",,S","  227","H,,S"
"IRM00040845","2008-03-20","29.267","50.267","3.0","KHARG, IR","    0",",,S","  254",",,S",,,"  205","H,,S"
"IRM00040845","2008-03-21","29.267","50.267","3.0","KHARG, IR","    0",",,S","  238",",,S","  182",",,S","  215","H,,S"
"IRM00040845","2008-03-22","29.267","50.267","3.0","KHARG, IR","    0",",,S","  258",",,S","  186",",,S","  212","H,,S"
"IRM00040845","2008-03-23","29.267","50.267","3.0","KHARG, IR","    0",",,S","  240",",,S","  190",",,S","  214","H,,S"
"IRM00040845","2008-03-24","29.267","50.267","3.0","KHARG, IR","    0",",,S","  274",",,S","  184",",,S","  242","H,,S"
"IRM00040845","2008-03-25","29.267","50.267","3.0","KHARG, IR","    0",",,S","  282",",,S",,,"  237","H,,S"
"IRM00040845","2008-03-26","29.267","50.267","3.0","KHARG, IR","    0",",,S","  294",",,S","  188",",,S","  248","H,,S"
"IRM00040845","2008-03-27","29.267","50.267","3.0","KHARG, IR","    0",",,S","  298",",,S","  202",",,S","  250","H,,S"
"IRM00040845","2008-03-28","29.267","50.267","3.0","KHARG, IR","    0",",,S","  300",",,S","  200",",,S","  259","H,,S"
"IRM00040845","2008-03-29","29.267","50.267","3.0","KHARG, IR","    0",",,S","  318",",,S","  200",",,S","  268","H,,S"
"IRM00040845","2008-03-30","29.267","50.267","3.0","KHARG, IR","    0",",,S","  318",",,S","  200",",,S","  261","H,,S"
"IRM00040845","2008-03-31","29.267","50.267","3.0","KHARG, IR","    0",",,S","  330",",,S","  200",",,S","  272","H,,S"
"IRM00040845","2008-04-01","29.267","50.267","3.0","KHARG, IR","    0",",,S","  326",",,S","  204",",,S","  264","H,,S"
"IRM00040845","2008-04-02","29.267","50.267","3.0","KHARG, IR","    0",",,S","  266",",,S","  216",",,S","  243","H,,S"
"IRM00040845","2008-04-03","29.267","50.267","3.0","KHARG, IR","    0",",,S","  280",",,S",,,"  238","H,,S"
"IRM00040845","2008-04-04","29.267","50.267","3.0","KHARG, IR","    0",",,S","  282",",,S","  174",",,S","  238","H,,S"
"IRM00040845","2008-04-05","29.267","50.267","3.0","KHARG, IR","    0",",,S","  262",",,S","  184",",,S","  232","H,,S"
"IRM00040845","2008-04-06","29.267","50.267","3.0","KHARG, IR","    0",",,S","  262",",,S","  212",",,S","  236","H,,S"
"IRM00040845","2008-04-07","29.267","50.267","3.0","KHARG, IR","    0",",,S","  282",",,S","  204",",,S","  238","H,,S"
"IRM00040845","2008-04-08","29.267","50.267","3.0","KHARG, IR","    5",",,S","  244",",,S",,,"  231","H,,S"
"IRM00040845","2008-04-09","29.267","50.267","3.0","KHARG, IR","    0",",,S","  242",",,S",,,"  228","H,,S"
"IRM00040845","2008-04-10","29.267","50.267","3.0","KHARG, IR","    0",",,S","  254",",,S","  204",",,S","  228","H,,S"
"IRM00040845","2008-04-11","29.267","50.267","3.0","KHARG, IR","    0",",,S","  266",",,S","  190",",,S","  238","H,,S"
"IRM00040845","2008-04-12","29.267","50.267","3.0","KHARG, IR","    3",",,S","  314",",,S","  224",",,S","  258","H,,S"
"IRM00040845","2008-04-13","29.267","50.267","3.0","KHARG, IR","    0",",,S","  262",",,S","  212",",,S","  241","H,,S"
"IRM00040845","2008-04-14","29.267","50.267","3.0","KHARG, IR","    0",",,S","  274",",,S","  224",",,S","  248","H,,S"
"IRM00040845","2008-04-15","29.267","50.267","3.0","KHARG, IR",,,"  294",",,S","  216",",,S","  263","H,,S"
"IRM00040845","2008-04-16","29.267","50.267","3.0","KHARG, IR","    0",",,S","  292",",,S","  200",",,S","  254","H,,S"
"IRM00040845","2008-04-17","29.267","50.267","3.0","KHARG, IR","    0",",,S","  334",",,S","  194",",,S","  266","H,,S"
"IRM00040845","2008-04-18","29.267","50.267","3.0","KHARG, IR","    0",",,S","  260",",,S","  232",",,S","  243","H,,S"
"IRM00040845","2008-04-19","29.267","50.267","3.0","KHARG, IR","    0",",,S","  258",",,S","  222",",,S","  236","H,,S"
"IRM00040845","2008-04-20","29.267","50.267","3.0","KHARG, IR","    0",",,S","  300",",,S","  188",",,S","  248","H,,S"
"IRM00040845","2008-04-21","29.267","50.267","3.0","KHARG, IR","    0",",,S","  270",",,S","  226",",,S","  248","H,,S"
"IRM00040845","2008-04-22","29.267","50.267","3.0","KHARG, IR","    0",",,S","  290",",,S","  204",",,S","  259","H,,S"
"IRM00040845","2008-04-23","29.267","50.267","3.0","KHARG, IR","    0",",,S","  322",",,S","  222",",,S","  279","H,,S"
"IRM00040845","2008-04-24","29.267","50.267","3.0","KHARG, IR","    0",",,S","  320",",,S","  244",",,S","  287","H,,S"
"IRM00040845","2008-04-25","29.267","50.267","3.0","KHARG, IR","    0",",,S","  324",",,S","  234",",,S","  284","H,,S"
"IRM00040845","2008-04-26","29.267","50.267","3.0","KHARG, IR","    0",",,S",,,"  228",",,S","  279","H,,S"
"IRM00040845","2008-04-27","29.267","50.267","3.0","KHARG, IR","    0",",,S","  324",",,S","  218",",,S","  287","H,,S"
"IRM00040845","2008-04-28","29.267","50.267","3.0","KHARG, IR","    0",",,S","  324",",,S","  226",",,S","  291","H,,S"
"IRM00040845","2008-04-29","29.267","50.267","3.0","KHARG, IR","    0",",,S","  322",",,S","  244",",,S","  286","H,,S"
"IRM00040845","2008-04-30","29.267","50.267","3.0","KHARG, IR","    0",",,S","  332",",,S","  244",",,S","  292","H,,S"
"IRM00040845","2008-05-01","29.267","50.267","3.0","KHARG, IR","    0",",,S","  338",",,S","  270",",,S","  299","H,,S"
"IRM00040845","2008-05-02","29.267","50.267","3.0","KHARG, IR","    0",",,S","  310",",,S","  230",",,S","  279","H,,S"
"IRM00040845","2008-05-03","29.267","50.267","3.0","KHARG, IR","    0",",,S","  346",",,S","  230",",,S","  289","H,,S"
"IRM00040845","2008-05-04","29.267","50.267","3.0","KHARG, IR","    0",",,S",,,"  236",",,S","  286","H,,S"
"IRM00040845","2008-05-05","29.267","50.267","3.0","KHARG, IR","    0",",,S","  368",",,S","  244",",,S","  309","H,,S"
"IRM00040845","2008-05-06","29.267","50.267","3.0","KHARG, IR","    0",",,S","  350",",,S","  256",",,S","  297","H,,S"
"IRM00040845","2008-05-07","29.267","50.267","3.0","KHARG, IR","    0",",,S","  324",",,S","  246",",,S","  292","H,,S"
"IRM00040845","2008-05-08","29.267","50.267","3.0","KHARG, IR","    0",",,S","  340",",,S","  242",",,S","  297","H,,S"
"IRM00040845","2008-05-09","29.267","50.267","3.0","KHARG, IR","    0",",,S","  336",",,S","  268",",,S","  297","H,,S"
"IRM00040845","2008-05-10","29.267","50.267","3.0","KHARG, IR","    0",",,S","  322",",,S","  240",",,S","  292","H,,S"
"IRM00040845","2008-05-11","29.267","50.267","3.0","KHARG, IR","    0",",,S","  312",",,S","  268",",,S","  289","H,,S"
"IRM00040845","2008-05-12","29.267","50.267","3.0","KHARG, IR","    0",",,S","  328",",,S","  270",",,S","  296","H,,S"
"IRM00040845","2008-05-13","29.267","50.267","3.0","KHARG, IR","    0",",,S","  326",",,S","  256",",,S","  297","H,,S"
"IRM00040845","2008-05-14","29.267","50.267","3.0","KHARG, IR","    0",",,S","  326",",,S","  270",",,S","  302","H,,S"
"IRM00040845","2008-05-15","29.267","50.267","3.0","KHARG, IR","    0",",,S","  310",",,S","  274",",,S","  293","H,,S"
"IRM00040845","2008-05-16","29.267","50.267","3.0","KHARG, IR","    0",",,S","  328",",,S","  256",",,S","  291","H,,S"
"IRM00040845","2008-05-17","29.267","50.267","3.0","KHARG, IR","    0",",,S","  344",",,S","  260",",,S","  305","H,,S"
"IRM00040845","2008-05-18","29.267","50.267","3.0","KHARG, IR","    0",",,S","  364",",,S","  282",",,S","  321","H,,S"
"IRM00040845","2008-05-19","29.267","50.267","3.0","KHARG, IR","    0",",,S","  336",",,S","  280",",,S","  306","H,,S"
"IRM00040845","2008-05-20","29.267","50.267","3.0","KHARG, IR","    0",",,S","  350",",,S","  278",",,S","  315","H,,S"
"IRM00040845","2008-05-21","29.267","50.267","3.0","KHARG, IR","    0",",,S","  332",",,S","  276",",,S","  296","H,,S"
"IRM00040845","2008-05-22","29.267","50.267","3.0","KHARG, IR","    0",",,S","  326",",,S","  272",",,S","  298","H,,S"
"IRM00040845","2008-05-23","29.267","50.267","3.0","KHARG, IR","    0",",,S","  348",",,S","  266",",,S","  301","H,,S"
"IRM00040845","2008-05-24","29.267","50.267","3.0","KHARG, IR","    0",",,S","  354",",,S","  260",",,S","  318","H,,S"
"IRM00040845","2008-05-25","29.267","50.267","3.0","KHARG, IR","    0",",,S","  358",",,S","  274",",,S","  321","H,,S"
"IRM00040845","2008-05-26","29.267","50.267","3.0","KHARG, IR","    0",",,S","  336",",,S","  250",",,S","  305","H,,S"
"IRM00040845","2008-05-27","29.267","50.267","3.0","KHARG, IR","    0",",,S","  356",",,S","  260",",,S","  307","H,,S"
"IRM00040845","2008-05-28","29.267","50.267","3.0","KHARG, IR","    0",",,S","  342",",,S","  280",",,S","  317","H,,S"
"IRM00040845","2008-05-29","29.267","50.267","3.0","KHARG, IR","    0",",,S","  352",",,S","  276",",,S","  314","H,,S"
"IRM00040845","2008-05-30","29.267","50.267","3.0","KHARG, IR","    0",",,S","  352",",,S","  266",",,S","  319","H,,S"
"IRM00040845","2008-05-31","29.267","50.267","3.0","KHARG, IR","    0",",,S","  370",",,S",,,"  321","H,,S"
"IRM00040845","2008-06-01","29.267","50.267","3.0","KHARG, IR","    0",",,S","  376",",,S","  300",",,S","  344","H,,S"
"IRM00040845","2008-06-02","29.267","50.267","3.0","KHARG, IR","    0",",,S","  400",",,S","  300",",,S","  354","H,,S"
"IRM00040845","2008-06-03","29.267","50.267","3.0","KHARG, IR","    0",",,S","  426",",,S","  310",",,S","  348","H,,S"
"IRM00040845","2008-06-04","29.267","50.267","3.0","KHARG, IR","    0",",,S","  350",",,S","  304",",,S","  333","H,,S"
"IRM00040845","2008-06-05","29.267","50.267","3.0","KHARG, IR","    0",",,S","  344",",,S","  302",",,S","  322","H,,S"
"IRM00040845","2008-06-06","29.267","50.267","3.0","KHARG, IR","    0",",,S","  344",",,S","  284",",,S","  314","H,,S"
"IRM00040845","2008-06-07","29.267","50.267","3.0","KHARG, IR",,,"  360",",,S","  284",",,S","  314","H,,S"
"IRM00040845","2008-06-08","29.267","50.267","3.0","KHARG, IR","    0",",,S","  338",",,S","  292",",,S","  311","H,,S"
"IRM00040845","2008-06-09","29.267","50.267","3.0","KHARG, IR","    0",",,S","  330",",,S","  284",",,S","  306","H,,S"
"IRM00040845","2008-06-10","29.267","50.267","3.0","KHARG, IR","    0",",,S","  350",",,S","  278",",,S","  311","H,,S"
"IRM00040845","2008-06-11","29.267","50.267","3.0","KHARG, IR","    0",",,S","  348",",,S","  254",",,S","  313","H,,S"
"IRM00040845","2008-06-12","29.267","50.267","3.0","KHARG, IR","    0",",,S","  330",",,S","  290",",,S","  312","H,,S"
"IRM00040845","2008-06-13","29.267","50.267","3.0","KHARG, IR","    0",",,S","  338",",,S","  294",",,S","  313","H,,S"
"IRM00040845","2008-06-14","29.267","50.267","3.0","KHARG, IR","    0",",,S","  338",",,S","  282",",,S","  308","H,,S"
"IRM00040845","2008-06-15","29.267","50.267","3.0","KHARG, IR",,,"  338",",,S","  282",",,S","  312","H,,S"
"IRM00040845","2008-06-16","29.267","50.267","3.0","KHARG, IR","    0",",,S",,,"  284",",,S","  319","H,,S"
"IRM00040845","2008-06-17","29.267","50.267","3.0","KHARG, IR","    0",",,S","  340",",,S","  290",",,S","  310","H,,S"
"IRM00040845","2008-06-19","29.267","50.267","3.0","KHARG, IR","    0",",,S","  348",",,S","  272",",,S","  316","H,,S"
"IRM00040845","2008-06-21","29.267","50.267","3.0","KHARG, IR","    0",",,S","  362",",,S","  268",",,S","  317","H,,S"
"IRM00040845","2008-06-22","29.267","50.267","3.0","KHARG, IR","    0",",,S","  356",",,S","  262",",,S","  322","H,,S"
"IRM00040845","2008-06-24","29.267","50.267","3.0","KHARG, IR",,,"  410",",,S","  274",",,S","  341","H,,S"
"IRM00040845","2008-06-25","29.267","50.267","3.0","KHARG, IR","    0",",,S","  376",",,S","  286",",,S","  334","H,,S"
"IRM00040845","2008-06-26","29.267","50.267","3.0","KHARG, IR","    0",",,S","  376",",,S","  296",",,S","  334","H,,S"
"IRM00040845","2008-06-27","29.267","50.267","3.0","KHARG, IR","    0",",,S","  376",",,S","  298",",,S","  347","H,,S"
"IRM00040845","2008-06-28","29.267","50.267","3.0","KHARG, IR","    0",",,S","  380",",,S","  302",",,S","  346","H,,S"
"IRM00040845","2008-06-29","29.267","50.267","3.0","KHARG, IR","    0",",,S","  396",",,S","  290",",,S","  346","H,,S"
"IRM00040845","2008-06-30","29.267","50.267","3.0","KHARG, IR","    0",",,S","  392",",,S","  304",",,S","  359","H,,S"
"IRM00040845","2008-07-01","29.267","50.267","3.0","KHARG, IR","    0",",,S","  392",",,S","  324",",,S","  352","H,,S"
"IRM00040845","2008-07-02","29.267","50.267","3.0","KHARG, IR","    0",",,S","  360",",,S","  302",",,S","  337","H,,S"
"IRM00040845","2008-07-03","29.267","50.267","3.0","KHARG, IR","    0",",,S","  362",",,S","  284",",,S","  333","H,,S"
"IRM00040845","2008-07-04","29.267","50.267","3.0","KHARG, IR","    0",",,S","  368",",,S","  296",",,S","  337","H,,S"
"IRM00040845","2008-07-05","29.267","50.267","3.0","KHARG, IR","    0",",,S","  378",",,S","  290",",,S","  341","H,,S"
"IRM00040845","2008-07-06","29.267","50.267","3.0","KHARG, IR","    0",",,S","  384",",,S","  310",",,S","  343","H,,S"
"IRM00040845","2008-07-07","29.267","50.267","3.0","KHARG, IR","    0",",,S","  356",",,S","  306",",,S","  332","H,,S"
"IRM00040845","2008-07-08","29.267","50.267","3.0","KHARG, IR","    0",",,S",,,"  298",",,S","  324","H,,S"
"IRM00040845","2008-07-09","29.267","50.267","3.0","KHARG, IR","    0",",,S","  360",",,S",,,"  335","H,,S"
"IRM00040845","2008-07-10","29.267","50.267","3.0","KHARG, IR","    0",",,S","  364",",,S","  284",",,S","  333","H,,S"
"IRM00040845","2008-07-11","29.267","50.267","3.0","KHARG, IR","    0",",,S","  372",",,S","  284",",,S","  328","H,,S"
"IRM00040845","2008-07-13","29.267","50.267","3.0","KHARG, IR","    0",",,S","  384",",,S",,,"  345","H,,S"
"IRM00040845","2008-07-14","29.267","50.267","3.0","KHARG, IR","    0",",,S","  380",",,S","  300",",,S","  331","H,,S"
"IRM00040845","2008-07-15","29.267","50.267","3.0","KHARG, IR","    0",",,S","  376",",,S","  300",",,S","  334","H,,S"
"IRM00040845","2008-07-16","29.267","50.267","3.0","KHARG, IR","    0",",,S","  386",",,S","  304",",,S","  346","H,,S"
"IRM00040845","2008-07-17","29.267","50.267","3.0","KHARG, IR","    0",",,S","  406",",,S","  298",",,S","  349","H,,S"
"IRM00040845","2008-07-18","29.267","50.267","3.0","KHARG, IR","    0",",,S","  420",",,S","  300",",,S","  347","H,,S"
"IRM00040845","2008-07-19","29.267","50.267","3.0","KHARG, IR",,,"  410",",,S","  294",",,S","  353","H,,S"
"IRM00040845","2008-07-20","29.267","50.267","3.0","KHARG, IR","    0",",,S","  396",",,S","  296",",,S","  334","H,,S"
"IRM00040845","2008-07-21","29.267","50.267","3.0","KHARG, IR","    0",",,S","  404",",,S","  300",",,S","  351","H,,S"
"IRM00040845","2008-07-22","29.267","50.267","3.0","KHARG, IR","    0",",,S","  406",",,S","  300",",,S","  354","H,,S"
"IRM00040845","2008-07-23","29.267","50.267","3.0","KHARG, IR","    0",",,S","  390",",,S","  312",",,S","  356","H,,S"
"IRM00040845","2008-07-24","29.267","50.267","3.0","KHARG, IR","    0",",,S","  400",",,S","  308",",,S","  353","H,,S"
"IRM00040845","2008-07-25","29.267","50.267","3.0","KHARG, IR","    0",",,S","  404",",,S","  306",",,S","  357","H,,S"
"IRM00040845","2008-07-26","29.267","50.267","3.0","KHARG, IR","    0",",,S","  376",",,S","  322",",,S","  349","H,,S"
"IRM00040845","2008-07-27","29.267","50.267","3.0","KHARG, IR","    0",",,S","  382",",,S","  324",",,S","  351","H,,S"
"IRM00040845","2008-07-28","29.267","50.267","3.0","KHARG, IR","    0",",,S","  376",",,S","  310",",,S","  352","H,,S"
"IRM00040845","2008-07-29","29.267","50.267","3.0","KHARG, IR","    0",",,S","  362",",,S","  324",",,S","  341","H,,S"
"IRM00040845","2008-07-30","29.267","50.267","3.0","KHARG, IR","    0",",,S","  362",",,S","  320",",,S","  343","H,,S"
"IRM00040845","2008-07-31","29.267","50.267","3.0","KHARG, IR","    0",",,S","  372",",,S","  310",",,S","  345","H,,S"
"IRM00040845","2008-08-01","29.267","50.267","3.0","KHARG, IR","    0",",,S","  390",",,S","  312",",,S","  352","H,,S"
"IRM00040845","2008-08-02","29.267","50.267","3.0","KHARG, IR","    0",",,S","  394",",,S","  322",",,S","  359","H,,S"
"IRM00040845","2008-08-03","29.267","50.267","3.0","KHARG, IR","    0",",,S","  362",",,S","  322",",,S","  342","H,,S"
"IRM00040845","2008-08-04","29.267","50.267","3.0","KHARG, IR","    0",",,S","  372",",,S","  318",",,S","  341","H,,S"
"IRM00040845","2008-08-05","29.267","50.267","3.0","KHARG, IR","    0",",,S","  366",",,S","  316",",,S","  341","H,,S"
"IRM00040845","2008-08-11","29.267","50.267","3.0","KHARG, IR","    0",",,S","  392",",,S","  316",",,S","  353","H,,S"
"IRM00040845","2008-08-12","29.267","50.267","3.0","KHARG, IR","    0",",,S","  388",",,S","  338",",,S","  364","H,,S"
"IRM00040845","2008-08-13","29.267","50.267","3.0","KHARG, IR","    0",",,S","  380",",,S","  340",",,S","  356","H,,S"
"IRM00040845","2008-08-14","29.267","50.267","3.0","KHARG, IR","    0",",,S","  370",",,S","  338",",,S","  351","H,,S"
"IRM00040845","2008-08-15","29.267","50.267","3.0","KHARG, IR","    0",",,S","  368",",,S","  322",",,S","  347","H,,S"
"IRM00040845","2008-08-16","29.267","50.267","3.0","KHARG, IR","    0",",,S","  372",",,S","  296",",,S","  339","H,,S"
"IRM00040845","2008-08-17","29.267","50.267","3.0","KHARG, IR","    0",",,S","  376",",,S","  302",",,S","  343","H,,S"
"IRM00040845","2008-08-18","29.267","50.267","3.0","KHARG, IR","    0",",,S","  374",",,S","  308",",,S","  338","H,,S"
"IRM00040845","2008-08-20","29.267","50.267","3.0","KHARG, IR",,,"  374",",,S","  326",",,S","  347","H,,S"
"IRM00040845","2008-08-21","29.267","50.267","3.0","KHARG, IR","    0",",,S","  364",",,S","  304",",,S","  339","H,,S"
"IRM00040845","2008-08-22","29.267","50.267","3.0","KHARG, IR","    0",",,S","  388",",,S","  306",",,S","  344","H,,S"
"IRM00040845","2008-08-23","29.267","50.267","3.0","KHARG, IR","    0",",,S","  394",",,S","  304",",,S","  347","H,,S"
"IRM00040845","2008-08-24","29.267","50.267","3.0","KHARG, IR","    0",",,S","  384",",,S","  300",",,S","  343","H,,S"
"IRM00040845","2008-08-25","29.267","50.267","3.0","KHARG, IR","    0",",,S",,,"  296",",,S","  342","H,,S"
"IRM00040845","2008-08-26","29.267","50.267","3.0","KHARG, IR","    0",",,S","  370",",,S","  294",",,S","  343","H,,S"
"IRM00040845","2008-08-27","29.267","50.267","3.0","KHARG, IR","    0",",,S","  380",",,S","  308",",,S","  351","H,,S"
"IRM00040845","2008-08-28","29.267","50.267","3.0","KHARG, IR","    0",",,S","  380",",,S","  312",",,S","  349","H,,S"
"IRM00040845","2008-08-29","29.267","50.267","3.0","KHARG, IR","    0",",,S","  390",",,S","  308",",,S","  351","H,,S"
"IRM00040845","2008-08-30","29.267","50.267","3.0","KHARG, IR","    0",",,S","  384",",,S","  304",",,S","  334","H,,S"
"IRM00040845","2008-08-31","29.267","50.267","3.0","KHARG, IR","    0",",,S",,,"  306",",,S","  357","H,,S"
"IRM00040845","2008-09-01","29.267","50.267","3.0","KHARG, IR","    0",",,S","  380",",,S","  296",",,S","  343","H,,S"
"IRM00040845","2008-09-02","29.267","50.267","3.0","KHARG, IR",,,"  374",",,S","  312",",,S","  348","H,,S"
"IRM00040845","2008-09-03","29.267","50.267","3.0","KHARG, IR","    0",",,S","  374",",,S","  310",",,S","  348","H,,S"
"IRM00040845","2008-09-05","29.267","50.267","3.0","KHARG, IR",,,"  380",",,S","  306",",,S","  354","H,,S"
"IRM00040845","2008-09-06","29.267","50.267","3.0","KHARG, IR","    0",",,S","  380",",,S","  312",",,S","  349","H,,S"
"IRM00040845","2008-09-08","29.267","50.267","3.0","KHARG, IR","    0",",,S","  386",",,S","  342",",,S","  366","H,,S"
"IRM00040845","2008-09-09","29.267","50.267","3.0","KHARG, IR","    0",",,S",,,"  312",",,S","  349","H,,S"
"IRM00040845","2008-09-10","29.267","50.267","3.0","KHARG, IR",,,"  388",",,S","  328",",,S","  357","H,,S"
"IRM00040845","2008-09-11","29.267","50.267","3.0","KHARG, IR","    0",",,S","  384",",,S",,,"  352","H,,S"
"IRM00040845","2008-09-12","29.267","50.267","3.0","KHARG, IR",,,"  374",",,S","  326",",,S","  356","H,,S"
"IRM00040845","2008-09-14","29.267","50.267","3.0","KHARG, IR","    0",",,S","  372",",,S","  278",",,S","  332","H,,S"
"IRM00040845","2008-09-15","29.267","50.267","3.0","KHARG, IR","    0",",,S","  370",",,S","  292",",,S","  349","H,,S"
"IRM00040845","2008-09-16","29.267","50.267","3.0","KHARG, IR","    0",",,S","  360",",,S","  334",",,S","  346","H,,S"
"IRM00040845","2008-09-17","29.267","50.267","3.0","KHARG, IR","    0",",,S","  344",",,S","  330",",,S","  337","H,,S"
"IRM00040845","2008-09-18","29.267","50.267","3.0","KHARG, IR","    0",",,S","  356",",,S","  318",",,S","  336","H,,S"
"IRM00040845","2008-09-19","29.267","50.267","3.0","KHARG, IR","    0",",,S","  348",",,S","  282",",,S","  327","H,,S"
"IRM00040845","2008-09-20","29.267","50.267","3.0","KHARG, IR","    0",",,S","  372",",,S","  298",",,S","  332","H,,S"
"IRM00040845","2008-09-21","29.267","50.267","3.0","KHARG, IR","    0",",,S","  382",",,S","  284",",,S","  339","H,,S"
"IRM00040845","2008-09-22","29.267","50.267","3.0","KHARG, IR","    0",",,S","  362",",,S","  320",",,S","  339","H,,S"
"IRM00040845","2008-09-23","29.267","50.267","3.0","KHARG, IR","    0",",,S","  360",",,S","  320",",,S","  335","H,,S"
"IRM00040845","2008-09-24","29.267","50.267","3.0","KHARG, IR","    0",",,S","  364",",,S","  270",",,S","  324","H,,S"
"IRM00040845","2008-09-25","29.267","50.267","3.0","KHARG, IR","    0",",,S","  344",",,S","  276",",,S","  323","H,,S"
"IRM00040845","2008-09-26","29.267","50.267","3.0","KHARG, IR","    0",",,S","  350",",,S","  282",",,S","  318","H,,S"
"IRM00040845","2008-09-27","29.267","50.267","3.0","KHARG, IR","    0",",,S",,,"  300",",,S","  342","H,,S"
"IRM00040845","2008-09-28","29.267","50.267","3.0","KHARG, IR","    0",",,S","  356",",,S","  276",",,S","  331","H,,S"
"IRM00040845","2008-09-29","29.267","50.267","3.0","KHARG, IR","    0",",,S","  354",",,S","  310",",,S","  331","H,,S"
"IRM00040845","2008-09-30","29.267","50.267","3.0","KHARG, IR","    0",",,S","  360",",,S","  300",",,S","  329","H,,S"
"IRM00040845","2008-10-01","29.267","50.267","3.0","KHARG, IR","    0",",,S","  360",",,S","  304",",,S","  324","H,,S"
"IRM00040845","2008-10-02","29.267","50.267","3.0","KHARG, IR","    0",",,S","  304",",,S","  280",",,S","  292","H,,S"
"IRM00040845","2008-10-03","29.267","50.267","3.0","KHARG, IR","    0",",,S","  310",",,S","  280",",,S","  296","H,,S"
"IRM00040845","2008-10-04","29.267","50.267","3.0","KHARG, IR","    0",",,S","  310",",,S","  280",",,S","  295","H,,S"
"IRM00040845","2008-10-05","29.267","50.267","3.0","KHARG, IR","    0",",,S","  310",",,S","  276",",,S","  292","H,,S"
"IRM00040845","2008-10-06","29.267","50.267","3.0","KHARG, IR","    0",",,S","  316",",,S","  264",",,S","  291","H,,S"
"IRM00040845","2008-10-07","29.267","50.267","3.0","KHARG, IR","    0",",,S","  330",",,S","  242",",,S","  291","H,,S"
"IRM00040845","2008-10-09","29.267","50.267","3.0","KHARG, IR","    0",",,S","  330",",,S",,,"  282","H,,S"
"IRM00040845","2008-10-10","29.267","50.267","3.0","KHARG, IR","    0",",,S","  326",",,S","  264",",,S","  302","H,,S"
"IRM00040845","2008-10-11","29.267","50.267","3.0","KHARG, IR","    0",",,S","  328",",,S","  266",",,S","  297","H,,S"
"IRM00040845","2008-10-12","29.267","50.267","3.0","KHARG, IR","    0",",,S","  322",",,S","  272",",,S","  300","H,,S"
"IRM00040845","2008-10-13","29.267","50.267","3.0","KHARG, IR","    0",",,S","  314",",,S","  268",",,S","  295","H,,S"
"IRM00040845","2008-10-14","29.267","50.267","3.0","KHARG, IR","    0",",,S","  318",",,S","  274",",,S","  303","H,,S"
"IRM00040845","2008-10-15","29.267","50.267","3.0","KHARG, IR","    0",",,S","  324",",,S","  252",",,S","  299","H,,S"
"IRM00040845","2008-10-16","29.267","50.267","3.0","KHARG, IR","    0",",,S","  322",",,S","  288",",,S","  309","H,,S"
"IRM00040845","2008-10-17","29.267","50.267","3.0","KHARG, IR",,,"  308",",,S","  244",",,S","  289","H,,S"
"IRM00040845","2008-10-18","29.267","50.267","3.0","KHARG, IR","    0",",,S","  314",",,S","  286",",,S","  298","H,,S"
"IRM00040845","2008-10-19","29.267","50.267","3.0","KHARG, IR","    0",",,S","  314",",,S","  282",",,S","  299","H,,S"
"IRM00040845","2008-10-20","29.267","50.267","3.0","KHARG, IR",,,"  302",",,S","  268",",,S","  288","H,,S"
"IRM00040845","2008-10-21","29.267","50.267","3.0","KHARG, IR","    0",",,S","  304",",,S","  234",",,S","  274","H,,S"
"IRM00040845","2008-10-22","29.267","50.267","3.0","KHARG, IR","    0",",,S","  344",",,S","  240",",,S","  292","H,,S"
"IRM00040845","2008-10-23","29.267","50.267","3.0","KHARG, IR","    0",",,S","  350",",,S","  244",",,S","  301","H,,S"
"IRM00040845","2008-10-24","29.267","50.267","3.0","KHARG, IR","    0",",,S","  308",",,S","  250",",,S","  285","H,,S"
"IRM00040845","2008-10-25","29.267","50.267","3.0","KHARG, IR","    0",",,S","  302",",,S","  242",",,S","  282","H,,S"
"IRM00040845","2008-10-26","29.267","50.267","3.0","KHARG, IR","    0",",,S","  316",",,S","  262",",,S","  290","H,,S"
"IRM00040845","2008-10-27","29.267","50.267","3.0","KHARG, IR","    0",",,S","  316",",,S","  260",",,S","  291","H,,S"
"IRM00040845","2008-10-28","29.267","50.267","3.0","KHARG, IR","    0",",,S","  300",",,S","  220",",,S","  266","H,,S"
"IRM00040845","2008-10-29","29.267","50.267","3.0","KHARG, IR","    8",",,S","  284",",,S","  254",",,S","  267","H,,S"
"IRM00040845","2008-10-30","29.267","50.267","3.0","KHARG, IR","   15",",,S","  282",",,S",,,"  267","H,,S"
"IRM00040845","2008-11-01","29.267","50.267","3.0","KHARG, IR","    0",",,S","  256",",,S","  234",",,S","  242","H,,S"
"IRM00040845","2008-11-02","29.267","50.267","3.0","KHARG, IR",,,"  262",",,S","  232",",,S","  249","H,,S"
"IRM00040845","2008-11-03","29.267","50.267","3.0","KHARG, IR","    0",",,S","  252",",,S",,,"  237","H,,S"
"IRM00040845","2008-11-04","29.267","50.267","3.0","KHARG, IR","  127",",,S","  262",",,S","  208",",,S","  245","H,,S"
"IRM00040845","2008-11-05","29.267","50.267","3.0","KHARG, IR","    0",",,S","  256",",,S","  230",",,S","  238","H,,S"
"IRM00040845","2008-11-06","29.267","50.267","3.0","KHARG, IR","    0",",,S","  250",",,S",,,"  235","H,,S"
"IRM00040845","2008-11-07","29.267","50.267","3.0","KHARG, IR","    0",",,S","  240",",,S","  220",",,S","  229","H,,S"
"IRM00040845","2008-11-08","29.267","50.267","3.0","KHARG, IR","    0",",,S","  250",",,S","  220",",,S","  239","H,,S"
"IRM00040845","2008-11-09","29.267","50.267","3.0","KHARG, IR","    0",",,S","  250",",,S","  230",",,S","  243","H,,S"
"IRM00040845","2008-11-10","29.267","50.267","3.0","KHARG, IR","    0",",,S","  256",",,S","  230",",,S","  244","H,,S"
"IRM00040845","2008-11-11","29.267","50.267","3.0","KHARG, IR",,,"  252",",,S","  236",",,S","  244","H,,S"
"IRM00040845","2008-11-13","29.267","50.267","3.0","KHARG, IR","    0",",,S","  266",",,S","  238",",,S","  253","H,,S"
"IRM00040845","2008-11-14","29.267","50.267","3.0","KHARG, IR","   13",",,S","  236",",,S","  232",",,S","  232","H,,S"
"IRM00040845","2008-11-15","29.267","50.267","3.0","KHARG, IR","    0",",,S","  244",",,S","  218",",,S","  233","H,,S"
"IRM00040845","2008-11-16","29.267","50.267","3.0","KHARG, IR","    0",",,S",,,"  214",",,S","  219","H,,S"
"IRM00040845","2008-11-17","29.267","50.267","3.0","KHARG, IR","    0",",,S","  236",",,S",,,"  227","H,,S"
"IRM00040845","2008-11-18","29.267","50.267","3.0","KHARG, IR","    0",",,S","  236",",,S","  216",",,S","  226","H,,S"
"IRM00040845","2008-11-19","29.267","50.267","3.0","KHARG, IR","    0",",,S","  236",",,S","  216",",,S","  227","H,,S"
"IRM00040845","2008-11-20","29.267","50.267","3.0","KHARG, IR","    0",",,S","  240",",,S",,,"  219","H,,S"
"IRM00040845","2008-11-21","29.267","50.267","3.0","KHARG, IR","    0",",,S","  254",",,S","  166",",,S","  223","H,,S"
"IRM00040845","2008-11-22","29.267","50.267","3.0","KHARG, IR","    0",",,S","  254",",,S","  192",",,S","  229","H,,S"
"IRM00040845","2008-11-23","29.267","50.267","3.0","KHARG, IR","    0",",,S","  256",",,S","  206",",,S","  235","H,,S"
"IRM00040845","2008-11-24","29.267","50.267","3.0","KHARG, IR","    0",",,S","  270",",,S","  204",",,S","  242","H,,S"
"IRM00040845","2008-11-25","29.267","50.267","3.0","KHARG, IR","    0",",,S","  256",",,S","  218",",,S","  232","H,,S"
"IRM00040845","2008-11-26","29.267","50.267","3.0","KHARG, IR","    0",",,S","  260",",,S","  210",",,S","  216","H,,S"
"IRM00040845","2008-11-27","29.267","50.267","3.0","KHARG, IR","    0",",,S","  242",",,S","  212",",,S","  219","H,,S"
"IRM00040845","2008-11-28","29.267","50.267","3.0","KHARG, IR","    0",",,S","  240",",,S","  204",",,S","  226","H,,S"
"IRM00040845","2008-11-29","29.267","50.267","3.0","KHARG, IR","    0",",,S","  256",",,S","  198",",,S","  231","H,,S"
"IRM00040845","2008-12-02","29.267","50.267","3.0","KHARG, IR","    0",",,S","  204",",,S",,,"  184","H,,S"
"IRM00040845","2008-12-05","29.267","50.267","3.0","KHARG, IR","    0",",,S",,,"  198",",,S","  214","H,,S"
"IRM00040845","2008-12-06","29.267","50.267","3.0","KHARG, IR","    0",",,S","  226",",,S","  200",",,S","  213","H,,S"
"IRM00040845","2008-12-07","29.267","50.267","3.0","KHARG, IR","    0",",,S","  220",",,S","  198",",,S","  208","H,,S"
"IRM00040845","2008-12-08","29.267","50.267","3.0","KHARG, IR","    0",",,S","  210",",,S","  174",",,S","  192","H,,S"
"IRM00040845","2008-12-09","29.267","50.267","3.0","KHARG, IR","    0",",,S","  220",",,S","  138",",,S","  191","H,,S"
"IRM00040845","2008-12-10","29.267","50.267","3.0","KHARG, IR","    0",",,S","  224",",,S","  170",",,S","  202","H,,S"
"IRM00040845","2008-12-12","29.267","50.267","3.0","KHARG, IR","    0",",,S","  180",",,S",,,"  171","H,,S"
"IRM00040845","2008-12-13","29.267","50.267","3.0","KHARG, IR","    0",",,S","  174",",,S","  152",",,S","  163","H,,S"
"IRM00040845","2008-12-15","29.267","50.267","3.0","KHARG, IR","    0",",,S","  178",",,S","  166",",,S","  171","H,,S"
"IRM00040845","2008-12-16","29.267","50.267","3.0","KHARG, IR","    0",",,S","  172",",,S",,,"  163","H,,S"
"IRM00040845","2008-12-17","29.267","50.267","3.0","KHARG, IR","    0",",,S","  164",",,S","  134",",,S","  151","H,,S"
"IRM00040845","2008-12-19","29.267","50.267","3.0","KHARG, IR","    0",",,S","  172",",,S","  136",",,S","  159","H,,S"
"IRM00040845","2008-12-20","29.267","50.267","3.0","KHARG, IR","    0",",,S","  178",",,S","  152",",,S","  165","H,,S"
"IRM00040845","2008-12-21","29.267","50.267","3.0","KHARG, IR","    0",",,S","  188",",,S","  112",",,S","  157","H,,S"
"IRM00040845","2008-12-25","29.267","50.267","3.0","KHARG, IR","    0",",,S",,,"  164",",,S","  192","H,,S"
"IRM00040845","2008-12-30","29.267","50.267","3.0","KHARG, IR","    0",",,S","  198",",,S","  136",",,S","  167","H,,S"
"IRM00040845","2008-12-31","29.267","50.267","3.0","KHARG, IR",,,"  210",",,S","  160",",,S","  182","H,,S"
"IRM00040845","2009-01-01","29.267","50.267","3.0","KHARG, IR","    0",",,S","  234",",,S","  180",",I,S","  200","H,,S"
"IRM00040845","2009-01-02","29.267","50.267","3.0","KHARG, IR",,,"  140",",I,S",,,"  109","H,,S"
"IRM00040845","2009-01-03","29.267","50.267","3.0","KHARG, IR",,,"  110",",,S","   82",",,S","   93","H,,S"
"IRM00040845","2009-01-06","29.267","50.267","3.0","KHARG, IR","    0",",,S","  140",",,S","   82",",,S","  123","H,,S"
"IRM00040845","2009-01-07","29.267","50.267","3.0","KHARG, IR","    0",",,S",,,"  104",",,S","  133","H,,S"
"IRM00040845","2009-01-08","29.267","50.267","3.0","KHARG, IR","    0",",,S","  170",",,S","  122",",,S","  151","H,,S"
"IRM00040845","2009-01-10","29.267","50.267","3.0","KHARG, IR","    0",",,S","  174",",,S","  134",",,S","  158","H,,S"
"IRM00040845","2009-01-11","29.267","50.267","3.0","KHARG, IR","    0",",,S","  176",",,S","  130",",,S","  163","H,,S"
"IRM00040845","2009-01-12","29.267","50.267","3.0","KHARG, IR","    0",",,S","  198",",,S","  150",",,S","  169","H,,S"
"IRM00040845","2009-01-13","29.267","50.267","3.0","KHARG, IR","    3",",,S",,,,,"  123","H,,S"
"IRM00040845","2009-01-14","29.267","50.267","3.0","KHARG, IR","    0",",,S","  150",",,S","  120",",,S","  137","H,,S"
"IRM00040845","2009-01-15","29.267","50.267","3.0","KHARG, IR","    0",",,S","  172",",,S",,,"  151","H,,S"
"IRM00040845","2009-01-16","29.267","50.267","3.0","KHARG, IR","    0",",,S","  160",",,S","  130",",,S","  149","H,,S"
"IRM00040845","2009-01-17","29.267","50.267","3.0","KHARG, IR","    0",",,S","  164",",,S","  100",",,S","  149","H,,S"
"IRM00040845","2009-01-18","29.267","50.267","3.0","KHARG, IR","    0",",,S","  182",",,S","  106",",,S","  157","H,,S"
"IRM00040845","2009-01-19","29.267","50.267","3.0","KHARG, IR","    0",",,S","  192",",,S","  152",",,S","  171","H,,S"
"IRM00040845","2009-01-20","29.267","50.267","3.0","KHARG, IR","    0",",,S","  196",",,S",,,"  169","H,,S"
"IRM00040845","2009-01-21","29.267","50.267","3.0","KHARG, IR","    5",",,S","  176",",,S","  154",",,S","  163","H,,S"
"IRM00040845","2009-01-22","29.267","50.267","3.0","KHARG, IR","    0",",,S","  166",",,S","  114",",,S","  152","H,,S"
"IRM00040845","2009-01-24","29.267","50.267","3.0","KHARG, IR","    0",",,S","  170",",,S","  132",",,S","  148","H,,S"
"IRM00040845","2009-01-25","29.267","50.267","3.0","KHARG, IR","    3",",,S","  168",",,S","  106",",,S","  147","H,,S"
"IRM00040845","2009-01-26","29.267","50.267","3.0","KHARG, IR","    3",",,S","  186",",,S","  154",",,S","  169","H,,S"
"IRM00040845","2009-01-27","29.267","50.267","3.0","KHARG, IR","    0",",,S","  184",",,S","  146",",,S","  171","H,,S"
"IRM00040845","2009-01-28","29.267","50.267","3.0","KHARG, IR","    0",",,S","  188",",,S","  156",",,S","  175","H,,S"
"IRM00040845","2009-01-29","29.267","50.267","3.0","KHARG, IR","    0",",,S","  190",",,S","  164",",,S","  173","H,,S"
"IRM00040845","2009-01-30","29.267","50.267","3.0","KHARG, IR","    0",",,S",,,"  124",",,S","  175","H,,S"
"IRM00040845","2009-01-31","29.267","50.267","3.0","KHARG, IR","   15",",,S","  210",",,S","  168",",,S","  192","H,,S"
"IRM00040845","2009-02-01","29.267","50.267","3.0","KHARG, IR","    5",",,S","  220",",,S","  164",",,S","  194","H,,S"
"IRM00040845","2009-02-02","29.267","50.267","3.0","KHARG, IR","    0",",,S","  214",",,S",,,"  182","H,,S"
"IRM00040845","2009-02-03","29.267","50.267","3.0","KHARG, IR","    0",",,S","  196",",,S","  164",",,S","  183","H,,S"
"IRM00040845","2009-02-04","29.267","50.267","3.0","KHARG, IR","    0",",,S","  190",",,S","  160",",,S","  172","H,,S"
"IRM00040845","2009-02-05","29.267","50.267","3.0","KHARG, IR","    0",",,S",,,"  150",",,S","  166","H,,S"
"IRM00040845","2009-02-06","29.267","50.267","3.0","KHARG, IR","    0",",,S","  202",",,S",,,"  167","H,,S"
"IRM00040845","2009-02-07","29.267","50.267","3.0","KHARG, IR","    0",",,S","  214",",,S","  130",",,S","  174","H,,S"
"IRM00040845","2009-02-08","29.267","50.267","3.0","KHARG, IR","    0",",,S","  218",",,S","  140",",,S","  181","H,,S"
"IRM00040845","2009-02-09","29.267","50.267","3.0","KHARG, IR","    0",",,S","  198",",,S",,,"  167","H,,S"
"IRM00040845","2009-02-10","29.267","50.267","3.0","KHARG, IR","    0",",,S","  218",",,S","  138",",,S","  178","H,,S"
"IRM00040845","2009-02-11","29.267","50.267","3.0","KHARG, IR","    0",",,S","  210",",,S",,,"  184","H,,S"
"IRM00040845","2009-02-12","29.267","50.267","3.0","KHARG, IR","    0",",,S","  186",",,S","  152",",,S","  167","H,,S"
"IRM00040845","2009-02-13","29.267","50.267","3.0","KHARG, IR","    0",",,S","  186",",,S","  162",",,S","  171","H,,S"
"IRM00040845","2009-02-14","29.267","50.267","3.0","KHARG, IR","    0",",,S","  190",",,S","  160",",,S","  177","H,,S"
"IRM00040845","2009-02-15","29.267","50.267","3.0","KHARG, IR","    0",",,S","  210",",,S","  152",",,S","  185","H,,S"
"IRM00040845","2009-02-16","29.267","50.267","3.0","KHARG, IR","    0",",,S","  224",",,S","  164",",,S","  197","H,,S"
"IRM00040845","2009-02-17","29.267","50.267","3.0","KHARG, IR","    0",",,S","  240",",,S","  180",",,S","  211","H,,S"
"IRM00040845","2009-02-18","29.267","50.267","3.0","KHARG, IR","    0",",,S",,,,,"  176","H,,S"
"IRM00040845","2009-02-19","29.267","50.267","3.0","KHARG, IR","    0",",,S","  186",",,S","  156",",,S","  172","H,,S"
"IRM00040845","2009-02-20","29.267","50.267","3.0","KHARG, IR","    0",",,S","  230",",,S","  164",",,S","  191","H,,S"
"IRM00040845","2009-02-21","29.267","50.267","3.0","KHARG, IR","    0",",,S","  210",",,S",,,"  192","H,,S"
"IRM00040845","2009-02-22","29.267","50.267","3.0","KHARG, IR","    0",",,S","  190",",,S",,,"  180","H,,S"
"IRM00040845","2009-02-23","29.267","50.267","3.0","KHARG, IR","    0",",,S","  198",",,S","  174",",,S","  185","H,,S"
"IRM00040845","2009-02-24","29.267","50.267","3.0","KHARG, IR","    0",",,S","  208",",,S","  174",",,S","  192","H,,S"
"IRM00040845","2009-02-25","29.267","50.267","3.0","KHARG, IR","    0",",,S","  200",",,S","  186",",,S","  194","H,,S"
"IRM00040845","2009-02-26","29.267","50.267","3.0","KHARG, IR","    0",",,S","  210",",,S","  180",",,S","  195","H,,S"
"IRM00040845","2009-02-27","29.267","50.267","3.0","KHARG, IR","    0",",,S","  262",",,S","  166",",,S","  222","H,,S"
"IRM00040845","2009-02-28","29.267","50.267","3.0","KHARG, IR","   18",",,S","  230",",,S",,,"  202","H,,S"
"IRM00040845","2009-03-01","29.267","50.267","3.0","KHARG, IR","   15",",,S","  222",",,S","  172",",,S","  187","H,,S"
"IRM00040845","2009-03-02","29.267","50.267","3.0","KHARG, IR","    0",",,S",,,"  172",",,S","  183","H,,S"
"IRM00040845","2009-03-03","29.267","50.267","3.0","KHARG, IR","    0",",,S","  214",",,S",,,"  177","H,,S"
"IRM00040845","2009-03-04","29.267","50.267","3.0","KHARG, IR","    0",",,S","  196",",,S","  164",",,S","  185","H,,S"
"IRM00040845","2009-03-05","29.267","50.267","3.0","KHARG, IR","    0",",,S","  214",",,S","  180",",,S","  191","H,,S"
"IRM00040845","2009-03-06","29.267","50.267","3.0","KHARG, IR","    0",",,S","  210",",,S","  174",",,S","  191","H,,S"
"IRM00040845","2009-03-07","29.267","50.267","3.0","KHARG, IR","    0",",,S","  216",",,S",,,"  173","H,,S"
"IRM00040845","2009-03-08","29.267","50.267","3.0","KHARG, IR","    0",",,S","  240",",,S","  146",",,S","  202","H,,S"
"IRM00040845","2009-03-09","29.267","50.267","3.0","KHARG, IR","    0",",,S","  244",",,S","  156",",,S","  192","H,,S"
"IRM00040845","2009-03-10","29.267","50.267","3.0","KHARG, IR","    0",",,S","  280",",,S","  174",",,S","  222","H,,S"
"IRM00040845","2009-03-11","29.267","50.267","3.0","KHARG, IR","    0",",,S","  200",",,S","  180",",,S","  185","H,,S"
"IRM00040845","2009-03-12","29.267","50.267","3.0","KHARG, IR","    0",",,S","  242",",,S","  164",",,S","  202","H,,S"
"IRM00040845","2009-03-13","29.267","50.267","3.0","KHARG, IR","    0",",,S","  242",",,S","  166",",,S","  197","H,,S"
"IRM00040845","2009-03-14","29.267","50.267","3.0","KHARG, IR","    0",",,S","  234",",,S","  140",",,S","  202","H,,S"
"IRM00040845","2009-03-15","29.267","50.267","3.0","KHARG, IR","    0",",,S","  246",",,S","  190",",,S","  209","H,,S"
"IRM00040845","2009-03-16","29.267","50.267","3.0","KHARG, IR","    0",",,S","  232",",,S","  176",",,S","  201","H,,S"
"IRM00040845","2009-03-17","29.267","50.267","3.0","KHARG, IR","   10",",,S","  206",",,S",,,"  194","H,,S"
"IRM00040845","2009-03-18","29.267","50.267","3.0","KHARG, IR","    0",",,S","  206",",,S","  168",",,S","  184","H,,S"
"IRM00040845","2009-03-19","29.267","50.267","3.0","KHARG, IR",,,"  264",",,S","  164",",,S","  218","H,,S"
"IRM00040845","2009-03-20","29.267","50.267","3.0","KHARG, IR","    0",",,S","  252",",,S","  178",",,S","  218","H,,S"
"IRM00040845","2009-03-21","29.267","50.267","3.0","KHARG, IR","    0",",,S","  286",",,S","  160",",,S","  234","H,,S"
"IRM00040845","2009-03-22","29.267","50.267","3.0","KHARG, IR","    0",",,S","  236",",,S","  206",",,S","  216","H,,S"
"IRM00040845","2009-03-23","29.267","50.267","3.0","KHARG, IR","    0",",,S","  210",",,S","  186",",,S","  194","H,,S"
"IRM00040845","2009-03-24","29.267","50.267","3.0","KHARG, IR","    0",",,S","  256",",,S","  144",",,S","  209","H,,S"
"IRM00040845","2009-03-25","29.267","50.267","3.0","KHARG, IR","    0",",,S","  218",",,S","  196",",,S","  208","H,,S"
"IRM00040845","2009-03-26","29.267","50.267","3.0","KHARG, IR","    0",",,S","  204",",,S","  180",",,S","  189","H,,S"
"IRM00040845","2009-03-27","29.267","50.267","3.0","KHARG, IR","    0",",,S","  230",",,S","  164",",,S","  198","H,,S"
"IRM00040845","2009-03-28","29.267","50.267","3.0","KHARG, IR","    0",",,S","  242",",,S","  156",",,S","  204","H,,S"
"IRM00040845","2009-03-30","29.267","50.267","3.0","KHARG, IR","   51",",,S","  214",",,S",,,"  178","H,,S"
"IRM00040845","2009-03-31","29.267","50.267","3.0","KHARG, IR","  127",",,S",,,"  156",",,S","  174","H,,S"
"IRM00040845","2009-04-01","29.267","50.267","3.0","KHARG, IR","    0",",,S","  196",",,S","  130",",,S","  177","H,,S"
"IRM00040845","2009-04-02","29.267","50.267","3.0","KHARG, IR","    0",",,S","  214",",,S","  174",",,S","  194","H,,S"
"IRM00040845","2009-04-03","29.267","50.267","3.0","KHARG, IR","    0",",,S","  192",",,S",,,"  166","H,,S"
"IRM00040845","2009-04-04","29.267","50.267","3.0","KHARG, IR","   38",",,S","  214",",,S","  172",",,S","  196","H,,S"
"IRM00040845","2009-04-05","29.267","50.267","3.0","KHARG, IR","    0",",,S","  218",",,S","  180",",,S","  198","H,,S"
"IRM00040845","2009-04-06","29.267","50.267","3.0","KHARG, IR","    0",",,S","  248",",,S",,,"  216","H,,S"
"IRM00040845","2009-04-07","29.267","50.267","3.0","KHARG, IR","    0",",,S","  260",",,S","  174",",,S","  223","H,,S"
"IRM00040845","2009-04-08","29.267","50.267","3.0","KHARG, IR","    0",",,S","  258",",,S",,,"  231","H,,S"
"IRM00040845","2009-04-09","29.267","50.267","3.0","KHARG, IR","    0",",,S","  294",",,S","  220",",,S","  246","H,,S"
"IRM00040845","2009-04-10","29.267","50.267","3.0","KHARG, IR","    0",",,S","  296",",,S",,,"  244","H,,S"
"IRM00040845","2009-04-11","29.267","50.267","3.0","KHARG, IR","    0",",,S","  276",",,S","  202",",,S","  234","H,,S"
"IRM00040845","2009-04-12","29.267","50.267","3.0","KHARG, IR","    0",",,S","  298",",,S","  204",",,S","  249","H,,S"
"IRM00040845","2009-04-13","29.267","50.267","3.0","KHARG, IR","    0",",,S",,,"  212",",,S","  248","H,,S"
"IRM00040845","2009-04-14","29.267","50.267","3.0","KHARG, IR","    0",",,S","  244",",,S","  216",",,S","  224","H,,S"
"IRM00040845","2009-04-15","29.267","50.267","3.0","KHARG, IR","    0",",,S","  262",",,S","  194",",,S","  231","H,,S"
"IRM00040845","2009-04-16","29.267","50.267","3.0","KHARG, IR","    0",",,S","  268",",,S","  222",",,S","  249","H,,S"
"IRM00040845","2009-04-17","29.267","50.267","3.0","KHARG, IR","    0",",,S","  266",",,S","  220",",,S","  244","H,,S"
"IRM00040845","2009-04-19","29.267","50.267","3.0","KHARG, IR","    0",",,S","  302",",,S","  196",",,S","  251","H,,S"
"IRM00040845","2009-04-20","29.267","50.267","3.0","KHARG, IR","    0",",,S","  248",",,S","  224",",,S","  232","H,,S"
"IRM00040845","2009-04-21","29.267","50.267","3.0","KHARG, IR","    0",",,S","  258",",,S","  214",",,S","  234","H,,S"
"IRM00040845","2009-04-30","29.267","50.267","3.0","KHARG, IR","    0",",,S","  316",",,S","  260",",,S","  283","H,,S"
"IRM00040845","2009-05-01","29.267","50.267","3.0","KHARG, IR","    0",",,S","  324",",,S","  260",",,S","  299","H,,S"
"IRM00040845","2009-05-02","29.267","50.267","3.0","KHARG, IR","    0",",,S","  306",",,S","  240",",,S","  266","H,,S"
"IRM00040845","2009-05-03","29.267","50.267","3.0","KHARG, IR","    0",",,S","  276",",,S","  248",",,S","  258","H,,S"
"IRM00040845","2009-05-04","29.267","50.267","3.0","KHARG, IR","    0",",,S",,,"  246",",,S","  269","H,,S"
"IRM00040845","2009-05-05","29.267","50.267","3.0","KHARG, IR","    0",",,S","  346",",,S","  218",",,S","  291","H,,S"
"IRM00040845","2009-05-06","29.267","50.267","3.0","KHARG, IR","    0",",,S","  356",",,S","  262",",,S","  298","H,,S"
"IRM00040845","2009-05-07","29.267","50.267","3.0","KHARG, IR","    0",",,S",,,"  250",",,S","  288","H,,S"
"IRM00040845","2009-05-09","29.267","50.267","3.0","KHARG, IR","    0",",,S","  348",",,S","  268",",,S","  301","H,,S"
"IRM00040845","2009-05-10","29.267","50.267","3.0","KHARG, IR","    0",",,S",,,"  258",",,S","  279","H,,S"
"IRM00040845","2009-05-11","29.267","50.267","3.0","KHARG, IR","    0",",,S","  322",",,S","  262",",,S","  292","H,,S"
"IRM00040845","2009-05-12","29.267","50.267","3.0","KHARG, IR","    0",",,S","  312",",,S","  272",",,S","  291","H,,S"
"IRM00040845","2009-05-15","29.267","50.267","3.0","KHARG, IR","    0",",,S","  346",",,S","  270",",,S","  299","H,,S"
"IRM00040845","2009-05-16","29.267","50.267","3.0","KHARG, IR","    0",",,S","  320",",,S","  270",",,S","  292","H,,S"
"IRM00040845","2009-05-17","29.267","50.267","3.0","KHARG, IR","    0",",,S","  318",",,S","  268",",,S","  293","H,,S"
"IRM00040845","2009-05-18","29.267","50.267","3.0","KHARG, IR","    0",",,S","  336",",,S","  250",",,S","  298","H,,S"
"IRM00040845","2009-05-19","29.267","50.267","3.0","KHARG, IR","    0",",,S","  342",",,S","  250",",,S","  306","H,,S"
"IRM00040845","2009-05-20","29.267","50.267","3.0","KHARG, IR","    0",",,S","  354",",,S","  254",",,S","  309","H,,S"
"IRM00040845","2009-05-23","29.267","50.267","3.0","KHARG, IR","    0",",,S","  384",",,S",,,"  343","H,,S"
"IRM00040845","2009-05-24","29.267","50.267","3.0","KHARG, IR","    0",",,S",,,,,"  329","H,,S"
"IRM00040845","2009-05-25","29.267","50.267","3.0","KHARG, IR","    0",",,S","  412",",,S","  296",",,S","  341","H,,S"
"IRM00040845","2009-05-31","29.267","50.267","3.0","KHARG, IR","    0",",,S","  330",",,S","  300",",,S","  318","H,,S"
"IRM00040845","2009-06-07","29.267","50.267","3.0","KHARG, IR","    0",",,S","  342",",,S","  302",",,S","  322","H,,S"
"IRM00040845","2009-06-09","29.267","50.267","3.0","KHARG, IR","    0",",,S","  392",",,S","  288",",,S","  329","H,,S"
"IRM00040845","2009-06-10","29.267","50.267","3.0","KHARG, IR","    0",",,S","  392",",,S","  294",",,S","  353","H,,S"
"IRM00040845","2009-06-11","29.267","50.267","3.0","KHARG, IR","    0",",,S","  384",",,S",,,"  352","H,,S"
"IRM00040845","2009-06-13","29.267","50.267","3.0","KHARG, IR","    0",",,S","  398",",,S","  302",",,S","  358","H,,S"
"IRM00040845","2009-06-15","29.267","50.267","3.0","KHARG, IR","    0",",,S","  390",",,S",,,"  346","H,,S"
"IRM00040845","2009-06-17","29.267","50.267","3.0","KHARG, IR","    0",",,S","  430",",,S","  306",",,S","  356","H,,S"
"IRM00040845","2009-06-18","29.267","50.267","3.0","KHARG, IR","    0",",,S","  414",",,S","  316",",,S","  350","H,,S"
"IRM00040845","2009-06-19","29.267","50.267","3.0","KHARG, IR","    0",",,S","  370",",,S","  310",",,S","  337","H,,S"
"IRM00040845","2009-06-20","29.267","50.267","3.0","KHARG, IR","    0",",,S","  358",",,S","  306",",,S","  332","H,,S"
"IRM00040845","2009-06-21","29.267","50.267","3.0","KHARG, IR","    0",",,S","  360",",,S","  312",",,S","  335","H,,S"
"IRM00040845","2009-06-22","29.267","50.267","3.0","KHARG, IR","    0",",,S","  376",",,S","  284",",,S","  340","H,,S"
"IRM00040845","2009-06-23","29.267","50.267","3.0","KHARG, IR","    0",",,S","  372",",,S",,,"  323","H,,S"
"IRM00040845","2009-06-24","29.267","50.267","3.0","KHARG, IR","    0",",,S","  364",",,S","  298",",,S","  328","H,,S"
"IRM00040845","2009-06-26","29.267","50.267","3.0","KHARG, IR","    0",",,S","  376",",,S","  270",",,S","  338","H,,S"
"IRM00040845","2009-06-27","29.267","50.267","3.0","KHARG, IR","    0",",,S",,,"  280",",,S","  341","H,,S"
"IRM00040845","2009-06-28","29.267","50.267","3.0","KHARG, IR","    0",",,S","  368",",,S",,,"  358","H,,S"
"IRM00040845","2009-06-29","29.267","50.267","3.0","KHARG, IR","    0",",,S","  380",",,S","  324",",,S","  347","H,,S"
"IRM00040845","2009-06-30","29.267","50.267","3.0","KHARG, IR","    0",",,S","  364",",,S","  308",",,S","  333","H,,S"
"IRM00040845","2009-07-21","29.267","50.267","3.0","KHARG, IR","    0",",,S","  380",",,S","  316",",,S","  343","H,,S"
"IRM00040845","2009-07-24","29.267","50.267","3.0","KHARG, IR","    0",",,S","  384",",,S","  316",",,S","  344","H,,S"
"IRM00040845","2009-07-25","29.267","50.267","3.0","KHARG, IR","    0",",,S","  380",",,S","  316",",,S","  343","H,,S"
"IRM00040845","2009-07-26","29.267","50.267","3.0","KHARG, IR","    0",",,S","  374",",,S","  314",",,S","  341","H,,S"
"IRM00040845","2009-07-27","29.267","50.267","3.0","KHARG, IR","    0",",,S","  374",",,S","  310",",,S","  342","H,,S"
"IRM00040845","2009-07-28","29.267","50.267","3.0","KHARG, IR","    0",",,S","  384",",,S","  314",",,S","  349","H,,S"
"IRM00040845","2009-07-29","29.267","50.267","3.0","KHARG, IR","    0",",,S",,,"  298",",,S","  342","H,,S"
"IRM00040845","2009-07-30","29.267","50.267","3.0","KHARG, IR","    0",",,S","  356",",,S","  314",",,S","  332","H,,S"
"IRM00040845","2009-08-01","29.267","50.267","3.0","KHARG, IR","    0",",,S","  364",",,S",,,"  332","H,,S"
"IRM00040845","2009-08-02","29.267","50.267","3.0","KHARG, IR","    0",",,S","  364",",,S","  320",",,S","  347","H,,S"
"IRM00040845","2009-08-03","29.267","50.267","3.0","KHARG, IR","    0",",,S","  364",",,S","  314",",,S","  338","H,,S"
"IRM00040845","2009-08-04","29.267","50.267","3.0","KHARG, IR","    0",",,S",,,"  292",",,S","  323","H,,S"
"IRM00040845","2009-08-05","29.267","50.267","3.0","KHARG, IR","    0",",,S","  372",",,S","  278",",,S","  333","H,,S"
"IRM00040845","2009-08-06","29.267","50.267","3.0","KHARG, IR","    0",",,S","  382",",,S",,,"  358","H,,S"
"IRM00040845","2009-08-07","29.267","50.267","3.0","KHARG, IR","    0",",,S",,,"  316",",,S","  348","H,,S"
"IRM00040845","2009-08-08","29.267","50.267","3.0","KHARG, IR","    0",",,S","  388",",,S","  312",",,S","  347","H,,S"
"IRM00040845","2009-08-09","29.267","50.267","3.0","KHARG, IR","    0",",,S","  394",",,S","  314",",,S","  344","H,,S"
"IRM00040845","2009-08-12","29.267","50.267","3.0","KHARG, IR","    0",",,S","  358",",,S","  316",",,S","  331","H,,S"
"IRM00040845","2009-08-15","29.267","50.267","3.0","KHARG, IR","    0",",,S","  380",",,S",,,"  343","H,,S"
"IRM00040845","2009-08-16","29.267","50.267","3.0","KHARG, IR","    0",",,S","  360",",,S","  318",",,S","  336","H,,S"
"IRM00040845","2009-08-17","29.267","50.267","3.0","KHARG, IR","    0",",,S","  360",",,S","  302",",,S","  333","H,,S"
"IRM00040845","2009-08-18","29.267","50.267","3.0","KHARG, IR","    0",",,S","  372",",,S",,,"  329","H,,S"
"IRM00040845","2009-08-19","29.267","50.267","3.0","KHARG, IR","    0",",,S",,,"  300",",,S","  329","H,,S"
"IRM00040845","2009-08-24","29.267","50.267","3.0","KHARG, IR","    0",",,S","  392",",,S","  304",",,S","  351","H,,S"
"IRM00040845","2009-08-25","29.267","50.267","3.0","KHARG, IR","    0",",,S","  382",",,S","  294",",,S","  339","H,,S"
"IRM00040845","2009-08-26","29.267","50.267","3.0","KHARG, IR","    0",",,S","  386",",,S","  282",",,S","  338","H,,S"
"IRM00040845","2009-08-27","29.267","50.267","3.0","KHARG, IR","    0",",,S","  376",",,S","  294",",,S","  339","H,,S"
"IRM00040845","2009-08-28","29.267","50.267","3.0","KHARG, IR","    0",",,S",,,"  314",",,S","  350","H,,S"
"IRM00040845","2009-08-30","29.267","50.267","3.0","KHARG, IR","    0",",,S","  376",",,S",,,"  356","H,,S"
"IRM00040845","2009-08-31","29.267","50.267","3.0","KHARG, IR","    0",",,S","  372",",,S","  314",",,S","  338","H,,S"
"IRM00040845","2009-09-01","29.267","50.267","3.0","KHARG, IR","    0",",,S","  354",",,S",,,"  343","H,,S"
"IRM00040845","2009-09-02","29.267","50.267","3.0","KHARG, IR","    0",",,S",,,"  296",",,S","  329","H,,S"
"IRM00040845","2009-09-04","29.267","50.267","3.0","KHARG, IR","    0",",,S","  370",",,S","  322",",,S","  339","H,,S"
"IRM00040845","2009-09-05","29.267","50.267","3.0","KHARG, IR","    0",",,S","  352",",,S","  292",",,S","  328","H,,S"
"IRM00040845","2009-09-07","29.267","50.267","3.0","KHARG, IR","    0",",,S","  386",",,S","  280",",,S","  341","H,,S"
"IRM00040845","2009-09-08","29.267","50.267","3.0","KHARG, IR","    0",",,S",,,"  300",",,S","  337","H,,S"
"IRM00040845","2009-09-09","29.267","50.267","3.0","KHARG, IR","    0",",,S","  360",",,S","  284",",,S","  331","H,,S"
"IRM00040845","2009-09-10","29.267","50.267","3.0","KHARG, IR","    0",",,S","  350",",,S","  276",",,S","  321","H,,S"
"IRM00040845","2009-09-11","29.267","50.267","3.0","KHARG, IR","    0",",,S","  352",",,S","  284",",,S","  335","H,,S"
"IRM00040845","2009-09-12","29.267","50.267","3.0","KHARG, IR","    0",",,S","  366",",,S","  284",",,S","  328","H,,S"
"IRM00040845","2009-09-13","29.267","50.267","3.0","KHARG, IR","    0",",,S","  350",",,S","  294",",,S","  318","H,,S"
"IRM00040845","2009-09-14","29.267","50.267","3.0","KHARG, IR","    0",",,S","  362",",,S","  264",",,S","  319","H,,S"
"IRM00040845","2009-09-17","29.267","50.267","3.0","KHARG, IR","    0",",,S","  354",",,S","  294",",,S","  327","H,,S"
"IRM00040845","2009-09-18","29.267","50.267","3.0","KHARG, IR","    0",",,S","  370",",,S","  290",",,S","  328","H,,S"
"IRM00040845","2009-09-19","29.267","50.267","3.0","KHARG, IR","    0",",,S","  352",",,S","  300",",,S","  331","H,,S"
"IRM00040845","2009-09-20","29.267","50.267","3.0","KHARG, IR","    0",",,S",,,"  300",",,S","  329","H,,S"
"IRM00040845","2009-09-21","29.267","50.267","3.0","KHARG, IR","    0",",,S","  346",",,S","  304",",,S","  323","H,,S"
"IRM00040845","2009-09-22","29.267","50.267","3.0","KHARG, IR","    0",",,S","  362",",,S","  304",",,S","  328","H,,S"
"IRM00040845","2009-09-23","29.267","50.267","3.0","KHARG, IR","    0",",,S","  356",",,S","  306",",,S","  325","H,,S"
"IRM00040845","2009-09-24","29.267","50.267","3.0","KHARG, IR","    0",",,S","  340",",,S","  298",",,S","  319","H,,S"
"IRM00040845","2009-09-25","29.267","50.267","3.0","KHARG, IR","    0",",,S","  340",",,S","  304",",,S","  317","H,,S"
"IRM00040845","2009-09-27","29.267","50.267","3.0","KHARG, IR","    0",",,S","  322",",,S",,,"  303","H,,S"
"IRM00040845","2009-09-28","29.267","50.267","3.0","KHARG, IR","    0",",,S","  334",",,S",,,"  318","H,,S"
"IRM00040845","2009-09-29","29.267","50.267","3.0","KHARG, IR","    0",",,S","  324",",,S","  252",",,S","  304","H,,S"
"IRM00040845","2009-09-30","29.267","50.267","3.0","KHARG, IR","    0",",,S","  330",",,S","  296",",,S","  312","H,,S"
"IRM00040845","2009-10-01","29.267","50.267","3.0","KHARG, IR","    0",",,S","  334",",,S","  302",",,S","  317","H,,S"
"IRM00040845","2009-10-03","29.267","50.267","3.0","KHARG, IR","    0",",,S","  330",",,S",,,"  311","H,,S"
"IRM00040845","2009-10-04","29.267","50.267","3.0","KHARG, IR","    0",",,S","  310",",,S",,,"  297","H,,S"
"IRM00040845","2009-10-05","29.267","50.267","3.0","KHARG, IR","    0",",,S","  332",",,S","  242",",,S","  291","H,,S"
"IRM00040845","2009-10-06","29.267","50.267","3.0","KHARG, IR","    0",",,S","  314",",,S","  244",",,S","  283","H,,S"
"IRM00040845","2009-10-07","29.267","50.267","3.0","KHARG, IR","    0",",,S",,,"  274",",,S","  306","H,,S"
"IRM00040845","2009-10-08","29.267","50.267","3.0","KHARG, IR","    0",",,S",,,"  238",",,S","  290","H,,S"
"IRM00040845","2009-10-09","29.267","50.267","3.0","KHARG, IR","    0",",,S","  320",",,S","  254",",,S","  290","H,,S"
"IRM00040845","2009-10-11","29.267","50.267","3.0","KHARG, IR","    0",",,S","  320",",,S","  248",",,S","  287","H,,S"
"IRM00040845","2009-10-12","29.267","50.267","3.0","KHARG, IR","    0",",,S","  324",",,S","  252",",,S","  295","H,,S"
"IRM00040845","2009-10-13","29.267","50.267","3.0","KHARG, IR",,,"  316",",,S","  232",",,S","  282","H,,S"
"IRM00040845","2009-10-16","29.267","50.267","3.0","KHARG, IR","    0",",,S","  320",",,S","  248",",,S","  280","H,,S"
"IRM00040845","2009-10-17","29.267","50.267","3.0","KHARG, IR","    0",",,S","  320",",,S","  236",",,S","  280","H,,S"
"IRM00040845","2009-10-18","29.267","50.267","3.0","KHARG, IR","    0",",,S","  320",",,S",,,"  278","H,,S"
"IRM00040845","2009-10-19","29.267","50.267","3.0","KHARG, IR","    0",",,S","  320",",,S","  234",",,S","  284","H,,S"
"IRM00040845","2009-10-21","29.267","50.267","3.0","KHARG, IR","    0",",,S",,,"  228",",,S","  288","H,,S"
"IRM00040845","2009-10-24","29.267","50.267","3.0","KHARG, IR",,,"  316",",,S","  252",",,S","  288","H,,S"
"IRM00040845","2009-10-25","29.267","50.267","3.0","KHARG, IR","    0",",,S",,,"  248",",,S","  282","H,,S"
"IRM00040845","2009-10-26","29.267","50.267","3.0","KHARG, IR","    0",",,S","  304",",,S",,,"  292","H,,S"
"IRM00040845","2009-10-27","29.267","50.267","3.0","KHARG, IR","    0",",,S","  312",",,S",,,"  294","H,,S"
"IRM00040845","2009-10-28","29.267","50.267","3.0","KHARG, IR","    0",",,S","  324",",,S","  264",",,S","  295","H,,S"
"IRM00040845","2009-10-29","29.267","50.267","3.0","KHARG, IR","    3",",,S","  306",",,S","  248",",,S","  282","H,,S"
"IRM00040845","2009-10-31","29.267","50.267","3.0","KHARG, IR","    0",",,S","  316",",,S",,,"  294","H,,S"
"IRM00040845","2009-11-01","29.267","50.267","3.0","KHARG, IR","    0",",,S","  306",",,S","  256",",,S","  284","H,,S"
"IRM00040845","2009-11-02","29.267","50.267","3.0","KHARG, IR","    0",",,S","  312",",,S","  258",",,S","  287","H,,S"
"IRM00040845","2009-11-05","29.267","50.267","3.0","KHARG, IR","    0",",,S","  290",",,S",,,"  273","H,,S"
"IRM00040845","2009-11-06","29.267","50.267","3.0","KHARG, IR",,,"  300",",,S","  270",",,S","  286","H,,S"
"IRM00040845","2009-11-07","29.267","50.267","3.0","KHARG, IR","    0",",,S",,,,,"  284","H,,S"
"IRM00040845","2009-11-08","29.267","50.267","3.0","KHARG, IR","    0",",,S","  290",",,S","  266",",,S","  280","H,,S"
"IRM00040845","2009-11-09","29.267","50.267","3.0","KHARG, IR","    0",",,S","  288",",,S",,,"  273","H,,S"
"IRM00040845","2009-11-10","29.267","50.267","3.0","KHARG, IR",,,"  288",",,S","  230",",,S","  269","H,,S"
"IRM00040845","2009-11-11","29.267","50.267","3.0","KHARG, IR",,,,,,,"  269","H,,S"
"IRM00040845","2009-11-12","29.267","50.267","3.0","KHARG, IR","    0",",,S","  276",",,S","  232",",,S","  259","H,,S"
"IRM00040845","2009-11-13","29.267","50.267","3.0","KHARG, IR","    0",",,S","  282",",,S","  240",",,S","  268","H,,S"
"IRM00040845","2009-11-14","29.267","50.267","3.0","KHARG, IR","    0",",,S","  306",",,S",,,"  265","H,,S"
"IRM00040845","2009-11-15","29.267","50.267","3.0","KHARG, IR","    0",",,S","  278",",,S","  218",",,S","  257","H,,S"
"IRM00040845","2009-11-16","29.267","50.267","3.0","KHARG, IR","    0",",,S","  274",",,S","  222",",,S","  253","H,,S"
"IRM00040845","2009-11-17","29.267","50.267","3.0","KHARG, IR","    0",",,S","  292",",,S",,,"  264","H,,S"
"IRM00040845","2009-11-18","29.267","50.267","3.0","KHARG, IR","    0",",,S",,,,,"  251","H,,S"
"IRM00040845","2009-11-19","29.267","50.267","3.0","KHARG, IR",,,"  234",",,S",,,"  221","H,,S"
"IRM00040845","2009-11-20","29.267","50.267","3.0","KHARG, IR","    0",",,S","  234",",,S","  206",",,S","  218","H,,S"
"IRM00040845","2009-11-21","29.267","50.267","3.0","KHARG, IR","    0",",,S","  234",",,S",,,"  206","H,,S"
"IRM00040845","2009-11-22","29.267","50.267","3.0","KHARG, IR","   15",",,S","  214",",,S","  180",",,S","  206","H,,S"
"IRM00040845","2009-11-23","29.267","50.267","3.0","KHARG, IR","    0",",,S","  220",",,S","  194",",,S","  204","H,,S"
"IRM00040845","2009-11-24","29.267","50.267","3.0","KHARG, IR","    0",",,S",,,"  180",",,S","  202","H,,S"
"IRM00040845","2009-11-25","29.267","50.267","3.0","KHARG, IR",,,,,,,"  213","H,,S"
"IRM00040845","2009-11-26","29.267","50.267","3.0","KHARG, IR",,,"  242",",,S",,,"  200","H,,S"
"IRM00040845","2009-11-27","29.267","50.267","3.0","KHARG, IR",,,"  232",",,S","  200",",,S","  213","H,,S"
"IRM00040845","2009-11-28","29.267","50.267","3.0","KHARG, IR",,,,,,,"  208","H,,S"
"IRM00040845","2009-11-29","29.267","50.267","3.0","KHARG, IR",,,"  200",",,S",,,"  191","H,,S"
"IRM00040845","2009-11-30","29.267","50.267","3.0","KHARG, IR","    0",",,S","  202",",,S","  174",",,S","  189","H,,S"
"IRM00040845","2009-12-01","29.267","50.267","3.0","KHARG, IR","    0",",,S","  200",",,S","  178",",,S","  187","H,,S"
"IRM00040845","2009-12-02","29.267","50.267","3.0","KHARG, IR","    0",",,S","  200",",,S","  176",",,S","  187","H,,S"
"IRM00040845","2009-12-03","29.267","50.267","3.0","KHARG, IR","    0",",,S","  200",",,S",,,"  186","H,,S"
"IRM00040845","2009-12-04","29.267","50.267","3.0","KHARG, IR","    0",",,S","  204",",,S","  166",",,S","  186","H,,S"
"IRM00040845","2009-12-05","29.267","50.267","3.0","KHARG, IR","    0",",,S","  220",",,S","  156",",,S","  193","H,,S"
"IRM00040845","2009-12-06","29.267","50.267","3.0","KHARG, IR","  163",",,S",,,,,"  191","H,,S"
"IRM00040845","2009-12-07","29.267","50.267","3.0","KHARG, IR","  338",",,S",,,,,"  191","H,,S"
"IRM00040845","2009-12-08","29.267","50.267","3.0","KHARG, IR","  452",",,S","  210",",,S",,,"  194","H,,S"
"IRM00040845","2009-12-09","29.267","50.267","3.0","KHARG, IR","    0",",,S",,,,,"  194","H,,S"
"IRM00040845","2009-12-10","29.267","50.267","3.0","KHARG, IR","    0",",,S",,,,,"  166","H,,S"
"IRM00040845","2009-12-11","29.267","50.267","3.0","KHARG, IR","    0",",,S","  190",",,S","  170",",,S","  174","H,,S"
"IRM00040845","2009-12-12","29.267","50.267","3.0","KHARG, IR","    0",",,S","  210",",,S","  180",",,S","  197","H,,S"
"IRM00040845","2009-12-13","29.267","50.267","3.0","KHARG, IR","   84",",,S","  212",",,S",,,"  189","H,,S"
"IRM00040845","2009-12-14","29.267","50.267","3.0","KHARG, IR","    0",",,S","  200",",,S",,,"  191","H,,S"
"IRM00040845","2009-12-15","29.267","50.267","3.0","KHARG, IR","    0",",,S","  198",",,S","  178",",,S","  188","H,,S"
"IRM00040845","2009-12-16","29.267","50.267","3.0","KHARG, IR",,,,,,,"  191","H,,S"
"IRM00040845","2009-12-17","29.267","50.267","3.0","KHARG, IR","    0",",,S","  214",",,S",,,"  194","H,,S"
"IRM00040845","2009-12-18","29.267","50.267","3.0","KHARG, IR","   41",",,S","  228",",,S","  180",",,S","  207","H,,S"
"IRM00040845","2009-12-19","29.267","50.267","3.0","KHARG, IR","    0",",,S","  200",",,S","  180",",,S","  191","H,,S"
"IRM00040845","2009-12-20","29.267","50.267","3.0","KHARG, IR","    0",",,S","  204",",,S",,,"  189","H,,S"
"IRM00040845","2009-12-21","29.267","50.267","3.0","KHARG, IR","    0",",,S","  204",",,S","  184",",,S","  193","H,,S"
"IRM00040845","2009-12-22","29.267","50.267","3.0","KHARG, IR","    0",",,S","  208",",,S",,,"  196","H,,S"
"IRM00040845","2009-12-23","29.267","50.267","3.0","KHARG, IR","    0",",,S","  220",",,S","  172",",,S","  201","H,,S"
"IRM00040845","2009-12-24","29.267","50.267","3.0","KHARG, IR","   53",",,S","  206",",,S","  184",",,S","  193","H,,S"
"IRM00040845","2009-12-28","29.267","50.267","3.0","KHARG, IR","    0",",,S","  202",",,S","  178",",,S","  191","H,,S"
"IRM00040845","2009-12-29","29.267","50.267","3.0","KHARG, IR","    0",",,S","  202",",,S","  176",",,S","  189","H,,S"
"IRM00040845","2009-12-30","29.267","50.267","3.0","KHARG, IR",,,"  200",",,S",,,"  175","H,,S"
"IRM00040845","2009-12-31","29.267","50.267","3.0","KHARG, IR","    0",",,S","  208",",,S","  166",",,S","  188","H,,S"
"IRM00040845","2010-01-01","29.267","50.267","3.0","KHARG, IR",,,,,"  162",",,S","  174","H,,S"
"IRM00040845","2010-01-02","29.267","50.267","3.0","KHARG, IR","    0",",,S","  160",",,S",,,"  149","H,,S"
"IRM00040845","2010-01-03","29.267","50.267","3.0","KHARG, IR","    0",",,S","  176",",,S",,,"  161","H,,S"
"IRM00040845","2010-01-04","29.267","50.267","3.0","KHARG, IR","    0",",,S","  202",",,S",,,"  173","H,,S"
"IRM00040845","2010-01-05","29.267","50.267","3.0","KHARG, IR",,,"  202",",,S","  140",",,S","  176","H,,S"
"IRM00040845","2010-01-06","29.267","50.267","3.0","KHARG, IR","    0",",,S","  200",",,S","  150",",,S","  183","H,,S"
"IRM00040845","2010-01-07","29.267","50.267","3.0","KHARG, IR","    0",",,S","  176",",,S",,,"  166","H,,S"
"IRM00040845","2010-01-08","29.267","50.267","3.0","KHARG, IR","    0",",,S",,,"  160",",,S","  173","H,,S"
"IRM00040845","2010-01-09","29.267","50.267","3.0","KHARG, IR","    0",",,S","  188",",,S","  160",",,S","  174","H,,S"
"IRM00040845","2010-01-10","29.267","50.267","3.0","KHARG, IR","    0",",,S",,,,,"  181","H,,S"
"IRM00040845","2010-01-11","29.267","50.267","3.0","KHARG, IR","    0",",,S",,,,,"  186","H,,S"
"IRM00040845","2010-01-12","29.267","50.267","3.0","KHARG, IR","    0",",,S","  206",",,S",,,"  187","H,,S"
"IRM00040845","2010-01-13","29.267","50.267","3.0","KHARG, IR","    0",",,S","  206",",,S","  138",",,S","  176","H,,S"
"IRM00040845","2010-01-14","29.267","50.267","3.0","KHARG, IR",,,"  218",",,S",,,"  188","H,,S"
"IRM00040845","2010-01-15","29.267","50.267","3.0","KHARG, IR","    0",",,S","  216",",,S","  164",",,S","  189","H,,S"
"IRM00040845","2010-01-16","29.267","50.267","3.0","KHARG, IR","    0",",,S","  216",",,S","  154",",,S","  186","H,,S"
"IRM00040845","2010-01-17","29.267","50.267","3.0","KHARG, IR","    0",",,S","  208",",,S",,,"  179","H,,S"
"IRM00040845","2010-01-18","29.267","50.267","3.0","KHARG, IR","    0",",,S","  206",",,S",,,"  180","H,,S"
"IRM00040845","2010-01-19","29.267","50.267","3.0","KHARG, IR","    0",",,S","  224",",,S",,,"  198","H,,S"
"IRM00040845","2010-01-20","29.267","50.267","3.0","KHARG, IR","    0",",,S","  224",",,S","  176",",,S","  198","H,,S"
"IRM00040845","2010-01-21","29.267","50.267","3.0","KHARG, IR",,,"  242",",,S",,,"  203","H,,S"
"IRM00040845","2010-01-22","29.267","50.267","3.0","KHARG, IR","    0",",,S","  200",",,S","  160",",,S","  193","H,,S"
"IRM00040845","2010-01-23","29.267","50.267","3.0","KHARG, IR",,,,,"  176",",,S","  187","H,,S"
"IRM00040845","2010-01-24","29.267","50.267","3.0","KHARG, IR","   18",",,S","  208",",,S",,,"  187","H,,S"
"IRM00040845","2010-01-25","29.267","50.267","3.0","KHARG, IR","   30",",,S","  222",",,S",,,"  197","H,,S"
"IRM00040845","2010-01-26","29.267","50.267","3.0","KHARG, IR","   15",",,S",,,,,"  179","H,,S"
"IRM00040845","2010-01-27","29.267","50.267","3.0","KHARG, IR","    0",",,S",,,,,"  153","H,,S"
"IRM00040845","2010-01-28","29.267","50.267","3.0","KHARG, IR","    0",",,S",,,,,"  118","H,,S"
"IRM00040845","2010-01-29","29.267","50.267","3.0","KHARG, IR","    0",",,S","  190",",,S","   88",",,S","  147","H,,S"
"IRM00040845","2010-01-30","29.267","50.267","3.0","KHARG, IR","    0",",,S","  230",",,S",,,"  187","H,,S"
"IRM00040845","2010-01-31","29.267","50.267","3.0","KHARG, IR","    0",",,S","  210",",,S","  152",",,S","  182","H,,S"
"IRM00040845","2010-02-01","29.267","50.267","3.0","KHARG, IR",,,"  230",",,S",,,"  202","H,,S"
"IRM00040845","2010-02-02","29.267","50.267","3.0","KHARG, IR",,,"  220",",,S","  176",",,S","  209","H,,S"
"IRM00040845","2010-02-03","29.267","50.267","3.0","KHARG, IR","    3",",,S","  220",",,S",,,"  191","H,,S"
"IRM00040845","2010-02-04","29.267","50.267","3.0","KHARG, IR","    0",",,S","  242",",,S",,,"  223","H,,S"
"IRM00040845","2010-02-05","29.267","50.267","3.0","KHARG, IR","   13",",,S",,,,,"  164","H,,S"
"IRM00040845","2010-02-06","29.267","50.267","3.0","KHARG, IR","    0",",,S","  174",",,S","  130",",,S","  146","H,,S"
"IRM00040845","2010-02-07","29.267","50.267","3.0","KHARG, IR","    0",",,S",,,"  106",",,S","  112","H,,S"
"IRM00040845","2010-02-08","29.267","50.267","3.0","KHARG, IR","    0",",,S",,,"  102",",,S","  133","H,,S"
"IRM00040845","2010-02-09","29.267","50.267","3.0","KHARG, IR","    0",",,S","  174",",,S","  136",",,S","  154","H,,S"
"IRM00040845","2010-02-10","29.267","50.267","3.0","KHARG, IR","    0",",,S","  190",",,S","  110",",,S","  171","H,,S"
"IRM00040845","2010-02-11","29.267","50.267","3.0","KHARG, IR",,,"  200",",,S",,,"  164","H,,S"
"IRM00040845","2010-02-12","29.267","50.267","3.0","KHARG, IR",,,,,,,"  178","H,,S"
"IRM00040845","2010-02-13","29.267","50.267","3.0","KHARG, IR",,,"  214",",,S","  138",",,S","  189","H,,S"
"IRM00040845","2010-02-14","29.267","50.267","3.0","KHARG, IR","    0",",,S","  234",",,S","  156",",,S","  193","H,,S"
"IRM00040845","2010-02-15","29.267","50.267","3.0","KHARG, IR","    0",",,S","  214",",,S",,,"  193","H,,S"
"IRM00040845","2010-02-16","29.267","50.267","3.0","KHARG, IR","    0",",,S","  236",",,S","  138",",,S","  191","H,,S"
"IRM00040845","2010-02-17","29.267","50.267","3.0","KHARG, IR","    0",",,S","  232",",,S","  146",",,S","  196","H,,S"
"IRM00040845","2010-02-18","29.267","50.267","3.0","KHARG, IR",,,,,"  160",",,S","  211","H,,S"
"IRM00040845","2010-02-19","29.267","50.267","3.0","KHARG, IR",,,,,,,"  216","H,,S"
"IRM00040845","2010-02-20","29.267","50.267","3.0","KHARG, IR","    0",",,S","  238",",,S",,,"  212","H,,S"
"IRM00040845","2010-02-21","29.267","50.267","3.0","KHARG, IR","    0",",,S",,,,,"  192","H,,S"
"IRM00040845","2010-02-22","29.267","50.267","3.0","KHARG, IR","    0",",,S",,,,,"  186","H,,S"
"IRM00040845","2010-02-23","29.267","50.267","3.0","KHARG, IR","    0",",,S","  214",",,S","  162",",,S","  196","H,,S"
"IRM00040845","2010-02-24","29.267","50.267","3.0","KHARG, IR","    0",",,S","  214",",,S","  174",",,S","  191","H,,S"
"IRM00040845","2010-02-25","29.267","50.267","3.0","KHARG, IR",,,"  220",",,S",,,"  196","H,,S"
"IRM00040845","2010-02-26","29.267","50.267","3.0","KHARG, IR","    0",",,S","  250",",,S","  172",",,S","  211","H,,S"
"IRM00040845","2010-02-27","29.267","50.267","3.0","KHARG, IR","    0",",,S",,,,,"  203","H,,S"
"IRM00040845","2010-02-28","29.267","50.267","3.0","KHARG, IR","    0",",,S","  230",",,S",,,"  203","H,,S"
"IRM00040845","2010-03-01","29.267","50.267","3.0","KHARG, IR","    0",",,S","  230",",,S","  168",",,S","  199","H,,S"
"IRM00040845","2010-03-02","29.267","50.267","3.0","KHARG, IR",,,"  210",",,S",,,"  194","H,,S"
"IRM00040845","2010-03-03","29.267","50.267","3.0","KHARG, IR",,,"  204",",,S",,,"  187","H,,S"
"IRM00040845","2010-03-04","29.267","50.267","3.0","KHARG, IR","    0",",,S",,,"  148",",,S","  190","H,,S"
"IRM00040845","2010-03-05","29.267","50.267","3.0","KHARG, IR",,,"  200",",,S",,,"  190","H,,S"
"IRM00040845","2010-03-06","29.267","50.267","3.0","KHARG, IR","    0",",,S","  210",",,S",,,"  192","H,,S"
"IRM00040845","2010-03-07","29.267","50.267","3.0","KHARG, IR","    0",",,S","  254",",,S","  160",",,S","  214","H,,S"
"IRM00040845","2010-03-08","29.267","50.267","3.0","KHARG, IR","    0",",,S",,,,,"  209","H,,S"
"IRM00040845","2010-03-09","29.267","50.267","3.0","KHARG, IR",,,"  250",",,S",,,"  218","H,,S"
"IRM00040845","2010-03-10","29.267","50.267","3.0","KHARG, IR","    0",",,S","  270",",,S","  186",",,S","  227","H,,S"
"IRM00040845","2010-03-11","29.267","50.267","3.0","KHARG, IR","    0",",,S","  266",",,S",,,"  231","H,,S"
"IRM00040845","2010-03-12","29.267","50.267","3.0","KHARG, IR","    0",",,S","  304",",,S","  186",",,S","  246","H,,S"
"IRM00040845","2010-03-13","29.267","50.267","3.0","KHARG, IR","    0",",,S","  296",",,S",,,"  228","H,,S"
"IRM00040845","2010-03-14","29.267","50.267","3.0","KHARG, IR","    0",",,S","  292",",,S",,,"  246","H,,S"
"IRM00040845","2010-03-15","29.267","50.267","3.0","KHARG, IR","    0",",,S","  316",",,S","  176",",,S","  251","H,,S"
"IRM00040845","2010-03-16","29.267","50.267","3.0","KHARG, IR","    0",",,S","  320",",,S","  186",",,S","  247","H,,S"
"IRM00040845","2010-03-17","29.267","50.267","3.0","KHARG, IR","    0",",,S","  306",",,S","  190",",,S","  253","H,,S"
"IRM00040845","2010-03-18","29.267","50.267","3.0","KHARG, IR","    0",",,S","  298",",,S",,,"  252","H,,S"
"IRM00040845","2010-03-19","29.267","50.267","3.0","KHARG, IR","    0",",,S",,,"  204",",,S","  241","H,,S"
"IRM00040845","2010-03-20","29.267","50.267","3.0","KHARG, IR","    0",",,S","  224",",,S","  198",",,S","  210","H,,S"
"IRM00040845","2010-03-21","29.267","50.267","3.0","KHARG, IR","    0",",,S","  224",",,S","  186",",,S","  203","H,,S"
"IRM00040845","2010-03-22","29.267","50.267","3.0","KHARG, IR","    0",",,S","  222",",,S",,,"  199","H,,S"
"IRM00040845","2010-03-23","29.267","50.267","3.0","KHARG, IR","    0",",,S","  234",",,S",,,"  210","H,,S"
"IRM00040845","2010-03-24","29.267","50.267","3.0","KHARG, IR",,,,,,,"  216","H,,S"
"IRM00040845","2010-03-25","29.267","50.267","3.0","KHARG, IR","    0",",,S","  278",",,S","  188",",,S","  226","H,,S"
"IRM00040845","2010-03-26","29.267","50.267","3.0","KHARG, IR",,,"  286",",,S",,,"  231","H,,S"
"IRM00040845","2010-03-27","29.267","50.267","3.0","KHARG, IR","    3",",,S",,,,,"  229","H,,S"
"IRM00040845","2010-03-28","29.267","50.267","3.0","KHARG, IR","    0",",,S","  242",",,S",,,"  221","H,,S"
"IRM00040845","2010-03-29","29.267","50.267","3.0","KHARG, IR",,,"  254",",,S",,,"  227","H,,S"
"IRM00040845","2010-03-30","29.267","50.267","3.0","KHARG, IR","    0",",,S","  252",",,S","  194",",,S","  224","H,,S"
"IRM00040845","2010-03-31","29.267","50.267","3.0","KHARG, IR","    0",",,S","  256",",,S",,,"  228","H,,S"
"IRM00040845","2010-04-01","29.267","50.267","3.0","KHARG, IR","    0",",,S",,,"  204",",,S","  218","H,,S"
"IRM00040845","2010-04-02","29.267","50.267","3.0","KHARG, IR",,,"  242",",,S","  206",",,S","  220","H,,S"
"IRM00040845","2010-04-03","29.267","50.267","3.0","KHARG, IR",,,"  268",",,S",,,"  228","H,,S"
"IRM00040845","2010-04-04","29.267","50.267","3.0","KHARG, IR","    0",",,S","  280",",,S",,,"  233","H,,S"
"IRM00040845","2010-04-05","29.267","50.267","3.0","KHARG, IR","    0",",,S","  280",",,S",,,"  256","H,,S"
"IRM00040845","2010-04-06","29.267","50.267","3.0","KHARG, IR","    0",",,S","  282",",,S",,,"  244","H,,S"
"IRM00040845","2010-04-07","29.267","50.267","3.0","KHARG, IR","    0",",,S","  286",",,S","  198",",,S","  241","H,,S"
"IRM00040845","2010-04-08","29.267","50.267","3.0","KHARG, IR","    0",",,S","  332",",,S",,,"  267","H,,S"
"IRM00040845","2010-04-09","29.267","50.267","3.0","KHARG, IR",,,,,,,"  267","H,,S"
"IRM00040845","2010-04-10","29.267","50.267","3.0","KHARG, IR",,,"  278",",,S",,,"  253","H,,S"
"IRM00040845","2010-04-11","29.267","50.267","3.0","KHARG, IR","    0",",,S","  274",",,S",,,"  247","H,,S"
"IRM00040845","2010-04-12","29.267","50.267","3.0","KHARG, IR","    0",",,S","  292",",,S",,,"  251","H,,S"
"IRM00040845","2010-04-13","29.267","50.267","3.0","KHARG, IR","    0",",,S","  272",",,S",,,"  248","H,,S"
"IRM00040845","2010-04-14","29.267","50.267","3.0","KHARG, IR","    0",",,S","  280",",,S","  220",",,S","  247","H,,S"
"IRM00040845","2010-04-15","29.267","50.267","3.0","KHARG, IR",,,"  320",",,S",,,"  259","H,,S"
"IRM00040845","2010-04-16","29.267","50.267","3.0","KHARG, IR","    0",",,S",,,"  232",",,S","  262","H,,S"
"IRM00040845","2010-04-17","29.267","50.267","3.0","KHARG, IR","    5",",,S","  292",",,S","  230",",,S","  252","H,,S"
"IRM00040845","2010-04-18","29.267","50.267","3.0","KHARG, IR","   15",",,S","  274",",,S","  230",",,S","  248","H,,S"
"IRM00040845","2010-04-19","29.267","50.267","3.0","KHARG, IR","    5",",,S","  268",",,S",,,"  246","H,,S"
"IRM00040845","2010-04-20","29.267","50.267","3.0","KHARG, IR","    0",",,S","  290",",,S",,,"  257","H,,S"
"IRM00040845","2010-04-21","29.267","50.267","3.0","KHARG, IR","    0",",,S","  296",",,S","  226",",,S","  262","H,,S"
"IRM00040845","2010-04-22","29.267","50.267","3.0","KHARG, IR","    0",",,S",,,"  224",",,S","  283","H,,S"
"IRM00040845","2010-04-23","29.267","50.267","3.0","KHARG, IR",,,"  290",",,S","  256",",,S","  273","H,,S"
"IRM00040845","2010-04-24","29.267","50.267","3.0","KHARG, IR","    0",",,S","  260",",,S","  236",",,S","  246","H,,S"
"IRM00040845","2010-04-25","29.267","50.267","3.0","KHARG, IR","    0",",,S",,,,,"  255","H,,S"
"IRM00040845","2010-04-26","29.267","50.267","3.0","KHARG, IR","    0",",,S",,,,,"  256","H,,S"
"IRM00040845","2010-04-27","29.267","50.267","3.0","KHARG, IR",,,"  280",",,S",,,"  253","H,,S"
"IRM00040845","2010-04-28","29.267","50.267","3.0","KHARG, IR","    0",",,S","  316",",,S",,,"  261","H,,S"
"IRM00040845","2010-04-29","29.267","50.267","3.0","KHARG, IR","    0",",,S",,,,,"  289","H,,S"
"IRM00040845","2010-04-30","29.267","50.267","3.0","KHARG, IR","    0",",,S","  300",",,S",,,"  268","H,,S"
"IRM00040845","2010-05-01","29.267","50.267","3.0","KHARG, IR","    0",",,S","  352",",,S",,,"  283","H,,S"
"IRM00040845","2010-05-02","29.267","50.267","3.0","KHARG, IR","    0",",,S","  276",",,S","  240",",,S","  252","H,,S"
"IRM00040845","2010-05-03","29.267","50.267","3.0","KHARG, IR","    3",",,S","  270",",,S","  235",",,S","  255","H,,S"
"IRM00040845","2010-05-04","29.267","50.267","3.0","KHARG, IR","    0",",,S","  292",",,S","  240",",,S","  262","H,,S"
"IRM00040845","2010-05-05","29.267","50.267","3.0","KHARG, IR",,,,,,,"  278","H,,S"
"IRM00040845","2010-05-06","29.267","50.267","3.0","KHARG, IR",,,"  294",",,S",,,"  262","H,,S"
"IRM00040845","2010-05-07","29.267","50.267","3.0","KHARG, IR","    0",",,S",,,,,"  272","H,,S"
"IRM00040845","2010-05-08","29.267","50.267","3.0","KHARG, IR","    0",",,S","  324",",,S","  236",",,S","  279","H,,S"
"IRM00040845","2010-05-09","29.267","50.267","3.0","KHARG, IR","    0",",,S","  328",",,S","  226",",,S","  277","H,,S"
"IRM00040845","2010-05-10","29.267","50.267","3.0","KHARG, IR","    0",",,S","  342",",,S",,,"  284","H,,S"
"IRM00040845","2010-05-11","29.267","50.267","3.0","KHARG, IR","    0",",,S",,,"  244",",,S","  303","H,,S"
"IRM00040845","2010-05-12","29.267","50.267","3.0","KHARG, IR",,,"  362",",,S",,,"  299","H,,S"
"IRM00040845","2010-05-13","29.267","50.267","3.0","KHARG, IR",,,,,,,"  317","H,,S"
"IRM00040845","2010-05-14","29.267","50.267","3.0","KHARG, IR","    0",",,S","  326",",,S",,,"  298","H,,S"
"IRM00040845","2010-05-15","29.267","50.267","3.0","KHARG, IR","    0",",,S","  338",",,S",,,"  303","H,,S"
"IRM00040845","2010-05-16","29.267","50.267","3.0","KHARG, IR",,,,,,,"  299","H,,S"
"IRM00040845","2010-05-17","29.267","50.267","3.0","KHARG, IR",,,,,,,"  307","H,,S"
"IRM00040845","2010-05-18","29.267","50.267","3.0","KHARG, IR",,,"  364",",,S",,,"  315","H,,S"
"IRM00040845","2010-05-19","29.267","50.267","3.0","KHARG, IR","    0",",,S","  352",",,S","  272",",,S","  313","H,,S"
"IRM00040845","2010-05-20","29.267","50.267","3.0","KHARG, IR",,,,,,,"  295","H,,S"
"IRM00040845","2010-05-21","29.267","50.267","3.0","KHARG, IR",,,,,,,"  310","H,,S"
"IRM00040845","2010-05-22","29.267","50.267","3.0","KHARG, IR",,,,,,,"  309","H,,S"
"IRM00040845","2010-05-23","29.267","50.267","3.0","KHARG, IR",,,"  358",",,S",,,"  309","H,,S"
"IRM00040845","2010-05-24","29.267","50.267","3.0","KHARG, IR",,,"  366",",,S","  274",",,S","  323","H,,S"
"IRM00040845","2010-05-25","29.267","50.267","3.0","KHARG, IR","    0",",,S",,,"  270",",,S","  285","H,,S"
"IRM00040845","2010-05-26","29.267","50.267","3.0","KHARG, IR",,,,,,,"  289","H,,S"
"IRM00040845","2010-05-27","29.267","50.267","3.0","KHARG, IR","    0",",,S","  308",",,S",,,"  288","H,,S"
"IRM00040845","2010-05-28","29.267","50.267","3.0","KHARG, IR","    0",",,S","  332",",,S",,,"  292","H,,S"
"IRM00040845","2010-05-29","29.267","50.267","3.0","KHARG, IR","    0",",,S","  382",",,S",,,"  299","H,,S"
"IRM00040845","2010-05-30","29.267","50.267","3.0","KHARG, IR","    0",",,S","  372",",,S",,,"  301","H,,S"
"IRM00040845","2010-05-31","29.267","50.267","3.0","KHARG, IR","    0",",,S","  370",",,S","  272",",,S","  324","H,,S"
"IRM00040845","2010-06-01","29.267","50.267","3.0","KHARG, IR","    0",",,S",,,,,"  317","H,,S"
"IRM00040845","2010-06-02","29.267","50.267","3.0","KHARG, IR",,,"  356",",,S",,,"  318","H,,S"
"IRM00040845","2010-06-03","29.267","50.267","3.0","KHARG, IR","    0",",,S","  362",",,S",,,"  309","H,,S"
"IRM00040845","2010-06-04","29.267","50.267","3.0","KHARG, IR","    0",",,S","  350",",,S","  266",",,S","  318","H,,S"
"IRM00040845","2010-06-05","29.267","50.267","3.0","KHARG, IR","    0",",,S","  362",",,S","  270",",,S","  313","H,,S"
"IRM00040845","2010-06-06","29.267","50.267","3.0","KHARG, IR","    0",",,S","  342",",,S",,,"  311","H,,S"
"IRM00040845","2010-06-07","29.267","50.267","3.0","KHARG, IR",,,,,,,"  322","H,,S"
"IRM00040845","2010-06-08","29.267","50.267","3.0","KHARG, IR",,,"  350",",,S",,,"  324","H,,S"
"IRM00040845","2010-06-09","29.267","50.267","3.0","KHARG, IR","    0",",,S","  366",",,S","  294",",,S","  324","H,,S"
"IRM00040845","2010-06-10","29.267","50.267","3.0","KHARG, IR","    0",",,S",,,"  296",",,S","  332","H,,S"
"IRM00040845","2010-06-11","29.267","50.267","3.0","KHARG, IR","    0",",,S",,,"  306",",,S","  333","H,,S"
"IRM00040845","2010-06-12","29.267","50.267","3.0","KHARG, IR",,,,,,,"  319","H,,S"
"IRM00040845","2010-06-13","29.267","50.267","3.0","KHARG, IR",,,,,,,"  323","H,,S"
"IRM00040845","2010-06-14","29.267","50.267","3.0","KHARG, IR",,,"  382",",,S",,,"  338","H,,S"
"IRM00040845","2010-06-15","29.267","50.267","3.0","KHARG, IR",,,,,,,"  346","H,,S"
"IRM00040845","2010-06-16","29.267","50.267","3.0","KHARG, IR",,,,,,,"  347","H,,S"
"IRM00040845","2010-06-17","29.267","50.267","3.0","KHARG, IR","    0",",,S","  396",",,S","  314",",,S","  343","H,,S"
"IRM00040845","2010-06-18","29.267","50.267","3.0","KHARG, IR","    0",",,S","  398",",,S","  300",",,S","  348","H,,S"
"IRM00040845","2010-06-19","29.267","50.267","3.0","KHARG, IR","    0",",,S","  390",",,S","  298",",,S","  349","H,,S"
"IRM00040845","2010-06-20","29.267","50.267","3.0","KHARG, IR","    0",",,S","  414",",,S","  296",",,S","  351","H,,S"
"IRM00040845","2010-06-21","29.267","50.267","3.0","KHARG, IR",,,,,,,"  352","H,,S"
"IRM00040845","2010-06-22","29.267","50.267","3.0","KHARG, IR",,,,,,,"  349","H,,S"
"IRM00040845","2010-06-23","29.267","50.267","3.0","KHARG, IR",,,,,,,"  348","H,,S"
"IRM00040845","2010-06-24","29.267","50.267","3.0","KHARG, IR",,,,,,,"  335","H,,S"
"IRM00040845","2010-06-25","29.267","50.267","3.0","KHARG, IR",,,,,,,"  336","H,,S"
"IRM00040845","2010-06-26","29.267","50.267","3.0","KHARG, IR",,,,,,,"  325","H,,S"
"IRM00040845","2010-06-27","29.267","50.267","3.0","KHARG, IR",,,,,,,"  327","H,,S"
"IRM00040845","2010-06-28","29.267","50.267","3.0","KHARG, IR",,,,,,,"  319","H,,S"
"IRM00040845","2010-06-29","29.267","50.267","3.0","KHARG, IR",,,,,,,"  329","H,,S"
"IRM00040845","2010-06-30","29.267","50.267","3.0","KHARG, IR",,,,,,,"  324","H,,S"
"IRM00040845","2010-07-01","29.267","50.267","3.0","KHARG, IR",,,,,,,"  319","H,,S"
"IRM00040845","2010-07-02","29.267","50.267","3.0","KHARG, IR",,,,,,,"  324","H,,S"
"IRM00040845","2010-07-03","29.267","50.267","3.0","KHARG, IR",,,,,,,"  328","H,,S"
"IRM00040845","2010-07-04","29.267","50.267","3.0","KHARG, IR",,,,,,,"  332","H,,S"
"IRM00040845","2010-07-05","29.267","50.267","3.0","KHARG, IR",,,,,,,"  331","H,,S"
"IRM00040845","2010-07-06","29.267","50.267","3.0","KHARG, IR",,,,,,,"  337","H,,S"
"IRM00040845","2010-07-07","29.267","50.267","3.0","KHARG, IR",,,"  398",",,S",,,"  343","H,,S"
"IRM00040845","2010-07-08","29.267","50.267","3.0","KHARG, IR",,,,,"  300",",,S","  340","H,,S"
"IRM00040845","2010-07-09","29.267","50.267","3.0","KHARG, IR",,,,,,,"  338","H,,S"
"IRM00040845","2010-07-10","29.267","50.267","3.0","KHARG, IR",,,,,,,"  334","H,,S"
"IRM00040845","2010-07-11","29.267","50.267","3.0","KHARG, IR",,,,,,,"  340","H,,S"
"IRM00040845","2010-07-12","29.267","50.267","3.0","KHARG, IR",,,,,,,"  330","H,,S"
"IRM00040845","2010-07-13","29.267","50.267","3.0","KHARG, IR",,,,,,,"  350","H,,S"
"IRM00040845","2010-07-14","29.267","50.267","3.0","KHARG, IR",,,,,,,"  343","H,,S"
"IRM00040845","2010-07-15","29.267","50.267","3.0","KHARG, IR",,,"  398",",,S",,,"  339","H,,S"
"IRM00040845","2010-07-16","29.267","50.267","3.0","KHARG, IR","    0",",,S","  400",",,S",,,"  343","H,,S"
"IRM00040845","2010-07-17","29.267","50.267","3.0","KHARG, IR","    0",",,S","  384",",,S","  330",",,S","  361","H,,S"
"IRM00040845","2010-07-18","29.267","50.267","3.0","KHARG, IR"," 1501",",,S","  382",",,S",,,"  353","H,,S"
"IRM00040845","2010-07-19","29.267","50.267","3.0","KHARG, IR","    0",",,S","  386",",,S",,,"  351","H,,S"
"IRM00040845","2010-07-20","29.267","50.267","3.0","KHARG, IR","    0",",,S","  372",",,S","  326",",,S","  344","H,,S"
"IRM00040845","2010-07-21","29.267","50.267","3.0","KHARG, IR","    0",",,S","  374",",,S","  292",",,S","  339","H,,S"
"IRM00040845","2010-07-22","29.267","50.267","3.0","KHARG, IR","    0",",,S","  386",",,S","  300",",,S","  352","H,,S"
"IRM00040845","2010-07-23","29.267","50.267","3.0","KHARG, IR","    0",",,S","  392",",,S",,,"  354","H,,S"
"IRM00040845","2010-07-24","29.267","50.267","3.0","KHARG, IR","    0",",,S","  392",",,S","  306",",,S","  357","H,,S"
"IRM00040845","2010-07-25","29.267","50.267","3.0","KHARG, IR","    0",",,S","  390",",,S","  302",",,S","  357","H,,S"
"IRM00040845","2010-07-26","29.267","50.267","3.0","KHARG, IR","    0",",,S","  384",",,S","  326",",,S","  349","H,,S"
"IRM00040845","2010-07-27","29.267","50.267","3.0","KHARG, IR","    0",",,S","  376",",,S","  324",",,S","  353","H,,S"
"IRM00040845","2010-07-28","29.267","50.267","3.0","KHARG, IR","    0",",,S","  388",",,S","  320",",,S","  360","H,,S"
"IRM00040845","2010-07-29","29.267","50.267","3.0","KHARG, IR","    0",",,S","  374",",,S","  326",",,S","  346","H,,S"
"IRM00040845","2010-07-30","29.267","50.267","3.0","KHARG, IR","    0",",,S","  384",",,S","  324",",,S","  355","H,,S"
"IRM00040845","2010-07-31","29.267","50.267","3.0","KHARG, IR","    0",",,S","  390",",,S","  324",",,S","  355","H,,S"
"IRM00040845","2010-08-01","29.267","50.267","3.0","KHARG, IR","    0",",,S","  390",",,S","  332",",,S","  353","H,,S"
"IRM00040845","2010-08-02","29.267","50.267","3.0","KHARG, IR","    0",",,S","  394",",,S","  304",",,S","  368","H,,S"
"IRM00040845","2010-08-03","29.267","50.267","3.0","KHARG, IR","    0",",,S","  400",",,S","  320",",,S","  357","H,,S"
"IRM00040845","2010-08-04","29.267","50.267","3.0","KHARG, IR","    0",",,S","  396",",,S","  328",",,S","  365","H,,S"
"IRM00040845","2010-08-05","29.267","50.267","3.0","KHARG, IR","    0",",,S","  372",",,S",,,"  348","H,,S"
"IRM00040845","2010-08-06","29.267","50.267","3.0","KHARG, IR","    0",",,S","  400",",,S","  314",",,S","  362","H,,S"
"IRM00040845","2010-08-07","29.267","50.267","3.0","KHARG, IR","    0",",,S","  402",",,S","  312",",,S","  362","H,,S"
"IRM00040845","2010-08-08","29.267","50.267","3.0","KHARG, IR","    0",",,S","  416",",,S","  308",",,S","  361","H,,S"
"IRM00040845","2010-08-09","29.267","50.267","3.0","KHARG, IR","    0",",,S","  420",",,S",,,"  363","H,,S"
"IRM00040845","2010-08-10","29.267","50.267","3.0","KHARG, IR","    0",",,S",,,,,"  352","H,,S"
"IRM00040845","2010-08-11","29.267","50.267","3.0","KHARG, IR","    0",",,S","  396",",,S","  314",",,S","  356","H,,S"
"IRM00040845","2010-08-12","29.267","50.267","3.0","KHARG, IR","    0",",,S","  390",",,S",,,"  341","H,,S"
"IRM00040845","2010-08-13","29.267","50.267","3.0","KHARG, IR",,,"  410",",,S","  300",",,S","  353","H,,S"
"IRM00040845","2010-08-14","29.267","50.267","3.0","KHARG, IR","    0",",,S","  390",",,S","  310",",,S","  348","H,,S"
"IRM00040845","2010-08-15","29.267","50.267","3.0","KHARG, IR","    0",",,S","  400",",,S",,,"  353","H,,S"
"IRM00040845","2010-08-16","29.267","50.267","3.0","KHARG, IR","    0",",,S","  410",",,S",,,"  358","H,,S"
"IRM00040845","2010-08-17","29.267","50.267","3.0","KHARG, IR","    0",",,S","  404",",,S","  316",",,S","  360","H,,S"
"IRM00040845","2010-08-18","29.267","50.267","3.0","KHARG, IR","    0",",,S","  392",",,S","  322",",,S","  360","H,,S"
"IRM00040845","2010-08-19","29.267","50.267","3.0","KHARG, IR","    0",",,S","  388",",,S",,,"  348","H,,S"
"IRM00040845","2010-08-20","29.267","50.267","3.0","KHARG, IR","    0",",,S","  386",",,S",,,"  352","H,,S"
"IRM00040845","2010-08-21","29.267","50.267","3.0","KHARG, IR","    0",",,S","  384",",,S","  316",",,S","  344","H,,S"
"IRM00040845","2010-08-22","29.267","50.267","3.0","KHARG, IR","    0",",,S","  386",",,S","  320",",,S","  353","H,,S"
"IRM00040845","2010-08-23","29.267","50.267","3.0","KHARG, IR","    0",",,S",,,,,"  344","H,,S"
"IRM00040845","2010-08-24","29.267","50.267","3.0","KHARG, IR","    0",",,S",,,"  304",",,S","  348","H,,S"
"IRM00040845","2010-08-25","29.267","50.267","3.0","KHARG, IR","    0",",,S","  394",",,S",,,"  349","H,,S"
"IRM00040845","2010-08-26","29.267","50.267","3.0","KHARG, IR","    0",",,S","  392",",,S",,,"  349","H,,S"
"IRM00040845","2010-08-27","29.267","50.267","3.0","KHARG, IR",,,"  392",",,S",,,"  357","H,,S"
"IRM00040845","2010-08-28","29.267","50.267","3.0","KHARG, IR","    0",",,S","  382",",,S","  320",",,S","  350","H,,S"
"IRM00040845","2010-08-29","29.267","50.267","3.0","KHARG, IR","    0",",,S","  370",",,S",,,"  347","H,,S"
"IRM00040845","2010-08-30","29.267","50.267","3.0","KHARG, IR","    0",",,S","  382",",,S","  316",",,S","  356","H,,S"
"IRM00040845","2010-08-31","29.267","50.267","3.0","KHARG, IR","    0",",,S","  380",",,S",,,"  358","H,,S"
"IRM00040845","2010-09-01","29.267","50.267","3.0","KHARG, IR","    0",",,S","  386",",,S","  312",",,S","  352","H,,S"
"IRM00040845","2010-09-02","29.267","50.267","3.0","KHARG, IR","    0",",,S","  396",",,S","  308",",,S","  352","H,,S"
"IRM00040845","2010-09-03","29.267","50.267","3.0","KHARG, IR","    0",",,S","  380",",,S","  314",",,S","  356","H,,S"
"IRM00040845","2010-09-04","29.267","50.267","3.0","KHARG, IR","    0",",,S","  422",",,S","  324",",,S","  366","H,,S"
"IRM00040845","2010-09-05","29.267","50.267","3.0","KHARG, IR","    0",",,S","  380",",,S","  338",",,S","  356","H,,S"
"IRM00040845","2010-09-06","29.267","50.267","3.0","KHARG, IR","    0",",,S","  392",",,S","  296",",,S","  343","H,,S"
"IRM00040845","2010-09-07","29.267","50.267","3.0","KHARG, IR","    0",",,S","  378",",,S","  296",",,S","  347","H,,S"
"IRM00040845","2010-09-08","29.267","50.267","3.0","KHARG, IR","    0",",,S",,,,,"  345","H,,S"
"IRM00040845","2010-09-09","29.267","50.267","3.0","KHARG, IR","    0",",,S","  382",",,S",,,"  353","H,,S"
"IRM00040845","2010-09-10","29.267","50.267","3.0","KHARG, IR","    0",",,S","  372",",,S","  340",",,S","  357","H,,S"
"IRM00040845","2010-09-11","29.267","50.267","3.0","KHARG, IR","    0",",,S",,,,,"  360","H,,S"
"IRM00040845","2010-09-12","29.267","50.267","3.0","KHARG, IR","    0",",,S","  380",",,S","  316",",,S","  353","H,,S"
"IRM00040845","2010-09-13","29.267","50.267","3.0","KHARG, IR","    0",",,S","  382",",,S","  290",",,S","  336","H,,S"
"IRM00040845","2010-09-14","29.267","50.267","3.0","KHARG, IR",,,"  388",",,S",,,"  334","H,,S"
"IRM00040845","2010-09-15","29.267","50.267","3.0","KHARG, IR","    0",",,S","  372",",,S",,,"  331","H,,S"
"IRM00040845","2010-09-16","29.267","50.267","3.0","KHARG, IR","    0",",,S","  364",",,S","  324",",,S","  343","H,,S"
"IRM00040845","2010-09-17","29.267","50.267","3.0","KHARG, IR","    0",",,S","  366",",,S","  282",",,S","  334","H,,S"
"IRM00040845","2010-09-18","29.267","50.267","3.0","KHARG, IR","    0",",,S","  366",",,S","  280",",,S","  328","H,,S"
"IRM00040845","2010-09-19","29.267","50.267","3.0","KHARG, IR","    0",",,S","  366",",,S",,,"  328","H,,S"
"IRM00040845","2010-09-20","29.267","50.267","3.0","KHARG, IR","    0",",,S","  364",",,S",,,"  325","H,,S"
"IRM00040845","2010-09-21","29.267","50.267","3.0","KHARG, IR","    0",",,S","  350",",,S",,,"  322","H,,S"
"IRM00040845","2010-09-22","29.267","50.267","3.0","KHARG, IR","    0",",,S","  356",",,S","  280",",,S","  327","H,,S"
"IRM00040845","2010-09-23","29.267","50.267","3.0","KHARG, IR","    0",",,S","  364",",,S",,,"  331","H,,S"
"IRM00040845","2010-09-24","29.267","50.267","3.0","KHARG, IR","    0",",,S","  366",",,S","  296",",,S","  334","H,,S"
"IRM00040845","2010-09-25","29.267","50.267","3.0","KHARG, IR","    0",",,S","  364",",,S",,,"  333","H,,S"
"IRM00040845","2010-09-26","29.267","50.267","3.0","KHARG, IR","    0",",,S",,,"  302",",,S","  334","H,,S"
"IRM00040845","2010-09-27","29.267","50.267","3.0","KHARG, IR","    0",",,S","  344",",,S",,,"  322","H,,S"
"IRM00040845","2010-09-28","29.267","50.267","3.0","KHARG, IR","    0",",,S","  356",",,S","  292",",,S","  337","H,,S"
"IRM00040845","2010-09-29","29.267","50.267","3.0","KHARG, IR","    0",",,S","  354",",,S","  328",",,S","  337","H,,S"
"IRM00040845","2010-09-30","29.267","50.267","3.0","KHARG, IR","    0",",,S","  354",",,S","  290",",,S","  325","H,,S"
"IRM00040845","2010-10-01","29.267","50.267","3.0","KHARG, IR","    0",",,S","  354",",,S","  294",",,S","  327","H,,S"
"IRM00040845","2010-10-02","29.267","50.267","3.0","KHARG, IR","    0",",,S","  346",",,S","  292",",,S","  323","H,,S"
"IRM00040845","2010-10-03","29.267","50.267","3.0","KHARG, IR","    0",",,S",,,"  284",",,S","  322","H,,S"
"IRM00040845","2010-10-04","29.267","50.267","3.0","KHARG, IR","    0",",,S","  352",",,S","  284",",,S","  326","H,,S"
"IRM00040845","2010-10-05","29.267","50.267","3.0","KHARG, IR","    0",",,S","  354",",,S","  314",",,S","  334","H,,S"
"IRM00040845","2010-10-06","29.267","50.267","3.0","KHARG, IR","    0",",,S","  362",",,S","  318",",,S","  336","H,,S"
"IRM00040845","2010-10-07","29.267","50.267","3.0","KHARG, IR","    0",",,S","  360",",,S","  330",",,S","  343","H,,S"
"IRM00040845","2010-10-08","29.267","50.267","3.0","KHARG, IR","    0",",,S","  350",",,S",,,"  331","H,,S"
"IRM00040845","2010-10-09","29.267","50.267","3.0","KHARG, IR","    0",",,S","  360",",,S","  264",",,S","  321","H,,S"
"IRM00040845","2010-10-10","29.267","50.267","3.0","KHARG, IR","    0",",,S",,,,,"  332","H,,S"
"IRM00040845","2010-10-11","29.267","50.267","3.0","KHARG, IR","    0",",,S","  346",",,S","  306",",,S","  327","H,,S"
"IRM00040845","2010-10-12","29.267","50.267","3.0","KHARG, IR","    0",",,S","  350",",,S",,,"  329","H,,S"
"IRM00040845","2010-10-13","29.267","50.267","3.0","KHARG, IR","    0",",,S",,,"  270",",,S","  283","H,,S"
"IRM00040845","2010-10-14","29.267","50.267","3.0","KHARG, IR","    0",",,S","  296",",,S","  270",",,S","  283","H,,S"
"IRM00040845","2010-10-15","29.267","50.267","3.0","KHARG, IR","    0",",,S","  312",",,S","  270",",,S","  294","H,,S"
"IRM00040845","2010-10-16","29.267","50.267","3.0","KHARG, IR","    0",",,S","  324",",,S",,,"  292","H,,S"
"IRM00040845","2010-10-17","29.267","50.267","3.0","KHARG, IR","    0",",,S","  320",",,S","  244",",,S","  296","H,,S"
"IRM00040845","2010-10-18","29.267","50.267","3.0","KHARG, IR","    0",",,S","  334",",,S","  250",",,S","  301","H,,S"
"IRM00040845","2010-10-19","29.267","50.267","3.0","KHARG, IR","    0",",,S","  332",",,S","  256",",,S","  311","H,,S"
"IRM00040845","2010-10-20","29.267","50.267","3.0","KHARG, IR","    0",",,S","  334",",,S","  262",",,S","  299","H,,S"
"IRM00040845","2010-10-21","29.267","50.267","3.0","KHARG, IR","    0",",,S","  326",",,S","  254",",,S","  301","H,,S"
"IRM00040845","2010-10-22","29.267","50.267","3.0","KHARG, IR","    0",",,S","  324",",,S","  282",",,S","  304","H,,S"
"IRM00040845","2010-10-23","29.267","50.267","3.0","KHARG, IR","    0",",,S","  320",",,S","  268",",,S","  300","H,,S"
"IRM00040845","2010-10-24","29.267","50.267","3.0","KHARG, IR","    0",",,S",,,"  258",",,S","  295","H,,S"
"IRM00040845","2010-10-25","29.267","50.267","3.0","KHARG, IR","    0",",,S","  318",",,S","  242",",,S","  287","H,,S"
"IRM00040845","2010-10-26","29.267","50.267","3.0","KHARG, IR","    0",",,S","  316",",,S","  240",",,S","  284","H,,S"
"IRM00040845","2010-10-27","29.267","50.267","3.0","KHARG, IR","    0",",,S","  308",",,S",,,"  283","H,,S"
"IRM00040845","2010-10-28","29.267","50.267","3.0","KHARG, IR","    0",",,S","  302",",,S",,,"  285","H,,S"
"IRM00040845","2010-10-29","29.267","50.267","3.0","KHARG, IR","    0",",,S","  304",",,S",,,"  287","H,,S"
"IRM00040845","2010-10-30","29.267","50.267","3.0","KHARG, IR",,,"  316",",,S","  228",",,S","  278","H,,S"
"IRM00040845","2010-10-31","29.267","50.267","3.0","KHARG, IR","    0",",,S","  312",",,S","  254",",,S","  287","H,,S"
"IRM00040845","2010-11-01","29.267","50.267","3.0","KHARG, IR","    0",",,S","  306",",,S","  256",",,S","  282","H,,S"
"IRM00040845","2010-11-02","29.267","50.267","3.0","KHARG, IR","    0",",,S","  312",",,S","  268",",,S","  295","H,,S"
"IRM00040845","2010-11-03","29.267","50.267","3.0","KHARG, IR","    0",",,S","  312",",,S",,,"  279","H,,S"
"IRM00040845","2010-11-04","29.267","50.267","3.0","KHARG, IR","    0",",,S","  284",",,S","  258",",,S","  270","H,,S"
"IRM00040845","2010-11-05","29.267","50.267","3.0","KHARG, IR","    0",",,S","  284",",,S","  256",",,S","  269","H,,S"
"IRM00040845","2010-11-06","29.267","50.267","3.0","KHARG, IR","    0",",,S","  294",",,S","  250",",,S","  271","H,,S"
"IRM00040845","2010-11-07","29.267","50.267","3.0","KHARG, IR",,,"  292",",,S","  250",",,S","  270","H,,S"
"IRM00040845","2010-11-08","29.267","50.267","3.0","KHARG, IR","    0",",,S",,,,,"  280","H,,S"
"IRM00040845","2010-11-09","29.267","50.267","3.0","KHARG, IR","    0",",,S","  300",",,S",,,"  269","H,,S"
"IRM00040845","2010-11-10","29.267","50.267","3.0","KHARG, IR","    0",",,S",,,"  224",",,S","  270","H,,S"
"IRM00040845","2010-11-11","29.267","50.267","3.0","KHARG, IR","    0",",,S","  286",",,S",,,"  266","H,,S"
"IRM00040845","2010-11-12","29.267","50.267","3.0","KHARG, IR","    0",",,S","  280",",,S","  216",",,S","  259","H,,S"
"IRM00040845","2010-11-13","29.267","50.267","3.0","KHARG, IR",,,"  284",",,S","  194",",,S","  266","H,,S"
"IRM00040845","2010-11-14","29.267","50.267","3.0","KHARG, IR","    0",",,S","  282",",,S",,,"  264","H,,S"
"IRM00040845","2010-11-15","29.267","50.267","3.0","KHARG, IR","    0",",,S","  288",",,S",,,"  265","H,,S"
"IRM00040845","2010-11-16","29.267","50.267","3.0","KHARG, IR","    0",",,S","  300",",,S","  248",",,S","  267","H,,S"
"IRM00040845","2010-11-17","29.267","50.267","3.0","KHARG, IR","    0",",,S",,,"  206",",,S","  248","H,,S"
"IRM00040845","2010-11-18","29.267","50.267","3.0","KHARG, IR","    0",",,S","  278",",,S",,,"  253","H,,S"
"IRM00040845","2010-11-19","29.267","50.267","3.0","KHARG, IR","    0",",,S","  274",",,S",,,"  251","H,,S"
"IRM00040845","2010-11-20","29.267","50.267","3.0","KHARG, IR","    0",",,S","  262",",,S",,,"  229","H,,S"
"IRM00040845","2010-11-21","29.267","50.267","3.0","KHARG, IR",,,"  262",",,S",,,"  223","H,,S"
"IRM00040845","2010-11-22","29.267","50.267","3.0","KHARG, IR","    0",",,S",,,,,"  232","H,,S"
"IRM00040845","2010-11-23","29.267","50.267","3.0","KHARG, IR","    0",",,S","  272",",,S","  224",",,S","  246","H,,S"
"IRM00040845","2010-11-24","29.267","50.267","3.0","KHARG, IR","    0",",,S",,,"  224",",,S","  244","H,,S"
"IRM00040845","2010-11-25","29.267","50.267","3.0","KHARG, IR","    0",",,S","  354",",,S","  224",",,S","  241","H,,S"
"IRM00040845","2010-11-26","29.267","50.267","3.0","KHARG, IR","    0",",,S",,,"  216",",,S","  235","H,,S"
"IRM00040845","2010-11-27","29.267","50.267","3.0","KHARG, IR","    0",",,S","  248",",,S",,,"  232","H,,S"
"IRM00040845","2010-11-28","29.267","50.267","3.0","KHARG, IR","    0",",,S","  248",",,S","  190",",,S","  222","H,,S"
"IRM00040845","2010-11-29","29.267","50.267","3.0","KHARG, IR","    0",",,S","  258",",,S","  160",",,S","  217","H,,S"
"IRM00040845","2010-11-30","29.267","50.267","3.0","KHARG, IR","    0",",,S","  250",",,S","  160",",,S","  217","H,,S"
"IRM00040845","2010-12-01","29.267","50.267","3.0","KHARG, IR","    0",",,S","  250",",,S","  184",",,S","  234","H,,S"
"IRM00040845","2010-12-02","29.267","50.267","3.0","KHARG, IR","    0",",,S","  262",",,S","  190",",,S","  229","H,,S"
"IRM00040845","2010-12-03","29.267","50.267","3.0","KHARG, IR","    0",",,S","  250",",,S",,,"  220","H,,S"
"IRM00040845","2010-12-04","29.267","50.267","3.0","KHARG, IR","    0",",,S","  246",",,S",,,"  220","H,,S"
"IRM00040845","2010-12-05","29.267","50.267","3.0","KHARG, IR","    0",",,S","  246",",,S","  200",",,S","  228","H,,S"
"IRM00040845","2010-12-06","29.267","50.267","3.0","KHARG, IR","    0",",,S",,,,,"  216","H,,S"
"IRM00040845","2010-12-07","29.267","50.267","3.0","KHARG, IR","    0",",,S","  254",",,S","  152",",,S","  217","H,,S"
"IRM00040845","2010-12-08","29.267","50.267","3.0","KHARG, IR","    0",",,S","  250",",,S","  180",",,S","  223","H,,S"
"IRM00040845","2010-12-09","29.267","50.267","3.0","KHARG, IR","    0",",,S","  236",",,S","  200",",,S","  219","H,,S"
"IRM00040845","2010-12-10","29.267","50.267","3.0","KHARG, IR",,,"  236",",,S","  196",",,S","  212","H,,S"
"IRM00040845","2010-12-11","29.267","50.267","3.0","KHARG, IR","    0",",,S","  250",",,S","  154",",,S","  216","H,,S"
"IRM00040845","2010-12-12","29.267","50.267","3.0","KHARG, IR","    0",",,S","  266",",,S",,,"  239","H,,S"
"IRM00040845","2010-12-13","29.267","50.267","3.0","KHARG, IR","    0",",,S","  270",",,S",,,"  233","H,,S"
"IRM00040845","2010-12-14","29.267","50.267","3.0","KHARG, IR","    0",",,S","  186",",,S","  160",",,S","  172","H,,S"
"IRM00040845","2010-12-15","29.267","50.267","3.0","KHARG, IR","    0",",,S","  192",",,S",,,"  178","H,,S"
"IRM00040845","2010-12-16","29.267","50.267","3.0","KHARG, IR","    0",",,S","  210",",,S",,,"  190","H,,S"
"IRM00040845","2010-12-17","29.267","50.267","3.0","KHARG, IR","    0",",,S","  224",",,S",,,"  193","H,,S"
"IRM00040845","2010-12-18","29.267","50.267","3.0","KHARG, IR","    0",",,S","  230",",,S","  158",",,S","  198","H,,S"
"IRM00040845","2010-12-19","29.267","50.267","3.0","KHARG, IR","    0",",,S","  224",",,S","  170",",,S","  203","H,,S"
"IRM00040845","2010-12-20","29.267","50.267","3.0","KHARG, IR","    0",",,S","  224",",,S","  160",",,S","  201","H,,S"
"IRM00040845","2010-12-21","29.267","50.267","3.0","KHARG, IR","    0",",,S","  220",",,S","  190",",,S","  206","H,,S"
"IRM00040845","2010-12-22","29.267","50.267","3.0","KHARG, IR","    0",",,S","  206",",,S","  186",",,S","  194","H,,S"
"IRM00040845","2010-12-23","29.267","50.267","3.0","KHARG, IR","    0",",,S","  200",",,S","  180",",,S","  187","H,,S"
"IRM00040845","2010-12-24","29.267","50.267","3.0","KHARG, IR","    0",",,S","  206",",,S","  178",",,S","  191","H,,S"
"IRM00040845","2010-12-25","29.267","50.267","3.0","KHARG, IR","    0",",,S","  206",",,S",,,"  194","H,,S"
"IRM00040845","2010-12-26","29.267","50.267","3.0","KHARG, IR","    0",",,S","  186",",,S",,,"  177","H,,S"
"IRM00040845","2010-12-27","29.267","50.267","3.0","KHARG, IR","    0",",,S","  202",",,S","  170",",,S","  185","H,,S"
"IRM00040845","2010-12-28","29.267","50.267","3.0","KHARG, IR","    0",",,S","  204",",,S","  180",",,S","  191","H,,S"
"IRM00040845","2010-12-29","29.267","50.267","3.0","KHARG, IR","    0",",,S","  208",",,S","  172",",,S","  191","H,,S"
"IRM00040845","2010-12-30","29.267","50.267","3.0","KHARG, IR","    0",",,S","  208",",,S",,,"  178","H,,S"
"IRM00040845","2010-12-31","29.267","50.267","3.0","KHARG, IR","    0",",,S","  216",",,S","  148",",,S","  198","H,,S"
"IRM00040845","2011-01-01","29.267","50.267","3.0","KHARG, IR","    0",",,S","  206",",,S",,,"  187","H,,S"
"IRM00040845","2011-01-02","29.267","50.267","3.0","KHARG, IR","    0",",,S","  176",",,S","  146",",,S","  161","H,,S"
"IRM00040845","2011-01-03","29.267","50.267","3.0","KHARG, IR","    0",",,S","  196",",,S","  150",",,S","  178","H,,S"
"IRM00040845","2011-01-04","29.267","50.267","3.0","KHARG, IR","    0",",,S","  200",",,S","  166",",,S","  182","H,,S"
"IRM00040845","2011-01-05","29.267","50.267","3.0","KHARG, IR","    0",",,S","  226",",,S",,,"  197","H,,S"
"IRM00040845","2011-01-06","29.267","50.267","3.0","KHARG, IR","    0",",,S","  226",",,S","  176",",,S","  204","H,,S"
"IRM00040845","2011-01-07","29.267","50.267","3.0","KHARG, IR",,,"  222",",,S","  170",",,S","  189","H,,S"
"IRM00040845","2011-01-08","29.267","50.267","3.0","KHARG, IR","    0",",,S","  224",",,S",,,"  203","H,,S"
"IRM00040845","2011-01-09","29.267","50.267","3.0","KHARG, IR","    0",",,S","  224",",,S","  164",",,S","  199","H,,S"
"IRM00040845","2011-01-10","29.267","50.267","3.0","KHARG, IR","    0",",,S",,,"  152",",,S","  167","H,,S"
"IRM00040845","2011-01-11","29.267","50.267","3.0","KHARG, IR","    0",",,S","  166",",,S","  140",",,S","  156","H,,S"
"IRM00040845","2011-01-12","29.267","50.267","3.0","KHARG, IR","    0",",,S",,,"  142",",,S","  151","H,,S"
"IRM00040845","2011-01-13","29.267","50.267","3.0","KHARG, IR","    0",",,S","  160",",,S","  130",",,S","  146","H,,S"
"IRM00040845","2011-01-14","29.267","50.267","3.0","KHARG, IR","    0",",,S","  164",",,S",,,"  153","H,,S"
"IRM00040845","2011-01-15","29.267","50.267","3.0","KHARG, IR","   13",",,S","  186",",,S",,,"  158","H,,S"
"IRM00040845","2011-01-16","29.267","50.267","3.0","KHARG, IR","  269",",,S","  152",",,S",,,"  148","H,,S"
"IRM00040845","2011-01-17","29.267","50.267","3.0","KHARG, IR","    0",",,S","  142",",,S","  120",",,S","  131","H,,S"
"IRM00040845","2011-01-18","29.267","50.267","3.0","KHARG, IR","    0",",,S","  166",",,S",,,"  156","H,,S"
"IRM00040845","2011-01-19","29.267","50.267","3.0","KHARG, IR","   20",",,S",,,,,"  153","H,,S"
"IRM00040845","2011-01-20","29.267","50.267","3.0","KHARG, IR","    0",",,S","  168",",,S","  148",",,S","  156","H,,S"
"IRM00040845","2011-01-21","29.267","50.267","3.0","KHARG, IR","    0",",,S","  170",",,S","  148",",,S","  159","H,,S"
"IRM00040845","2011-01-22","29.267","50.267","3.0","KHARG, IR","    0",",,S","  174",",,S",,,"  164","H,,S"
"IRM00040845","2011-01-23","29.267","50.267","3.0","KHARG, IR","    0",",,S","  176",",,S",,,"  166","H,,S"
"IRM00040845","2011-01-24","29.267","50.267","3.0","KHARG, IR","    0",",,S","  176",",,S","  148",",,S","  161","H,,S"
"IRM00040845","2011-01-25","29.267","50.267","3.0","KHARG, IR","    0",",,S","  186",",,S","  150",",,S","  167","H,,S"
"IRM00040845","2011-01-26","29.267","50.267","3.0","KHARG, IR","    0",",,S","  176",",,S","  156",",,S","  162","H,,S"
"IRM00040845","2011-01-27","29.267","50.267","3.0","KHARG, IR","   36",",,S","  204",",,S","  170",",,S","  186","H,,S"
"IRM00040845","2011-01-28","29.267","50.267","3.0","KHARG, IR","    0",",,S","  190",",,S",,,"  175","H,,S"
"IRM00040845","2011-01-29","29.267","50.267","3.0","KHARG, IR","    0",",,S","  186",",,S","  160",",,S","  172","H,,S"
"IRM00040845","2011-01-30","29.267","50.267","3.0","KHARG, IR","    0",",,S","  204",",,S","  134",",,S","  172","H,,S"
"IRM00040845","2011-01-31","29.267","50.267","3.0","KHARG, IR","  155",",,S","  210",",,S","  164",",,S","  190","H,,S"
"IRM00040845","2011-02-01","29.267","50.267","3.0","KHARG, IR","    0",",,S","  192",",,S",,,"  185","H,,S"
"IRM00040845","2011-02-02","29.267","50.267","3.0","KHARG, IR","    0",",,S","  236",",,S",,,"  176","H,,S"
"IRM00040845","2011-02-03","29.267","50.267","3.0","KHARG, IR","   30",",,S","  134",",,S","  116",",,S","  122","H,,S"
"IRM00040845","2011-02-04","29.267","50.267","3.0","KHARG, IR","    0",",,S","  144",",,S","  110",",,S","  128","H,,S"
"IRM00040845","2011-02-05","29.267","50.267","3.0","KHARG, IR","    0",",,S",,,"  130",",,S","  147","H,,S"
"IRM00040845","2011-02-06","29.267","50.267","3.0","KHARG, IR","    0",",,S","  146",",,S",,,"  134","H,,S"
"IRM00040845","2011-02-07","29.267","50.267","3.0","KHARG, IR","    0",",,S","  148",",,S","  126",",,S","  137","H,,S"
"IRM00040845","2011-02-08","29.267","50.267","3.0","KHARG, IR","    0",",,S","  196",",,S","  136",",,S","  167","H,,S"
"IRM00040845","2011-02-09","29.267","50.267","3.0","KHARG, IR","  404",",,S","  160",",,S",,,"  150","H,,S"
"IRM00040845","2011-02-10","29.267","50.267","3.0","KHARG, IR","   46",",,S","  162",",,S","  146",",,S","  152","H,,S"
"IRM00040845","2011-02-11","29.267","50.267","3.0","KHARG, IR","    0",",,S",,,"  112",",,S","  149","H,,S"
"IRM00040845","2011-02-12","29.267","50.267","3.0","KHARG, IR","   18",",,S","  168",",,S",,,"  137","H,,S"
"IRM00040845","2011-02-13","29.267","50.267","3.0","KHARG, IR","    0",",,S","  134",",,S","  114",",,S","  121","H,,S"
"IRM00040845","2011-02-14","29.267","50.267","3.0","KHARG, IR","    0",",,S","  150",",,S","  124",",,S","  142","H,,S"
"IRM00040845","2011-02-15","29.267","50.267","3.0","KHARG, IR","    0",",,S","  168",",,S","  140",",,S","  152","H,,S"
"IRM00040845","2011-02-16","29.267","50.267","3.0","KHARG, IR","    0",",,S","  206",",,S","  108",",,S","  170","H,,S"
"IRM00040845","2011-02-17","29.267","50.267","3.0","KHARG, IR","    0",",,S","  200",",,S",,,"  185","H,,S"
"IRM00040845","2011-02-18","29.267","50.267","3.0","KHARG, IR","    0",",,S","  184",",,S","  168",",,S","  176","H,,S"
"IRM00040845","2011-02-19","29.267","50.267","3.0","KHARG, IR","    0",",,S","  188",",,S","  160",",,S","  173","H,,S"
"IRM00040845","2011-02-20","29.267","50.267","3.0","KHARG, IR","    0",",,S","  214",",,S","  130",",,S","  181","H,,S"
"IRM00040845","2011-02-21","29.267","50.267","3.0","KHARG, IR","   25",",,S","  226",",,S",,,"  199","H,,S"
"IRM00040845","2011-02-22","29.267","50.267","3.0","KHARG, IR","    0",",,S","  202",",,S",,,"  181","H,,S"
"IRM00040845","2011-02-23","29.267","50.267","3.0","KHARG, IR","    0",",,S","  196",",,S","  170",",,S","  184","H,,S"
"IRM00040845","2011-02-24","29.267","50.267","3.0","KHARG, IR","    0",",,S","  216",",,S",,,"  189","H,,S"
"IRM00040845","2011-02-25","29.267","50.267","3.0","KHARG, IR","    0",",,S","  210",",,S","  140",",,S","  185","H,,S"
"IRM00040845","2011-02-26","29.267","50.267","3.0","KHARG, IR","   38",",,S","  226",",,S","  182",",,S","  200","H,,S"
"IRM00040845","2011-02-27","29.267","50.267","3.0","KHARG, IR","    0",",,S","  208",",,S",,,"  199","H,,S"
"IRM00040845","2011-02-28","29.267","50.267","3.0","KHARG, IR","    0",",,S","  216",",,S","  186",",,S","  198","H,,S"
"IRM00040845","2011-03-01","29.267","50.267","3.0","KHARG, IR","    0",",,S","  214",",,S",,,"  199","H,,S"
"IRM00040845","2011-03-02","29.267","50.267","3.0","KHARG, IR","    0",",,S","  196",",,S","  178",",,S","  186","H,,S"
"IRM00040845","2011-03-03","29.267","50.267","3.0","KHARG, IR","    0",",,S","  198",",,S","  170",",,S","  183","H,,S"
"IRM00040845","2011-03-04","29.267","50.267","3.0","KHARG, IR","    0",",,S","  190",",,S","  170",",,S","  179","H,,S"
"IRM00040845","2011-03-05","29.267","50.267","3.0","KHARG, IR","    0",",,S","  178",",,S","  148",",,S","  162","H,,S"
"IRM00040845","2011-03-06","29.267","50.267","3.0","KHARG, IR","    0",",,S","  200",",,S",,,"  179","H,,S"
"IRM00040845","2011-03-07","29.267","50.267","3.0","KHARG, IR","    0",",,S","  206",",,S","  156",",,S","  186","H,,S"
"IRM00040845","2011-03-08","29.267","50.267","3.0","KHARG, IR","    0",",,S",,,"  144",",,S","  198","H,,S"
"IRM00040845","2011-03-09","29.267","50.267","3.0","KHARG, IR","    5",",,S","  250",",,S","  174",",,S","  206","H,,S"
"IRM00040845","2011-03-10","29.267","50.267","3.0","KHARG, IR","   13",",,S","  240",",,S","  202",",,S","  219","H,,S"
"IRM00040845","2011-03-11","29.267","50.267","3.0","KHARG, IR","   84",",,S","  224",",,S","  182",",,S","  204","H,,S"
"IRM00040845","2011-03-12","29.267","50.267","3.0","KHARG, IR","    0",",,S",,,,,"  201","H,,S"
"IRM00040845","2011-03-13","29.267","50.267","3.0","KHARG, IR","   15",",,S","  246",",,S",,,"  203","H,,S"
"IRM00040845","2011-03-14","29.267","50.267","3.0","KHARG, IR","   10",",,S","  182",",,S",,,"  164","H,,S"
"IRM00040845","2011-03-15","29.267","50.267","3.0","KHARG, IR","    0",",,S","  192",",,S","  160",",,S","  176","H,,S"
"IRM00040845","2011-03-16","29.267","50.267","3.0","KHARG, IR","    0",",,S","  190",",,S","  166",",,S","  177","H,,S"
"IRM00040845","2011-03-17","29.267","50.267","3.0","KHARG, IR","    0",",,S","  194",",,S","  170",",,S","  182","H,,S"
"IRM00040845","2011-03-18","29.267","50.267","3.0","KHARG, IR","    0",",,S","  210",",,S","  176",",,S","  193","H,,S"
"IRM00040845","2011-03-19","29.267","50.267","3.0","KHARG, IR","    0",",,S","  218",",,S","  168",",,S","  192","H,,S"
"IRM00040845","2011-03-20","29.267","50.267","3.0","KHARG, IR","    0",",,S","  228",",,S","  148",",,S","  199","H,,S"
"IRM00040845","2011-03-21","29.267","50.267","3.0","KHARG, IR","    0",",,S","  260",",,S","  148",",,S","  214","H,,S"
"IRM00040845","2011-03-22","29.267","50.267","3.0","KHARG, IR","    0",",,S","  270",",,S",,,"  217","H,,S"
"IRM00040845","2011-03-23","29.267","50.267","3.0","KHARG, IR","    0",",,S","  276",",,S","  178",",,S","  225","H,,S"
"IRM00040845","2011-03-24","29.267","50.267","3.0","KHARG, IR","    0",",,S","  226",",,S","  192",",,S","  207","H,,S"
"IRM00040845","2011-03-25","29.267","50.267","3.0","KHARG, IR","    0",",,S","  268",",,S","  174",",,S","  212","H,,S"
"IRM00040845","2011-03-26","29.267","50.267","3.0","KHARG, IR",,,"  190",",,S",,,"  181","H,,S"
"IRM00040845","2011-03-27","29.267","50.267","3.0","KHARG, IR","    0",",,S","  210",",,S","  170",",,S","  191","H,,S"
"IRM00040845","2011-03-28","29.267","50.267","3.0","KHARG, IR","    0",",,S","  234",",,S","  174",",,S","  204","H,,S"
"IRM00040845","2011-03-29","29.267","50.267","3.0","KHARG, IR","    0",",,S","  238",",,S","  160",",,S","  207","H,,S"
"IRM00040845","2011-03-30","29.267","50.267","3.0","KHARG, IR","    0",",,S","  240",",,S","  172",",,S","  212","H,,S"
"IRM00040845","2011-03-31","29.267","50.267","3.0","KHARG, IR","    0",",,S","  244",",,S","  174",",,S","  214","H,,S"
"IRM00040845","2011-04-01","29.267","50.267","3.0","KHARG, IR","    0",",,S",,,"  166",",,S","  222","H,,S"
"IRM00040845","2011-04-02","29.267","50.267","3.0","KHARG, IR","    0",",,S","  284",",,S","  164",",,S","  235","H,,S"
"IRM00040845","2011-04-03","29.267","50.267","3.0","KHARG, IR","    0",",,S","  282",",,S","  190",",,S","  231","H,,S"
"IRM00040845","2011-04-04","29.267","50.267","3.0","KHARG, IR",,,"  284",",,S","  196",",,S","  256","H,,S"
"IRM00040845","2011-04-05","29.267","50.267","3.0","KHARG, IR","    0",",,S","  276",",,S","  230",",,S","  257","H,,S"
"IRM00040845","2011-04-06","29.267","50.267","3.0","KHARG, IR","    0",",,S","  290",",,S",,,"  243","H,,S"
"IRM00040845","2011-04-07","29.267","50.267","3.0","KHARG, IR","    3",",,S",,,,,"  224","H,,S"
"IRM00040845","2011-04-08","29.267","50.267","3.0","KHARG, IR","    0",",,S","  312",",,S","  204",",,S","  254","H,,S"
"IRM00040845","2011-04-09","29.267","50.267","3.0","KHARG, IR","    0",",,S","  276",",,S",,,"  247","H,,S"
"IRM00040845","2011-04-10","29.267","50.267","3.0","KHARG, IR","    0",",,S",,,"  214",",,S","  237","H,,S"
"IRM00040845","2011-04-11","29.267","50.267","3.0","KHARG, IR","    0",",,S","  280",",,S",,,"  246","H,,S"
"IRM00040845","2011-04-12","29.267","50.267","3.0","KHARG, IR","    0",",,S","  296",",,S",,,"  247","H,,S"
"IRM00040845","2011-04-13","29.267","50.267","3.0","KHARG, IR","    0",",,S","  280",",,S","  228",",,S","  242","H,,S"
"IRM00040845","2011-04-14","29.267","50.267","3.0","KHARG, IR","    0",",,S","  228",",,S","  190",",,S","  209","H,,S"
"IRM00040845","2011-04-15","29.267","50.267","3.0","KHARG, IR","    0",",,S","  242",",,S","  200",",,S","  221","H,,S"
"IRM00040845","2011-04-16","29.267","50.267","3.0","KHARG, IR","    0",",,S","  252",",,S","  186",",,S","  220","H,,S"
"IRM00040845","2011-04-17","29.267","50.267","3.0","KHARG, IR","    0",",,S","  274",",,S","  168",",,S","  228","H,,S"
"IRM00040845","2011-04-18","29.267","50.267","3.0","KHARG, IR","    0",",,S","  280",",,S","  218",",,S","  242","H,,S"
"IRM00040845","2011-04-19","29.267","50.267","3.0","KHARG, IR","    0",",,S","  286",",,S","  212",",,S","  251","H,,S"
"IRM00040845","2011-04-20","29.267","50.267","3.0","KHARG, IR","    0",",,S","  300",",,S","  206",",,S","  253","H,,S"
"IRM00040845","2011-04-21","29.267","50.267","3.0","KHARG, IR","    0",",,S","  336",",,S","  228",",,S","  276","H,,S"
"IRM00040845","2011-04-22","29.267","50.267","3.0","KHARG, IR","    0",",,S","  334",",,S","  224",",,S","  282","H,,S"
"IRM00040845","2011-04-23","29.267","50.267","3.0","KHARG, IR","    0",",,S","  352",",,S","  226",",,S","  272","H,,S"
"IRM00040845","2011-04-24","29.267","50.267","3.0","KHARG, IR","    0",",,S","  318",",,S","  224",",,S","  269","H,,S"
"IRM00040845","2011-04-25","29.267","50.267","3.0","KHARG, IR","    0",",,S","  294",",,S",,,"  267","H,,S"
"IRM00040845","2011-04-26","29.267","50.267","3.0","KHARG, IR","    0",",,S",,,"  240",",,S","  280","H,,S"
"IRM00040845","2011-04-27","29.267","50.267","3.0","KHARG, IR","    0",",,S","  320",",,S","  230",",,S","  267","H,,S"
"IRM00040845","2011-04-28","29.267","50.267","3.0","KHARG, IR","    0",",,S","  286",",,S","  224",",,S","  256","H,,S"
"IRM00040845","2011-04-29","29.267","50.267","3.0","KHARG, IR","    0",",,S","  332",",,S","  226",",,S","  277","H,,S"
"IRM00040845","2011-04-30","29.267","50.267","3.0","KHARG, IR","    0",",,S","  334",",,S","  232",",,S","  277","H,,S"
"IRM00040845","2011-05-01","29.267","50.267","3.0","KHARG, IR","    0",",,S","  324",",,S","  244",",,S","  271","H,,S"
"IRM00040845","2011-05-02","29.267","50.267","3.0","KHARG, IR","    0",",,S","  292",",,S","  234",",,S","  269","H,,S"
"IRM00040845","2011-05-03","29.267","50.267","3.0","KHARG, IR","    0",",,S","  298",",,S","  230",",,S","  267","H,,S"
"IRM00040845","2011-05-04","29.267","50.267","3.0","KHARG, IR","    0",",,S","  290",",,S","  230",",,S","  263","H,,S"
"IRM00040845","2011-05-05","29.267","50.267","3.0","KHARG, IR","    0",",,S","  300",",,S","  250",",,S","  279","H,,S"
"IRM00040845","2011-05-06","29.267","50.267","3.0","KHARG, IR","    0",",,S","  354",",,S","  250",",,S","  290","H,,S"
"IRM00040845","2011-05-07","29.267","50.267","3.0","KHARG, IR","    0",",,S","  374",",,S","  250",",,S","  293","H,,S"
"IRM00040845","2011-05-08","29.267","50.267","3.0","KHARG, IR","    0",",,S","  366",",,S","  254",",,S","  307","H,,S"
"IRM00040845","2011-05-09","29.267","50.267","3.0","KHARG, IR","    0",",,S","  316",",,S","  260",",,S","  286","H,,S"
"IRM00040845","2011-05-10","29.267","50.267","3.0","KHARG, IR","    0",",,S","  362",",,S","  264",",,S","  293","H,,S"
"IRM00040845","2011-05-11","29.267","50.267","3.0","KHARG, IR","    0",",,S","  390",",,S","  256",",,S","  324","H,,S"
"IRM00040845","2011-05-12","29.267","50.267","3.0","KHARG, IR","    0",",,S","  384",",,S","  284",",,S","  343","H,,S"
"IRM00040845","2011-05-13","29.267","50.267","3.0","KHARG, IR","    0",",,S","  350",",,S","  260",",,S","  307","H,,S"
"IRM00040845","2011-05-14","29.267","50.267","3.0","KHARG, IR","    0",",,S","  366",",,S","  282",",,S","  316","H,,S"
"IRM00040845","2011-05-15","29.267","50.267","3.0","KHARG, IR","    0",",,S","  352",",,S","  278",",,S","  309","H,,S"
"IRM00040845","2011-05-16","29.267","50.267","3.0","KHARG, IR","    0",",,S","  392",",,S",,,"  321","H,,S"
"IRM00040845","2011-05-17","29.267","50.267","3.0","KHARG, IR","    0",",,S","  396",",,S","  278",",,S","  325","H,,S"
"IRM00040845","2011-05-18","29.267","50.267","3.0","KHARG, IR","    0",",,S","  366",",,S","  284",",,S","  326","H,,S"
"IRM00040845","2011-05-19","29.267","50.267","3.0","KHARG, IR","    0",",,S","  378",",,S","  290",",,S","  329","H,,S"
"IRM00040845","2011-05-20","29.267","50.267","3.0","KHARG, IR","    0",",,S","  362",",,S","  296",",,S","  331","H,,S"
"IRM00040845","2011-05-21","29.267","50.267","3.0","KHARG, IR","    0",",,S","  336",",,S","  294",",,S","  313","H,,S"
"IRM00040845","2011-05-22","29.267","50.267","3.0","KHARG, IR","    0",",,S","  346",",,S","  290",",,S","  317","H,,S"
"IRM00040845","2011-05-23","29.267","50.267","3.0","KHARG, IR","    0",",,S","  370",",,S","  286",",,S","  323","H,,S"
"IRM00040845","2011-05-24","29.267","50.267","3.0","KHARG, IR","    0",",,S","  348",",,S","  288",",,S","  311","H,,S"
"IRM00040845","2011-05-25","29.267","50.267","3.0","KHARG, IR","    0",",,S","  352",",,S","  278",",,S","  313","H,,S"
"IRM00040845","2011-05-26","29.267","50.267","3.0","KHARG, IR","    0",",,S","  344",",,S","  278",",,S","  313","H,,S"
"IRM00040845","2011-05-27","29.267","50.267","3.0","KHARG, IR","    0",",,S","  348",",,S","  280",",,S","  318","H,,S"
"IRM00040845","2011-05-28","29.267","50.267","3.0","KHARG, IR","    0",",,S","  352",",,S","  280",",,S","  307","H,,S"
"IRM00040845","2011-05-29","29.267","50.267","3.0","KHARG, IR","    0",",,S","  364",",,S","  260",",,S","  313","H,,S"
"IRM00040845","2011-05-30","29.267","50.267","3.0","KHARG, IR","    0",",,S","  360",",,S","  258",",,S","  312","H,,S"
"IRM00040845","2011-05-31","29.267","50.267","3.0","KHARG, IR","    0",",,S","  382",",,S","  272",",,S","  333","H,,S"
"IRM00040845","2011-06-01","29.267","50.267","3.0","KHARG, IR","    0",",,S","  404",",,S","  284",",,S","  358","H,,S"
"IRM00040845","2011-06-02","29.267","50.267","3.0","KHARG, IR","    0",",,S","  394",",,S","  244",",,S","  359","H,,S"
"IRM00040845","2011-06-03","29.267","50.267","3.0","KHARG, IR","    0",",,S","  400",",,S",,,"  323","H,,S"
"IRM00040845","2011-06-04","29.267","50.267","3.0","KHARG, IR",,,"  352",",,S","  296",",,S","  317","H,,S"
"IRM00040845","2011-06-05","29.267","50.267","3.0","KHARG, IR","    0",",,S","  354",",,S","  296",",,S","  320","H,,S"
"IRM00040845","2011-06-06","29.267","50.267","3.0","KHARG, IR","    0",",,S","  404",",,S",,,"  349","H,,S"
"IRM00040845","2011-06-07","29.267","50.267","3.0","KHARG, IR","    0",",,S","  392",",,S","  296",",,S","  343","H,,S"
"IRM00040845","2011-06-08","29.267","50.267","3.0","KHARG, IR","    0",",,S","  390",",,S","  302",",,S","  351","H,,S"
"IRM00040845","2011-06-09","29.267","50.267","3.0","KHARG, IR","    0",",,S","  400",",,S","  306",",,S","  348","H,,S"
"IRM00040845","2011-06-10","29.267","50.267","3.0","KHARG, IR","    0",",,S","  364",",,S","  302",",,S","  332","H,,S"
"IRM00040845","2011-06-11","29.267","50.267","3.0","KHARG, IR","    0",",,S","  370",",,S","  298",",,S","  328","H,,S"
"IRM00040845","2011-06-12","29.267","50.267","3.0","KHARG, IR","    0",",,S","  372",",,S","  302",",,S","  327","H,,S"
"IRM00040845","2011-06-13","29.267","50.267","3.0","KHARG, IR","    0",",,S","  346",",,S","  300",",,S","  320","H,,S"
"IRM00040845","2011-06-14","29.267","50.267","3.0","KHARG, IR","    0",",,S","  350",",,S","  290",",,S","  321","H,,S"
"IRM00040845","2011-06-15","29.267","50.267","3.0","KHARG, IR","    0",",,S","  342",",,S","  294",",,S","  313","H,,S"
"IRM00040845","2011-06-16","29.267","50.267","3.0","KHARG, IR","    0",",,S","  352",",,S","  288",",,S","  315","H,,S"
"IRM00040845","2011-06-17","29.267","50.267","3.0","KHARG, IR","    0",",,S",,,"  288",",,S","  319","H,,S"
"IRM00040845","2011-06-18","29.267","50.267","3.0","KHARG, IR","    0",",,S","  362",",,S","  290",",,S","  323","H,,S"
"IRM00040845","2011-06-19","29.267","50.267","3.0","KHARG, IR","    0",",,S","  374",",,S","  246",",,S","  322","H,,S"
"IRM00040845","2011-06-20","29.267","50.267","3.0","KHARG, IR","    0",",,S","  370",",,S","  294",",,S","  323","H,,S"
"IRM00040845","2011-06-21","29.267","50.267","3.0","KHARG, IR","    0",",,S","  366",",,S","  296",",,S","  329","H,,S"
"IRM00040845","2011-06-22","29.267","50.267","3.0","KHARG, IR","    0",",,S","  368",",,S","  290",",,S","  323","H,,S"
"IRM00040845","2011-06-23","29.267","50.267","3.0","KHARG, IR","    0",",,S","  372",",,S","  266",",,S","  328","H,,S"
"IRM00040845","2011-06-24","29.267","50.267","3.0","KHARG, IR","    0",",,S","  366",",,S","  282",",,S","  330","H,,S"
"IRM00040845","2011-06-25","29.267","50.267","3.0","KHARG, IR","    0",",,S","  396",",,S","  270",",,S","  318","H,,S"
"IRM00040845","2011-06-26","29.267","50.267","3.0","KHARG, IR","    0",",,S",,,,,"  324","H,,S"
"IRM00040845","2011-06-27","29.267","50.267","3.0","KHARG, IR","    0",",,S","  394",",,S",,,"  334","H,,S"
"IRM00040845","2011-06-28","29.267","50.267","3.0","KHARG, IR","    0",",,S",,,"  260",",,S","  340","H,,S"
"IRM00040845","2011-06-29","29.267","50.267","3.0","KHARG, IR","    0",",,S","  384",",,S","  302",",,S","  344","H,,S"
"IRM00040845","2011-06-30","29.267","50.267","3.0","KHARG, IR","    0",",,S","  380",",,S","  306",",,S","  337","H,,S"
"IRM00040845","2011-07-01","29.267","50.267","3.0","KHARG, IR","    0",",,S","  346",",,S","  302",",,S","  322","H,,S"
"IRM00040845","2011-07-02","29.267","50.267","3.0","KHARG, IR",,,"  364",",,S","  300",",,S","  326","H,,S"
"IRM00040845","2011-07-03","29.267","50.267","3.0","KHARG, IR","    0",",,S","  360",",,S","  304",",,S","  323","H,,S"
"IRM00040845","2011-07-04","29.267","50.267","3.0","KHARG, IR","    0",",,S","  354",",,S",,,"  322","H,,S"
"IRM00040845","2011-07-05","29.267","50.267","3.0","KHARG, IR","    0",",,S","  370",",,S",,,"  328","H,,S"
"IRM00040845","2011-07-06","29.267","50.267","3.0","KHARG, IR","    0",",,S","  356",",,S","  288",",,S","  329","H,,S"
"IRM00040845","2011-07-07","29.267","50.267","3.0","KHARG, IR","    0",",,S","  388",",,S","  284",",,S","  341","H,,S"
"IRM00040845","2011-07-08","29.267","50.267","3.0","KHARG, IR","    0",",,S","  390",",,S","  278",",,S","  353","H,,S"
"IRM00040845","2011-07-09","29.267","50.267","3.0","KHARG, IR","    0",",,S","  386",",,S","  298",",,S","  342","H,,S"
"IRM00040845","2011-07-10","29.267","50.267","3.0","KHARG, IR","    0",",,S","  380",",,S","  298",",,S","  341","H,,S"
"IRM00040845","2011-07-11","29.267","50.267","3.0","KHARG, IR","    0",",,S","  398",",,S",,,"  344","H,,S"
"IRM00040845","2011-07-12","29.267","50.267","3.0","KHARG, IR","    0",",,S","  388",",,S",,,"  337","H,,S"
"IRM00040845","2011-07-13","29.267","50.267","3.0","KHARG, IR","    0",",,S","  382",",,S","  290",",,S","  341","H,,S"
"IRM00040845","2011-07-14","29.267","50.267","3.0","KHARG, IR","    0",",,S","  376",",,S","  300",",,S","  340","H,,S"
"IRM00040845","2011-07-15","29.267","50.267","3.0","KHARG, IR","    0",",,S","  440",",,S","  310",",,S","  368","H,,S"
"IRM00040845","2011-07-16","29.267","50.267","3.0","KHARG, IR","    0",",,S","  386",",,S","  334",",,S","  351","H,,S"
"IRM00040845","2011-07-17","29.267","50.267","3.0","KHARG, IR","    0",",,S","  382",",,S","  322",",,S","  352","H,,S"
"IRM00040845","2011-07-18","29.267","50.267","3.0","KHARG, IR","    0",",,S","  404",",,S","  306",",,S","  358","H,,S"
"IRM00040845","2011-07-19","29.267","50.267","3.0","KHARG, IR","    0",",,S","  408",",,S","  290",",,S","  359","H,,S"
"IRM00040845","2011-07-20","29.267","50.267","3.0","KHARG, IR",,,"  410",",,S",,,"  352","H,,S"
"IRM00040845","2011-07-21","29.267","50.267","3.0","KHARG, IR","    0",",,S","  424",",,S","  300",",,S","  361","H,,S"
"IRM00040845","2011-07-22","29.267","50.267","3.0","KHARG, IR","    0",",,S","  404",",,S","  298",",,S","  362","H,,S"
"IRM00040845","2011-07-23","29.267","50.267","3.0","KHARG, IR","    0",",,S","  402",",,S",,,"  358","H,,S"
"IRM00040845","2011-07-24","29.267","50.267","3.0","KHARG, IR","    0",",,S","  396",",,S",,,"  361","H,,S"
"IRM00040845","2011-07-25","29.267","50.267","3.0","KHARG, IR","    0",",,S","  416",",,S",,,"  362","H,,S"
"IRM00040845","2011-07-26","29.267","50.267","3.0","KHARG, IR","    0",",,S","  394",",,S","  316",",,S","  350","H,,S"
"IRM00040845","2011-07-27","29.267","50.267","3.0","KHARG, IR","    0",",,S","  412",",,S",,,"  357","H,,S"
"IRM00040845","2011-07-28","29.267","50.267","3.0","KHARG, IR","    0",",,S","  406",",,S","  312",",,S","  364","H,,S"
"IRM00040845","2011-07-29","29.267","50.267","3.0","KHARG, IR","    0",",,S","  446",",,S",,,"  376","H,,S"
"IRM00040845","2011-07-30","29.267","50.267","3.0","KHARG, IR","    0",",,S","  384",",,S","  296",",,S","  348","H,,S"
"IRM00040845","2011-07-31","29.267","50.267","3.0","KHARG, IR","    0",",,S","  398",",,S","  296",",,S","  364","H,,S"
"IRM00040845","2011-08-01","29.267","50.267","3.0","KHARG, IR","    0",",,S","  406",",,S","  314",",,S","  357","H,,S"
"IRM00040845","2011-08-02","29.267","50.267","3.0","KHARG, IR","    0",",,S","  402",",,S","  312",",,S","  358","H,,S"
"IRM00040845","2011-08-03","29.267","50.267","3.0","KHARG, IR","    0",",,S","  388",",,S","  302",",,S","  344","H,,S"
"IRM00040845","2011-08-04","29.267","50.267","3.0","KHARG, IR","    0",",,S","  388",",,S",,,"  349","H,,S"
"IRM00040845","2011-08-05","29.267","50.267","3.0","KHARG, IR","    0",",,S","  390",",,S","  304",",,S","  349","H,,S"
"IRM00040845","2011-08-06","29.267","50.267","3.0","KHARG, IR","    0",",,S","  372",",,S","  346",",,S","  358","H,,S"
"IRM00040845","2011-08-07","29.267","50.267","3.0","KHARG, IR","    0",",,S","  380",",,S","  306",",,S","  345","H,,S"
"IRM00040845","2011-08-08","29.267","50.267","3.0","KHARG, IR","    0",",,S","  392",",,S","  338",",,S","  366","H,,S"
"IRM00040845","2011-08-09","29.267","50.267","3.0","KHARG, IR","    0",",,S","  380",",,S","  338",",,S","  359","H,,S"
"IRM00040845","2011-08-10","29.267","50.267","3.0","KHARG, IR","    0",",,S","  390",",,S","  320",",,S","  357","H,,S"
"IRM00040845","2011-08-11","29.267","50.267","3.0","KHARG, IR","    0",",,S","  396",",,S","  310",",,S","  352","H,,S"
"IRM00040845","2011-08-12","29.267","50.267","3.0","KHARG, IR","    0",",,S",,,"  288",",,S","  354","H,,S"
"IRM00040845","2011-08-13","29.267","50.267","3.0","KHARG, IR","    0",",,S","  418",",,S","  310",",,S","  358","H,,S"
"IRM00040845","2011-08-14","29.267","50.267","3.0","KHARG, IR","    0",",,S","  394",",,S","  332",",,S","  362","H,,S"
"IRM00040845","2011-08-15","29.267","50.267","3.0","KHARG, IR","    0",",,S","  384",",,S","  340",",,S","  361","H,,S"
"IRM00040845","2011-08-16","29.267","50.267","3.0","KHARG, IR","    0",",,S","  376",",,S",,,"  345","H,,S"
"IRM00040845","2011-08-17","29.267","50.267","3.0","KHARG, IR","    0",",,S","  374",",,S","  330",",,S","  353","H,,S"
"IRM00040845","2011-08-18","29.267","50.267","3.0","KHARG, IR","    0",",,S","  378",",,S",,,"  356","H,,S"
"IRM00040845","2011-08-19","29.267","50.267","3.0","KHARG, IR","    0",",,S","  374",",,S","  322",",,S","  352","H,,S"
"IRM00040845","2011-08-20","29.267","50.267","3.0","KHARG, IR","    0",",,S",,,,,"  347","H,,S"
"IRM00040845","2011-08-21","29.267","50.267","3.0","KHARG, IR","    0",",,S","  376",",,S","  316",",,S","  346","H,,S"
"IRM00040845","2011-08-22","29.267","50.267","3.0","KHARG, IR","    0",",,S","  382",",,S","  310",",,S","  340","H,,S"
"IRM00040845","2011-08-23","29.267","50.267","3.0","KHARG, IR","    0",",,S","  370",",,S","  300",",,S","  339","H,,S"
"IRM00040845","2011-08-24","29.267","50.267","3.0","KHARG, IR","    0",",,S","  380",",,S","  310",",,S","  336","H,,S"
"IRM00040845","2011-08-25","29.267","50.267","3.0","KHARG, IR","    0",",,S",,,,,"  348","H,,S"
"IRM00040845","2011-08-26","29.267","50.267","3.0","KHARG, IR","    0",",,S","  390",",,S","  322",",,S","  353","H,,S"
"IRM00040845","2011-08-27","29.267","50.267","3.0","KHARG, IR","    0",",,S","  388",",,S","  296",",,S","  349","H,,S"
"IRM00040845","2011-08-28","29.267","50.267","3.0","KHARG, IR","    0",",,S","  374",",,S","  338",",,S","  352","H,,S"
"IRM00040845","2011-08-29","29.267","50.267","3.0","KHARG, IR","    0",",,S","  370",",,S","  320",",,S","  352","H,,S"
"IRM00040845","2011-08-30","29.267","50.267","3.0","KHARG, IR","    0",",,S","  380",",,S","  282",",,S","  343","H,,S"
"IRM00040845","2011-08-31","29.267","50.267","3.0","KHARG, IR","    0",",,S","  368",",,S","  280",",,S","  333","H,,S"
"IRM00040845","2011-09-01","29.267","50.267","3.0","KHARG, IR","    0",",,S","  378",",,S","  310",",,S","  346","H,,S"
"IRM00040845","2011-09-02","29.267","50.267","3.0","KHARG, IR","    0",",,S","  364",",,S","  310",",,S","  343","H,,S"
"IRM00040845","2011-09-03","29.267","50.267","3.0","KHARG, IR","    0",",,S","  370",",,S","  330",",,S","  347","H,,S"
"IRM00040845","2011-09-04","29.267","50.267","3.0","KHARG, IR","    0",",,S","  376",",,S",,,"  346","H,,S"
"IRM00040845","2011-09-05","29.267","50.267","3.0","KHARG, IR","    0",",,S","  376",",,S","  270",",,S","  331","H,,S"
"IRM00040845","2011-09-06","29.267","50.267","3.0","KHARG, IR","    0",",,S","  388",",,S","  320",",,S","  352","H,,S"
"IRM00040845","2011-09-07","29.267","50.267","3.0","KHARG, IR","    0",",,S","  382",",,S","  336",",,S","  356","H,,S"
"IRM00040845","2011-09-08","29.267","50.267","3.0","KHARG, IR","    0",",,S","  372",",,S","  320",",,S","  348","H,,S"
"IRM00040845","2011-09-09","29.267","50.267","3.0","KHARG, IR","    0",",,S","  358",",,S","  322",",,S","  336","H,,S"
"IRM00040845","2011-09-10","29.267","50.267","3.0","KHARG, IR","    0",",,S","  384",",,S","  300",",,S","  344","H,,S"
"IRM00040845","2011-09-11","29.267","50.267","3.0","KHARG, IR","    0",",,S","  370",",,S","  322",",,S","  343","H,,S"
"IRM00040845","2011-09-12","29.267","50.267","3.0","KHARG, IR","    0",",,S","  358",",,S","  314",",,S","  335","H,,S"
"IRM00040845","2011-09-13","29.267","50.267","3.0","KHARG, IR","    0",",,S","  348",",,S","  318",",,S","  333","H,,S"
"IRM00040845","2011-09-14","29.267","50.267","3.0","KHARG, IR","    0",",,S",,,"  310",",,S","  327","H,,S"
"IRM00040845","2011-09-15","29.267","50.267","3.0","KHARG, IR","    0",",,S","  350",",,S","  314",",,S","  335","H,,S"
"IRM00040845","2011-09-16","29.267","50.267","3.0","KHARG, IR","    0",",,S","  354",",,S","  312",",,S","  335","H,,S"
"IRM00040845","2011-09-17","29.267","50.267","3.0","KHARG, IR",,,"  354",",,S","  306",",,S","  328","H,,S"
"IRM00040845","2011-09-18","29.267","50.267","3.0","KHARG, IR","    0",",,S",,,"  262",",,S","  316","H,,S"
"IRM00040845","2011-09-19","29.267","50.267","3.0","KHARG, IR","    0",",,S","  354",",,S","  260",",,S","  314","H,,S"
"IRM00040845","2011-09-20","29.267","50.267","3.0","KHARG, IR","    0",",,S","  346",",,S","  286",",,S","  317","H,,S"
"IRM00040845","2011-09-21","29.267","50.267","3.0","KHARG, IR","    0",",,S","  362",",,S","  280",",,S","  323","H,,S"
"IRM00040845","2011-09-22","29.267","50.267","3.0","KHARG, IR","    0",",,S","  366",",,S","  272",",,S","  322","H,,S"
"IRM00040845","2011-09-23","29.267","50.267","3.0","KHARG, IR","    0",",,S","  350",",,S","  270",",,S","  318","H,,S"
"IRM00040845","2011-09-24","29.267","50.267","3.0","KHARG, IR","    0",",,S","  376",",,S","  280",",,S","  327","H,,S"
"IRM00040845","2011-09-25","29.267","50.267","3.0","KHARG, IR","    0",",,S","  374",",,S",,,"  337","H,,S"
"IRM00040845","2011-09-26","29.267","50.267","3.0","KHARG, IR","    0",",,S","  372",",,S","  310",",,S","  340","H,,S"
"IRM00040845","2011-09-27","29.267","50.267","3.0","KHARG, IR","    0",",,S","  366",",,S","  320",",,S","  346","H,,S"
"IRM00040845","2011-09-28","29.267","50.267","3.0","KHARG, IR","    0",",,S","  386",",,S","  316",",,S","  347","H,,S"
"IRM00040845","2011-09-29","29.267","50.267","3.0","KHARG, IR","    0",",,S","  354",",,S","  292",",,S","  325","H,,S"
"IRM00040845","2011-09-30","29.267","50.267","3.0","KHARG, IR","    0",",,S","  352",",,S","  284",",,S","  317","H,,S"
"IRM00040845","2011-10-01","29.267","50.267","3.0","KHARG, IR","    0",",,S","  368",",,S","  292",",,S","  327","H,,S"
"IRM00040845","2011-10-02","29.267","50.267","3.0","KHARG, IR","    0",",,S","  350",",,S","  300",",,S","  325","H,,S"
"IRM00040845","2011-10-03","29.267","50.267","3.0","KHARG, IR","    0",",,S","  334",",,S","  304",",,S","  318","H,,S"
"IRM00040845","2011-10-04","29.267","50.267","3.0","KHARG, IR","    0",",,S","  338",",,S","  296",",,S","  314","H,,S"
"IRM00040845","2011-10-05","29.267","50.267","3.0","KHARG, IR","    0",",,S","  310",",,S",,,"  288","H,,S"
"IRM00040845","2011-10-06","29.267","50.267","3.0","KHARG, IR","    0",",,S","  304",",,S","  268",",,S","  284","H,,S"
"IRM00040845","2011-10-07","29.267","50.267","3.0","KHARG, IR","    0",",,S","  314",",,S","  228",",,S","  291","H,,S"
"IRM00040845","2011-10-08","29.267","50.267","3.0","KHARG, IR","    0",",,S","  326",",,S","  220",",,S","  279","H,,S"
"IRM00040845","2011-10-09","29.267","50.267","3.0","KHARG, IR","    0",",,S","  332",",,S","  250",",,S","  297","H,,S"
"IRM00040845","2011-10-10","29.267","50.267","3.0","KHARG, IR","    0",",,S","  316",",,S","  286",",,S","  299","H,,S"
"IRM00040845","2011-10-11","29.267","50.267","3.0","KHARG, IR","    0",",,S","  320",",,S","  250",",,S","  286","H,,S"
"IRM00040845","2011-10-12","29.267","50.267","3.0","KHARG, IR","    0",",,S","  314",",,S","  242",",,S","  287","H,,S"
"IRM00040845","2011-10-13","29.267","50.267","3.0","KHARG, IR","    0",",,S","  310",",,S",,,"  289","H,,S"
"IRM00040845","2011-10-14","29.267","50.267","3.0","KHARG, IR","    0",",,S","  316",",,S","  242",",,S","  296","H,,S"
"IRM00040845","2011-10-15","29.267","50.267","3.0","KHARG, IR","    0",",,S","  324",",,S","  284",",,S","  304","H,,S"
"IRM00040845","2011-10-16","29.267","50.267","3.0","KHARG, IR","    0",",,S","  320",",,S","  254",",,S","  297","H,,S"
"IRM00040845","2011-10-17","29.267","50.267","3.0","KHARG, IR","    0",",,S","  324",",,S","  258",",,S","  299","H,,S"
"IRM00040845","2011-10-18","29.267","50.267","3.0","KHARG, IR","    0",",,S","  320",",,S","  274",",,S","  302","H,,S"
"IRM00040845","2011-10-19","29.267","50.267","3.0","KHARG, IR","    0",",,S",,,,,"  297","H,,S"
"IRM00040845","2011-10-20","29.267","50.267","3.0","KHARG, IR","    0",",,S","  320",",,S","  268",",,S","  303","H,,S"
"IRM00040845","2011-10-21","29.267","50.267","3.0","KHARG, IR","    0",",,S","  264",",,S",,,"  249","H,,S"
"IRM00040845","2011-10-22","29.267","50.267","3.0","KHARG, IR","    0",",,S","  264",",,S","  226",",,S","  243","H,,S"
"IRM00040845","2011-10-23","29.267","50.267","3.0","KHARG, IR","    0",",,S","  286",",,S","  240",",,S","  262","H,,S"
"IRM00040845","2011-10-24","29.267","50.267","3.0","KHARG, IR","    0",",,S","  296",",,S","  210",",,S","  264","H,,S"
"IRM00040845","2011-10-25","29.267","50.267","3.0","KHARG, IR","    0",",,S","  302",",,S","  216",",,S","  263","H,,S"
"IRM00040845","2011-10-26","29.267","50.267","3.0","KHARG, IR","    0",",,S","  294",",,S","  234",",,S","  272","H,,S"
"IRM00040845","2011-10-27","29.267","50.267","3.0","KHARG, IR","    0",",,S","  308",",,S","  268",",,S","  284","H,,S"
"IRM00040845","2011-10-28","29.267","50.267","3.0","KHARG, IR","    0",",,S","  300",",,S","  250",",,S","  279","H,,S"
"IRM00040845","2011-10-29","29.267","50.267","3.0","KHARG, IR","    0",",,S","  306",",,S","  248",",,S","  278","H,,S"
"IRM00040845","2011-10-30","29.267","50.267","3.0","KHARG, IR","    0",",,S","  300",",,S",,,"  281","H,,S"
"IRM00040845","2011-10-31","29.267","50.267","3.0","KHARG, IR","    0",",,S","  276",",,S","  246",",,S","  261","H,,S"
"IRM00040845","2011-11-01","29.267","50.267","3.0","KHARG, IR","    0",",,S","  284",",,S","  248",",,S","  264","H,,S"
"IRM00040845","2011-11-02","29.267","50.267","3.0","KHARG, IR","    0",",,S","  272",",,S","  246",",,S","  258","H,,S"
"IRM00040845","2011-11-03","29.267","50.267","3.0","KHARG, IR","    0",",,S","  242",",,S","  216",",,S","  227","H,,S"
"IRM00040845","2011-11-04","29.267","50.267","3.0","KHARG, IR","    0",",,S","  266",",,S","  222",",,S","  243","H,,S"
"IRM00040845","2011-11-05","29.267","50.267","3.0","KHARG, IR","    0",",,S","  282",",,S","  216",",,S","  256","H,,S"
"IRM00040845","2011-11-06","29.267","50.267","3.0","KHARG, IR","    0",",,S","  254",",,S",,,"  238","H,,S"
"IRM00040845","2011-11-07","29.267","50.267","3.0","KHARG, IR","    3",",,S","  230",",,S",,,"  215","H,,S"
"IRM00040845","2011-11-08","29.267","50.267","3.0","KHARG, IR","    0",",,S","  224",",,S",,,"  206","H,,S"
"IRM00040845","2011-11-09","29.267","50.267","3.0","KHARG, IR","    0",",,S","  222",",,S","  192",",,S","  207","H,,S"
"IRM00040845","2011-11-10","29.267","50.267","3.0","KHARG, IR","    0",",,S","  204",",,S","  170",",,S","  191","H,,S"
"IRM00040845","2011-11-11","29.267","50.267","3.0","KHARG, IR","    0",",,S","  230",",,S","  190",",,S","  217","H,,S"
"IRM00040845","2011-11-12","29.267","50.267","3.0","KHARG, IR","    0",",,S","  250",",,S","  160",",,S","  214","H,,S"
"IRM00040845","2011-11-13","29.267","50.267","3.0","KHARG, IR","    0",",,S","  256",",,S","  206",",,S","  233","H,,S"
"IRM00040845","2011-11-14","29.267","50.267","3.0","KHARG, IR","    0",",,S","  268",",,S","  210",",,S","  239","H,,S"
"IRM00040845","2011-11-15","29.267","50.267","3.0","KHARG, IR","    0",",,S","  284",",,S","  220",",,S","  251","H,,S"
"IRM00040845","2011-11-16","29.267","50.267","3.0","KHARG, IR","    0",",,S","  280",",,S","  226",",,S","  256","H,,S"
"IRM00040845","2011-11-17","29.267","50.267","3.0","KHARG, IR","    0",",,S","  270",",,S",,,"  247","H,,S"
"IRM00040845","2011-11-18","29.267","50.267","3.0","KHARG, IR","   25",",,S","  248",",,S",,,"  236","H,,S"
"IRM00040845","2011-11-19","29.267","50.267","3.0","KHARG, IR","    0",",,S","  274",",,S","  210",",,S","  244","H,,S"
"IRM00040845","2011-11-20","29.267","50.267","3.0","KHARG, IR","    0",",,S","  280",",,S","  215",",,S","  262","H,,S"
"IRM00040845","2011-11-21","29.267","50.267","3.0","KHARG, IR","  140",",,S","  250",",,S","  218",",,S","  227","H,,S"
"IRM00040845","2011-11-22","29.267","50.267","3.0","KHARG, IR","  107",",,S","  224",",,S",,,"  201","H,,S"
"IRM00040845","2011-11-23","29.267","50.267","3.0","KHARG, IR","   64",",,S","  214",",,S","  180",",,S","  189","H,,S"
"IRM00040845","2011-11-24","29.267","50.267","3.0","KHARG, IR","    0",",,S","  206",",,S","  178",",,S","  185","H,,S"
"IRM00040845","2011-11-25","29.267","50.267","3.0","KHARG, IR","    0",",,S","  194",",,S","  170",",,S","  183","H,,S"
"IRM00040845","2011-11-26","29.267","50.267","3.0","KHARG, IR","    0",",,S","  206",",,S",,,"  186","H,,S"
"IRM00040845","2011-11-27","29.267","50.267","3.0","KHARG, IR","    0",",,S","  210",",,S","  190",",,S","  196","H,,S"
"IRM00040845","2011-11-28","29.267","50.267","3.0","KHARG, IR","    0",",,S","  186",",,S",,,"  173","H,,S"
"IRM00040845","2011-11-29","29.267","50.267","3.0","KHARG, IR","    0",",,S","  184",",,S",,,"  158","H,,S"
"IRM00040845","2011-11-30","29.267","50.267","3.0","KHARG, IR","  109",",,S","  176",",,S",,,"  162","H,,S"
"IRM00040845","2011-12-01","29.267","50.267","3.0","KHARG, IR","    0",",,S","  180",",,S",,,"  166","H,,S"
"IRM00040845","2011-12-02","29.267","50.267","3.0","KHARG, IR","    0",",,S","  188",",,S",,,"  174","H,,S"
"IRM00040845","2011-12-03","29.267","50.267","3.0","KHARG, IR","    0",",,S","  180",",,S",,,"  169","H,,S"
"IRM00040845","2011-12-04","29.267","50.267","3.0","KHARG, IR","    0",",,S","  176",",,S",,,"  164","H,,S"
"IRM00040845","2011-12-05","29.267","50.267","3.0","KHARG, IR","    0",",,S","  174",",,S","  146",",,S","  163","H,,S"
"IRM00040845","2011-12-06","29.267","50.267","3.0","KHARG, IR","    0",",,S","  190",",,S","  160",",,S","  181","H,,S"
"IRM00040845","2011-12-07","29.267","50.267","3.0","KHARG, IR","    0",",,S","  190",",,S","  164",",,S","  181","H,,S"
"IRM00040845","2011-12-08","29.267","50.267","3.0","KHARG, IR","    0",",,S","  202",",,S",,,"  179","H,,S"
"IRM00040845","2011-12-09","29.267","50.267","3.0","KHARG, IR",,,,,,,"  181","H,,S"
"IRM00040845","2011-12-10","29.267","50.267","3.0","KHARG, IR","    0",",,S","  208",",,S","  116",",,S","  182","H,,S"
"IRM00040845","2011-12-11","29.267","50.267","3.0","KHARG, IR","    0",",,S","  190",",,S",,,"  174","H,,S"
"IRM00040845","2011-12-12","29.267","50.267","3.0","KHARG, IR","    0",",,S","  164",",,S","  130",",,S","  144","H,,S"
"IRM00040845","2011-12-13","29.267","50.267","3.0","KHARG, IR","    0",",,S","  166",",,S","  146",",,S","  158","H,,S"
"IRM00040845","2011-12-14","29.267","50.267","3.0","KHARG, IR","    0",",,S","  180",",,S",,,"  171","H,,S"
"IRM00040845","2011-12-15","29.267","50.267","3.0","KHARG, IR","    0",",,S","  194",",,S",,,"  180","H,,S"
"IRM00040845","2011-12-16","29.267","50.267","3.0","KHARG, IR","    0",",,S","  226",",,S","  140",",,S","  192","H,,S"
"IRM00040845","2011-12-17","29.267","50.267","3.0","KHARG, IR","    0",",,S","  210",",,S","  162",",,S","  191","H,,S"
"IRM00040845","2011-12-18","29.267","50.267","3.0","KHARG, IR","    0",",,S","  204",",,S","  180",",,S","  192","H,,S"
"IRM00040845","2011-12-19","29.267","50.267","3.0","KHARG, IR","    0",",,S","  178",",,S",,,"  169","H,,S"
"IRM00040845","2011-12-20","29.267","50.267","3.0","KHARG, IR","    0",",,S","  198",",,S","  168",",,S","  184","H,,S"
"IRM00040845","2011-12-21","29.267","50.267","3.0","KHARG, IR","    0",",,S","  202",",,S","  130",",,S","  176","H,,S"
"IRM00040845","2011-12-22","29.267","50.267","3.0","KHARG, IR","    0",",,S","  202",",,S","  158",",,S","  188","H,,S"
"IRM00040845","2011-12-23","29.267","50.267","3.0","KHARG, IR","    0",",,S","  206",",,S","  130",",,S","  172","H,,S"
"IRM00040845","2011-12-24","29.267","50.267","3.0","KHARG, IR","    0",",,S","  206",",,S","  136",",,S","  181","H,,S"
"IRM00040845","2011-12-25","29.267","50.267","3.0","KHARG, IR","    0",",,S","  220",",,S","  168",",,S","  196","H,,S"
"IRM00040845","2011-12-26","29.267","50.267","3.0","KHARG, IR","    0",",,S","  200",",,S","  176",",,S","  189","H,,S"
"IRM00040845","2011-12-27","29.267","50.267","3.0","KHARG, IR","    0",",,S",,,"  158",",,S","  171","H,,S"
"IRM00040845","2011-12-28","29.267","50.267","3.0","KHARG, IR","    0",",,S","  170",",,S",,,"  151","H,,S"
"IRM00040845","2011-12-29","29.267","50.267","3.0","KHARG, IR","    0",",,S","  168",",,S","  108",",,S","  153","H,,S"
"IRM00040845","2011-12-30","29.267","50.267","3.0","KHARG, IR","    0",",,S","  182",",,S","  158",",,S","  173","H,,S"
"IRM00040845","2011-12-31","29.267","50.267","3.0","KHARG, IR","    0",",,S","  200",",,S",,,"  179","H,,S"
"IRM00040845","2012-01-01","29.267","50.267","3.0","KHARG, IR","    0",",,S","  224",",,S","  154",",,S","  193","H,,S"
"IRM00040845","2012-01-02","29.267","50.267","3.0","KHARG, IR","    0",",,S","  214",",,S",,,"  194","H,,S"
"IRM00040845","2012-01-03","29.267","50.267","3.0","KHARG, IR","    0",",,S","  184",",,S","  168",",,S","  175","H,,S"
"IRM00040845","2012-01-04","29.267","50.267","3.0","KHARG, IR",,,,,"  150",",,S","  155","H,,S"
"IRM00040845","2012-01-05","29.267","50.267","3.0","KHARG, IR","    0",",,S","  168",",,S","  150",",,S","  158","H,,S"
"IRM00040845","2012-01-06","29.267","50.267","3.0","KHARG, IR","    0",",,S","  194",",,S",,,"  173","H,,S"
"IRM00040845","2012-01-07","29.267","50.267","3.0","KHARG, IR","    0",",,S","  208",",,S","  170",",,S","  190","H,,S"
"IRM00040845","2012-01-08","29.267","50.267","3.0","KHARG, IR","   10",",,S","  220",",,S","  176",",,S","  199","H,,S"
"IRM00040845","2012-01-09","29.267","50.267","3.0","KHARG, IR","   53",",,S","  226",",,S",,,"  198","H,,S"
"IRM00040845","2012-01-10","29.267","50.267","3.0","KHARG, IR","    0",",,S","  202",",,S","  160",",,S","  185","H,,S"
"IRM00040845","2012-01-11","29.267","50.267","3.0","KHARG, IR","    0",",,S","  212",",,S",,,"  194","H,,S"
"IRM00040845","2012-01-12","29.267","50.267","3.0","KHARG, IR","   89",",,S","  208",",,S",,,"  192","H,,S"
"IRM00040845","2012-01-13","29.267","50.267","3.0","KHARG, IR","   25",",,S",,,,,"  177","H,,S"
"IRM00040845","2012-01-14","29.267","50.267","3.0","KHARG, IR","   61",",,S","  174",",,S","  156",",,S","  166","H,,S"
"IRM00040845","2012-01-15","29.267","50.267","3.0","KHARG, IR","    0",",,S","  164",",,S","  150",",,S","  156","H,,S"
"IRM00040845","2012-01-16","29.267","50.267","3.0","KHARG, IR","    0",",,S","  170",",,S","  148",",,S","  158","H,,S"
"IRM00040845","2012-01-17","29.267","50.267","3.0","KHARG, IR","    0",",,S","  174",",,S","  148",",,S","  163","H,,S"
"IRM00040845","2012-01-18","29.267","50.267","3.0","KHARG, IR","    0",",,S","  184",",,S","  158",",,S","  175","H,,S"
"IRM00040845","2012-01-19","29.267","50.267","3.0","KHARG, IR","    0",",,S","  186",",,S","  158",",,S","  174","H,,S"
"IRM00040845","2012-01-20","29.267","50.267","3.0","KHARG, IR","    0",",,S","  180",",,S","  160",",I,S","  169","H,,S"
"IRM00040845","2012-01-21","29.267","50.267","3.0","KHARG, IR","    0",",,S","  100",",I,S",,,"   90","H,,S"
"IRM00040845","2012-01-22","29.267","50.267","3.0","KHARG, IR","    0",",,S","  114",",,S","   70",",,S","  102","H,,S"
"IRM00040845","2012-01-23","29.267","50.267","3.0","KHARG, IR","    0",",,S","  144",",,S",,,"  126","H,,S"
"IRM00040845","2012-01-24","29.267","50.267","3.0","KHARG, IR","    0",",,S","  150",",,S","  118",",,S","  138","H,,S"
"IRM00040845","2012-01-25","29.267","50.267","3.0","KHARG, IR","    0",",,S","  160",",,S","  130",",,S","  148","H,,S"
"IRM00040845","2012-01-26","29.267","50.267","3.0","KHARG, IR","    0",",,S","  176",",,S","  148",",,S","  162","H,,S"
"IRM00040845","2012-01-27","29.267","50.267","3.0","KHARG, IR","    0",",,S","  214",",,S","  104",",,S","  168","H,,S"
"IRM00040845","2012-01-28","29.267","50.267","3.0","KHARG, IR","    0",",,S","  204",",,S","  148",",,S","  183","H,,S"
"IRM00040845","2012-01-29","29.267","50.267","3.0","KHARG, IR","    0",",,S","  176",",,S","  150",",,S","  166","H,,S"
"IRM00040845","2012-01-30","29.267","50.267","3.0","KHARG, IR","    0",",,S","  174",",,S","  150",",,S","  161","H,,S"
"IRM00040845","2012-01-31","29.267","50.267","3.0","KHARG, IR","    0",",,S","  172",",,S","  112",",,S","  160","H,,S"
"IRM00040845","2012-02-01","29.267","50.267","3.0","KHARG, IR","   74",",,S","  192",",,S","  148",",,S","  180","H,,S"
"IRM00040845","2012-02-02","29.267","50.267","3.0","KHARG, IR","   84",",,S","  172",",,S",,,"  157","H,,S"
"IRM00040845","2012-02-03","29.267","50.267","3.0","KHARG, IR","    0",",,S","  122",",,S",,,"  117","H,,S"
"IRM00040845","2012-02-04","29.267","50.267","3.0","KHARG, IR","    0",",,S","  150",",,S",,,"  137","H,,S"
"IRM00040845","2012-02-05","29.267","50.267","3.0","KHARG, IR","    0",",,S","  164",",,S",,,"  150","H,,S"
"IRM00040845","2012-02-06","29.267","50.267","3.0","KHARG, IR","    0",",,S","  166",",,S","   92",",,S","  145","H,,S"
"IRM00040845","2012-02-07","29.267","50.267","3.0","KHARG, IR","    0",",,S","  168",",,S","   98",",,S","  147","H,,S"
"IRM00040845","2012-02-08","29.267","50.267","3.0","KHARG, IR","    0",",,S","  188",",,S","  130",",,S","  167","H,,S"
"IRM00040845","2012-02-09","29.267","50.267","3.0","KHARG, IR","    0",",,S","  212",",,S","  160",",,S","  184","H,,S"
"IRM00040845","2012-02-10","29.267","50.267","3.0","KHARG, IR","    0",",,S","  210",",,S","  174",",,S","  194","H,,S"
"IRM00040845","2012-02-11","29.267","50.267","3.0","KHARG, IR","    0",",,S","  170",",,S","  160",",,S","  162","H,,S"
"IRM00040845","2012-02-12","29.267","50.267","3.0","KHARG, IR","    0",",,S","  164",",,S",,,"  149","H,,S"
"IRM00040845","2012-02-13","29.267","50.267","3.0","KHARG, IR","    0",",,S","  158",",,S",,,"  143","H,,S"
"IRM00040845","2012-02-14","29.267","50.267","3.0","KHARG, IR","    0",",,S","  178",",,S",,,"  159","H,,S"
"IRM00040845","2012-02-15","29.267","50.267","3.0","KHARG, IR","    0",",,S","  186",",,S","  130",",,S","  163","H,,S"
"IRM00040845","2012-02-16","29.267","50.267","3.0","KHARG, IR","    0",",,S",,,"  170",",,S","  188","H,,S"
"IRM00040845","2012-02-17","29.267","50.267","3.0","KHARG, IR","    3",",,S","  184",",,S","  160",",,S","  171","H,,S"
"IRM00040845","2012-02-18","29.267","50.267","3.0","KHARG, IR","    0",",,S","  212",",,S","  160",",,S","  184","H,,S"
"IRM00040845","2012-02-19","29.267","50.267","3.0","KHARG, IR","    0",",,S","  174",",,S","  160",",,S","  166","H,,S"
"IRM00040845","2012-02-20","29.267","50.267","3.0","KHARG, IR","    0",",,S","  164",",,S","   86",",,S","  151","H,,S"
"IRM00040845","2012-02-21","29.267","50.267","3.0","KHARG, IR","    0",",,S","  160",",,S","  130",",,S","  143","H,,S"
"IRM00040845","2012-02-22","29.267","50.267","3.0","KHARG, IR","    0",",,S","  160",",,S","  138",",,S","  152","H,,S"
"IRM00040845","2012-02-23","29.267","50.267","3.0","KHARG, IR","    0",",,S","  172",",,S","  110",",,S","  155","H,,S"
"IRM00040845","2012-02-24","29.267","50.267","3.0","KHARG, IR","    0",",,S","  198",",,S","  142",",,S","  173","H,,S"
"IRM00040845","2012-02-25","29.267","50.267","3.0","KHARG, IR","    0",",,S","  184",",,S","  134",",,S","  163","H,,S"
"IRM00040845","2012-02-26","29.267","50.267","3.0","KHARG, IR","  211",",,S","  150",",,S",,,"  137","H,,S"
"IRM00040845","2012-02-27","29.267","50.267","3.0","KHARG, IR","    0",",,S","  170",",,S","  140",",,S","  157","H,,S"
"IRM00040845","2012-02-28","29.267","50.267","3.0","KHARG, IR","    0",",,S","  202",",,S","  132",",,S","  171","H,,S"
"IRM00040845","2012-02-29","29.267","50.267","3.0","KHARG, IR","    0",",,S","  208",",,S","  144",",,S","  179","H,,S"
"IRM00040845","2012-03-01","29.267","50.267","3.0","KHARG, IR","    0",",,S",,,"  166",",,S","  201","H,,S"
"IRM00040845","2012-03-02","29.267","50.267","3.0","KHARG, IR","    0",",,S","  212",",,S","  158",",I,S","  183","H,,S"
"IRM00040845","2012-03-03","29.267","50.267","3.0","KHARG, IR","    0",",,S","  144",",I,S",,,"  139","H,,S"
"IRM00040845","2012-03-04","29.267","50.267","3.0","KHARG, IR","    0",",,S","  154",",,S","  120",",,S","  139","H,,S"
"IRM00040845","2012-03-05","29.267","50.267","3.0","KHARG, IR","    0",",,S","  182",",,S","  110",",,S","  157","H,,S"
"IRM00040845","2012-03-06","29.267","50.267","3.0","KHARG, IR","    0",",,S","  162",",,S","  120",",,S","  139","H,,S"
"IRM00040845","2012-03-07","29.267","50.267","3.0","KHARG, IR","    0",",,S","  180",",,S","  138",",,S","  158","H,,S"
"IRM00040845","2012-03-08","29.267","50.267","3.0","KHARG, IR","    0",",,S","  204",",,S","  150",",,S","  179","H,,S"
"IRM00040845","2012-03-09","29.267","50.267","3.0","KHARG, IR","    0",",,S","  214",",,S","  160",",,S","  182","H,,S"
"IRM00040845","2012-03-10","29.267","50.267","3.0","KHARG, IR","    0",",,S","  202",",,S","  160",",,S","  174","H,,S"
"IRM00040845","2012-03-11","29.267","50.267","3.0","KHARG, IR","    0",",,S","  176",",,S","  160",",,S","  166","H,,S"
"IRM00040845","2012-03-12","29.267","50.267","3.0","KHARG, IR","    0",",,S","  204",",,S","  150",",,S","  175","H,,S"
"IRM00040845","2012-03-13","29.267","50.267","3.0","KHARG, IR","    0",",,S","  254",",,S","  140",",,S","  208","H,,S"
"IRM00040845","2012-03-14","29.267","50.267","3.0","KHARG, IR","    0",",,S","  250",",,S","  180",",,S","  221","H,,S"
"IRM00040845","2012-03-15","29.267","50.267","3.0","KHARG, IR","    0",",,S","  260",",,S","  190",",,S","  227","H,,S"
"IRM00040845","2012-03-16","29.267","50.267","3.0","KHARG, IR","    0",",,S","  196",",,S","  170",",,S","  184","H,,S"
"IRM00040845","2012-03-17","29.267","50.267","3.0","KHARG, IR","    0",",,S",,,,,"  190","H,,S"
"IRM00040845","2012-03-18","29.267","50.267","3.0","KHARG, IR","    0",",,S","  140",",,S",,,"  122","H,,S"
"IRM00040845","2012-03-19","29.267","50.267","3.0","KHARG, IR","    0",",,S","  168",",,S","  126",",,S","  145","H,,S"
"IRM00040845","2012-03-20","29.267","50.267","3.0","KHARG, IR","    0",",,S","  204",",,S","  102",",,S","  171","H,,S"
"IRM00040845","2012-03-21","29.267","50.267","3.0","KHARG, IR","    0",",,S","  200",",,S","  128",",,S","  168","H,,S"
"IRM00040845","2012-03-22","29.267","50.267","3.0","KHARG, IR","    0",",,S","  216",",,S","  122",",,S","  175","H,,S"
"IRM00040845","2012-03-23","29.267","50.267","3.0","KHARG, IR",,,"  216",",,S","  150",",,S","  188","H,,S"
"IRM00040845","2012-03-24","29.267","50.267","3.0","KHARG, IR","    0",",,S","  214",",,S","  154",",,S","  189","H,,S"
"IRM00040845","2012-03-25","29.267","50.267","3.0","KHARG, IR","    0",",,S","  236",",,S",,,"  196","H,,S"
"IRM00040845","2012-03-26","29.267","50.267","3.0","KHARG, IR","    0",",,S","  220",",,S","  170",",,S","  194","H,,S"
"IRM00040845","2012-03-27","29.267","50.267","3.0","KHARG, IR","    0",",,S","  226",",,S","  140",",,S","  189","H,,S"
"IRM00040845","2012-03-28","29.267","50.267","3.0","KHARG, IR","    0",",,S",,,"  188",",,S","  212","H,,S"
"IRM00040845","2012-03-29","29.267","50.267","3.0","KHARG, IR","   10",",,S","  260",",,S","  190",",,S","  219","H,,S"
"IRM00040845","2012-03-30","29.267","50.267","3.0","KHARG, IR","    0",",,S","  260",",,S","  194",",,S","  228","H,,S"
"IRM00040845","2012-03-31","29.267","50.267","3.0","KHARG, IR","   10",",,S","  220",",,S","  180",",,S","  197","H,,S"
"IRM00040845","2012-04-01","29.267","50.267","3.0","KHARG, IR","    0",",,S","  262",",,S","  150",",,S","  214","H,,S"
"IRM00040845","2012-04-02","29.267","50.267","3.0","KHARG, IR","    0",",,S","  256",",,S","  160",",,S","  218","H,,S"
"IRM00040845","2012-04-03","29.267","50.267","3.0","KHARG, IR","    0",",,S","  306",",,S","  188",",,S","  258","H,,S"
"IRM00040845","2012-04-04","29.267","50.267","3.0","KHARG, IR","    5",",,S","  272",",,S",,,"  246","H,,S"
"IRM00040845","2012-04-05","29.267","50.267","3.0","KHARG, IR","    0",",,S","  302",",,S","  204",",,S","  261","H,,S"
"IRM00040845","2012-04-06","29.267","50.267","3.0","KHARG, IR","    0",",,S","  254",",,S","  220",",,S","  236","H,,S"
"IRM00040845","2012-04-07","29.267","50.267","3.0","KHARG, IR","    0",",,S","  276",",,S","  208",",,S","  237","H,,S"
"IRM00040845","2012-04-08","29.267","50.267","3.0","KHARG, IR","    0",",,S","  290",",,S","  175",",,S","  243","H,,S"
"IRM00040845","2012-04-09","29.267","50.267","3.0","KHARG, IR","    0",",,S",,,"  186",",,S","  245","H,,S"
"IRM00040845","2012-04-10","29.267","50.267","3.0","KHARG, IR","    0",",,S","  312",",,S","  190",",,S","  261","H,,S"
"IRM00040845","2012-04-11","29.267","50.267","3.0","KHARG, IR","    0",",,S",,,"  210",",,S","  275","H,,S"
"IRM00040845","2012-04-12","29.267","50.267","3.0","KHARG, IR","    0",",,S","  290",",,S","  206",",,S","  241","H,,S"
"IRM00040845","2012-04-13","29.267","50.267","3.0","KHARG, IR","   15",",,S","  246",",,S","  206",",,S","  229","H,,S"
"IRM00040845","2012-04-14","29.267","50.267","3.0","KHARG, IR","   71",",,S","  260",",,S","  170",",,S","  227","H,,S"
"IRM00040845","2012-04-15","29.267","50.267","3.0","KHARG, IR","    0",",,S","  285",",,S","  170",",,S","  227","H,,S"
"IRM00040845","2012-04-16","29.267","50.267","3.0","KHARG, IR","    0",",,S","  286",",,S","  190",",,S","  237","H,,S"
"IRM00040845","2012-04-17","29.267","50.267","3.0","KHARG, IR","    0",",,S","  284",",,S","  150",",,S","  238","H,,S"
"IRM00040845","2012-04-18","29.267","50.267","3.0","KHARG, IR","    0",",,S","  262",",,S","  210",",,S","  241","H,,S"
"IRM00040845","2012-04-19","29.267","50.267","3.0","KHARG, IR","    0",",,S","  278",",,S","  218",",,S","  246","H,,S"
"IRM00040845","2012-04-20","29.267","50.267","3.0","KHARG, IR","    0",",,S","  278",",,S","  200",",,S","  247","H,,S"
"IRM00040845","2012-04-21","29.267","50.267","3.0","KHARG, IR","    0",",,S","  264",",,S","  200",",,S","  238","H,,S"
"IRM00040845","2012-04-22","29.267","50.267","3.0","KHARG, IR","    0",",,S",,,"  220",",,S","  246","H,,S"
"IRM00040845","2012-04-23","29.267","50.267","3.0","KHARG, IR","    0",",,S","  286",",,S","  188",",,S","  248","H,,S"
"IRM00040845","2012-04-24","29.267","50.267","3.0","KHARG, IR","    0",",,S","  306",",,S",,,"  262","H,,S"
"IRM00040845","2012-04-25","29.267","50.267","3.0","KHARG, IR","    0",",,S","  288",",,S",,,"  254","H,,S"
"IRM00040845","2012-04-26","29.267","50.267","3.0","KHARG, IR","    0",",,S","  304",",,S","  220",",,S","  264","H,,S"
"IRM00040845","2012-04-27","29.267","50.267","3.0","KHARG, IR","    0",",,S","  316",",,S","  214",",,S","  268","H,,S"
"IRM00040845","2012-04-28","29.267","50.267","3.0","KHARG, IR","    0",",,S","  352",",,S",,,"  288","H,,S"
"IRM00040845","2012-04-29","29.267","50.267","3.0","KHARG, IR","    0",",,S","  372",",,S","  262",",,S","  322","H,,S"
"IRM00040845","2012-04-30","29.267","50.267","3.0","KHARG, IR","    0",",,S","  306",",,S","  262",",,S","  282","H,,S"
"IRM00040845","2012-05-01","29.267","50.267","3.0","KHARG, IR","    0",",,S","  372",",,S",,,"  313","H,,S"
"IRM00040845","2012-05-02","29.267","50.267","3.0","KHARG, IR","    0",",,S","  340",",,S","  268",",,S","  304","H,,S"
"IRM00040845","2012-05-03","29.267","50.267","3.0","KHARG, IR","    0",",,S","  364",",,S",,,"  318","H,,S"
"IRM00040845","2012-05-04","29.267","50.267","3.0","KHARG, IR","    0",",,S","  352",",,S","  290",",,S","  316","H,,S"
"IRM00040845","2012-05-05","29.267","50.267","3.0","KHARG, IR","    0",",,S","  354",",,S",,,"  298","H,,S"
"IRM00040845","2012-05-06","29.267","50.267","3.0","KHARG, IR","    0",",,S","  324",",,S",,,"  293","H,,S"
"IRM00040845","2012-05-07","29.267","50.267","3.0","KHARG, IR","    0",",,S","  318",",,S","  280",",,S","  294","H,,S"
"IRM00040845","2012-05-08","29.267","50.267","3.0","KHARG, IR","    0",",,S","  326",",,S","  276",",,S","  300","H,,S"
"IRM00040845","2012-05-09","29.267","50.267","3.0","KHARG, IR","    0",",,S","  394",",,S",,,"  323","H,,S"
"IRM00040845","2012-05-10","29.267","50.267","3.0","KHARG, IR","    0",",,S",,,"  276",",,S","  336","H,,S"
"IRM00040845","2012-05-11","29.267","50.267","3.0","KHARG, IR","    0",",,S","  394",",,S","  280",",,S","  342","H,,S"
"IRM00040845","2012-05-12","29.267","50.267","3.0","KHARG, IR","    0",",,S","  376",",,S","  278",",,S","  327","H,,S"
"IRM00040845","2012-05-13","29.267","50.267","3.0","KHARG, IR","    0",",,S","  376",",,S","  256",",,S","  324","H,,S"
"IRM00040845","2012-05-14","29.267","50.267","3.0","KHARG, IR","    0",",,S","  342",",,S",,,"  309","H,,S"
"IRM00040845","2012-05-15","29.267","50.267","3.0","KHARG, IR","    0",",,S","  332",",,S","  278",",,S","  301","H,,S"
"IRM00040845","2012-05-16","29.267","50.267","3.0","KHARG, IR","    0",",,S","  330",",,S","  270",",,S","  303","H,,S"
"IRM00040845","2012-05-17","29.267","50.267","3.0","KHARG, IR","    0",",,S","  352",",,S","  270",",,S","  307","H,,S"
"IRM00040845","2012-05-18","29.267","50.267","3.0","KHARG, IR","    0",",,S","  408",",,S",,,"  340","H,,S"
"IRM00040845","2012-05-19","29.267","50.267","3.0","KHARG, IR","    0",",,S","  370",",,S","  278",",,S","  329","H,,S"
"IRM00040845","2012-05-20","29.267","50.267","3.0","KHARG, IR","    0",",,S","  360",",,S","  276",",,S","  319","H,,S"
"IRM00040845","2012-05-21","29.267","50.267","3.0","KHARG, IR","    0",",,S","  420",",,S","  270",",,S","  348","H,,S"
"IRM00040845","2012-05-22","29.267","50.267","3.0","KHARG, IR","    0",",,S","  424",",,S",,,"  356","H,,S"
"IRM00040845","2012-05-23","29.267","50.267","3.0","KHARG, IR","    0",",,S","  314",",,S",,,"  296","H,,S"
"IRM00040845","2012-05-24","29.267","50.267","3.0","KHARG, IR","    0",",,S","  326",",,S","  256",",,S","  295","H,,S"
"IRM00040845","2012-05-25","29.267","50.267","3.0","KHARG, IR","    0",",,S","  324",",,S","  260",",,S","  301","H,,S"
"IRM00040845","2012-05-26","29.267","50.267","3.0","KHARG, IR","    0",",,S","  360",",,S","  280",",,S","  316","H,,S"
"IRM00040845","2012-05-27","29.267","50.267","3.0","KHARG, IR","    0",",,S","  380",",,S","  280",",,S","  319","H,,S"
"IRM00040845","2012-05-28","29.267","50.267","3.0","KHARG, IR","    0",",,S","  334",",,S","  288",",,S","  307","H,,S"
"IRM00040845","2012-05-29","29.267","50.267","3.0","KHARG, IR","    0",",,S","  340",",,S",,,"  301","H,,S"
"IRM00040845","2012-05-30","29.267","50.267","3.0","KHARG, IR","    0",",,S","  356",",,S","  282",",,S","  321","H,,S"
"IRM00040845","2012-05-31","29.267","50.267","3.0","KHARG, IR","    0",",,S","  364",",,S","  290",",,S","  324","H,,S"
"IRM00040845","2012-06-01","29.267","50.267","3.0","KHARG, IR","    0",",,S","  354",",,S","  286",",,S","  316","H,,S"
"IRM00040845","2012-06-02","29.267","50.267","3.0","KHARG, IR","    0",",,S","  340",",,S","  288",",,S","  307","H,,S"
"IRM00040845","2012-06-03","29.267","50.267","3.0","KHARG, IR","    0",",,S","  350",",,S",,,"  305","H,,S"
"IRM00040845","2012-06-04","29.267","50.267","3.0","KHARG, IR","    0",",,S","  346",",,S","  270",",,S","  306","H,,S"
"IRM00040845","2012-06-05","29.267","50.267","3.0","KHARG, IR","    0",",,S","  346",",,S","  244",",,S","  307","H,,S"
"IRM00040845","2012-06-06","29.267","50.267","3.0","KHARG, IR","    0",",,S","  374",",,S",,,"  312","H,,S"
"IRM00040845","2012-06-07","29.267","50.267","3.0","KHARG, IR","    0",",,S",,,,,"  319","H,,S"
"IRM00040845","2012-06-08","29.267","50.267","3.0","KHARG, IR","    0",",,S","  352",",,S","  268",",,S","  321","H,,S"
"IRM00040845","2012-06-09","29.267","50.267","3.0","KHARG, IR","    0",",,S","  366",",,S",,,"  323","H,,S"
"IRM00040845","2012-06-10","29.267","50.267","3.0","KHARG, IR","    0",",,S","  360",",,S","  284",",,S","  322","H,,S"
"IRM00040845","2012-06-11","29.267","50.267","3.0","KHARG, IR","    0",",,S","  364",",,S","  272",",,S","  322","H,,S"
"IRM00040845","2012-06-12","29.267","50.267","3.0","KHARG, IR","    0",",,S","  364",",,S","  282",",,S","  322","H,,S"
"IRM00040845","2012-06-13","29.267","50.267","3.0","KHARG, IR","    0",",,S","  366",",,S","  264",",,S","  319","H,,S"
"IRM00040845","2012-06-14","29.267","50.267","3.0","KHARG, IR","    0",",,S","  366",",,S","  264",",,S","  329","H,,S"
"IRM00040845","2012-06-15","29.267","50.267","3.0","KHARG, IR","    0",",,S","  366",",,S","  282",",,S","  336","H,,S"
"IRM00040845","2012-06-16","29.267","50.267","3.0","KHARG, IR","    0",",,S","  376",",,S","  288",",,S","  342","H,,S"
"IRM00040845","2012-06-17","29.267","50.267","3.0","KHARG, IR","    0",",,S","  404",",,S","  290",",,S","  354","H,,S"
"IRM00040845","2012-06-18","29.267","50.267","3.0","KHARG, IR","    0",",,S",,,"  286",",,S","  346","H,,S"
"IRM00040845","2012-06-19","29.267","50.267","3.0","KHARG, IR","    0",",,S","  374",",,S","  292",",,S","  332","H,,S"
"IRM00040845","2012-06-20","29.267","50.267","3.0","KHARG, IR","    0",",,S","  384",",,S","  300",",,S","  339","H,,S"
"IRM00040845","2012-06-21","29.267","50.267","3.0","KHARG, IR","    0",",,S","  395",",,S","  276",",,S","  343","H,,S"
"IRM00040845","2012-06-22","29.267","50.267","3.0","KHARG, IR","    0",",,S","  400",",,S","  290",",,S","  355","H,,S"
"IRM00040845","2012-06-23","29.267","50.267","3.0","KHARG, IR","    0",",,S","  372",",,S","  280",",,S","  340","H,,S"
"IRM00040845","2012-06-24","29.267","50.267","3.0","KHARG, IR","    0",",,S","  374",",,S",,,"  347","H,,S"
"IRM00040845","2012-06-25","29.267","50.267","3.0","KHARG, IR","    0",",,S","  385",",,S","  310",",,S","  336","H,,S"
"IRM00040845","2012-06-26","29.267","50.267","3.0","KHARG, IR","    0",",,S",,,"  300",",,S","  344","H,,S"
"IRM00040845","2012-06-27","29.267","50.267","3.0","KHARG, IR","    0",",,S",,,,,"  341","H,,S"
"IRM00040845","2012-06-28","29.267","50.267","3.0","KHARG, IR","    0",",,S","  370",",,S",,,"  347","H,,S"
"IRM00040845","2012-06-29","29.267","50.267","3.0","KHARG, IR","    0",",,S",,,"  286",",,S","  362","H,,S"
"IRM00040845","2012-06-30","29.267","50.267","3.0","KHARG, IR","    0",",,S",,,"  300",",,S","  349","H,,S"
"IRM00040845","2012-07-01","29.267","50.267","3.0","KHARG, IR","    0",",,S",,,"  296",",,S","  348","H,,S"
"IRM00040845","2012-07-02","29.267","50.267","3.0","KHARG, IR","    0",",,S","  390",",,S","  312",",,S","  350","H,,S"
"IRM00040845","2012-07-03","29.267","50.267","3.0","KHARG, IR","    0",",,S","  414",",,S","  320",",,S","  369","H,,S"
"IRM00040845","2012-07-04","29.267","50.267","3.0","KHARG, IR","    0",",,S","  390",",,S","  324",",,S","  366","H,,S"
"IRM00040845","2012-07-05","29.267","50.267","3.0","KHARG, IR","    0",",,S","  364",",,S","  320",",,S","  341","H,,S"
"IRM00040845","2012-07-06","29.267","50.267","3.0","KHARG, IR","    0",",,S","  360",",,S",,,"  335","H,,S"
"IRM00040845","2012-07-07","29.267","50.267","3.0","KHARG, IR","    0",",,S","  360",",,S","  310",",,S","  333","H,,S"
"IRM00040845","2012-07-08","29.267","50.267","3.0","KHARG, IR","    0",",,S","  376",",,S","  300",",,S","  336","H,,S"
"IRM00040845","2012-07-09","29.267","50.267","3.0","KHARG, IR","    0",",,S","  382",",,S","  300",",,S","  338","H,,S"
"IRM00040845","2012-07-10","29.267","50.267","3.0","KHARG, IR","    0",",,S","  390",",,S","  296",",,S","  351","H,,S"
"IRM00040845","2012-07-11","29.267","50.267","3.0","KHARG, IR","    0",",,S","  376",",,S","  306",",,S","  336","H,,S"
"IRM00040845","2012-07-12","29.267","50.267","3.0","KHARG, IR","    0",",,S","  374",",,S","  308",",,S","  341","H,,S"
"IRM00040845","2012-07-13","29.267","50.267","3.0","KHARG, IR","    0",",,S","  394",",,S","  284",",,S","  328","H,,S"
"IRM00040845","2012-07-14","29.267","50.267","3.0","KHARG, IR","    0",",,S","  392",",,S",,,"  333","H,,S"
"IRM00040845","2012-07-15","29.267","50.267","3.0","KHARG, IR","    0",",,S",,,"  294",",,S","  358","H,,S"
"IRM00040845","2012-07-16","29.267","50.267","3.0","KHARG, IR","    0",",,S",,,"  292",",,S","  353","H,,S"
"IRM00040845","2012-07-17","29.267","50.267","3.0","KHARG, IR","    0",",,S","  370",",,S","  310",",,S","  339","H,,S"
"IRM00040845","2012-07-18","29.267","50.267","3.0","KHARG, IR","    0",",,S","  412",",,S","  300",",,S","  369","H,,S"
"IRM00040845","2012-07-19","29.267","50.267","3.0","KHARG, IR","    0",",,S","  412",",,S","  294",",,S","  366","H,,S"
"IRM00040845","2012-07-20","29.267","50.267","3.0","KHARG, IR","    0",",,S","  404",",,S",,,"  371","H,,S"
"IRM00040845","2012-07-21","29.267","50.267","3.0","KHARG, IR","    0",",,S","  442",",,S","  320",",,S","  372","H,,S"
"IRM00040845","2012-07-22","29.267","50.267","3.0","KHARG, IR","    0",",,S","  398",",,S","  330",",,S","  369","H,,S"
"IRM00040845","2012-07-23","29.267","50.267","3.0","KHARG, IR","    0",",,S","  412",",,S","  298",",,S","  361","H,,S"
"IRM00040845","2012-07-24","29.267","50.267","3.0","KHARG, IR","    0",",,S","  452",",,S","  328",",,S","  391","H,,S"
"IRM00040845","2012-07-25","29.267","50.267","3.0","KHARG, IR","    0",",,S","  432",",,S",,,"  374","H,,S"
"IRM00040845","2012-07-26","29.267","50.267","3.0","KHARG, IR","    0",",,S","  456",",,S","  308",",,S","  392","H,,S"
"IRM00040845","2012-07-27","29.267","50.267","3.0","KHARG, IR","    0",",,S","  432",",,S","  302",",,S","  373","H,,S"
"IRM00040845","2012-07-28","29.267","50.267","3.0","KHARG, IR","    0",",,S","  404",",,S","  300",",,S","  364","H,,S"
"IRM00040845","2012-07-29","29.267","50.267","3.0","KHARG, IR","    0",",,S",,,"  312",",,S","  363","H,,S"
"IRM00040845","2012-07-30","29.267","50.267","3.0","KHARG, IR","    0",",,S","  394",",,S","  310",",,S","  356","H,,S"
"IRM00040845","2012-07-31","29.267","50.267","3.0","KHARG, IR","    0",",,S",,,"  328",",,S","  393","H,,S"
"IRM00040845","2012-08-01","29.267","50.267","3.0","KHARG, IR","    0",",,S","  424",",,S",,,"  376","H,,S"
"IRM00040845","2012-08-02","29.267","50.267","3.0","KHARG, IR","    0",",,S","  412",",,S","  336",",,S","  380","H,,S"
"IRM00040845","2012-08-03","29.267","50.267","3.0","KHARG, IR","    0",",,S","  422",",,S","  342",",,S","  393","H,,S"
"IRM00040845","2012-08-04","29.267","50.267","3.0","KHARG, IR","    0",",,S","  404",",,S","  330",",,S","  369","H,,S"
"IRM00040845","2012-08-05","29.267","50.267","3.0","KHARG, IR","    0",",,S","  440",",,S","  336",",,S","  382","H,,S"
"IRM00040845","2012-08-06","29.267","50.267","3.0","KHARG, IR","    0",",,S","  396",",,S","  308",",,S","  352","H,,S"
"IRM00040845","2012-08-07","29.267","50.267","3.0","KHARG, IR","    0",",,S","  390",",,S","  316",",,S","  354","H,,S"
"IRM00040845","2012-08-08","29.267","50.267","3.0","KHARG, IR","    0",",,S","  388",",,S","  310",",,S","  356","H,,S"
"IRM00040845","2012-08-09","29.267","50.267","3.0","KHARG, IR","    0",",,S","  400",",,S","  328",",,S","  364","H,,S"
"IRM00040845","2012-08-10","29.267","50.267","3.0","KHARG, IR","    0",",,S","  404",",,S","  306",",,S","  366","H,,S"
"IRM00040845","2012-08-11","29.267","50.267","3.0","KHARG, IR","    0",",,S","  404",",,S",,,"  368","H,,S"
"IRM00040845","2012-08-12","29.267","50.267","3.0","KHARG, IR","    0",",,S","  380",",,S","  330",",,S","  357","H,,S"
"IRM00040845","2012-08-13","29.267","50.267","3.0","KHARG, IR","    0",",,S","  398",",,S","  306",",,S","  354","H,,S"
"IRM00040845","2012-08-14","29.267","50.267","3.0","KHARG, IR","    0",",,S","  384",",,S","  344",",,S","  360","H,,S"
"IRM00040845","2012-08-15","29.267","50.267","3.0","KHARG, IR","    0",",,S","  384",",,S",,,"  351","H,,S"
"IRM00040845","2012-08-16","29.267","50.267","3.0","KHARG, IR","    0",",,S","  378",",,S","  324",",,S","  348","H,,S"
"IRM00040845","2012-08-17","29.267","50.267","3.0","KHARG, IR","    0",",,S","  378",",,S","  318",",,S","  348","H,,S"
"IRM00040845","2012-08-18","29.267","50.267","3.0","KHARG, IR","    0",",,S","  376",",,S","  300",",,S","  341","H,,S"
"IRM00040845","2012-08-19","29.267","50.267","3.0","KHARG, IR","    0",",,S","  390",",,S","  298",",,S","  344","H,,S"
"IRM00040845","2012-08-20","29.267","50.267","3.0","KHARG, IR","    0",",,S","  376",",,S","  330",",,S","  348","H,,S"
"IRM00040845","2012-08-21","29.267","50.267","3.0","KHARG, IR","    0",",,S","  376",",,S","  288",",,S","  327","H,,S"
"IRM00040845","2012-08-22","29.267","50.267","3.0","KHARG, IR","    0",",,S","  386",",,S","  310",",,S","  357","H,,S"
"IRM00040845","2012-08-23","29.267","50.267","3.0","KHARG, IR","    0",",,S","  398",",,S","  310",",,S","  345","H,,S"
"IRM00040845","2012-08-24","29.267","50.267","3.0","KHARG, IR","    0",",,S","  388",",,S",,,"  347","H,,S"
"IRM00040845","2012-08-25","29.267","50.267","3.0","KHARG, IR","    0",",,S","  388",",,S",,,"  339","H,,S"
"IRM00040845","2012-08-26","29.267","50.267","3.0","KHARG, IR","    0",",,S","  364",",,S","  310",",,S","  341","H,,S"
"IRM00040845","2012-08-27","29.267","50.267","3.0","KHARG, IR","    0",",,S","  398",",,S","  306",",,S","  357","H,,S"
"IRM00040845","2012-08-28","29.267","50.267","3.0","KHARG, IR","    0",",,S","  388",",,S","  314",",,S","  344","H,,S"
"IRM00040845","2012-08-29","29.267","50.267","3.0","KHARG, IR","    0",",,S","  392",",,S","  300",",,S","  359","H,,S"
"IRM00040845","2012-08-30","29.267","50.267","3.0","KHARG, IR","    0",",,S","  382",",,S","  292",",,S","  351","H,,S"
"IRM00040845","2012-08-31","29.267","50.267","3.0","KHARG, IR","    0",",,S","  384",",,S",,,"  357","H,,S"
"IRM00040845","2012-09-01","29.267","50.267","3.0","KHARG, IR","    0",",,S","  392",",,S","  356",",,S","  369","H,,S"
"IRM00040845","2012-09-02","29.267","50.267","3.0","KHARG, IR","    0",",,S","  370",",,S","  336",",,S","  352","H,,S"
"IRM00040845","2012-09-03","29.267","50.267","3.0","KHARG, IR","    0",",,S","  370",",,S",,,"  342","H,,S"
"IRM00040845","2012-09-04","29.267","50.267","3.0","KHARG, IR","    0",",,S","  362",",,S",,,"  344","H,,S"
"IRM00040845","2012-09-05","29.267","50.267","3.0","KHARG, IR","    0",",,S","  356",",,S","  280",",,S","  333","H,,S"
"IRM00040845","2012-09-06","29.267","50.267","3.0","KHARG, IR","    0",",,S","  378",",,S","  272",",,S","  332","H,,S"
"IRM00040845","2012-09-07","29.267","50.267","3.0","KHARG, IR","    0",",,S","  388",",,S","  286",",,S","  335","H,,S"
"IRM00040845","2012-09-08","29.267","50.267","3.0","KHARG, IR","    0",",,S","  370",",,S","  290",",,S","  327","H,,S"
"IRM00040845","2012-09-09","29.267","50.267","3.0","KHARG, IR","    0",",,S","  366",",,S",,,"  332","H,,S"
"IRM00040845","2012-09-10","29.267","50.267","3.0","KHARG, IR","    0",",,S","  370",",,S","  290",",,S","  335","H,,S"
"IRM00040845","2012-09-11","29.267","50.267","3.0","KHARG, IR","    0",",,S","  378",",,S","  294",",,S","  341","H,,S"
"IRM00040845","2012-09-12","29.267","50.267","3.0","KHARG, IR","    0",",,S","  378",",,S","  302",",,S","  354","H,,S"
"IRM00040845","2012-09-13","29.267","50.267","3.0","KHARG, IR","    0",",,S","  368",",,S",,,"  347","H,,S"
"IRM00040845","2012-09-14","29.267","50.267","3.0","KHARG, IR","    0",",,S","  356",",,S","  314",",,S","  334","H,,S"
"IRM00040845","2012-09-15","29.267","50.267","3.0","KHARG, IR","    0",",,S","  346",",,S","  314",",,S","  332","H,,S"
"IRM00040845","2012-09-16","29.267","50.267","3.0","KHARG, IR","    0",",,S","  346",",,S","  280",",,S","  321","H,,S"
"IRM00040845","2012-09-17","29.267","50.267","3.0","KHARG, IR","    0",",,S","  354",",,S",,,"  328","H,,S"
"IRM00040845","2012-09-18","29.267","50.267","3.0","KHARG, IR","    0",",,S","  372",",,S","  262",",,S","  322","H,,S"
"IRM00040845","2012-09-19","29.267","50.267","3.0","KHARG, IR","    0",",,S","  354",",,S",,,"  314","H,,S"
"IRM00040845","2012-09-20","29.267","50.267","3.0","KHARG, IR","    0",",,S","  354",",,S","  270",",,S","  313","H,,S"
"IRM00040845","2012-09-21","29.267","50.267","3.0","KHARG, IR","    0",",,S","  350",",,S","  274",",,S","  322","H,,S"
"IRM00040845","2012-09-22","29.267","50.267","3.0","KHARG, IR","    0",",,S","  362",",,S","  276",",,S","  329","H,,S"
"IRM00040845","2012-09-23","29.267","50.267","3.0","KHARG, IR","    0",",,S","  354",",,S","  268",",,S","  322","H,,S"
"IRM00040845","2012-09-24","29.267","50.267","3.0","KHARG, IR","    0",",,S","  348",",,S",,,"  319","H,,S"
"IRM00040845","2012-09-25","29.267","50.267","3.0","KHARG, IR","    0",",,S",,,,,"  322","H,,S"
"IRM00040845","2012-09-26","29.267","50.267","3.0","KHARG, IR","    0",",,S","  354",",,S",,,"  309","H,,S"
"IRM00040845","2012-09-27","29.267","50.267","3.0","KHARG, IR","    0",",,S","  344",",,S",,,"  308","H,,S"
"IRM00040845","2012-09-28","29.267","50.267","3.0","KHARG, IR","    0",",,S","  344",",,S","  262",",,S","  316","H,,S"
"IRM00040845","2012-09-29","29.267","50.267","3.0","KHARG, IR","    0",",,S","  350",",,S","  260",",,S","  314","H,,S"
"IRM00040845","2012-09-30","29.267","50.267","3.0","KHARG, IR","    0",",,S","  350",",,S","  260",",,S","  306","H,,S"
"IRM00040845","2012-10-01","29.267","50.267","3.0","KHARG, IR","    0",",,S","  340",",,S","  276",",,S","  319","H,,S"
"IRM00040845","2012-10-02","29.267","50.267","3.0","KHARG, IR","    0",",,S","  346",",,S",,,"  318","H,,S"
"IRM00040845","2012-10-03","29.267","50.267","3.0","KHARG, IR","    0",",,S","  356",",,S","  294",",,S","  328","H,,S"
"IRM00040845","2012-10-04","29.267","50.267","3.0","KHARG, IR","    0",",,S",,,"  266",",,S","  327","H,,S"
"IRM00040845","2012-10-05","29.267","50.267","3.0","KHARG, IR","    0",",,S","  350",",,S",,,"  308","H,,S"
"IRM00040845","2012-10-06","29.267","50.267","3.0","KHARG, IR","    0",",,S","  360",",,S","  254",",,S","  321","H,,S"
"IRM00040845","2012-10-07","29.267","50.267","3.0","KHARG, IR","    0",",,S","  354",",,S","  260",",,S","  323","H,,S"
"IRM00040845","2012-10-08","29.267","50.267","3.0","KHARG, IR","    0",",,S",,,"  260",",,S","  325","H,,S"
"IRM00040845","2012-10-09","29.267","50.267","3.0","KHARG, IR","    0",",,S","  362",",,S","  250",",,S","  312","H,,S"
"IRM00040845","2012-10-10","29.267","50.267","3.0","KHARG, IR","    0",",,S","  360",",,S","  260",",,S","  323","H,,S"
"IRM00040845","2012-10-11","29.267","50.267","3.0","KHARG, IR","    0",",,S","  344",",,S","  256",",,S","  316","H,,S"
"IRM00040845","2012-10-12","29.267","50.267","3.0","KHARG, IR","    0",",,S","  362",",,S","  270",",,S","  319","H,,S"
"IRM00040845","2012-10-13","29.267","50.267","3.0","KHARG, IR","    0",",,S","  340",",,S","  270",",,S","  324","H,,S"
"IRM00040845","2012-10-14","29.267","50.267","3.0","KHARG, IR","    0",",,S","  324",",,S","  294",",,S","  308","H,,S"
"IRM00040845","2012-10-15","29.267","50.267","3.0","KHARG, IR","    0",",,S",,,,,"  294","H,,S"
"IRM00040845","2012-10-16","29.267","50.267","3.0","KHARG, IR","    0",",,S","  340",",,S","  244",",,S","  307","H,,S"
"IRM00040845","2012-10-17","29.267","50.267","3.0","KHARG, IR","    0",",,S","  336",",,S","  264",",,S","  308","H,,S"
"IRM00040845","2012-10-18","29.267","50.267","3.0","KHARG, IR","    0",",,S","  344",",,S","  250",",,S","  304","H,,S"
"IRM00040845","2012-10-19","29.267","50.267","3.0","KHARG, IR","    0",",,S","  320",",,S","  248",",,S","  304","H,,S"
"IRM00040845","2012-10-20","29.267","50.267","3.0","KHARG, IR","    0",",,S","  322",",,S","  280",",,S","  305","H,,S"
"IRM00040845","2012-10-21","29.267","50.267","3.0","KHARG, IR","   18",",,S","  330",",,S","  234",",,S","  304","H,,S"
"IRM00040845","2012-10-22","29.267","50.267","3.0","KHARG, IR","    0",",,S","  342",",,S","  260",",,S","  304","H,,S"
"IRM00040845","2012-10-23","29.267","50.267","3.0","KHARG, IR","    0",",,S","  342",",,S","  268",",,S","  303","H,,S"
"IRM00040845","2012-10-24","29.267","50.267","3.0","KHARG, IR","    0",",,S","  314",",,S","  250",",,S","  294","H,,S"
"IRM00040845","2012-10-25","29.267","50.267","3.0","KHARG, IR","    0",",,S","  332",",,S",,,"  298","H,,S"
"IRM00040845","2012-10-26","29.267","50.267","3.0","KHARG, IR","    0",",,S",,,"  250",",,S","  309","H,,S"
"IRM00040845","2012-10-27","29.267","50.267","3.0","KHARG, IR","    0",",,S","  324",",,S","  250",",,S","  302","H,,S"
"IRM00040845","2012-10-28","29.267","50.267","3.0","KHARG, IR","   13",",,S","  322",",,S",,,"  294","H,,S"
"IRM00040845","2012-10-29","29.267","50.267","3.0","KHARG, IR","    0",",,S","  290",",,S","  250",",,S","  276","H,,S"
"IRM00040845","2012-10-30","29.267","50.267","3.0","KHARG, IR","    0",",,S",,,"  260",",,S","  273","H,,S"
"IRM00040845","2012-10-31","29.267","50.267","3.0","KHARG, IR","    0",",,S","  292",",,S","  250",",,S","  278","H,,S"
"IRM00040845","2012-11-01","29.267","50.267","3.0","KHARG, IR","    0",",,S","  300",",,S","  260",",,S","  281","H,,S"
"IRM00040845","2012-11-02","29.267","50.267","3.0","KHARG, IR","    0",",,S","  292",",,S","  210",",,S","  273","H,,S"
"IRM00040845","2012-11-03","29.267","50.267","3.0","KHARG, IR","    0",",,S","  302",",,S","  220",",,S","  277","H,,S"
"IRM00040845","2012-11-04","29.267","50.267","3.0","KHARG, IR","    0",",,S","  300",",,S",,,"  272","H,,S"
"IRM00040845","2012-11-05","29.267","50.267","3.0","KHARG, IR","    0",",,S","  300",",,S","  222",",,S","  272","H,,S"
"IRM00040845","2012-11-06","29.267","50.267","3.0","KHARG, IR","    0",",,S","  296",",,S","  232",",,S","  274","H,,S"
"IRM00040845","2012-11-07","29.267","50.267","3.0","KHARG, IR","    0",",,S","  296",",,S",,,"  279","H,,S"
"IRM00040845","2012-11-08","29.267","50.267","3.0","KHARG, IR","    0",",,S","  296",",,S","  268",",,S","  282","H,,S"
"IRM00040845","2012-11-09","29.267","50.267","3.0","KHARG, IR","    0",",,S","  304",",,S",,,"  284","H,,S"
"IRM00040845","2012-11-10","29.267","50.267","3.0","KHARG, IR","    0",",,S","  300",",,S","  220",",,S","  271","H,,S"
"IRM00040845","2012-11-11","29.267","50.267","3.0","KHARG, IR","    0",",,S","  298",",,S","  230",",,S","  276","H,,S"
"IRM00040845","2012-11-12","29.267","50.267","3.0","KHARG, IR","    0",",,S","  306",",,S",,,"  272","H,,S"
"IRM00040845","2012-11-13","29.267","50.267","3.0","KHARG, IR","    0",",,S",,,"  252",",,S","  283","H,,S"
"IRM00040845","2012-11-14","29.267","50.267","3.0","KHARG, IR","   43",",,S","  285",",,S",,,"  249","H,,S"
"IRM00040845","2012-11-15","29.267","50.267","3.0","KHARG, IR","    0",",,S","  246",",,S","  224",",,S","  236","H,,S"
"IRM00040845","2012-11-16","29.267","50.267","3.0","KHARG, IR","    0",",,S","  244",",,S","  220",",,S","  231","H,,S"
"IRM00040845","2012-11-17","29.267","50.267","3.0","KHARG, IR","    0",",,S","  250",",,S","  220",",,S","  236","H,,S"
"IRM00040845","2012-11-18","29.267","50.267","3.0","KHARG, IR","    0",",,S","  252",",,S","  226",",,S","  242","H,,S"
"IRM00040845","2012-11-19","29.267","50.267","3.0","KHARG, IR","    0",",,S","  252",",,S",,,"  228","H,,S"
"IRM00040845","2012-11-20","29.267","50.267","3.0","KHARG, IR","  323",",,S","  242",",,S",,,"  213","H,,S"
"IRM00040845","2012-11-21","29.267","50.267","3.0","KHARG, IR","   38",",,S","  220",",,S","  190",",,S","  210","H,,S"
"IRM00040845","2012-11-22","29.267","50.267","3.0","KHARG, IR","  155",",,S","  224",",,S","  200",",,S","  214","H,,S"
"IRM00040845","2012-11-23","29.267","50.267","3.0","KHARG, IR","    0",",,S","  250",",,S","  198",",,S","  231","H,,S"
"IRM00040845","2012-11-24","29.267","50.267","3.0","KHARG, IR","   64",",,S","  224",",,S",,,"  209","H,,S"
"IRM00040845","2012-11-25","29.267","50.267","3.0","KHARG, IR","  810",",,S","  236",",,S","  160",",,S","  214","H,,S"
"IRM00040845","2012-11-26","29.267","50.267","3.0","KHARG, IR","  305",",,S","  234",",,S",,,"  204","H,,S"
"IRM00040845","2012-11-27","29.267","50.267","3.0","KHARG, IR"," 1255",",,S","  204",",,S","  180",",,S","  193","H,,S"
"IRM00040845","2012-11-28","29.267","50.267","3.0","KHARG, IR","    0",",,S","  194",",,S","  176",",,S","  184","H,,S"
"IRM00040845","2012-11-29","29.267","50.267","3.0","KHARG, IR","    0",",,S","  182",",,S","  168",",,S","  174","H,,S"
"IRM00040845","2012-11-30","29.267","50.267","3.0","KHARG, IR","    0",",,S","  210",",,S","  174",",,S","  199","H,,S"
"IRM00040845","2012-12-01","29.267","50.267","3.0","KHARG, IR","    0",",,S",,,,,"  203","H,,S"
"IRM00040845","2012-12-02","29.267","50.267","3.0","KHARG, IR","    0",",,S","  210",",,S","  180",",,S","  193","H,,S"
"IRM00040845","2012-12-03","29.267","50.267","3.0","KHARG, IR","    0",",,S","  210",",,S","  178",",,S","  196","H,,S"
"IRM00040845","2012-12-04","29.267","50.267","3.0","KHARG, IR","    0",",,S","  218",",,S","  170",",,S","  199","H,,S"
"IRM00040845","2012-12-05","29.267","50.267","3.0","KHARG, IR",,,"  234",",,S","  210",",,S","  227","H,,S"
"IRM00040845","2012-12-06","29.267","50.267","3.0","KHARG, IR","    5",",,S","  254",",,S","  202",",,S","  229","H,,S"
"IRM00040845","2012-12-07","29.267","50.267","3.0","KHARG, IR","    0",",,S","  230",",,S","  200",",,S","  217","H,,S"
"IRM00040845","2012-12-08","29.267","50.267","3.0","KHARG, IR",,,"  240",",,S",,,"  219","H,,S"
"IRM00040845","2012-12-09","29.267","50.267","3.0","KHARG, IR","    0",",,S","  260",",,S","  194",",,S","  233","H,,S"
"IRM00040845","2012-12-10","29.267","50.267","3.0","KHARG, IR","    0",",,S","  240",",,S","  176",",,S","  222","H,,S"
"IRM00040845","2012-12-11","29.267","50.267","3.0","KHARG, IR","   46",",,S","  256",",,S","  194",",,S","  237","H,,S"
"IRM00040845","2012-12-12","29.267","50.267","3.0","KHARG, IR","    3",",,S","  194",",,S","  186",",,S","  189","H,,S"
"IRM00040845","2012-12-13","29.267","50.267","3.0","KHARG, IR","    0",",,S","  184",",,S","  170",",,S","  177","H,,S"
"IRM00040845","2012-12-14","29.267","50.267","3.0","KHARG, IR","    0",",,S","  180",",,S",,,"  171","H,,S"
"IRM00040845","2012-12-15","29.267","50.267","3.0","KHARG, IR","    0",",,S","  182",",,S","  158",",,S","  171","H,,S"
"IRM00040845","2012-12-16","29.267","50.267","3.0","KHARG, IR","    0",",,S",,,"  160",",,S","  168","H,,S"
"IRM00040845","2012-12-17","29.267","50.267","3.0","KHARG, IR",,,"  196",",,S","  160",",,S","  182","H,,S"
"IRM00040845","2012-12-18","29.267","50.267","3.0","KHARG, IR","    0",",,S","  200",",,S","  118",",,S","  181","H,,S"
"IRM00040845","2012-12-19","29.267","50.267","3.0","KHARG, IR","    0",",,S",,,"  172",",,S","  196","H,,S"
"IRM00040845","2012-12-20","29.267","50.267","3.0","KHARG, IR","    3",",,S","  200",",,S","  152",",,S","  187","H,,S"
"IRM00040845","2012-12-21","29.267","50.267","3.0","KHARG, IR","   38",",,S","  230",",,S","  178",",,S","  209","H,,S"
"IRM00040845","2012-12-22","29.267","50.267","3.0","KHARG, IR","  168",",,S","  204",",,S","  186",",,S","  196","H,,S"
"IRM00040845","2012-12-23","29.267","50.267","3.0","KHARG, IR","   20",",,S","  210",",,S","  190",",,S","  203","H,,S"
"IRM00040845","2012-12-24","29.267","50.267","3.0","KHARG, IR","    0",",,S","  222",",,S","  188",",,S","  209","H,,S"
"IRM00040845","2012-12-25","29.267","50.267","3.0","KHARG, IR","    0",",,S","  240",",,S","  180",",,S","  212","H,,S"
"IRM00040845","2012-12-26","29.267","50.267","3.0","KHARG, IR",,,,,,,"  181","H,,S"
"IRM00040845","2012-12-27","29.267","50.267","3.0","KHARG, IR","    0",",,S","  184",",,S","  166",",,S","  173","H,,S"
"IRM00040845","2012-12-28","29.267","50.267","3.0","KHARG, IR","    0",",,S","  196",",,S","  166",",,S","  179","H,,S"
"IRM00040845","2012-12-29","29.267","50.267","3.0","KHARG, IR","    0",",,S","  190",",,S",,,"  178","H,,S"
"IRM00040845","2012-12-30","29.267","50.267","3.0","KHARG, IR","    0",",,S","  192",",,S","  120",",,S","  168","H,,S"
"IRM00040845","2012-12-31","29.267","50.267","3.0","KHARG, IR","    0",",,S","  192",",,S","  138",",,S","  178","H,,S"
"IRM00040845","2013-01-01","29.267","50.267","3.0","KHARG, IR","    0",",,S",,,"  166",",,S","  194","H,,S"
"IRM00040845","2013-01-02","29.267","50.267","3.0","KHARG, IR","    0",",,S",,,"  160",",,S","  194","H,,S"
"IRM00040845","2013-01-03","29.267","50.267","3.0","KHARG, IR","    0",",,S","  192",",,S","  160",",,S","  185","H,,S"
"IRM00040845","2013-01-04","29.267","50.267","3.0","KHARG, IR","    0",",,S","  180",",,S","  158",",,S","  169","H,,S"
"IRM00040845","2013-01-05","29.267","50.267","3.0","KHARG, IR","    0",",,S","  180",",,S","  118",",,S","  159","H,,S"
"IRM00040845","2013-01-06","29.267","50.267","3.0","KHARG, IR",,,"  222",",,S","  166",",,S","  203","H,,S"
"IRM00040845","2013-01-07","29.267","50.267","3.0","KHARG, IR","   76",",,S","  216",",,S","  186",",,S","  198","H,,S"
"IRM00040845","2013-01-08","29.267","50.267","3.0","KHARG, IR","    0",",,S","  202",",,S",,,"  191","H,,S"
"IRM00040845","2013-01-09","29.267","50.267","3.0","KHARG, IR","    0",",,S","  212",",,S",,,"  193","H,,S"
"IRM00040845","2013-01-10","29.267","50.267","3.0","KHARG, IR","   71",",,S","  200",",,S",,,"  171","H,,S"
"IRM00040845","2013-01-11","29.267","50.267","3.0","KHARG, IR","    0",",,S","  132",",,S",,,"  123","H,,S"
"IRM00040845","2013-01-12","29.267","50.267","3.0","KHARG, IR","    0",",,S","  136",",,S","  104",",,S","  122","H,,S"
"IRM00040845","2013-01-13","29.267","50.267","3.0","KHARG, IR","    0",",,S",,,"  110",",,S","  128","H,,S"
"IRM00040845","2013-01-14","29.267","50.267","3.0","KHARG, IR","    0",",,S","  146",",,S",,,"  136","H,,S"
"IRM00040845","2013-01-15","29.267","50.267","3.0","KHARG, IR","    0",",,S",,,"  120",",,S","  132","H,,S"
"IRM00040845","2013-01-16","29.267","50.267","3.0","KHARG, IR","    0",",,S","  170",",,S","  118",",,S","  148","H,,S"
"IRM00040845","2013-01-17","29.267","50.267","3.0","KHARG, IR","    0",",,S","  190",",,S","  116",",,S","  156","H,,S"
"IRM00040845","2013-01-18","29.267","50.267","3.0","KHARG, IR","    0",",,S","  170",",,S","  120",",,S","  159","H,,S"
"IRM00040845","2013-01-19","29.267","50.267","3.0","KHARG, IR","    0",",,S","  186",",,S",,,"  164","H,,S"
"IRM00040845","2013-01-20","29.267","50.267","3.0","KHARG, IR","    0",",,S",,,"  115",",,S","  166","H,,S"
"IRM00040845","2013-01-21","29.267","50.267","3.0","KHARG, IR","    0",",,S","  200",",,S","  140",",,S","  182","H,,S"
"IRM00040845","2013-01-22","29.267","50.267","3.0","KHARG, IR","    0",",,S","  190",",,S","  165",",,S","  181","H,,S"
"IRM00040845","2013-01-23","29.267","50.267","3.0","KHARG, IR","    0",",,S","  200",",,S",,,"  173","H,,S"
"IRM00040845","2013-01-24","29.267","50.267","3.0","KHARG, IR","    0",",,S","  226",",,S","  134",",,S","  192","H,,S"
"IRM00040845","2013-01-25","29.267","50.267","3.0","KHARG, IR","    0",",,S","  234",",,S","  146",",,S","  197","H,,S"
"IRM00040845","2013-01-26","29.267","50.267","3.0","KHARG, IR","    0",",,S","  230",",,S","  184",",,S","  207","H,,S"
"IRM00040845","2013-01-27","29.267","50.267","3.0","KHARG, IR","    0",",,S","  240",",,S",,,"  202","H,,S"
"IRM00040845","2013-01-28","29.267","50.267","3.0","KHARG, IR","    0",",,S",,,,,"  199","H,,S"
"IRM00040845","2013-01-29","29.267","50.267","3.0","KHARG, IR","    0",",,S","  212",",,S",,,"  193","H,,S"
"IRM00040845","2013-01-30","29.267","50.267","3.0","KHARG, IR","   53",",,S","  176",",,S","  158",",,S","  168","H,,S"
"IRM00040845","2013-01-31","29.267","50.267","3.0","KHARG, IR","    0",",,S","  188",",,S","  162",",,S","  175","H,,S"
"IRM00040845","2013-02-01","29.267","50.267","3.0","KHARG, IR","   23",",,S","  192",",,S","  168",",,S","  178","H,,S"
"IRM00040845","2013-02-02","29.267","50.267","3.0","KHARG, IR","    0",",,S","  190",",,S","  158",",,S","  177","H,,S"
"IRM00040845","2013-02-03","29.267","50.267","3.0","KHARG, IR","    0",",,S","  180",",,S","  158",",,S","  170","H,,S"
"IRM00040845","2013-02-04","29.267","50.267","3.0","KHARG, IR","    0",",,S","  164",",,S","  134",",,S","  149","H,,S"
"IRM00040845","2013-02-05","29.267","50.267","3.0","KHARG, IR","    0",",,S",,,"  112",",,S","  164","H,,S"
"IRM00040845","2013-02-06","29.267","50.267","3.0","KHARG, IR","    0",",,S","  200",",,S","  118",",,S","  171","H,,S"
"IRM00040845","2013-02-07","29.267","50.267","3.0","KHARG, IR","    0",",,S","  204",",,S","  146",",,S","  182","H,,S"
"IRM00040845","2013-02-08","29.267","50.267","3.0","KHARG, IR","    0",",,S","  202",",,S","  144",",,S","  179","H,,S"
"IRM00040845","2013-02-09","29.267","50.267","3.0","KHARG, IR","    0",",,S","  208",",,S","  154",",,S","  188","H,,S"
"IRM00040845","2013-02-10","29.267","50.267","3.0","KHARG, IR",,,"  220",",,S",,,"  205","H,,S"
"IRM00040845","2013-02-11","29.267","50.267","3.0","KHARG, IR","    0",",,S","  210",",,S","  156",",,S","  192","H,,S"
"IRM00040845","2013-02-12","29.267","50.267","3.0","KHARG, IR","   13",",,S","  228",",,S",,,"  215","H,,S"
"IRM00040845","2013-02-13","29.267","50.267","3.0","KHARG, IR","    0",",,S","  194",",,S","  176",",,S","  183","H,,S"
"IRM00040845","2013-02-14","29.267","50.267","3.0","KHARG, IR","    0",",,S","  180",",,S","  148",",,S","  166","H,,S"
"IRM00040845","2013-02-15","29.267","50.267","3.0","KHARG, IR","    0",",,S","  200",",,S","  130",",,S","  177","H,,S"
"IRM00040845","2013-02-16","29.267","50.267","3.0","KHARG, IR","    0",",,S","  226",",,S","  160",",,S","  197","H,,S"
"IRM00040845","2013-02-17","29.267","50.267","3.0","KHARG, IR","    0",",,S","  186",",,S","  178",",,S","  181","H,,S"
"IRM00040845","2013-02-18","29.267","50.267","3.0","KHARG, IR","    0",",,S","  196",",,S","  170",",,S","  187","H,,S"
"IRM00040845","2013-02-19","29.267","50.267","3.0","KHARG, IR","    0",",,S","  208",",,S","  178",",,S","  192","H,,S"
"IRM00040845","2013-02-20","29.267","50.267","3.0","KHARG, IR","    0",",,S","  208",",,S","  178",",,S","  193","H,,S"
"IRM00040845","2013-02-21","29.267","50.267","3.0","KHARG, IR","    0",",,S","  208",",,S","  176",",,S","  192","H,,S"
"IRM00040845","2013-02-22","29.267","50.267","3.0","KHARG, IR","    0",",,S","  208",",,S","  176",",,S","  193","H,,S"
"IRM00040845","2013-02-23","29.267","50.267","3.0","KHARG, IR","    0",",,S","  228",",,S","  122",",,S","  192","H,,S"
"IRM00040845","2013-02-24","29.267","50.267","3.0","KHARG, IR","    5",",,S","  232",",,S",,,"  202","H,,S"
"IRM00040845","2013-02-25","29.267","50.267","3.0","KHARG, IR","    0",",,S","  200",",,S","  176",",,S","  186","H,,S"
"IRM00040845","2013-02-26","29.267","50.267","3.0","KHARG, IR","    0",",,S","  204",",,S",,,"  188","H,,S"
"IRM00040845","2013-02-27","29.267","50.267","3.0","KHARG, IR","    0",",,S","  230",",,S","  150",",,S","  191","H,,S"
"IRM00040845","2013-02-28","29.267","50.267","3.0","KHARG, IR","    0",",,S","  226",",,S",,,"  195","H,,S"
"IRM00040845","2013-03-01","29.267","50.267","3.0","KHARG, IR","    0",",,S","  240",",,S","  174",",,S","  211","H,,S"
"IRM00040845","2013-03-02","29.267","50.267","3.0","KHARG, IR","    0",",,S","  242",",,S",,,"  224","H,,S"
"IRM00040845","2013-03-03","29.267","50.267","3.0","KHARG, IR","    0",",,S","  270",",,S","  180",",,S","  234","H,,S"
"IRM00040845","2013-03-04","29.267","50.267","3.0","KHARG, IR","    0",",,S","  290",",,S","  180",",,S","  236","H,,S"
"IRM00040845","2013-03-05","29.267","50.267","3.0","KHARG, IR","    0",",,S","  264",",,S","  190",",,S","  232","H,,S"
"IRM00040845","2013-03-06","29.267","50.267","3.0","KHARG, IR","    0",",,S","  214",",,S",,,"  203","H,,S"
"IRM00040845","2013-03-07","29.267","50.267","3.0","KHARG, IR","   25",",,S",,,,,"  167","H,,S"
"IRM00040845","2013-03-08","29.267","50.267","3.0","KHARG, IR","    0",",,S",,,"  144",",,S","  164","H,,S"
"IRM00040845","2013-03-09","29.267","50.267","3.0","KHARG, IR","    0",",,S","  206",",,S","  150",",,S","  186","H,,S"
"IRM00040845","2013-03-10","29.267","50.267","3.0","KHARG, IR","    0",",,S","  232",",,S","  160",",,S","  203","H,,S"
"IRM00040845","2013-03-11","29.267","50.267","3.0","KHARG, IR","   13",",,S","  220",",,S","  184",",,S","  196","H,,S"
"IRM00040845","2013-03-12","29.267","50.267","3.0","KHARG, IR","    0",",,S","  220",",,S","  184",",,S","  207","H,,S"
"IRM00040845","2013-03-13","29.267","50.267","3.0","KHARG, IR","    0",",,S","  232",",,S","  188",",,S","  210","H,,S"
"IRM00040845","2013-03-14","29.267","50.267","3.0","KHARG, IR","    0",",,S","  262",",,S","  170",",,S","  226","H,,S"
"IRM00040845","2013-03-15","29.267","50.267","3.0","KHARG, IR","    0",",,S","  282",",,S","  170",",,S","  247","H,,S"
"IRM00040845","2013-03-16","29.267","50.267","3.0","KHARG, IR","    0",",,S","  290",",,S","  172",",,S","  237","H,,S"
"IRM00040845","2013-03-17","29.267","50.267","3.0","KHARG, IR","    0",",,S","  280",",,S","  180",",,S","  236","H,,S"
"IRM00040845","2013-03-18","29.267","50.267","3.0","KHARG, IR","    0",",,S","  234",",,S",,,"  221","H,,S"
"IRM00040845","2013-03-19","29.267","50.267","3.0","KHARG, IR","    5",",,S","  224",",,S",,,"  199","H,,S"
"IRM00040845","2013-03-20","29.267","50.267","3.0","KHARG, IR","    0",",,S","  204",",,S",,,"  192","H,,S"
"IRM00040845","2013-03-21","29.267","50.267","3.0","KHARG, IR","    0",",,S",,,,,"  196","H,,S"
"IRM00040845","2013-03-22","29.267","50.267","3.0","KHARG, IR","    0",",,S","  226",",,S","  182",",,S","  205","H,,S"
"IRM00040845","2013-03-23","29.267","50.267","3.0","KHARG, IR","    0",",,S","  244",",,S","  150",",,S","  208","H,,S"
"IRM00040845","2013-03-24","29.267","50.267","3.0","KHARG, IR","    0",",,S","  264",",,S","  166",",,S","  223","H,,S"
"IRM00040845","2013-03-25","29.267","50.267","3.0","KHARG, IR","    0",",,S","  210",",,S","  186",",,S","  199","H,,S"
"IRM00040845","2013-03-26","29.267","50.267","3.0","KHARG, IR","    0",",,S","  214",",,S","  176",",,S","  195","H,,S"
"IRM00040845","2013-03-27","29.267","50.267","3.0","KHARG, IR","    0",",,S","  262",",,S","  136",",,S","  215","H,,S"
"IRM00040845","2013-03-28","29.267","50.267","3.0","KHARG, IR","    0",",,S","  266",",,S","  150",",,S","  222","H,,S"
"IRM00040845","2013-03-29","29.267","50.267","3.0","KHARG, IR","    0",",,S",,,"  176",",,S","  231","H,,S"
"IRM00040845","2013-03-30","29.267","50.267","3.0","KHARG, IR","    0",",,S","  290",",,S","  190",",,S","  250","H,,S"
"IRM00040845","2013-03-31","29.267","50.267","3.0","KHARG, IR","    0",",,S","  286",",,S","  210",",,S","  251","H,,S"
"IRM00040845","2013-04-01","29.267","50.267","3.0","KHARG, IR","    0",",,S","  272",",,S","  210",",,S","  242","H,,S"
"IRM00040845","2013-04-02","29.267","50.267","3.0","KHARG, IR","    0",",,S","  290",",,S",,,"  244","H,,S"
"IRM00040845","2013-04-03","29.267","50.267","3.0","KHARG, IR","    0",",,S","  298",",,S","  188",",,S","  254","H,,S"
"IRM00040845","2013-04-04","29.267","50.267","3.0","KHARG, IR","   10",",,S","  296",",,S","  226",",,S","  266","H,,S"
"IRM00040845","2013-04-05","29.267","50.267","3.0","KHARG, IR","    0",",,S","  292",",,S","  248",",,S","  272","H,,S"
"IRM00040845","2013-04-06","29.267","50.267","3.0","KHARG, IR","   18",",,S",,,"  214",",,S","  226","H,,S"
"IRM00040845","2013-04-07","29.267","50.267","3.0","KHARG, IR","    0",",,S","  250",",,S","  196",",,S","  225","H,,S"
"IRM00040845","2013-04-08","29.267","50.267","3.0","KHARG, IR","    0",",,S","  272",",,S",,,"  232","H,,S"
"IRM00040845","2013-04-09","29.267","50.267","3.0","KHARG, IR","    0",",,S","  270",",,S","  184",",,S","  237","H,,S"
"IRM00040845","2013-04-10","29.267","50.267","3.0","KHARG, IR","    0",",,S","  300",",,S","  184",",,S","  248","H,,S"
"IRM00040845","2013-04-11","29.267","50.267","3.0","KHARG, IR","    0",",,S","  290",",,S","  216",",,S","  254","H,,S"
"IRM00040845","2013-04-12","29.267","50.267","3.0","KHARG, IR","    0",",,S","  312",",,S","  210",",,S","  271","H,,S"
"IRM00040845","2013-04-13","29.267","50.267","3.0","KHARG, IR","    0",",,S","  330",",,S","  246",",,S","  280","H,,S"
"IRM00040845","2013-04-14","29.267","50.267","3.0","KHARG, IR","    0",",,S",,,"  248",",,S","  294","H,,S"
"IRM00040845","2013-04-15","29.267","50.267","3.0","KHARG, IR","    0",",,S","  294",",,S",,,"  258","H,,S"
"IRM00040845","2013-04-16","29.267","50.267","3.0","KHARG, IR","    0",",,S","  334",",,S","  186",",,S","  266","H,,S"
"IRM00040845","2013-04-17","29.267","50.267","3.0","KHARG, IR","    0",",,S","  320",",,S","  240",",,S","  290","H,,S"
"IRM00040845","2013-04-18","29.267","50.267","3.0","KHARG, IR","    0",",,S","  310",",,S","  228",",,S","  270","H,,S"
"IRM00040845","2013-04-19","29.267","50.267","3.0","KHARG, IR","    0",",,S","  340",",,S","  238",",,S","  281","H,,S"
"IRM00040845","2013-04-20","29.267","50.267","3.0","KHARG, IR","    0",",,S","  324",",,S","  230",",,S","  281","H,,S"
"IRM00040845","2013-04-21","29.267","50.267","3.0","KHARG, IR","    0",",,S","  274",",,S","  244",",,S","  262","H,,S"
"IRM00040845","2013-04-22","29.267","50.267","3.0","KHARG, IR","    0",",,S","  264",",,S","  226",",,S","  247","H,,S"
"IRM00040845","2013-04-23","29.267","50.267","3.0","KHARG, IR","    0",",,S",,,"  200",",,S","  246","H,,S"
"IRM00040845","2013-04-24","29.267","50.267","3.0","KHARG, IR","    0",",,S",,,"  210",",,S","  256","H,,S"
"IRM00040845","2013-04-25","29.267","50.267","3.0","KHARG, IR","    0",",,S",,,"  234",",,S","  256","H,,S"
"IRM00040845","2013-04-26","29.267","50.267","3.0","KHARG, IR","    0",",,S","  280",",,S","  216",",,S","  254","H,,S"
"IRM00040845","2013-04-27","29.267","50.267","3.0","KHARG, IR","    0",",,S","  282",",,S","  174",",,S","  246","H,,S"
"IRM00040845","2013-04-28","29.267","50.267","3.0","KHARG, IR","    0",",,S","  284",",,S","  166",",,S","  248","H,,S"
"IRM00040845","2013-04-29","29.267","50.267","3.0","KHARG, IR","    0",",,S","  284",",,S",,,"  249","H,,S"
"IRM00040845","2013-04-30","29.267","50.267","3.0","KHARG, IR","    0",",,S",,,,,"  246","H,,S"
"IRM00040845","2013-05-01","29.267","50.267","3.0","KHARG, IR","    5",",,S",,,"  216",",,S","  231","H,,S"
"IRM00040845","2013-05-02","29.267","50.267","3.0","KHARG, IR","   43",",,S","  254",",,S",,,"  242","H,,S"
"IRM00040845","2013-05-03","29.267","50.267","3.0","KHARG, IR","   81",",,S","  280",",,S",,,"  257","H,,S"
"IRM00040845","2013-05-04","29.267","50.267","3.0","KHARG, IR","    0",",,S","  294",",,S","  226",",,S","  263","H,,S"
"IRM00040845","2013-05-05","29.267","50.267","3.0","KHARG, IR","    0",",,S","  310",",,S","  238",",,S","  261","H,,S"
"IRM00040845","2013-05-06","29.267","50.267","3.0","KHARG, IR","    0",",,S","  292",",,S","  226",",,S","  266","H,,S"
"IRM00040845","2013-05-07","29.267","50.267","3.0","KHARG, IR","    0",",,S","  302",",,S","  210",",,S","  270","H,,S"
"IRM00040845","2013-05-08","29.267","50.267","3.0","KHARG, IR",,,"  304",",,S","  250",",,S","  274","H,,S"
"IRM00040845","2013-05-09","29.267","50.267","3.0","KHARG, IR","    0",",,S","  312",",,S","  236",",,S","  280","H,,S"
"IRM00040845","2013-05-10","29.267","50.267","3.0","KHARG, IR","    0",",,S","  312",",,S","  250",",,S","  291","H,,S"
"IRM00040845","2013-05-11","29.267","50.267","3.0","KHARG, IR","    0",",,S",,,"  230",",,S","  292","H,,S"
"IRM00040845","2013-05-12","29.267","50.267","3.0","KHARG, IR","    0",",,S","  370",",,S","  258",",,S","  319","H,,S"
"IRM00040845","2013-05-13","29.267","50.267","3.0","KHARG, IR","    0",",,S","  400",",,S","  260",",,S","  327","H,,S"
"IRM00040845","2013-05-14","29.267","50.267","3.0","KHARG, IR","    0",",,S","  304",",,S","  268",",,S","  288","H,,S"
"IRM00040845","2013-05-15","29.267","50.267","3.0","KHARG, IR","    0",",,S","  328",",,S","  248",",,S","  291","H,,S"
"IRM00040845","2013-05-16","29.267","50.267","3.0","KHARG, IR","    0",",,S","  350",",,S",,,"  307","H,,S"
"IRM00040845","2013-05-17","29.267","50.267","3.0","KHARG, IR","    0",",,S","  314",",,S","  270",",,S","  294","H,,S"
"IRM00040845","2013-05-18","29.267","50.267","3.0","KHARG, IR","    0",",,S","  304",",,S",,,"  286","H,,S"
"IRM00040845","2013-05-19","29.267","50.267","3.0","KHARG, IR","    0",",,S","  320",",,S","  262",",,S","  295","H,,S"
"IRM00040845","2013-05-20","29.267","50.267","3.0","KHARG, IR",,,,,"  268",",,S","  301","H,,S"
"IRM00040845","2013-05-21","29.267","50.267","3.0","KHARG, IR","    0",",,S","  316",",,S","  234",",,S","  291","H,,S"
"IRM00040845","2013-05-22","29.267","50.267","3.0","KHARG, IR","    0",",,S","  350",",,S","  266",",,S","  312","H,,S"
"IRM00040845","2013-05-23","29.267","50.267","3.0","KHARG, IR","    0",",,S","  322",",,S","  276",",,S","  298","H,,S"
"IRM00040845","2013-05-24","29.267","50.267","3.0","KHARG, IR","    0",",,S","  334",",,S","  276",",,S","  306","H,,S"
"IRM00040845","2013-05-25","29.267","50.267","3.0","KHARG, IR","    0",",,S","  332",",,S",,,"  302","H,,S"
"IRM00040845","2013-05-26","29.267","50.267","3.0","KHARG, IR","    0",",,S","  358",",,S","  260",",,S","  311","H,,S"
"IRM00040845","2013-05-27","29.267","50.267","3.0","KHARG, IR","    0",",,S",,,,,"  305","H,,S"
"IRM00040845","2013-05-28","29.267","50.267","3.0","KHARG, IR","    0",",,S","  360",",,S","  266",",,S","  325","H,,S"
"IRM00040845","2013-05-29","29.267","50.267","3.0","KHARG, IR","    0",",,S","  370",",,S","  290",",,S","  321","H,,S"
"IRM00040845","2013-05-30","29.267","50.267","3.0","KHARG, IR","    0",",,S","  330",",,S","  274",",,S","  307","H,,S"
"IRM00040845","2013-05-31","29.267","50.267","3.0","KHARG, IR","    0",",,S","  342",",,S",,,"  312","H,,S"
"IRM00040845","2013-06-01","29.267","50.267","3.0","KHARG, IR","    0",",,S","  380",",,S",,,"  326","H,,S"
"IRM00040845","2013-06-02","29.267","50.267","3.0","KHARG, IR","    0",",,S","  360",",,S","  270",",,S","  323","H,,S"
"IRM00040845","2013-06-03","29.267","50.267","3.0","KHARG, IR","    0",",,S","  352",",,S",,,"  313","H,,S"
"IRM00040845","2013-06-04","29.267","50.267","3.0","KHARG, IR","    0",",,S",,,,,"  306","H,,S"
"IRM00040845","2013-06-05","29.267","50.267","3.0","KHARG, IR","    0",",,S","  342",",,S","  268",",,S","  312","H,,S"
"IRM00040845","2013-06-06","29.267","50.267","3.0","KHARG, IR","    0",",,S",,,"  288",",,S","  317","H,,S"
"IRM00040845","2013-06-07","29.267","50.267","3.0","KHARG, IR","    0",",,S","  334",",,S","  290",",,S","  311","H,,S"
"IRM00040845","2013-06-08","29.267","50.267","3.0","KHARG, IR","    0",",,S","  324",",,S",,,"  297","H,,S"
"IRM00040845","2013-06-09","29.267","50.267","3.0","KHARG, IR","    0",",,S",,,"  280",",,S","  307","H,,S"
"IRM00040845","2013-06-10","29.267","50.267","3.0","KHARG, IR","    0",",,S","  352",",,S","  270",",,S","  307","H,,S"
"IRM00040845","2013-06-11","29.267","50.267","3.0","KHARG, IR","    0",",,S","  332",",,S","  276",",,S","  307","H,,S"
"IRM00040845","2013-06-12","29.267","50.267","3.0","KHARG, IR","    0",",,S",,,,,"  302","H,,S"
"IRM00040845","2013-06-13","29.267","50.267","3.0","KHARG, IR","    0",",,S","  360",",,S","  276",",,S","  312","H,,S"
"IRM00040845","2013-06-14","29.267","50.267","3.0","KHARG, IR","    0",",,S",,,"  244",",,S","  312","H,,S"
"IRM00040845","2013-06-15","29.267","50.267","3.0","KHARG, IR","    0",",,S","  350",",,S","  264",",,S","  315","H,,S"
"IRM00040845","2013-06-16","29.267","50.267","3.0","KHARG, IR","    0",",,S","  340",",,S","  286",",,S","  313","H,,S"
"IRM00040845","2013-06-17","29.267","50.267","3.0","KHARG, IR","    0",",,S","  342",",,S",,,"  307","H,,S"
"IRM00040845","2013-06-18","29.267","50.267","3.0","KHARG, IR","    0",",,S",,,"  290",",,S","  326","H,,S"
"IRM00040845","2013-06-19","29.267","50.267","3.0","KHARG, IR","    0",",,S",,,,,"  329","H,,S"
"IRM00040845","2013-06-20","29.267","50.267","3.0","KHARG, IR","    0",",,S","  382",",,S","  270",",,S","  342","H,,S"
"IRM00040845","2013-06-21","29.267","50.267","3.0","KHARG, IR","    0",",,S","  390",",,S","  270",",,S","  351","H,,S"
"IRM00040845","2013-06-22","29.267","50.267","3.0","KHARG, IR","    0",",,S","  372",",,S","  280",",,S","  336","H,,S"
"IRM00040845","2013-06-23","29.267","50.267","3.0","KHARG, IR","    0",",,S","  376",",,S","  296",",,S","  340","H,,S"
"IRM00040845","2013-06-24","29.267","50.267","3.0","KHARG, IR","    0",",,S","  382",",,S","  266",",,S","  329","H,,S"
"IRM00040845","2013-06-25","29.267","50.267","3.0","KHARG, IR","    0",",,S","  384",",,S","  298",",,S","  340","H,,S"
"IRM00040845","2013-06-26","29.267","50.267","3.0","KHARG, IR","    0",",,S","  388",",,S","  300",",,S","  343","H,,S"
"IRM00040845","2013-06-27","29.267","50.267","3.0","KHARG, IR","    0",",,S","  382",",,S",,,"  353","H,,S"
"IRM00040845","2013-06-28","29.267","50.267","3.0","KHARG, IR","    0",",,S","  380",",,S","  290",",,S","  341","H,,S"
"IRM00040845","2013-06-29","29.267","50.267","3.0","KHARG, IR","    0",",,S","  370",",,S","  282",",,S","  341","H,,S"
"IRM00040845","2013-06-30","29.267","50.267","3.0","KHARG, IR","    0",",,S","  364",",,S","  288",",,S","  326","H,,S"
"IRM00040845","2013-07-01","29.267","50.267","3.0","KHARG, IR","    0",",,S","  372",",,S","  286",",,S","  330","H,,S"
"IRM00040845","2013-07-02","29.267","50.267","3.0","KHARG, IR","    0",",,S",,,"  290",",,S","  333","H,,S"
"IRM00040845","2013-07-03","29.267","50.267","3.0","KHARG, IR","    0",",,S",,,"  300",",,S","  343","H,,S"
"IRM00040845","2013-07-04","29.267","50.267","3.0","KHARG, IR","    0",",,S","  380",",,S","  310",",,S","  339","H,,S"
"IRM00040845","2013-07-05","29.267","50.267","3.0","KHARG, IR","    0",",,S","  374",",,S","  308",",,S","  341","H,,S"
"IRM00040845","2013-07-06","29.267","50.267","3.0","KHARG, IR","    0",",,S","  374",",,S","  306",",,S","  333","H,,S"
"IRM00040845","2013-07-07","29.267","50.267","3.0","KHARG, IR","    0",",,S",,,"  300",",,S","  346","H,,S"
"IRM00040845","2013-07-08","29.267","50.267","3.0","KHARG, IR","    0",",,S",,,"  310",",,S","  341","H,,S"
"IRM00040845","2013-07-09","29.267","50.267","3.0","KHARG, IR","    0",",,S",,,"  292",",,S","  335","H,,S"
"IRM00040845","2013-07-10","29.267","50.267","3.0","KHARG, IR","    0",",,S",,,"  280",",,S","  337","H,,S"
"IRM00040845","2013-07-11","29.267","50.267","3.0","KHARG, IR","    0",",,S","  416",",,S","  280",",,S","  356","H,,S"
"IRM00040845","2013-07-12","29.267","50.267","3.0","KHARG, IR","    0",",,S","  418",",,S",,,"  369","H,,S"
"IRM00040845","2013-07-13","29.267","50.267","3.0","KHARG, IR","    0",",,S","  390",",,S","  308",",,S","  357","H,,S"
"IRM00040845","2013-07-14","29.267","50.267","3.0","KHARG, IR","    0",",,S",,,"  308",",,S","  356","H,,S"
"IRM00040845","2013-07-15","29.267","50.267","3.0","KHARG, IR","    0",",,S",,,,,"  343","H,,S"
"IRM00040845","2013-07-16","29.267","50.267","3.0","KHARG, IR","    0",",,S","  392",",,S",,,"  347","H,,S"
"IRM00040845","2013-07-17","29.267","50.267","3.0","KHARG, IR","    0",",,S","  392",",,S","  310",",,S","  362","H,,S"
"IRM00040845","2013-07-18","29.267","50.267","3.0","KHARG, IR","    0",",,S","  386",",,S",,,"  356","H,,S"
"IRM00040845","2013-07-19","29.267","50.267","3.0","KHARG, IR","    0",",,S",,,"  306",",,S","  356","H,,S"
"IRM00040845","2013-07-20","29.267","50.267","3.0","KHARG, IR","    0",",,S",,,,,"  353","H,,S"
"IRM00040845","2013-07-21","29.267","50.267","3.0","KHARG, IR","    0",",,S","  384",",,S",,,"  354","H,,S"
"IRM00040845","2013-07-22","29.267","50.267","3.0","KHARG, IR","    0",",,S","  376",",,S","  328",",,S","  355","H,,S"
"IRM00040845","2013-07-23","29.267","50.267","3.0","KHARG, IR","    0",",,S",,,"  326",",,S","  353","H,,S"
"IRM00040845","2013-07-24","29.267","50.267","3.0","KHARG, IR","    0",",,S",,,"  310",",,S","  354","H,,S"
"IRM00040845","2013-07-25","29.267","50.267","3.0","KHARG, IR","    0",",,S","  376",",,S","  328",",,S","  351","H,,S"
"IRM00040845","2013-07-26","29.267","50.267","3.0","KHARG, IR","    0",",,S","  374",",,S","  326",",,S","  352","H,,S"
"IRM00040845","2013-07-27","29.267","50.267","3.0","KHARG, IR","    0",",,S","  370",",,S","  234",",,S","  347","H,,S"
"IRM00040845","2013-07-28","29.267","50.267","3.0","KHARG, IR","    0",",,S",,,,,"  342","H,,S"
"IRM00040845","2013-07-29","29.267","50.267","3.0","KHARG, IR","    0",",,S","  370",",,S","  326",",,S","  347","H,,S"
"IRM00040845","2013-07-30","29.267","50.267","3.0","KHARG, IR","    0",",,S","  364",",,S","  320",",,S","  342","H,,S"
"IRM00040845","2013-07-31","29.267","50.267","3.0","KHARG, IR","    0",",,S","  364",",,S","  318",",,S","  345","H,,S"
"IRM00040845","2013-08-01","29.267","50.267","3.0","KHARG, IR","    0",",,S","  370",",,S","  290",",,S","  338","H,,S"
"IRM00040845","2013-08-02","29.267","50.267","3.0","KHARG, IR","    0",",,S","  370",",,S","  318",",,S","  342","H,,S"
"IRM00040845","2013-08-03","29.267","50.267","3.0","KHARG, IR","    0",",,S","  372",",,S","  316",",,S","  339","H,,S"
"IRM00040845","2013-08-04","29.267","50.267","3.0","KHARG, IR","    0",",,S","  364",",,S","  290",",,S","  331","H,,S"
"IRM00040845","2013-08-05","29.267","50.267","3.0","KHARG, IR",,,"  364",",,S","  296",",,S","  331","H,,S"
"IRM00040845","2013-08-06","29.267","50.267","3.0","KHARG, IR",,,,,,,"  328","H,,S"
"IRM00040845","2013-08-07","29.267","50.267","3.0","KHARG, IR","    0",",,S",,,"  290",",,S","  343","H,,S"
"IRM00040845","2013-08-08","29.267","50.267","3.0","KHARG, IR","    0",",,S","  386",",,S","  290",",,S","  352","H,,S"
"IRM00040845","2013-08-09","29.267","50.267","3.0","KHARG, IR","    0",",,S",,,"  290",",,S","  336","H,,S"
"IRM00040845","2013-08-10","29.267","50.267","3.0","KHARG, IR","    0",",,S","  374",",,S","  290",",,S","  342","H,,S"
"IRM00040845","2013-08-11","29.267","50.267","3.0","KHARG, IR","    0",",,S","  392",",,S","  290",",,S","  355","H,,S"
"IRM00040845","2013-08-12","29.267","50.267","3.0","KHARG, IR","    0",",,S","  392",",,S","  294",",,S","  353","H,,S"
"IRM00040845","2013-08-13","29.267","50.267","3.0","KHARG, IR","    0",",,S",,,,,"  348","H,,S"
"IRM00040845","2013-08-14","29.267","50.267","3.0","KHARG, IR","    0",",,S","  394",",,S","  296",",,S","  359","H,,S"
"IRM00040845","2013-08-15","29.267","50.267","3.0","KHARG, IR","    0",",,S","  378",",,S","  313",",,S","  350","H,,S"
"IRM00040845","2013-08-16","29.267","50.267","3.0","KHARG, IR","    0",",,S","  394",",,S","  300",",,S","  353","H,,S"
"IRM00040845","2013-08-17","29.267","50.267","3.0","KHARG, IR","    0",",,S","  370",",,S","  296",",,S","  336","H,,S"
"IRM00040845","2013-08-18","29.267","50.267","3.0","KHARG, IR","    0",",,S","  394",",,S","  294",",,S","  347","H,,S"
"IRM00040845","2013-08-19","29.267","50.267","3.0","KHARG, IR","    0",",,S","  370",",,S","  300",",,S","  339","H,,S"
"IRM00040845","2013-08-20","29.267","50.267","3.0","KHARG, IR","    0",",,S","  372",",,S","  290",",,S","  342","H,,S"
"IRM00040845","2013-08-21","29.267","50.267","3.0","KHARG, IR","    0",",,S","  392",",,S","  300",",,S","  346","H,,S"
"IRM00040845","2013-08-22","29.267","50.267","3.0","KHARG, IR","    0",",,S","  374",",,S","  296",",,S","  342","H,,S"
"IRM00040845","2013-08-23","29.267","50.267","3.0","KHARG, IR","    0",",,S","  374",",,S","  300",",,S","  353","H,,S"
"IRM00040845","2013-08-24","29.267","50.267","3.0","KHARG, IR","    0",",,S","  392",",,S","  324",",,S","  364","H,,S"
"IRM00040845","2013-08-25","29.267","50.267","3.0","KHARG, IR","    0",",,S","  388",",,S","  290",",,S","  351","H,,S"
"IRM00040845","2013-08-26","29.267","50.267","3.0","KHARG, IR","    0",",,S",,,"  300",",,S","  354","H,,S"
"IRM00040845","2013-08-27","29.267","50.267","3.0","KHARG, IR","    0",",,S","  370",",,S","  334",",,S","  351","H,,S"
"IRM00040845","2013-08-28","29.267","50.267","3.0","KHARG, IR","    0",",,S","  372",",,S","  328",",,S","  349","H,,S"
"IRM00040845","2013-08-29","29.267","50.267","3.0","KHARG, IR","    0",",,S",,,"  294",",,S","  354","H,,S"
"IRM00040845","2013-08-30","29.267","50.267","3.0","KHARG, IR","    0",",,S",,,"  286",",,S","  351","H,,S"
"IRM00040845","2013-08-31","29.267","50.267","3.0","KHARG, IR","    0",",,S","  372",",,S",,,"  337","H,,S"
"IRM00040845","2013-09-01","29.267","50.267","3.0","KHARG, IR","    0",",,S","  400",",,S","  288",",,S","  348","H,,S"
"IRM00040845","2013-09-02","29.267","50.267","3.0","KHARG, IR","    0",",,S","  382",",,S","  288",",,S","  336","H,,S"
"IRM00040845","2013-09-03","29.267","50.267","3.0","KHARG, IR","    0",",,S","  382",",,S","  288",",,S","  337","H,,S"
"IRM00040845","2013-09-04","29.267","50.267","3.0","KHARG, IR","    0",",,S","  398",",,S","  288",",,S","  342","H,,S"
"IRM00040845","2013-09-05","29.267","50.267","3.0","KHARG, IR",,,"  354",",,S","  296",",,S","  333","H,,S"
"IRM00040845","2013-09-06","29.267","50.267","3.0","KHARG, IR","    0",",,S","  364",",,S","  296",",,S","  336","H,,S"
"IRM00040845","2013-09-07","29.267","50.267","3.0","KHARG, IR","    0",",,S","  360",",,S","  324",",,S","  344","H,,S"
"IRM00040845","2013-09-08","29.267","50.267","3.0","KHARG, IR","    0",",,S","  354",",,S","  304",",,S","  331","H,,S"
"IRM00040845","2013-09-09","29.267","50.267","3.0","KHARG, IR","    0",",,S","  362",",,S","  266",",,S","  328","H,,S"
"IRM00040845","2013-09-10","29.267","50.267","3.0","KHARG, IR","    0",",,S","  352",",,S",,,"  328","H,,S"
"IRM00040845","2013-09-11","29.267","50.267","3.0","KHARG, IR",,,"  370",",,S","  270",",,S","  328","H,,S"
"IRM00040845","2013-09-12","29.267","50.267","3.0","KHARG, IR","    0",",,S",,,"  276",",,S","  334","H,,S"
"IRM00040845","2013-09-13","29.267","50.267","3.0","KHARG, IR","    0",",,S","  372",",,S","  274",",,S","  341","H,,S"
"IRM00040845","2013-09-14","29.267","50.267","3.0","KHARG, IR","    0",",,S","  370",",,S","  256",",,S","  332","H,,S"
"IRM00040845","2013-09-15","29.267","50.267","3.0","KHARG, IR","    0",",,S","  384",",,S","  266",",,S","  332","H,,S"
"IRM00040845","2013-09-16","29.267","50.267","3.0","KHARG, IR","    0",",,S",,,"  266",",,S","  333","H,,S"
"IRM00040845","2013-09-17","29.267","50.267","3.0","KHARG, IR","    0",",,S","  384",",,S","  320",",,S","  354","H,,S"
"IRM00040845","2013-09-18","29.267","50.267","3.0","KHARG, IR","    0",",,S","  380",",,S","  320",",,S","  351","H,,S"
"IRM00040845","2013-09-19","29.267","50.267","3.0","KHARG, IR","    0",",,S","  370",",,S","  300",",,S","  344","H,,S"
"IRM00040845","2013-09-20","29.267","50.267","3.0","KHARG, IR","    0",",,S",,,"  320",",,S","  355","H,,S"
"IRM00040845","2013-09-21","29.267","50.267","3.0","KHARG, IR","    0",",,S","  360",",,S","  328",",,S","  346","H,,S"
"IRM00040845","2013-09-22","29.267","50.267","3.0","KHARG, IR","    0",",,S","  358",",,S","  320",",,S","  339","H,,S"
"IRM00040845","2013-09-23","29.267","50.267","3.0","KHARG, IR","    0",",,S","  344",",,S","  280",",,S","  326","H,,S"
"IRM00040845","2013-09-24","29.267","50.267","3.0","KHARG, IR","    0",",,S",,,,,"  333","H,,S"
"IRM00040845","2013-09-25","29.267","50.267","3.0","KHARG, IR","    0",",,S",,,,,"  329","H,,S"
"IRM00040845","2013-09-26","29.267","50.267","3.0","KHARG, IR","    0",",,S","  320",",,S",,,"  305","H,,S"
"IRM00040845","2013-09-27","29.267","50.267","3.0","KHARG, IR","    0",",,S","  318",",,S","  280",",,S","  298","H,,S"
"IRM00040845","2013-09-28","29.267","50.267","3.0","KHARG, IR","    0",",,S","  330",",,S",,,"  304","H,,S"
"IRM00040845","2013-09-29","29.267","50.267","3.0","KHARG, IR","    0",",,S",,,"  280",",,S","  316","H,,S"
"IRM00040845","2013-09-30","29.267","50.267","3.0","KHARG, IR","    0",",,S","  340",",,S","  262",",,S","  312","H,,S"
"IRM00040845","2013-10-01","29.267","50.267","3.0","KHARG, IR","    0",",,S","  334",",,S","  288",",,S","  318","H,,S"
"IRM00040845","2013-10-02","29.267","50.267","3.0","KHARG, IR","    0",",,S",,,"  284",",,S","  321","H,,S"
"IRM00040845","2013-10-03","29.267","50.267","3.0","KHARG, IR","    0",",,S",,,"  274",",,S","  321","H,,S"
"IRM00040845","2013-10-04","29.267","50.267","3.0","KHARG, IR","    0",",,S","  340",",,S","  264",",,S","  320","H,,S"
"IRM00040845","2013-10-05","29.267","50.267","3.0","KHARG, IR","    0",",,S","  340",",,S","  260",",,S","  312","H,,S"
"IRM00040845","2013-10-06","29.267","50.267","3.0","KHARG, IR","    0",",,S",,,"  290",",,S","  314","H,,S"
"IRM00040845","2013-10-07","29.267","50.267","3.0","KHARG, IR","    0",",,S",,,"  276",",,S","  306","H,,S"
"IRM00040845","2013-10-08","29.267","50.267","3.0","KHARG, IR","    0",",,S","  282",",,S",,,"  263","H,,S"
"IRM00040845","2013-10-09","29.267","50.267","3.0","KHARG, IR","    0",",,S","  270",",,S","  236",",,S","  255","H,,S"
"IRM00040845","2013-10-10","29.267","50.267","3.0","KHARG, IR","    0",",,S",,,,,"  271","H,,S"
"IRM00040845","2013-10-11","29.267","50.267","3.0","KHARG, IR","    0",",,S",,,"  260",",,S","  278","H,,S"
"IRM00040845","2013-10-12","29.267","50.267","3.0","KHARG, IR","    0",",,S","  294",",,S",,,"  278","H,,S"
"IRM00040845","2013-10-13","29.267","50.267","3.0","KHARG, IR","    0",",,S","  310",",,S","  200",",,S","  270","H,,S"
"IRM00040845","2013-10-14","29.267","50.267","3.0","KHARG, IR","    0",",,S","  316",",,S","  200",",,S","  270","H,,S"
"IRM00040845","2013-10-15","29.267","50.267","3.0","KHARG, IR","    0",",,S","  310",",,S","  230",",,S","  277","H,,S"
"IRM00040845","2013-10-16","29.267","50.267","3.0","KHARG, IR","    0",",,S","  300",",,S","  246",",,S","  285","H,,S"
"IRM00040845","2013-10-17","29.267","50.267","3.0","KHARG, IR","    0",",,S","  310",",,S","  220",",,S","  276","H,,S"
"IRM00040845","2013-10-18","29.267","50.267","3.0","KHARG, IR","    0",",,S","  310",",,S","  214",",,S","  283","H,,S"
"IRM00040845","2013-10-19","29.267","50.267","3.0","KHARG, IR","    0",",,S","  344",",,S","  226",",,S","  293","H,,S"
"IRM00040845","2013-10-20","29.267","50.267","3.0","KHARG, IR","    0",",,S","  310",",,S","  236",",,S","  284","H,,S"
"IRM00040845","2013-10-21","29.267","50.267","3.0","KHARG, IR",,,"  300",",,S","  266",",,S","  278","H,,S"
"IRM00040845","2013-10-22","29.267","50.267","3.0","KHARG, IR","    0",",,S",,,"  236",",,S","  256","H,,S"
"IRM00040845","2013-10-23","29.267","50.267","3.0","KHARG, IR","    0",",,S",,,,,"  268","H,,S"
"IRM00040845","2013-10-24","29.267","50.267","3.0","KHARG, IR","    0",",,S",,,"  240",",,S","  267","H,,S"
"IRM00040845","2013-10-25","29.267","50.267","3.0","KHARG, IR","    0",",,S",,,,,"  259","H,,S"
"IRM00040845","2013-10-26","29.267","50.267","3.0","KHARG, IR","    0",",,S","  312",",,S","  218",",,S","  273","H,,S"
"IRM00040845","2013-10-27","29.267","50.267","3.0","KHARG, IR",,,,,"  228",",,S","  268","H,,S"
"IRM00040845","2013-10-28","29.267","50.267","3.0","KHARG, IR",,,"  290",",,S",,,"  267","H,,S"
"IRM00040845","2013-10-29","29.267","50.267","3.0","KHARG, IR","    0",",,S","  280",",,S",,,"  267","H,,S"
"IRM00040845","2013-10-30","29.267","50.267","3.0","KHARG, IR","    0",",,S","  282",",,S",,,"  263","H,,S"
"IRM00040845","2013-10-31","29.267","50.267","3.0","KHARG, IR","    0",",,S","  282",",,S","  244",",,S","  268","H,,S"
"IRM00040845","2013-11-01","29.267","50.267","3.0","KHARG, IR","    0",",,S","  300",",,S",,,"  281","H,,S"
"IRM00040845","2013-11-02","29.267","50.267","3.0","KHARG, IR",,,"  280",",,S","  242",",,S","  261","H,,S"
"IRM00040845","2013-11-03","29.267","50.267","3.0","KHARG, IR",,,,,,,"  228","H,,S"
"IRM00040845","2013-11-04","29.267","50.267","3.0","KHARG, IR","   28",",,S","  254",",,S","  234",",,S","  247","H,,S"
"IRM00040845","2013-11-05","29.267","50.267","3.0","KHARG, IR","    0",",,S",,,,,"  249","H,,S"
"IRM00040845","2013-11-06","29.267","50.267","3.0","KHARG, IR","    0",",,S","  270",",,S","  238",",,S","  258","H,,S"
"IRM00040845","2013-11-07","29.267","50.267","3.0","KHARG, IR","    0",",,S","  280",",,S","  230",",,S","  261","H,,S"
"IRM00040845","2013-11-08","29.267","50.267","3.0","KHARG, IR","    0",",,S","  272",",,S","  198",",,S","  246","H,,S"
"IRM00040845","2013-11-09","29.267","50.267","3.0","KHARG, IR","    0",",,S","  280",",,S","  230",",,S","  253","H,,S"
"IRM00040845","2013-11-10","29.267","50.267","3.0","KHARG, IR","    0",",,S",,,"  240",",,S","  264","H,,S"
"IRM00040845","2013-11-11","29.267","50.267","3.0","KHARG, IR","    0",",,S","  280",",,S","  230",",,S","  257","H,,S"
"IRM00040845","2013-11-12","29.267","50.267","3.0","KHARG, IR","    0",",,S","  274",",,S","  210",",,S","  258","H,,S"
"IRM00040845","2013-11-13","29.267","50.267","3.0","KHARG, IR","    0",",,S","  262",",,S","  246",",,S","  255","H,,S"
"IRM00040845","2013-11-14","29.267","50.267","3.0","KHARG, IR","    0",",,S","  244",",,S",,,"  238","H,,S"
"IRM00040845","2013-11-15","29.267","50.267","3.0","KHARG, IR","    5",",,S","  240",",,S","  218",",,S","  229","H,,S"
"IRM00040845","2013-11-16","29.267","50.267","3.0","KHARG, IR","    0",",,S","  250",",,S","  220",",,S","  236","H,,S"
"IRM00040845","2013-11-17","29.267","50.267","3.0","KHARG, IR","    0",",,S",,,"  170",",,S","  226","H,,S"
"IRM00040845","2013-11-18","29.267","50.267","3.0","KHARG, IR","    0",",,S","  260",",,S","  204",",,S","  238","H,,S"
"IRM00040845","2013-11-19","29.267","50.267","3.0","KHARG, IR","  297",",,S",,,,,"  199","H,,S"
"IRM00040845","2013-11-20","29.267","50.267","3.0","KHARG, IR","  627",",,S","  240",",,S",,,"  214","H,,S"
"IRM00040845","2013-11-21","29.267","50.267","3.0","KHARG, IR","  183",",,S",,,,,"  196","H,,S"
"IRM00040845","2013-11-22","29.267","50.267","3.0","KHARG, IR","   76",",,S","  210",",,S","  156",",,S","  202","H,,S"
"IRM00040845","2013-11-23","29.267","50.267","3.0","KHARG, IR","    0",",,S",,,"  196",",,S","  207","H,,S"
"IRM00040845","2013-11-24","29.267","50.267","3.0","KHARG, IR","    0",",,S",,,"  182",",,S","  206","H,,S"
"IRM00040845","2013-11-25","29.267","50.267","3.0","KHARG, IR","    0",",,S","  224",",,S",,,"  213","H,,S"
"IRM00040845","2013-11-26","29.267","50.267","3.0","KHARG, IR","    0",",,S","  232",",,S",,,"  217","H,,S"
"IRM00040845","2013-11-27","29.267","50.267","3.0","KHARG, IR","    0",",,S","  230",",,S","  198",",,S","  223","H,,S"
"IRM00040845","2013-11-28","29.267","50.267","3.0","KHARG, IR","    0",",,S",,,"  206",",,S","  222","H,,S"
"IRM00040845","2013-11-29","29.267","50.267","3.0","KHARG, IR","    0",",,S","  246",",,S",,,"  221","H,,S"
"IRM00040845","2013-11-30","29.267","50.267","3.0","KHARG, IR","    0",",,S","  252",",,S","  180",",,S","  223","H,,S"
"IRM00040845","2013-12-01","29.267","50.267","3.0","KHARG, IR","    0",",,S","  250",",,S","  200",",,S","  231","H,,S"
"IRM00040845","2013-12-02","29.267","50.267","3.0","KHARG, IR","    0",",,S","  222",",,S","  208",",,S","  217","H,,S"
"IRM00040845","2013-12-03","29.267","50.267","3.0","KHARG, IR","    0",",,S","  220",",,S",,,"  209","H,,S"
"IRM00040845","2013-12-04","29.267","50.267","3.0","KHARG, IR","    0",",,S","  230",",,S","  150",",,S","  214","H,,S"
"IRM00040845","2013-12-05","29.267","50.267","3.0","KHARG, IR","    0",",,S","  250",",,S","  204",",,S","  235","H,,S"
"IRM00040845","2013-12-06","29.267","50.267","3.0","KHARG, IR","    0",",,S","  260",",,S",,,"  243","H,,S"
"IRM00040845","2013-12-07","29.267","50.267","3.0","KHARG, IR","    0",",,S","  204",",,S","  190",",,S","  197","H,,S"
"IRM00040845","2013-12-08","29.267","50.267","3.0","KHARG, IR","    0",",,S","  214",",,S","  184",",,S","  201","H,,S"
"IRM00040845","2013-12-09","29.267","50.267","3.0","KHARG, IR","    0",",,S","  222",",,S","  180",",,S","  208","H,,S"
"IRM00040845","2013-12-10","29.267","50.267","3.0","KHARG, IR","    0",",,S","  170",",,S",,,"  153","H,,S"
"IRM00040845","2013-12-11","29.267","50.267","3.0","KHARG, IR","    0",",,S","  168",",,S",,,"  139","H,,S"
"IRM00040845","2013-12-12","29.267","50.267","3.0","KHARG, IR","    0",",,S","  232",",,S","  122",",,S","  210","H,,S"
"IRM00040845","2013-12-13","29.267","50.267","3.0","KHARG, IR","    0",",,S","  244",",,S","  210",",,S","  232","H,,S"
"IRM00040845","2013-12-14","29.267","50.267","3.0","KHARG, IR","    0",",,S","  234",",,S",,,"  208","H,,S"
"IRM00040845","2013-12-15","29.267","50.267","3.0","KHARG, IR","   76",",,S","  162",",,S",,,"  151","H,,S"
"IRM00040845","2013-12-16","29.267","50.267","3.0","KHARG, IR","    0",",,S","  144",",,S","  120",",,S","  133","H,,S"
"IRM00040845","2013-12-17","29.267","50.267","3.0","KHARG, IR","    0",",,S","  150",",,S",,,"  143","H,,S"
"IRM00040845","2013-12-18","29.267","50.267","3.0","KHARG, IR","    0",",,S",,,"  132",",,S","  159","H,,S"
"IRM00040845","2013-12-19","29.267","50.267","3.0","KHARG, IR","    0",",,S","  196",",,S","  160",",,S","  177","H,,S"
"IRM00040845","2013-12-20","29.267","50.267","3.0","KHARG, IR","    0",",,S","  170",",,S","  160",",,S","  166","H,,S"
"IRM00040845","2013-12-21","29.267","50.267","3.0","KHARG, IR","    0",",,S","  166",",,S","  138",",,S","  152","H,,S"
"IRM00040845","2013-12-22","29.267","50.267","3.0","KHARG, IR","    0",",,S","  160",",,S","  146",",,S","  154","H,,S"
"IRM00040845","2013-12-23","29.267","50.267","3.0","KHARG, IR","    0",",,S",,,"  150",",,S","  171","H,,S"
"IRM00040845","2013-12-24","29.267","50.267","3.0","KHARG, IR","    0",",,S","  194",",,S",,,"  173","H,,S"
"IRM00040845","2013-12-25","29.267","50.267","3.0","KHARG, IR","    0",",,S",,,"  166",",,S","  178","H,,S"
"IRM00040845","2013-12-26","29.267","50.267","3.0","KHARG, IR","    0",",,S","  164",",,S","  148",",,S","  156","H,,S"
"IRM00040845","2013-12-27","29.267","50.267","3.0","KHARG, IR","    0",",,S","  162",",,S",,,"  157","H,,S"
"IRM00040845","2013-12-28","29.267","50.267","3.0","KHARG, IR","    0",",,S","  172",",,S","  138",",,S","  161","H,,S"
"IRM00040845","2013-12-29","29.267","50.267","3.0","KHARG, IR","    0",",,S","  182",",,S",,,"  169","H,,S"
"IRM00040845","2013-12-30","29.267","50.267","3.0","KHARG, IR","    0",",,S",,,"  110",",,S","  178","H,,S"
"IRM00040845","2013-12-31","29.267","50.267","3.0","KHARG, IR","    0",",,S",,,,,"  161","H,,S"
"IRM00040845","2014-01-01","29.267","50.267","3.0","KHARG, IR","  170",",,S",,,"  160",",,S","  171","H,,S"
"IRM00040845","2014-01-02","29.267","50.267","3.0","KHARG, IR","    0",",,S","  182",",,S",,,"  169","H,,S"
"IRM00040845","2014-01-03","29.267","50.267","3.0","KHARG, IR","    0",",,S","  174",",,S","  156",",,S","  164","H,,S"
"IRM00040845","2014-01-04","29.267","50.267","3.0","KHARG, IR","    0",",,S","  170",",,S",,,"  158","H,,S"
"IRM00040845","2014-01-05","29.267","50.267","3.0","KHARG, IR","   33",",,S",,,,,"  149","H,,S"
"IRM00040845","2014-01-06","29.267","50.267","3.0","KHARG, IR","  516",",,S",,,"  130",",,S","  142","H,,S"
"IRM00040845","2014-01-07","29.267","50.267","3.0","KHARG, IR","   99",",,S",,,"  130",",,S","  132","H,,S"
"IRM00040845","2014-01-08","29.267","50.267","3.0","KHARG, IR","    0",",,S","  142",",,S","  128",",,S","  131","H,,S"
"IRM00040845","2014-01-09","29.267","50.267","3.0","KHARG, IR","    0",",,S","  144",",,S","  130",",,S","  138","H,,S"
"IRM00040845","2014-01-10","29.267","50.267","3.0","KHARG, IR","    0",",,S","  180",",,S","  100",",,S","  158","H,,S"
"IRM00040845","2014-01-11","29.267","50.267","3.0","KHARG, IR","  140",",,S","  174",",,S",,,"  154","H,,S"
"IRM00040845","2014-01-12","29.267","50.267","3.0","KHARG, IR","  366",",,S",,,"  130",",,S","  139","H,,S"
"IRM00040845","2014-01-13","29.267","50.267","3.0","KHARG, IR","    0",",,S","  144",",,S",,,"  138","H,,S"
"IRM00040845","2014-01-14","29.267","50.267","3.0","KHARG, IR","    0",",,S",,,"  118",",,S","  134","H,,S"
"IRM00040845","2014-01-15","29.267","50.267","3.0","KHARG, IR","    0",",,S","  162",",,S",,,"  151","H,,S"
"IRM00040845","2014-01-16","29.267","50.267","3.0","KHARG, IR","    0",",,S",,,"  136",",,S","  154","H,,S"
"IRM00040845","2014-01-17","29.267","50.267","3.0","KHARG, IR","    0",",,S","  194",",,S",,,"  168","H,,S"
"IRM00040845","2014-01-18","29.267","50.267","3.0","KHARG, IR","  335",",,S",,,"  148",",,S","  156","H,,S"
"IRM00040845","2014-01-19","29.267","50.267","3.0","KHARG, IR","  180",",,S",,,"  130",",,S","  148","H,,S"
"IRM00040845","2014-01-20","29.267","50.267","3.0","KHARG, IR","    0",",,S",,,"  148",",,S","  160","H,,S"
"IRM00040845","2014-01-21","29.267","50.267","3.0","KHARG, IR","    0",",,S","  174",",,S",,,"  164","H,,S"
"IRM00040845","2014-01-22","29.267","50.267","3.0","KHARG, IR","    0",",,S",,,"  146",",,S","  166","H,,S"
"IRM00040845","2014-01-23","29.267","50.267","3.0","KHARG, IR","    0",",,S","  192",",,S",,,"  157","H,,S"
"IRM00040845","2014-01-24","29.267","50.267","3.0","KHARG, IR","    0",",,S","  204",",,S",,,"  183","H,,S"
"IRM00040845","2014-01-25","29.267","50.267","3.0","KHARG, IR","    0",",,S","  174",",,S",,,"  169","H,,S"
"IRM00040845","2014-01-26","29.267","50.267","3.0","KHARG, IR","    0",",,S","  194",",,S","  130",",,S","  162","H,,S"
"IRM00040845","2014-01-27","29.267","50.267","3.0","KHARG, IR","    0",",,S","  202",",,S","  126",",,S","  172","H,,S"
"IRM00040845","2014-01-28","29.267","50.267","3.0","KHARG, IR","    0",",,S","  212",",,S","  166",",,S","  191","H,,S"
"IRM00040845","2014-01-29","29.267","50.267","3.0","KHARG, IR","    0",",,S",,,"  170",",,S","  199","H,,S"
"IRM00040845","2014-01-30","29.267","50.267","3.0","KHARG, IR",,,,,,,"  176","H,,S"
"IRM00040845","2014-01-31","29.267","50.267","3.0","KHARG, IR",,,,,,,"  178","H,,S"
"IRM00040845","2014-02-01","29.267","50.267","3.0","KHARG, IR",,,,,,,"  164","H,,S"
"IRM00040845","2014-02-02","29.267","50.267","3.0","KHARG, IR",,,,,,,"  162","H,,S"
"IRM00040845","2014-02-03","29.267","50.267","3.0","KHARG, IR",,,,,,,"  156","H,,S"
"IRM00040845","2014-02-04","29.267","50.267","3.0","KHARG, IR","   41",",,S","  180",",,S",,,"  167","H,,S"
"IRM00040845","2014-02-05","29.267","50.267","3.0","KHARG, IR","    0",",,S",,,,,"  124","H,,S"
"IRM00040845","2014-02-06","29.267","50.267","3.0","KHARG, IR","    0",",,S",,,"  100",",,S","  122","H,,S"
"IRM00040845","2014-02-07","29.267","50.267","3.0","KHARG, IR","    0",",,S",,,"  128",",,S","  142","H,,S"
"IRM00040845","2014-02-08","29.267","50.267","3.0","KHARG, IR","    0",",,S","  162",",,S","  138",",,S","  151","H,,S"
"IRM00040845","2014-02-09","29.267","50.267","3.0","KHARG, IR","    0",",,S","  162",",,S",,,"  151","H,,S"
"IRM00040845","2014-02-10","29.267","50.267","3.0","KHARG, IR","    0",",,S","  170",",,S","  150",",,S","  161","H,,S"
"IRM00040845","2014-02-11","29.267","50.267","3.0","KHARG, IR","    0",",,S",,,"  148",",,S","  161","H,,S"
"IRM00040845","2014-02-12","29.267","50.267","3.0","KHARG, IR","    0",",,S","  172",",,S","  148",",,S","  162","H,,S"
"IRM00040845","2014-02-13","29.267","50.267","3.0","KHARG, IR","    0",",,S","  184",",,S","  142",",,S","  170","H,,S"
"IRM00040845","2014-02-14","29.267","50.267","3.0","KHARG, IR","    0",",,S","  192",",,S","  104",",,S","  173","H,,S"
"IRM00040845","2014-02-15","29.267","50.267","3.0","KHARG, IR","    0",",,S","  198",",,S","   98",",,S","  165","H,,S"
"IRM00040845","2014-02-16","29.267","50.267","3.0","KHARG, IR","    0",",,S",,,"  136",",,S","  189","H,,S"
"IRM00040845","2014-02-17","29.267","50.267","3.0","KHARG, IR","    5",",,S",,,"  168",",,S","  181","H,,S"
"IRM00040845","2014-02-18","29.267","50.267","3.0","KHARG, IR","   15",",,S","  181",",,S",,,"  174","H,,S"
"IRM00040845","2014-02-19","29.267","50.267","3.0","KHARG, IR","    0",",,S","  191",",,S",,,"  177","H,,S"
"IRM00040845","2014-02-20","29.267","50.267","3.0","KHARG, IR","    0",",,S",,,"  159",",,S","  177","H,,S"
"IRM00040845","2014-02-21","29.267","50.267","3.0","KHARG, IR","    0",",,S","  194",",,S",,,"  180","H,,S"
"IRM00040845","2014-02-22","29.267","50.267","3.0","KHARG, IR","    0",",,S","  212",",,S","  117",",,S","  180","H,,S"
"IRM00040845","2014-02-23","29.267","50.267","3.0","KHARG, IR","    0",",,S","  214",",,S","  114",",,S","  181","H,,S"
"IRM00040845","2014-02-24","29.267","50.267","3.0","KHARG, IR","    0",",,S",,,,,"  195","H,,S"
"IRM00040845","2014-02-25","29.267","50.267","3.0","KHARG, IR","    0",",,S","  242",",,S",,,"  207","H,,S"
"IRM00040845","2014-02-26","29.267","50.267","3.0","KHARG, IR","    0",",,S","  266",",,S",,,"  224","H,,S"
"IRM00040845","2014-02-27","29.267","50.267","3.0","KHARG, IR","    0",",,S","  270",",,S","  168",",,S","  224","H,,S"
"IRM00040845","2014-02-28","29.267","50.267","3.0","KHARG, IR","    0",",,S","  232",",,S","  160",",,S","  199","H,,S"
"IRM00040845","2014-03-01","29.267","50.267","3.0","KHARG, IR","    0",",,S","  214",",,S",,,"  202","H,,S"
"IRM00040845","2014-03-02","29.267","50.267","3.0","KHARG, IR","    0",",,S","  202",",,S","  174",",,S","  190","H,,S"
"IRM00040845","2014-03-03","29.267","50.267","3.0","KHARG, IR","    0",",,S","  222",",,S","  135",",,S","  187","H,,S"
"IRM00040845","2014-03-04","29.267","50.267","3.0","KHARG, IR","    0",",,S","  235",",,S","  156",",,S","  208","H,,S"
"IRM00040845","2014-03-05","29.267","50.267","3.0","KHARG, IR","    0",",,S","  275",",,S","  152",",,S","  224","H,,S"
"IRM00040845","2014-03-06","29.267","50.267","3.0","KHARG, IR","    0",",,S","  273",",,S",,,"  226","H,,S"
"IRM00040845","2014-03-07","29.267","50.267","3.0","KHARG, IR","    0",",,S","  274",",,S","  172",",,S","  228","H,,S"
"IRM00040845","2014-03-08","29.267","50.267","3.0","KHARG, IR","    0",",,S","  260",",,S","  165",",,S","  223","H,,S"
"IRM00040845","2014-03-09","29.267","50.267","3.0","KHARG, IR","    0",",,S","  255",",,S","  188",",,S","  228","H,,S"
"IRM00040845","2014-03-10","29.267","50.267","3.0","KHARG, IR","    0",",,S","  283",",,S","  203",",,S","  236","H,,S"
"IRM00040845","2014-03-11","29.267","50.267","3.0","KHARG, IR","    0",",,S",,,"  203",",,S","  229","H,,S"
"IRM00040845","2014-03-12","29.267","50.267","3.0","KHARG, IR","   15",",,S","  265",",,S","  210",",,S","  240","H,,S"
"IRM00040845","2014-03-13","29.267","50.267","3.0","KHARG, IR","    0",",,S","  225",",,S","  169",",,S","  201","H,,S"
"IRM00040845","2014-03-14","29.267","50.267","3.0","KHARG, IR","    0",",,S",,,"  174",",,S","  208","H,,S"
"IRM00040845","2014-03-15","29.267","50.267","3.0","KHARG, IR","    0",",,S",,,"  152",",,S","  181","H,,S"
"IRM00040845","2014-03-16","29.267","50.267","3.0","KHARG, IR","    0",",,S","  181",",,S","  141",",,S","  172","H,,S"
"IRM00040845","2014-03-17","29.267","50.267","3.0","KHARG, IR","    0",",,S","  200",",,S","  166",",,S","  190","H,,S"
"IRM00040845","2014-03-18","29.267","50.267","3.0","KHARG, IR","    0",",,S","  236",",,S","  162",",,S","  207","H,,S"
"IRM00040845","2014-03-19","29.267","50.267","3.0","KHARG, IR","    0",",,S","  250",",,S","  142",",,S","  209","H,,S"
"IRM00040845","2014-03-20","29.267","50.267","3.0","KHARG, IR","    0",",,S","  238",",,S","  158",",,S","  209","H,,S"
"IRM00040845","2014-03-21","29.267","50.267","3.0","KHARG, IR","    0",",,S","  232",",,S","  192",",,S","  212","H,,S"
"IRM00040845","2014-03-22","29.267","50.267","3.0","KHARG, IR","    0",",,S","  232",",,S","  198",",,S","  215","H,,S"
"IRM00040845","2014-03-23","29.267","50.267","3.0","KHARG, IR","    0",",,S","  234",",,S",,,"  214","H,,S"
"IRM00040845","2014-03-24","29.267","50.267","3.0","KHARG, IR","    0",",,S","  264",",,S",,,"  217","H,,S"
"IRM00040845","2014-03-25","29.267","50.267","3.0","KHARG, IR","    0",",,S","  234",",,S","  156",",,S","  206","H,,S"
"IRM00040845","2014-03-26","29.267","50.267","3.0","KHARG, IR","    0",",,S","  250",",,S","  170",",,S","  222","H,,S"
"IRM00040845","2014-03-27","29.267","50.267","3.0","KHARG, IR","    0",",,S","  254",",,S","  156",",,S","  217","H,,S"
"IRM00040845","2014-03-28","29.267","50.267","3.0","KHARG, IR","    0",",,S","  262",",,S","  166",",,S","  229","H,,S"
"IRM00040845","2014-03-29","29.267","50.267","3.0","KHARG, IR","    0",",,S","  283",",,S","  170",",,S","  237","H,,S"
"IRM00040845","2014-03-30","29.267","50.267","3.0","KHARG, IR","    0",",,S","  247",",,S","  210",",,S","  232","H,,S"
"IRM00040845","2014-03-31","29.267","50.267","3.0","KHARG, IR","    0",",,S","  257",",,S",,,"  233","H,,S"
"IRM00040845","2014-04-01","29.267","50.267","3.0","KHARG, IR","    0",",,S","  203",",,S","  160",",,S","  182","H,,S"
"IRM00040845","2014-04-02","29.267","50.267","3.0","KHARG, IR","    3",",,S","  242",",,S","  187",",,S","  214","H,,S"
"IRM00040845","2014-04-03","29.267","50.267","3.0","KHARG, IR","   10",",,S","  206",",,S",,,"  194","H,,S"
"IRM00040845","2014-04-04","29.267","50.267","3.0","KHARG, IR","    0",",,S","  225",",,S",,,"  213","H,,S"
"IRM00040845","2014-04-05","29.267","50.267","3.0","KHARG, IR","    0",",,S","  242",",,S","  168",",,S","  215","H,,S"
"IRM00040845","2014-04-06","29.267","50.267","3.0","KHARG, IR","    0",",,S","  248",",,S","  199",",,S","  224","H,,S"
"IRM00040845","2014-04-07","29.267","50.267","3.0","KHARG, IR","    0",",,S","  258",",,S","  170",",,S","  225","H,,S"
"IRM00040845","2014-04-08","29.267","50.267","3.0","KHARG, IR","    0",",,S","  272",",,S","  146",",,S","  222","H,,S"
"IRM00040845","2014-04-09","29.267","50.267","3.0","KHARG, IR","    0",",,S","  292",",,S","  180",",,S","  242","H,,S"
"IRM00040845","2014-04-10","29.267","50.267","3.0","KHARG, IR","    0",",,S","  322",",,S","  196",",,S","  261","H,,S"
"IRM00040845","2014-04-11","29.267","50.267","3.0","KHARG, IR","    0",",,S","  328",",,S","  236",",,S","  273","H,,S"
"IRM00040845","2014-04-12","29.267","50.267","3.0","KHARG, IR","    0",",,S","  263",",,S","  228",",,S","  242","H,,S"
"IRM00040845","2014-04-13","29.267","50.267","3.0","KHARG, IR","    0",",,S",,,"  228",",,S","  251","H,,S"
"IRM00040845","2014-04-14","29.267","50.267","3.0","KHARG, IR","    0",",,S","  288",",,S","  234",",,S","  260","H,,S"
"IRM00040845","2014-04-15","29.267","50.267","3.0","KHARG, IR","    0",",,S","  300",",,S","  236",",,S","  257","H,,S"
"IRM00040845","2014-04-16","29.267","50.267","3.0","KHARG, IR","    5",",,S","  346",",,S","  232",",,S","  278","H,,S"
"IRM00040845","2014-04-17","29.267","50.267","3.0","KHARG, IR","    0",",,S","  334",",,S","  216",",,S","  287","H,,S"
"IRM00040845","2014-04-18","29.267","50.267","3.0","KHARG, IR","    0",",,S",,,"  228",",,S","  291","H,,S"
"IRM00040845","2014-04-19","29.267","50.267","3.0","KHARG, IR","    0",",,S","  310",",,S",,,"  275","H,,S"
"IRM00040845","2014-04-20","29.267","50.267","3.0","KHARG, IR","    0",",,S",,,"  229",",,S","  262","H,,S"
"IRM00040845","2014-04-21","29.267","50.267","3.0","KHARG, IR","    0",",,S","  327",",,S","  235",",,S","  281","H,,S"
"IRM00040845","2014-04-22","29.267","50.267","3.0","KHARG, IR","    0",",,S","  330",",,S","  221",",,S","  266","H,,S"
"IRM00040845","2014-04-23","29.267","50.267","3.0","KHARG, IR","    0",",,S","  337",",,S","  237",",,S","  289","H,,S"
"IRM00040845","2014-04-24","29.267","50.267","3.0","KHARG, IR","    0",",,S","  293",",,S","  216",",,S","  265","H,,S"
"IRM00040845","2014-04-25","29.267","50.267","3.0","KHARG, IR","    0",",,S","  315",",,S","  242",",,S","  276","H,,S"
"IRM00040845","2014-04-26","29.267","50.267","3.0","KHARG, IR","    0",",,S","  346",",,S","  213",",,S","  293","H,,S"
"IRM00040845","2014-04-27","29.267","50.267","3.0","KHARG, IR","    0",",,S","  372",",,S","  236",",,S","  305","H,,S"
"IRM00040845","2014-04-28","29.267","50.267","3.0","KHARG, IR","    0",",,S","  326",",,S","  254",",,S","  299","H,,S"
"IRM00040845","2014-04-29","29.267","50.267","3.0","KHARG, IR","    0",",,S","  326",",,S","  260",",,S","  301","H,,S"
"IRM00040845","2014-04-30","29.267","50.267","3.0","KHARG, IR","    0",",,S","  328",",,S","  254",",,S","  297","H,,S"
"IRM00040845","2014-05-01","29.267","50.267","3.0","KHARG, IR","    0",",,S","  344",",,S",,,"  289","H,,S"
"IRM00040845","2014-05-02","29.267","50.267","3.0","KHARG, IR","    0",",,S","  346",",,S","  244",",,S","  289","H,,S"
"IRM00040845","2014-05-03","29.267","50.267","3.0","KHARG, IR","    0",",,S","  334",",,S","  264",",,S","  299","H,,S"
"IRM00040845","2014-05-04","29.267","50.267","3.0","KHARG, IR","    0",",,S","  296",",,S","  260",",,S","  277","H,,S"
"IRM00040845","2014-05-05","29.267","50.267","3.0","KHARG, IR",,,"  300",",,S",,,"  276","H,,S"
"IRM00040845","2014-05-06","29.267","50.267","3.0","KHARG, IR","    0",",,S",,,"  220",",,S","  290","H,,S"
"IRM00040845","2014-05-07","29.267","50.267","3.0","KHARG, IR","    0",",,S","  348",",,S","  226",",,S","  294","H,,S"
"IRM00040845","2014-05-08","29.267","50.267","3.0","KHARG, IR","    0",",,S","  352",",,S","  214",",,S","  292","H,,S"
"IRM00040845","2014-05-09","29.267","50.267","3.0","KHARG, IR","    0",",,S","  362",",,S","  228",",,S","  313","H,,S"
"IRM00040845","2014-05-10","29.267","50.267","3.0","KHARG, IR","    0",",,S","  336",",,S","  278",",,S","  304","H,,S"
"IRM00040845","2014-05-11","29.267","50.267","3.0","KHARG, IR","    0",",,S","  342",",,S","  272",",,S","  317","H,,S"
"IRM00040845","2014-05-12","29.267","50.267","3.0","KHARG, IR","    0",",,S","  374",",,S","  264",",,S","  312","H,,S"
"IRM00040845","2014-05-13","29.267","50.267","3.0","KHARG, IR","    0",",,S",,,"  270",",,S","  302","H,,S"
"IRM00040845","2014-05-14","29.267","50.267","3.0","KHARG, IR","    0",",,S",,,,,"  292","H,,S"
"IRM00040845","2014-05-15","29.267","50.267","3.0","KHARG, IR","    0",",,S",,,"  258",",,S","  288","H,,S"
"IRM00040845","2014-05-16","29.267","50.267","3.0","KHARG, IR","    0",",,S","  312",",,S","  260",",,S","  291","H,,S"
"IRM00040845","2014-05-17","29.267","50.267","3.0","KHARG, IR","    0",",,S",,,"  244",",,S","  294","H,,S"
"IRM00040845","2014-05-18","29.267","50.267","3.0","KHARG, IR","    0",",,S","  350",",,S","  256",",,S","  309","H,,S"
"IRM00040845","2014-05-19","29.267","50.267","3.0","KHARG, IR","    0",",,S","  342",",,S","  246",",,S","  303","H,,S"
"IRM00040845","2014-05-20","29.267","50.267","3.0","KHARG, IR","    0",",,S","  334",",,S","  248",",,S","  301","H,,S"
"IRM00040845","2014-05-21","29.267","50.267","3.0","KHARG, IR","    0",",,S","  338",",,S","  254",",,S","  303","H,,S"
"IRM00040845","2014-05-22","29.267","50.267","3.0","KHARG, IR","    0",",,S","  356",",,S","  248",",,S","  301","H,,S"
"IRM00040845","2014-05-23","29.267","50.267","3.0","KHARG, IR","    0",",,S","  400",",,S","  262",",,S","  343","H,,S"
"IRM00040845","2014-05-24","29.267","50.267","3.0","KHARG, IR","    0",",,S","  380",",,S","  280",",,S","  341","H,,S"
"IRM00040845","2014-05-25","29.267","50.267","3.0","KHARG, IR","    0",",,S","  370",",,S","  284",",,S","  339","H,,S"
"IRM00040845","2014-05-26","29.267","50.267","3.0","KHARG, IR","    0",",,S","  370",",,S","  296",",,S","  332","H,,S"
"IRM00040845","2014-05-27","29.267","50.267","3.0","KHARG, IR","    0",",,S",,,"  290",",,S","  348","H,,S"
"IRM00040845","2014-05-28","29.267","50.267","3.0","KHARG, IR","    0",",,S","  382",",,S","  283",",,S","  337","H,,S"
"IRM00040845","2014-05-29","29.267","50.267","3.0","KHARG, IR","    0",",,S","  389",",,S","  299",",,S","  346","H,,S"
"IRM00040845","2014-05-30","29.267","50.267","3.0","KHARG, IR","    0",",,S","  361",",,S","  273",",,S","  334","H,,S"
"IRM00040845","2014-05-31","29.267","50.267","3.0","KHARG, IR","    0",",,S","  361",",,S","  274",",,S","  336","H,,S"
"IRM00040845","2014-06-01","29.267","50.267","3.0","KHARG, IR","    0",",,S",,,"  268",",,S","  330","H,,S"
"IRM00040845","2014-06-02","29.267","50.267","3.0","KHARG, IR","    0",",,S","  362",",,S","  260",",,S","  322","H,,S"
"IRM00040845","2014-06-03","29.267","50.267","3.0","KHARG, IR","    0",",,S","  366",",,S","  270",",,S","  319","H,,S"
"IRM00040845","2014-06-04","29.267","50.267","3.0","KHARG, IR","    0",",,S","  324",",,S",,,"  309","H,,S"
"IRM00040845","2014-06-05","29.267","50.267","3.0","KHARG, IR","    0",",,S","  326",",,S",,,"  302","H,,S"
"IRM00040845","2014-06-06","29.267","50.267","3.0","KHARG, IR","    0",",,S","  362",",,S","  286",",,S","  325","H,,S"
"IRM00040845","2014-06-07","29.267","50.267","3.0","KHARG, IR","    0",",,S","  386",",,S","  278",",,S","  324","H,,S"
"IRM00040845","2014-06-08","29.267","50.267","3.0","KHARG, IR","    0",",,S","  366",",,S",,,"  317","H,,S"
"IRM00040845","2014-06-09","29.267","50.267","3.0","KHARG, IR","    0",",,S","  380",",,S","  254",",,S","  344","H,,S"
"IRM00040845","2014-06-10","29.267","50.267","3.0","KHARG, IR","    0",",,S","  396",",,S","  276",",,S","  346","H,,S"
"IRM00040845","2014-06-11","29.267","50.267","3.0","KHARG, IR","    0",",,S","  400",",,S",,,"  358","H,,S"
"IRM00040845","2014-06-12","29.267","50.267","3.0","KHARG, IR","    0",",,S",,,"  316",",,S","  332","H,,S"
"IRM00040845","2014-06-13","29.267","50.267","3.0","KHARG, IR","    0",",,S","  340",",,S","  296",",,S","  320","H,,S"
"IRM00040845","2014-06-14","29.267","50.267","3.0","KHARG, IR","    0",",,S","  352",",,S","  288",",,S","  323","H,,S"
"IRM00040845","2014-06-15","29.267","50.267","3.0","KHARG, IR","    0",",,S","  356",",,S","  295",",,S","  325","H,,S"
"IRM00040845","2014-06-16","29.267","50.267","3.0","KHARG, IR","    0",",,S","  372",",,S","  299",",,S","  330","H,,S"
"IRM00040845","2014-06-17","29.267","50.267","3.0","KHARG, IR","    0",",,S","  362",",,S","  298",",,S","  329","H,,S"
"IRM00040845","2014-06-18","29.267","50.267","3.0","KHARG, IR","    0",",,S","  353",",,S","  299",",,S","  328","H,,S"
"IRM00040845","2014-06-19","29.267","50.267","3.0","KHARG, IR","    0",",,S","  363",",,S",,,"  333","H,,S"
"IRM00040845","2014-06-20","29.267","50.267","3.0","KHARG, IR","    0",",,S","  391",",,S","  257",",,S","  336","H,,S"
"IRM00040845","2014-06-21","29.267","50.267","3.0","KHARG, IR","    0",",,S",,,"  264",",,S","  318","H,,S"
"IRM00040845","2014-06-22","29.267","50.267","3.0","KHARG, IR","    0",",,S","  370",",,S","  274",",,S","  327","H,,S"
"IRM00040845","2014-06-23","29.267","50.267","3.0","KHARG, IR","    0",",,S","  370",",,S","  310",",,S","  336","H,,S"
"IRM00040845","2014-06-24","29.267","50.267","3.0","KHARG, IR","    0",",,S","  352",",,S",,,"  321","H,,S"
"IRM00040845","2014-06-25","29.267","50.267","3.0","KHARG, IR","    0",",,S","  364",",,S","  294",",,S","  327","H,,S"
"IRM00040845","2014-06-26","29.267","50.267","3.0","KHARG, IR","    0",",,S","  402",",,S","  282",",,S","  343","H,,S"
"IRM00040845","2014-06-27","29.267","50.267","3.0","KHARG, IR","    0",",,S","  402",",,S","  308",",,S","  353","H,,S"
"IRM00040845","2014-06-28","29.267","50.267","3.0","KHARG, IR","    0",",,S","  394",",,S",,,"  342","H,,S"
"IRM00040845","2014-06-29","29.267","50.267","3.0","KHARG, IR","    0",",,S","  395",",,S","  264",",,S","  343","H,,S"
"IRM00040845","2014-06-30","29.267","50.267","3.0","KHARG, IR","    0",",,S","  392",",,S",,,"  349","H,,S"
"IRM00040845","2014-07-01","29.267","50.267","3.0","KHARG, IR","    0",",,S","  393",",,S","  279",",,S","  349","H,,S"
"IRM00040845","2014-07-02","29.267","50.267","3.0","KHARG, IR","    0",",,S","  393",",,S","  299",",,S","  351","H,,S"
"IRM00040845","2014-07-03","29.267","50.267","3.0","KHARG, IR","    0",",,S","  374",",,S","  306",",,S","  339","H,,S"
"IRM00040845","2014-07-04","29.267","50.267","3.0","KHARG, IR","    0",",,S","  384",",,S","  282",",,S","  339","H,,S"
"IRM00040845","2014-07-05","29.267","50.267","3.0","KHARG, IR","    0",",,S",,,"  307",",,S","  341","H,,S"
"IRM00040845","2014-07-06","29.267","50.267","3.0","KHARG, IR","    0",",,S","  400",",,S","  298",",,S","  354","H,,S"
"IRM00040845","2014-07-07","29.267","50.267","3.0","KHARG, IR","    0",",,S","  404",",,S","  284",",,S","  353","H,,S"
"IRM00040845","2014-07-08","29.267","50.267","3.0","KHARG, IR","    0",",,S","  406",",,S","  282",",,S","  354","H,,S"
"IRM00040845","2014-07-09","29.267","50.267","3.0","KHARG, IR","    0",",,S","  384",",,S","  320",",,S","  358","H,,S"
"IRM00040845","2014-07-10","29.267","50.267","3.0","KHARG, IR","    0",",,S","  378",",,S","  326",",,S","  356","H,,S"
"IRM00040845","2014-07-11","29.267","50.267","3.0","KHARG, IR","    0",",,S",,,,,"  351","H,,S"
"IRM00040845","2014-07-12","29.267","50.267","3.0","KHARG, IR","    0",",,S",,,"  282",",,S","  332","H,,S"
"IRM00040845","2014-07-13","29.267","50.267","3.0","KHARG, IR","    0",",,S","  390",",,S","  308",",,S","  357","H,,S"
"IRM00040845","2014-07-14","29.267","50.267","3.0","KHARG, IR","    0",",,S","  380",",,S","  329",",,S","  356","H,,S"
"IRM00040845","2014-07-15","29.267","50.267","3.0","KHARG, IR","    0",",,S",,,"  329",",,S","  349","H,,S"
"IRM00040845","2014-07-16","29.267","50.267","3.0","KHARG, IR","    0",",,S","  370",",,S","  297",",,S","  348","H,,S"
"IRM00040845","2014-07-17","29.267","50.267","3.0","KHARG, IR","    0",",,S","  386",",,S","  309",",,S","  346","H,,S"
"IRM00040845","2014-07-18","29.267","50.267","3.0","KHARG, IR","    0",",,S","  371",",,S","  309",",,S","  346","H,,S"
"IRM00040845","2014-07-19","29.267","50.267","3.0","KHARG, IR","    0",",,S","  396",",,S","  323",",,S","  347","H,,S"
"IRM00040845","2014-07-20","29.267","50.267","3.0","KHARG, IR","    0",",,S","  380",",,S","  324",",,S","  351","H,,S"
"IRM00040845","2014-07-21","29.267","50.267","3.0","KHARG, IR","    0",",,S","  398",",,S",,,"  350","H,,S"
"IRM00040845","2014-07-22","29.267","50.267","3.0","KHARG, IR","    0",",,S","  386",",,S","  322",",,S","  358","H,,S"
"IRM00040845","2014-07-23","29.267","50.267","3.0","KHARG, IR","    0",",,S","  374",",,S","  318",",,S","  347","H,,S"
"IRM00040845","2014-07-24","29.267","50.267","3.0","KHARG, IR","    0",",,S","  374",",,S",,,"  348","H,,S"
"IRM00040845","2014-07-25","29.267","50.267","3.0","KHARG, IR","    0",",,S","  390",",,S","  298",",,S","  350","H,,S"
"IRM00040845","2014-07-26","29.267","50.267","3.0","KHARG, IR","    0",",,S",,,"  310",",,S","  358","H,,S"
"IRM00040845","2014-07-27","29.267","50.267","3.0","KHARG, IR","    0",",,S",,,,,"  353","H,,S"
"IRM00040845","2014-07-28","29.267","50.267","3.0","KHARG, IR","    0",",,S",,,"  322",",,S","  350","H,,S"
"IRM00040845","2014-07-29","29.267","50.267","3.0","KHARG, IR","    0",",,S","  370",",,S",,,"  340","H,,S"
"IRM00040845","2014-07-30","29.267","50.267","3.0","KHARG, IR","    0",",,S","  392",",,S","  274",",,S","  342","H,,S"
"IRM00040845","2014-07-31","29.267","50.267","3.0","KHARG, IR","    0",",,S","  372",",,S","  296",",,S","  333","H,,S"
"IRM00040845","2014-08-01","29.267","50.267","3.0","KHARG, IR","    0",",,S","  388",",,S","  284",",,S","  337","H,,S"
"IRM00040845","2014-08-02","29.267","50.267","3.0","KHARG, IR","    0",",,S","  398",",,S","  288",",,S","  366","H,,S"
"IRM00040845","2014-08-03","29.267","50.267","3.0","KHARG, IR","    0",",,S","  404",",,S","  316",",,S","  368","H,,S"
"IRM00040845","2014-08-04","29.267","50.267","3.0","KHARG, IR","    0",",,S","  395",",,S",,,"  364","H,,S"
"IRM00040845","2014-08-05","29.267","50.267","3.0","KHARG, IR","    0",",,S","  373",",,S","  324",",,S","  351","H,,S"
"IRM00040845","2014-08-06","29.267","50.267","3.0","KHARG, IR","    0",",,S","  373",",,S","  299",",,S","  346","H,,S"
"IRM00040845","2014-08-07","29.267","50.267","3.0","KHARG, IR","    0",",,S","  378",",,S","  317",",,S","  350","H,,S"
"IRM00040845","2014-08-08","29.267","50.267","3.0","KHARG, IR","    0",",,S",,,"  327",",,S","  354","H,,S"
"IRM00040845","2014-08-09","29.267","50.267","3.0","KHARG, IR","    0",",,S","  373",",,S",,,"  343","H,,S"
"IRM00040845","2014-08-10","29.267","50.267","3.0","KHARG, IR","    0",",,S","  366",",,S",,,"  330","H,,S"
"IRM00040845","2014-08-11","29.267","50.267","3.0","KHARG, IR","    0",",,S",,,"  276",",,S","  335","H,,S"
"IRM00040845","2014-08-12","29.267","50.267","3.0","KHARG, IR","    0",",,S",,,"  316",",,S","  343","H,,S"
"IRM00040845","2014-08-13","29.267","50.267","3.0","KHARG, IR","    0",",,S","  378",",,S","  300",",,S","  336","H,,S"
"IRM00040845","2014-08-14","29.267","50.267","3.0","KHARG, IR","    0",",,S","  366",",,S","  278",",,S","  330","H,,S"
"IRM00040845","2014-08-15","29.267","50.267","3.0","KHARG, IR","    0",",,S","  388",",,S","  288",",,S","  346","H,,S"
"IRM00040845","2014-08-16","29.267","50.267","3.0","KHARG, IR","    0",",,S","  394",",,S","  296",",,S","  346","H,,S"
"IRM00040845","2014-08-17","29.267","50.267","3.0","KHARG, IR","    0",",,S","  382",",,S","  306",",,S","  349","H,,S"
"IRM00040845","2014-08-18","29.267","50.267","3.0","KHARG, IR","    0",",,S","  390",",,S","  314",",,S","  353","H,,S"
"IRM00040845","2014-08-19","29.267","50.267","3.0","KHARG, IR","    0",",,S","  394",",,S",,,"  348","H,,S"
"IRM00040845","2014-08-20","29.267","50.267","3.0","KHARG, IR","    0",",,S","  390",",,S","  324",",,S","  357","H,,S"
"IRM00040845","2014-08-21","29.267","50.267","3.0","KHARG, IR","    0",",,S","  398",",,S","  320",",,S","  353","H,,S"
"IRM00040845","2014-08-22","29.267","50.267","3.0","KHARG, IR","    0",",,S","  400",",,S","  300",",,S","  356","H,,S"
"IRM00040845","2014-08-23","29.267","50.267","3.0","KHARG, IR","    0",",,S","  382",",,S","  302",",,S","  348","H,,S"
"IRM00040845","2014-08-24","29.267","50.267","3.0","KHARG, IR","    0",",,S","  392",",,S","  310",",,S","  352","H,,S"
"IRM00040845","2014-08-25","29.267","50.267","3.0","KHARG, IR","    0",",,S","  362",",,S","  305",",,S","  342","H,,S"
"IRM00040845","2014-08-26","29.267","50.267","3.0","KHARG, IR","    0",",,S",,,"  320",",,S","  352","H,,S"
"IRM00040845","2014-08-27","29.267","50.267","3.0","KHARG, IR","    0",",,S",,,"  292",",,S","  346","H,,S"
"IRM00040845","2014-08-28","29.267","50.267","3.0","KHARG, IR","    0",",,S","  375",",,S","  295",",,S","  336","H,,S"
"IRM00040845","2014-08-29","29.267","50.267","3.0","KHARG, IR","    0",",,S","  380",",,S","  304",",,S","  349","H,,S"
"IRM00040845","2014-08-30","29.267","50.267","3.0","KHARG, IR","    0",",,S",,,"  294",",,S","  342","H,,S"
"IRM00040845","2014-08-31","29.267","50.267","3.0","KHARG, IR","    0",",,S","  376",",,S","  286",",,S","  341","H,,S"
"IRM00040845","2014-09-01","29.267","50.267","3.0","KHARG, IR","    0",",,S","  378",",,S",,,"  343","H,,S"
"IRM00040845","2014-09-02","29.267","50.267","3.0","KHARG, IR","    0",",,S","  400",",,S",,,"  353","H,,S"
"IRM00040845","2014-09-03","29.267","50.267","3.0","KHARG, IR","    0",",,S","  372",",,S","  298",",,S","  346","H,,S"
"IRM00040845","2014-09-04","29.267","50.267","3.0","KHARG, IR","    0",",,S","  384",",,S","  294",",,S","  343","H,,S"
"IRM00040845","2014-09-05","29.267","50.267","3.0","KHARG, IR","    0",",,S","  400",",,S","  318",",,S","  363","H,,S"
"IRM00040845","2014-09-06","29.267","50.267","3.0","KHARG, IR","    0",",,S","  366",",,S","  340",",,S","  355","H,,S"
"IRM00040845","2014-09-07","29.267","50.267","3.0","KHARG, IR","    0",",,S","  383",",,S","  320",",,S","  352","H,,S"
"IRM00040845","2014-09-08","29.267","50.267","3.0","KHARG, IR","    0",",,S",,,"  335",",,S","  363","H,,S"
"IRM00040845","2014-09-09","29.267","50.267","3.0","KHARG, IR","    0",",,S",,,"  339",",,S","  358","H,,S"
"IRM00040845","2014-09-10","29.267","50.267","3.0","KHARG, IR","    0",",,S","  361",",,S","  333",",,S","  351","H,,S"
"IRM00040845","2014-09-11","29.267","50.267","3.0","KHARG, IR","    0",",,S","  357",",,S","  318",",,S","  337","H,,S"
"IRM00040845","2014-09-12","29.267","50.267","3.0","KHARG, IR","    0",",,S","  354",",,S",,,"  333","H,,S"
"IRM00040845","2014-09-13","29.267","50.267","3.0","KHARG, IR","    0",",,S",,,"  266",",,S","  327","H,,S"
"IRM00040845","2014-09-14","29.267","50.267","3.0","KHARG, IR","    0",",,S","  356",",,S","  318",",,S","  337","H,,S"
"IRM00040845","2014-09-15","29.267","50.267","3.0","KHARG, IR","    0",",,S","  364",",,S","  284",",,S","  333","H,,S"
"IRM00040845","2014-09-16","29.267","50.267","3.0","KHARG, IR","    0",",,S","  376",",,S","  276",",,S","  332","H,,S"
"IRM00040845","2014-09-17","29.267","50.267","3.0","KHARG, IR","    0",",,S","  368",",,S","  284",",,S","  329","H,,S"
"IRM00040845","2014-09-18","29.267","50.267","3.0","KHARG, IR","    0",",,S",,,"  298",",,S","  338","H,,S"
"IRM00040845","2014-09-19","29.267","50.267","3.0","KHARG, IR","    0",",,S","  350",",,S","  272",",,S","  336","H,,S"
"IRM00040845","2014-09-20","29.267","50.267","3.0","KHARG, IR","    0",",,S","  368",",,S","  256",",,S","  322","H,,S"
"IRM00040845","2014-09-21","29.267","50.267","3.0","KHARG, IR","    0",",,S","  360",",,S","  268",",,S","  327","H,,S"
"IRM00040845","2014-09-22","29.267","50.267","3.0","KHARG, IR","    0",",,S","  360",",,S","  256",",,S","  326","H,,S"
"IRM00040845","2014-09-23","29.267","50.267","3.0","KHARG, IR","    0",",,S","  382",",,S","  316",",,S","  347","H,,S"
"IRM00040845","2014-09-24","29.267","50.267","3.0","KHARG, IR","    0",",,S","  350",",,S",,,"  341","H,,S"
"IRM00040845","2014-09-25","29.267","50.267","3.0","KHARG, IR","    0",",,S","  330",",,S",,,"  318","H,,S"
"IRM00040845","2014-09-26","29.267","50.267","3.0","KHARG, IR","    0",",,S","  350",",,S","  246",",,S","  328","H,,S"
"IRM00040845","2014-09-27","29.267","50.267","3.0","KHARG, IR","    0",",,S","  356",",,S","  260",",,S","  318","H,,S"
"IRM00040845","2014-09-28","29.267","50.267","3.0","KHARG, IR","    0",",,S","  352",",,S","  258",",,S","  319","H,,S"
"IRM00040845","2014-09-29","29.267","50.267","3.0","KHARG, IR","    0",",,S","  342",",,S","  268",",,S","  317","H,,S"
"IRM00040845","2014-09-30","29.267","50.267","3.0","KHARG, IR","    0",",,S","  342",",,S",,,"  313","H,,S"
"IRM00040845","2014-10-01","29.267","50.267","3.0","KHARG, IR","    0",",,S","  336",",,S","  252",",,S","  317","H,,S"
"IRM00040845","2014-10-02","29.267","50.267","3.0","KHARG, IR","    0",",,S","  364",",,S","  260",",,S","  323","H,,S"
"IRM00040845","2014-10-03","29.267","50.267","3.0","KHARG, IR","    0",",,S","  360",",,S","  262",",,S","  326","H,,S"
"IRM00040845","2014-10-04","29.267","50.267","3.0","KHARG, IR","    0",",,S","  342",",,S","  270",",,S","  323","H,,S"
"IRM00040845","2014-10-05","29.267","50.267","3.0","KHARG, IR","    0",",,S","  360",",,S","  314",",,S","  339","H,,S"
"IRM00040845","2014-10-06","29.267","50.267","3.0","KHARG, IR","    0",",,S","  357",",,S",,,"  327","H,,S"
"IRM00040845","2014-10-07","29.267","50.267","3.0","KHARG, IR","    0",",,S","  342",",,S","  306",",,S","  328","H,,S"
"IRM00040845","2014-10-08","29.267","50.267","3.0","KHARG, IR","    0",",,S","  323",",,S",,,"  310","H,,S"
"IRM00040845","2014-10-09","29.267","50.267","3.0","KHARG, IR","    0",",,S","  322",",,S","  295",",,S","  312","H,,S"
"IRM00040845","2014-10-10","29.267","50.267","3.0","KHARG, IR","    0",",,S","  331",",,S","  231",",,S","  314","H,,S"
"IRM00040845","2014-10-11","29.267","50.267","3.0","KHARG, IR","    0",",,S","  337",",,S","  234",",,S","  307","H,,S"
"IRM00040845","2014-10-12","29.267","50.267","3.0","KHARG, IR","    0",",,S","  330",",,S","  258",",,S","  309","H,,S"
"IRM00040845","2014-10-13","29.267","50.267","3.0","KHARG, IR","    0",",,S","  330",",,S","  300",",,S","  318","H,,S"
"IRM00040845","2014-10-14","29.267","50.267","3.0","KHARG, IR","    0",",,S",,,"  280",",,S","  308","H,,S"
"IRM00040845","2014-10-15","29.267","50.267","3.0","KHARG, IR","    0",",,S","  330",",,S","  248",",,S","  306","H,,S"
"IRM00040845","2014-10-16","29.267","50.267","3.0","KHARG, IR","    0",",,S","  326",",,S","  246",",,S","  301","H,,S"
"IRM00040845","2014-10-17","29.267","50.267","3.0","KHARG, IR","    0",",,S","  312",",,S","  264",",,S","  303","H,,S"
"IRM00040845","2014-10-18","29.267","50.267","3.0","KHARG, IR","    0",",,S","  308",",,S",,,"  295","H,,S"
"IRM00040845","2014-10-19","29.267","50.267","3.0","KHARG, IR","    0",",,S",,,,,"  290","H,,S"
"IRM00040845","2014-10-20","29.267","50.267","3.0","KHARG, IR","    0",",,S","  336",",,S","  244",",,S","  308","H,,S"
"IRM00040845","2014-10-21","29.267","50.267","3.0","KHARG, IR","    0",",,S","  342",",,S",,,"  298","H,,S"
"IRM00040845","2014-10-22","29.267","50.267","3.0","KHARG, IR","    0",",,S",,,"  236",",,S","  263","H,,S"
"IRM00040845","2014-10-23","29.267","50.267","3.0","KHARG, IR","    0",",,S",,,,,"  264","H,,S"
"IRM00040845","2014-10-24","29.267","50.267","3.0","KHARG, IR","    0",",,S","  290",",,S",,,"  279","H,,S"
"IRM00040845","2014-10-25","29.267","50.267","3.0","KHARG, IR","    0",",,S","  300",",,S","  260",",,S","  288","H,,S"
"IRM00040845","2014-10-26","29.267","50.267","3.0","KHARG, IR","    0",",,S","  296",",,S","  276",",,S","  288","H,,S"
"IRM00040845","2014-10-27","29.267","50.267","3.0","KHARG, IR","    0",",,S",,,"  276",",,S","  294","H,,S"
"IRM00040845","2014-10-28","29.267","50.267","3.0","KHARG, IR","    0",",,S","  304",",,S",,,"  293","H,,S"
"IRM00040845","2014-10-29","29.267","50.267","3.0","KHARG, IR","    0",",,S","  316",",,S","  246",",,S","  282","H,,S"
"IRM00040845","2014-10-30","29.267","50.267","3.0","KHARG, IR","    0",",,S","  314",",,S","  234",",,S","  286","H,,S"
"IRM00040845","2014-10-31","29.267","50.267","3.0","KHARG, IR","    0",",,S","  308",",,S","  264",",,S","  287","H,,S"
"IRM00040845","2014-11-01","29.267","50.267","3.0","KHARG, IR","  173",",,S","  285",",,S","  188",",,S","  260","H,,S"
"IRM00040845","2014-11-02","29.267","50.267","3.0","KHARG, IR","  112",",,S","  279",",,S","  201",",,S","  262","H,,S"
"IRM00040845","2014-11-03","29.267","50.267","3.0","KHARG, IR","    0",",,S","  290",",,S","  248",",,S","  269","H,,S"
"IRM00040845","2014-11-04","29.267","50.267","3.0","KHARG, IR","    0",",,S",,,"  209",",,S","  274","H,,S"
"IRM00040845","2014-11-05","29.267","50.267","3.0","KHARG, IR","    0",",,S","  251",",,S",,,"  239","H,,S"
"IRM00040845","2014-11-06","29.267","50.267","3.0","KHARG, IR","    0",",,S",,,,,"  213","H,,S"
"IRM00040845","2014-11-07","29.267","50.267","3.0","KHARG, IR","    0",",,S",,,,,"  218","H,,S"
"IRM00040845","2014-11-08","29.267","50.267","3.0","KHARG, IR","    0",",,S","  266",",,S","  186",",,S","  235","H,,S"
"IRM00040845","2014-11-09","29.267","50.267","3.0","KHARG, IR","    0",",,S","  266",",,S","  164",",,S","  236","H,,S"
"IRM00040845","2014-11-10","29.267","50.267","3.0","KHARG, IR","    0",",,S",,,"  226",",,S","  246","H,,S"
"IRM00040845","2014-11-11","29.267","50.267","3.0","KHARG, IR","    0",",,S","  246",",,S","  218",",,S","  234","H,,S"
"IRM00040845","2014-11-12","29.267","50.267","3.0","KHARG, IR","    0",",,S","  246",",,S",,,"  229","H,,S"
"IRM00040845","2014-11-13","29.267","50.267","3.0","KHARG, IR","    0",",,S",,,"  156",",,S","  222","H,,S"
"IRM00040845","2014-11-14","29.267","50.267","3.0","KHARG, IR","    0",",,S","  264",",,S","  170",",,S","  234","H,,S"
"IRM00040845","2014-11-15","29.267","50.267","3.0","KHARG, IR","    0",",,S",,,"  178",",,S","  241","H,,S"
"IRM00040845","2014-11-16","29.267","50.267","3.0","KHARG, IR","    0",",,S","  251",",,S",,,"  222","H,,S"
"IRM00040845","2014-11-17","29.267","50.267","3.0","KHARG, IR",,,"  250",",,S","  164",",,S","  230","H,,S"
"IRM00040845","2014-11-18","29.267","50.267","3.0","KHARG, IR","    0",",,S","  262",",,S","  202",",,S","  246","H,,S"
"IRM00040845","2014-11-19","29.267","50.267","3.0","KHARG, IR","   46",",,S","  246",",,S",,,"  237","H,,S"
"IRM00040845","2014-11-20","29.267","50.267","3.0","KHARG, IR","    0",",,S","  243",",,S","  219",",,S","  232","H,,S"
"IRM00040845","2014-11-21","29.267","50.267","3.0","KHARG, IR","    0",",,S",,,,,"  236","H,,S"
"IRM00040845","2014-11-22","29.267","50.267","3.0","KHARG, IR","    0",",,S","  266",",,S","  192",",,S","  246","H,,S"
"IRM00040845","2014-11-23","29.267","50.267","3.0","KHARG, IR","    8",",,S","  264",",,S",,,"  241","H,,S"
"IRM00040845","2014-11-24","29.267","50.267","3.0","KHARG, IR","   18",",,S","  244",",,S",,,"  226","H,,S"
"IRM00040845","2014-11-25","29.267","50.267","3.0","KHARG, IR","   15",",,S","  256",",,S",,,"  225","H,,S"
"IRM00040845","2014-11-26","29.267","50.267","3.0","KHARG, IR","  424",",,S","  216",",,S","  164",",,S","  199","H,,S"
"IRM00040845","2014-11-27","29.267","50.267","3.0","KHARG, IR","    0",",,S",,,,,"  195","H,,S"
"IRM00040845","2014-11-28","29.267","50.267","3.0","KHARG, IR","    0",",,S","  234",",,S","  196",",,S","  223","H,,S"
"IRM00040845","2014-11-29","29.267","50.267","3.0","KHARG, IR","    0",",,S","  210",",,S",,,"  201","H,,S"
"IRM00040845","2014-11-30","29.267","50.267","3.0","KHARG, IR","    0",",,S","  182",",,S","  160",",,S","  173","H,,S"
"IRM00040845","2014-12-01","29.267","50.267","3.0","KHARG, IR","    0",",,S","  190",",,S","  170",",,S","  176","H,,S"
"IRM00040845","2014-12-02","29.267","50.267","3.0","KHARG, IR","    0",",,S","  190",",,S","  160",",,S","  184","H,,S"
"IRM00040845","2014-12-03","29.267","50.267","3.0","KHARG, IR","    0",",,S",,,"  178",",,S","  203","H,,S"
"IRM00040845","2014-12-04","29.267","50.267","3.0","KHARG, IR","    0",",,S",,,"  198",",,S","  207","H,,S"
"IRM00040845","2014-12-05","29.267","50.267","3.0","KHARG, IR","    0",",,S",,,"  196",",,S","  207","H,,S"
"IRM00040845","2014-12-06","29.267","50.267","3.0","KHARG, IR","    0",",,S","  220",",,S","  162",",,S","  208","H,,S"
"IRM00040845","2014-12-07","29.267","50.267","3.0","KHARG, IR","    0",",,S","  223",",,S","  200",",,S","  212","H,,S"
"IRM00040845","2014-12-08","29.267","50.267","3.0","KHARG, IR","    0",",,S",,,"  175",",,S","  213","H,,S"
"IRM00040845","2014-12-09","29.267","50.267","3.0","KHARG, IR","    0",",,S",,,"  173",",,S","  217","H,,S"
"IRM00040845","2014-12-10","29.267","50.267","3.0","KHARG, IR","    0",",,S",,,"  138",",,S","  206","H,,S"
"IRM00040845","2014-12-11","29.267","50.267","3.0","KHARG, IR","    0",",,S","  231",",,S",,,"  224","H,,S"
"IRM00040845","2014-12-12","29.267","50.267","3.0","KHARG, IR","    0",",,S","  212",",,S",,,"  201","H,,S"
"IRM00040845","2014-12-13","29.267","50.267","3.0","KHARG, IR","    0",",,S","  252",",,S","  147",",,S","  211","H,,S"
"IRM00040845","2014-12-14","29.267","50.267","3.0","KHARG, IR","    0",",,S","  230",",,S","  154",",,S","  208","H,,S"
"IRM00040845","2014-12-15","29.267","50.267","3.0","KHARG, IR","    0",",,S","  242",",,S","  160",",,S","  214","H,,S"
"IRM00040845","2014-12-16","29.267","50.267","3.0","KHARG, IR","    0",",,S","  210",",,S",,,"  190","H,,S"
"IRM00040845","2014-12-17","29.267","50.267","3.0","KHARG, IR","  251",",,S","  210",",,S","  164",",,S","  198","H,,S"
"IRM00040845","2014-12-18","29.267","50.267","3.0","KHARG, IR","    0",",,S","  184",",,S","  162",",,S","  173","H,,S"
"IRM00040845","2014-12-19","29.267","50.267","3.0","KHARG, IR","    0",",,S","  202",",,S","  176",",,S","  191","H,,S"
"IRM00040845","2014-12-20","29.267","50.267","3.0","KHARG, IR","    0",",,S","  232",",,S","  128",",,S","  193","H,,S"
"IRM00040845","2014-12-21","29.267","50.267","3.0","KHARG, IR","    0",",,S","  222",",,S","  162",",,S","  210","H,,S"
"IRM00040845","2014-12-22","29.267","50.267","3.0","KHARG, IR","    0",",,S","  192",",,S","  178",",,S","  184","H,,S"
"IRM00040845","2014-12-23","29.267","50.267","3.0","KHARG, IR","    0",",,S","  186",",,S","  166",",,S","  174","H,,S"
"IRM00040845","2014-12-24","29.267","50.267","3.0","KHARG, IR","    0",",,S","  200",",,S","  170",",,S","  180","H,,S"
"IRM00040845","2014-12-25","29.267","50.267","3.0","KHARG, IR","    0",",,S","  178",",,S",,,"  165","H,,S"
"IRM00040845","2014-12-26","29.267","50.267","3.0","KHARG, IR","    0",",,S","  196",",,S","  168",",,S","  184","H,,S"
"IRM00040845","2014-12-27","29.267","50.267","3.0","KHARG, IR","    0",",,S",,,"  126",",,S","  186","H,,S"
"IRM00040845","2014-12-28","29.267","50.267","3.0","KHARG, IR",,,"  232",",,S","  142",",,S","  184","H,,S"
"IRM00040845","2014-12-29","29.267","50.267","3.0","KHARG, IR",,,"  230",",,S","  151",",,S","  204","H,,S"
"IRM00040845","2014-12-30","29.267","50.267","3.0","KHARG, IR","    0",",,S","  214",",,S","  195",",,S","  203","H,,S"
"IRM00040845","2014-12-31","29.267","50.267","3.0","KHARG, IR","    0",",,S","  193",",,S","  174",",,S","  184","H,,S"
"IRM00040845","2015-01-01","29.267","50.267","3.0","KHARG, IR","    0",",,S","  212",",,S",,,"  204","H,,S"
"IRM00040845","2015-01-03","29.267","50.267","3.0","KHARG, IR","    0",",,S","  214",",,S","  129",",,S","  183","H,,S"
"IRM00040845","2015-01-04","29.267","50.267","3.0","KHARG, IR","    0",",,S","  224",",,S","  167",",,S","  202","H,,S"
"IRM00040845","2015-01-05","29.267","50.267","3.0","KHARG, IR","    0",",,S","  234",",,S","  188",",,S","  214","H,,S"
"IRM00040845","2015-01-06","29.267","50.267","3.0","KHARG, IR","    0",",,S","  222",",,S","  188",",,S","  204","H,,S"
"IRM00040845","2015-01-07","29.267","50.267","3.0","KHARG, IR","    0",",,S","  224",",,S","  186",",,S","  208","H,,S"
"IRM00040845","2015-01-08","29.267","50.267","3.0","KHARG, IR","    0",",,S","  234",",,S",,,"  191","H,,S"
"IRM00040845","2015-01-09","29.267","50.267","3.0","KHARG, IR","    0",",,S","  152",",,S",,,"  147","H,,S"
"IRM00040845","2015-01-10","29.267","50.267","3.0","KHARG, IR","    0",",,S","  182",",,S","  140",",,S","  164","H,,S"
"IRM00040845","2015-01-11","29.267","50.267","3.0","KHARG, IR","   38",",,S","  146",",,S",,,"  138","H,,S"
"IRM00040845","2015-01-12","29.267","50.267","3.0","KHARG, IR","    0",",,S","  152",",,S","  128",",,S","  141","H,,S"
"IRM00040845","2015-01-13","29.267","50.267","3.0","KHARG, IR","    0",",,S","  172",",,S",,,"  156","H,,S"
"IRM00040845","2015-01-14","29.267","50.267","3.0","KHARG, IR","    0",",,S","  176",",,S",,,"  166","H,,S"
"IRM00040845","2015-01-15","29.267","50.267","3.0","KHARG, IR","    0",",,S","  195",",,S",,,"  174","H,,S"
"IRM00040845","2015-01-16","29.267","50.267","3.0","KHARG, IR","    0",",,S","  195",",,S","  144",",,S","  181","H,,S"
"IRM00040845","2015-01-17","29.267","50.267","3.0","KHARG, IR","    0",",,S",,,"  146",",,S","  176","H,,S"
"IRM00040845","2015-01-18","29.267","50.267","3.0","KHARG, IR","    0",",,S","  165",",,S",,,"  159","H,,S"
"IRM00040845","2015-01-19","29.267","50.267","3.0","KHARG, IR","    0",",,S",,,,,"  138","H,,S"
"IRM00040845","2015-01-20","29.267","50.267","3.0","KHARG, IR","    0",",,S",,,,,"  154","H,,S"
"IRM00040845","2015-01-21","29.267","50.267","3.0","KHARG, IR","    0",",,S",,,,,"  169","H,,S"
"IRM00040845","2015-01-22","29.267","50.267","3.0","KHARG, IR","    0",",,S","  182",",,S","  155",",,S","  169","H,,S"
"IRM00040845","2015-01-23","29.267","50.267","3.0","KHARG, IR","    0",",,S",,,"   95",",,S","  166","H,,S"
"IRM00040845","2015-01-24","29.267","50.267","3.0","KHARG, IR","    0",",,S","  184",",,S","  123",",,S","  164","H,,S"
"IRM00040845","2015-01-25","29.267","50.267","3.0","KHARG, IR","    0",",,S","  186",",,S","   96",",,S","  163","H,,S"
"IRM00040845","2015-01-26","29.267","50.267","3.0","KHARG, IR","    0",",,S","  206",",,S","   98",",,S","  167","H,,S"
"IRM00040845","2015-01-27","29.267","50.267","3.0","KHARG, IR","    0",",,S","  210",",,S","  136",",,S","  192","H,,S"
"IRM00040845","2015-01-28","29.267","50.267","3.0","KHARG, IR","    0",",,S","  214",",,S","  168",",,S","  192","H,,S"
"IRM00040845","2015-01-29","29.267","50.267","3.0","KHARG, IR","    0",",,S","  224",",,S",,,"  204","H,,S"
"IRM00040845","2015-01-30","29.267","50.267","3.0","KHARG, IR","    0",",,S","  244",",,S","  180",",,S","  222","H,,S"
"IRM00040845","2015-01-31","29.267","50.267","3.0","KHARG, IR","    0",",,S","  216",",,S",,,"  204","H,,S"
"IRM00040845","2015-02-01","29.267","50.267","3.0","KHARG, IR","    3",",,S",,,"  170",",,S","  178","H,,S"
"IRM00040845","2015-02-02","29.267","50.267","3.0","KHARG, IR","    0",",,S","  186",",,S",,,"  175","H,,S"
"IRM00040845","2015-02-03","29.267","50.267","3.0","KHARG, IR","    0",",,S","  229",",,S","  120",",,S","  184","H,,S"
"IRM00040845","2015-02-04","29.267","50.267","3.0","KHARG, IR","    0",",,S","  230",",,S","  163",",,S","  209","H,,S"
"IRM00040845","2015-02-05","29.267","50.267","3.0","KHARG, IR","    0",",,S","  210",",,S",,,"  186","H,,S"
"IRM00040845","2015-02-06","29.267","50.267","3.0","KHARG, IR","    0",",,S","  185",",,S","  170",",,S","  178","H,,S"
"IRM00040845","2015-02-07","29.267","50.267","3.0","KHARG, IR","    0",",,S","  210",",,S",,,"  187","H,,S"
"IRM00040845","2015-02-08","29.267","50.267","3.0","KHARG, IR","    0",",,S",,,"  150",",,S","  201","H,,S"
"IRM00040845","2015-02-09","29.267","50.267","3.0","KHARG, IR",,,"  245",",,S","  188",",,S","  228","H,,S"
"IRM00040845","2015-02-10","29.267","50.267","3.0","KHARG, IR","    0",",,S",,,"  195",",,S","  239","H,,S"
"IRM00040845","2015-02-11","29.267","50.267","3.0","KHARG, IR","    0",",,S","  250",",,S","  216",",,S","  234","H,,S"
"IRM00040845","2015-02-12","29.267","50.267","3.0","KHARG, IR","    0",",,S","  254",",,S",,,"  236","H,,S"
"IRM00040845","2015-02-13","29.267","50.267","3.0","KHARG, IR","    0",",,S",,,,,"  186","H,,S"
"IRM00040845","2015-02-14","29.267","50.267","3.0","KHARG, IR","    0",",,S","  190",",,S","  176",",,S","  184","H,,S"
"IRM00040845","2015-02-15","29.267","50.267","3.0","KHARG, IR","    0",",,S","  214",",,S","  175",",,S","  201","H,,S"
"IRM00040845","2015-02-16","29.267","50.267","3.0","KHARG, IR","    0",",,S","  256",",,S","  168",",,S","  217","H,,S"
"IRM00040845","2015-02-17","29.267","50.267","3.0","KHARG, IR","    0",",,S","  274",",,S",,,"  231","H,,S"
"IRM00040845","2015-02-18","29.267","50.267","3.0","KHARG, IR","    0",",,S","  234",",,S","  168",",,S","  210","H,,S"
"IRM00040845","2015-02-19","29.267","50.267","3.0","KHARG, IR","    5",",,S","  210",",,S",,,"  196","H,,S"
"IRM00040845","2015-02-20","29.267","50.267","3.0","KHARG, IR","    0",",,S","  234",",,S","  172",",,S","  209","H,,S"
"IRM00040845","2015-02-21","29.267","50.267","3.0","KHARG, IR","    0",",,S",,,"  144",",,S","  159","H,,S"
"IRM00040845","2015-02-22","29.267","50.267","3.0","KHARG, IR","   15",",,S","  152",",,S",,,"  130","H,,S"
"IRM00040845","2015-02-23","29.267","50.267","3.0","KHARG, IR","   38",",,S","  152",",,S","   93",",,S","  141","H,,S"
"IRM00040845","2015-02-24","29.267","50.267","3.0","KHARG, IR","    0",",,S",,,"  130",",,S","  157","H,,S"
"IRM00040845","2015-02-25","29.267","50.267","3.0","KHARG, IR","    0",",,S","  200",",,S","  110",",,S","  171","H,,S"
"IRM00040845","2015-02-26","29.267","50.267","3.0","KHARG, IR","    0",",,S","  202",",,S","  136",",,S","  182","H,,S"
"IRM00040845","2015-02-27","29.267","50.267","3.0","KHARG, IR","    0",",,S","  195",",,S","  155",",,S","  179","H,,S"
"IRM00040845","2015-02-28","29.267","50.267","3.0","KHARG, IR","    0",",,S","  226",",,S",,,"  196","H,,S"
"IRM00040845","2015-03-01","29.267","50.267","3.0","KHARG, IR","    0",",,S","  224",",,S","  122",",,S","  189","H,,S"
"IRM00040845","2015-03-02","29.267","50.267","3.0","KHARG, IR","    0",",,S",,,"  118",",,S","  187","H,,S"
"IRM00040845","2015-03-03","29.267","50.267","3.0","KHARG, IR","    0",",,S","  232",",,S",,,"  207","H,,S"
"IRM00040845","2015-03-04","29.267","50.267","3.0","KHARG, IR","    0",",,S","  220",",,S","  174",",,S","  203","H,,S"
"IRM00040845","2015-03-05","29.267","50.267","3.0","KHARG, IR","    0",",,S","  212",",,S",,,"  202","H,,S"
"IRM00040845","2015-03-06","29.267","50.267","3.0","KHARG, IR","    0",",,S","  210",",,S","  184",",,S","  196","H,,S"
"IRM00040845","2015-03-07","29.267","50.267","3.0","KHARG, IR","    0",",,S","  216",",,S","  180",",,S","  197","H,,S"
"IRM00040845","2015-03-08","29.267","50.267","3.0","KHARG, IR","    0",",,S","  264",",,S","  130",",,S","  199","H,,S"
"IRM00040845","2015-03-09","29.267","50.267","3.0","KHARG, IR","    0",",,S","  232",",,S","  146",",,S","  199","H,,S"
"IRM00040845","2015-03-10","29.267","50.267","3.0","KHARG, IR","    0",",,S","  244",",,S","  152",",,S","  217","H,,S"
"IRM00040845","2015-03-11","29.267","50.267","3.0","KHARG, IR","    0",",,S",,,"  184",",,S","  206","H,,S"
"IRM00040845","2015-03-12","29.267","50.267","3.0","KHARG, IR","    0",",,S","  242",",,S",,,"  214","H,,S"
"IRM00040845","2015-03-13","29.267","50.267","3.0","KHARG, IR","    0",",,S","  240",",,S","  162",",,S","  207","H,,S"
"IRM00040845","2015-03-14","29.267","50.267","3.0","KHARG, IR","    0",",,S","  244",",,S","  158",",,S","  207","H,,S"
"IRM00040845","2015-03-15","29.267","50.267","3.0","KHARG, IR","    0",",,S","  246",",,S","  170",",,S","  214","H,,S"
"IRM00040845","2015-03-16","29.267","50.267","3.0","KHARG, IR","    0",",,S","  259",",,S","  168",",,S","  219","H,,S"
"IRM00040845","2015-03-17","29.267","50.267","3.0","KHARG, IR","    0",",,S","  248",",,S","  195",",,S","  216","H,,S"
"IRM00040845","2015-03-18","29.267","50.267","3.0","KHARG, IR","   99",",,S","  241",",,S","  198",",,S","  219","H,,S"
"IRM00040845","2015-03-19","29.267","50.267","3.0","KHARG, IR","    0",",,S","  281",",,S",,,"  241","H,,S"
"IRM00040845","2015-03-20","29.267","50.267","3.0","KHARG, IR","    0",",,S",,,"  217",",,S","  243","H,,S"
"IRM00040845","2015-03-21","29.267","50.267","3.0","KHARG, IR","    0",",,S","  254",",,S","  203",",,S","  231","H,,S"
"IRM00040845","2015-03-22","29.267","50.267","3.0","KHARG, IR","  221",",,S","  252",",,S","  197",",,S","  223","H,,S"
"IRM00040845","2015-03-23","29.267","50.267","3.0","KHARG, IR","    0",",,S","  215",",,S","  170",",,S","  199","H,,S"
"IRM00040845","2015-03-24","29.267","50.267","3.0","KHARG, IR","    0",",,S","  210",",,S","  180",",,S","  194","H,,S"
"IRM00040845","2015-03-25","29.267","50.267","3.0","KHARG, IR",,,"  253",",,S","  166",",,S","  213","H,,S"
"IRM00040845","2015-03-26","29.267","50.267","3.0","KHARG, IR",,,"  258",",,S","  165",",,S","  218","H,,S"
"IRM00040845","2015-03-27","29.267","50.267","3.0","KHARG, IR",,,,,,,"  218","H,,S"
"IRM00040845","2015-03-28","29.267","50.267","3.0","KHARG, IR","    0",",,S",,,"  196",",,S","  226","H,,S"
"IRM00040845","2015-03-29","29.267","50.267","3.0","KHARG, IR","    0",",,S","  244",",,S","  186",",,S","  221","H,,S"
"IRM00040845","2015-03-30","29.267","50.267","3.0","KHARG, IR","    0",",,S","  270",",,S","  210",",,S","  243","H,,S"
"IRM00040845","2015-03-31","29.267","50.267","3.0","KHARG, IR","    0",",,S","  246",",,S",,,"  227","H,,S"
"IRM00040845","2015-04-01","29.267","50.267","3.0","KHARG, IR","    0",",,S","  244",",,S",,,"  220","H,,S"
"IRM00040845","2015-04-02","29.267","50.267","3.0","KHARG, IR","    0",",,S",,,"  196",",,S","  213","H,,S"
"IRM00040845","2015-04-03","29.267","50.267","3.0","KHARG, IR","    0",",,S","  242",",,S","  204",",,S","  224","H,,S"
"IRM00040845","2015-04-04","29.267","50.267","3.0","KHARG, IR","    0",",,S","  260",",,S","  178",",,S","  227","H,,S"
"IRM00040845","2015-04-05","29.267","50.267","3.0","KHARG, IR","    0",",,S","  286",",,S",,,"  248","H,,S"
"IRM00040845","2015-04-06","29.267","50.267","3.0","KHARG, IR","    0",",,S","  260",",,S","  216",",,S","  235","H,,S"
"IRM00040845","2015-04-07","29.267","50.267","3.0","KHARG, IR","    0",",,S","  290",",,S",,,"  246","H,,S"
"IRM00040845","2015-04-08","29.267","50.267","3.0","KHARG, IR","    0",",,S","  306",",,S","  217",",,S","  267","H,,S"
"IRM00040845","2015-04-09","29.267","50.267","3.0","KHARG, IR","    0",",,S",,,"  195",",,S","  271","H,,S"
"IRM00040845","2015-04-10","29.267","50.267","3.0","KHARG, IR","    0",",,S",,,"  210",",,S","  283","H,,S"
"IRM00040845","2015-04-11","29.267","50.267","3.0","KHARG, IR","    0",",,S",,,"  245",",,S","  278","H,,S"
"IRM00040845","2015-04-12","29.267","50.267","3.0","KHARG, IR","    0",",,S",,,"  233",",,S","  286","H,,S"
"IRM00040845","2015-04-13","29.267","50.267","3.0","KHARG, IR","    0",",,S","  253",",,S",,,"  238","H,,S"
"IRM00040845","2015-04-14","29.267","50.267","3.0","KHARG, IR","    0",",,S",,,"  204",",,S","  224","H,,S"
"IRM00040845","2015-04-15","29.267","50.267","3.0","KHARG, IR","    0",",,S","  255",",,S","  219",",,S","  234","H,,S"
"IRM00040845","2015-04-16","29.267","50.267","3.0","KHARG, IR",,,"  342",",,S","  229",",,S","  288","H,,S"
"IRM00040845","2015-04-17","29.267","50.267","3.0","KHARG, IR","    0",",,S","  275",",,S",,,"  256","H,,S"
"IRM00040845","2015-04-18","29.267","50.267","3.0","KHARG, IR","    0",",,S","  246",",,S",,,"  238","H,,S"
"IRM00040845","2015-04-19","29.267","50.267","3.0","KHARG, IR","    0",",,S","  260",",,S","  215",",,S","  239","H,,S"
"IRM00040845","2015-04-20","29.267","50.267","3.0","KHARG, IR","    0",",,S","  288",",,S","  220",",,S","  256","H,,S"
"IRM00040845","2015-04-21","29.267","50.267","3.0","KHARG, IR","    0",",,S","  295",",,S","  179",",,S","  256","H,,S"
"IRM00040845","2015-04-22","29.267","50.267","3.0","KHARG, IR","    0",",,S","  305",",,S","  219",",,S","  279","H,,S"
"IRM00040845","2015-04-23","29.267","50.267","3.0","KHARG, IR",,,,,"  234",",,S","  297","H,,S"
"IRM00040845","2015-04-24","29.267","50.267","3.0","KHARG, IR","    0",",,S",,,"  239",",,S","  283","H,,S"
"IRM00040845","2015-04-25","29.267","50.267","3.0","KHARG, IR","    0",",,S","  240",",,S",,,"  223","H,,S"
"IRM00040845","2015-04-26","29.267","50.267","3.0","KHARG, IR","    0",",,S","  261",",,S","  208",",,S","  233","H,,S"
"IRM00040845","2015-04-27","29.267","50.267","3.0","KHARG, IR","    0",",,S","  281",",,S","  224",",,S","  253","H,,S"
"IRM00040845","2015-04-28","29.267","50.267","3.0","KHARG, IR","    0",",,S","  308",",,S","  228",",,S","  272","H,,S"
"IRM00040845","2015-04-29","29.267","50.267","3.0","KHARG, IR","    0",",,S","  333",",,S","  235",",,S","  286","H,,S"
"IRM00040845","2015-04-30","29.267","50.267","3.0","KHARG, IR","    0",",,S","  313",",,S",,,"  278","H,,S"
"IRM00040845","2015-05-01","29.267","50.267","3.0","KHARG, IR","    0",",,S","  342",",,S","  203",",,S","  294","H,,S"
"IRM00040845","2015-05-02","29.267","50.267","3.0","KHARG, IR","    0",",,S","  347",",,S","  203",",,S","  289","H,,S"
"IRM00040845","2015-05-03","29.267","50.267","3.0","KHARG, IR","    0",",,S","  332",",,S","  234",",,S","  287","H,,S"
"IRM00040845","2015-05-04","29.267","50.267","3.0","KHARG, IR","    0",",,S","  324",",,S","  254",",,S","  283","H,,S"
"IRM00040845","2015-05-05","29.267","50.267","3.0","KHARG, IR","    0",",,S","  332",",,S","  218",",,S","  279","H,,S"
"IRM00040845","2015-05-06","29.267","50.267","3.0","KHARG, IR","    8",",,S","  342",",,S","  246",",,S","  297","H,,S"
"IRM00040845","2015-05-07","29.267","50.267","3.0","KHARG, IR","    0",",,S","  348",",,S","  254",",,S","  302","H,,S"
"IRM00040845","2015-05-08","29.267","50.267","3.0","KHARG, IR","    0",",,S","  356",",,S","  236",",,S","  297","H,,S"
"IRM00040845","2015-05-09","29.267","50.267","3.0","KHARG, IR","    0",",,S","  376",",,S",,,"  309","H,,S"
"IRM00040845","2015-05-10","29.267","50.267","3.0","KHARG, IR","    0",",,S","  360",",,S","  254",",,S","  312","H,,S"
"IRM00040845","2015-05-11","29.267","50.267","3.0","KHARG, IR","    0",",,S","  392",",,S","  246",",,S","  327","H,,S"
"IRM00040845","2015-05-12","29.267","50.267","3.0","KHARG, IR",,,"  380",",,S","  248",",,S","  341","H,,S"
"IRM00040845","2015-05-13","29.267","50.267","3.0","KHARG, IR","    0",",,S","  364",",,S","  252",",,S","  332","H,,S"
"IRM00040845","2015-05-14","29.267","50.267","3.0","KHARG, IR","    0",",,S","  372",",,S","  272",",,S","  332","H,,S"
"IRM00040845","2015-05-15","29.267","50.267","3.0","KHARG, IR","    0",",,S","  326",",,S","  290",",,S","  307","H,,S"
"IRM00040845","2015-05-16","29.267","50.267","3.0","KHARG, IR","    0",",,S","  316",",,S","  276",",,S","  295","H,,S"
"IRM00040845","2015-05-17","29.267","50.267","3.0","KHARG, IR","    0",",,S",,,"  258",",,S","  282","H,,S"
"IRM00040845","2015-05-18","29.267","50.267","3.0","KHARG, IR","    0",",,S","  332",",,S","  255",",,S","  294","H,,S"
"IRM00040845","2015-05-19","29.267","50.267","3.0","KHARG, IR","    0",",,S","  347",",,S","  236",",,S","  301","H,,S"
"IRM00040845","2015-05-20","29.267","50.267","3.0","KHARG, IR","    0",",,S","  360",",,S","  230",",,S","  317","H,,S"
"IRM00040845","2015-05-21","29.267","50.267","3.0","KHARG, IR","    0",",,S","  381",",,S","  236",",,S","  325","H,,S"
"IRM00040845","2015-05-22","29.267","50.267","3.0","KHARG, IR","    0",",,S","  396",",,S","  247",",,S","  349","H,,S"
"IRM00040845","2015-05-23","29.267","50.267","3.0","KHARG, IR","    0",",,S","  386",",,S","  276",",,S","  331","H,,S"
"IRM00040845","2015-05-24","29.267","50.267","3.0","KHARG, IR","    0",",,S","  368",",,S","  270",",,S","  324","H,,S"
"IRM00040845","2015-05-25","29.267","50.267","3.0","KHARG, IR","    0",",,S","  350",",,S","  291",",,S","  326","H,,S"
"IRM00040845","2015-05-26","29.267","50.267","3.0","KHARG, IR","    0",",,S","  366",",,S","  287",",,S","  325","H,,S"
"IRM00040845","2015-05-27","29.267","50.267","3.0","KHARG, IR","    0",",,S","  363",",,S","  262",",,S","  336","H,,S"
"IRM00040845","2015-05-28","29.267","50.267","3.0","KHARG, IR","    0",",,S","  342",",,S","  291",",,S","  322","H,,S"
"IRM00040845","2015-05-29","29.267","50.267","3.0","KHARG, IR","    0",",,S","  388",",,S","  287",",,S","  342","H,,S"
"IRM00040845","2015-05-30","29.267","50.267","3.0","KHARG, IR","    0",",,S","  380",",,S",,,"  328","H,,S"
"IRM00040845","2015-05-31","29.267","50.267","3.0","KHARG, IR","    0",",,S","  416",",,S","  260",",,S","  345","H,,S"
"IRM00040845","2015-06-01","29.267","50.267","3.0","KHARG, IR","    0",",,S","  376",",,S","  268",",,S","  338","H,,S"
"IRM00040845","2015-06-02","29.267","50.267","3.0","KHARG, IR","    0",",,S",,,"  292",",,S","  354","H,,S"
"IRM00040845","2015-06-03","29.267","50.267","3.0","KHARG, IR","    0",",,S","  386",",,S","  304",",,S","  344","H,,S"
"IRM00040845","2015-06-04","29.267","50.267","3.0","KHARG, IR","    0",",,S","  380",",,S","  300",",,S","  337","H,,S"
"IRM00040845","2015-06-05","29.267","50.267","3.0","KHARG, IR","    0",",,S","  368",",,S","  284",",,S","  333","H,,S"
"IRM00040845","2015-06-06","29.267","50.267","3.0","KHARG, IR","    0",",,S","  374",",,S","  264",",,S","  322","H,,S"
"IRM00040845","2015-06-07","29.267","50.267","3.0","KHARG, IR","    0",",,S",,,"  283",",,S","  338","H,,S"
"IRM00040845","2015-06-08","29.267","50.267","3.0","KHARG, IR","    0",",,S","  361",",,S","  307",",,S","  331","H,,S"
"IRM00040845","2015-06-09","29.267","50.267","3.0","KHARG, IR","    0",",,S","  364",",,S","  295",",,S","  325","H,,S"
"IRM00040845","2015-06-10","29.267","50.267","3.0","KHARG, IR","    0",",,S",,,"  283",",,S","  338","H,,S"
"IRM00040845","2015-06-11","29.267","50.267","3.0","KHARG, IR","    0",",,S","  390",",,S","  269",",,S","  333","H,,S"
"IRM00040845","2015-06-12","29.267","50.267","3.0","KHARG, IR","    0",",,S","  377",",,S","  272",",,S","  339","H,,S"
"IRM00040845","2015-06-13","29.267","50.267","3.0","KHARG, IR","    0",",,S","  362",",,S","  303",",,S","  326","H,,S"
"IRM00040845","2015-06-14","29.267","50.267","3.0","KHARG, IR","    0",",,S","  352",",,S",,,"  321","H,,S"
"IRM00040845","2015-06-15","29.267","50.267","3.0","KHARG, IR","    0",",,S","  386",",,S","  267",",,S","  338","H,,S"
"IRM00040845","2015-06-16","29.267","50.267","3.0","KHARG, IR","    0",",,S","  386",",,S","  287",",,S","  349","H,,S"
"IRM00040845","2015-06-17","29.267","50.267","3.0","KHARG, IR","    0",",,S","  387",",,S","  300",",,S","  346","H,,S"
"IRM00040845","2015-06-18","29.267","50.267","3.0","KHARG, IR","    0",",,S",,,"  285",",,S","  349","H,,S"
"IRM00040845","2015-06-19","29.267","50.267","3.0","KHARG, IR","    0",",,S","  378",",,S","  309",",,S","  352","H,,S"
"IRM00040845","2015-06-20","29.267","50.267","3.0","KHARG, IR","    0",",,S","  381",",,S",,,"  345","H,,S"
"IRM00040845","2015-06-21","29.267","50.267","3.0","KHARG, IR","    0",",,S","  366",",,S","  316",",,S","  338","H,,S"
"IRM00040845","2015-06-22","29.267","50.267","3.0","KHARG, IR","    0",",,S",,,"  304",",,S","  327","H,,S"
"IRM00040845","2015-06-23","29.267","50.267","3.0","KHARG, IR","    0",",,S",,,"  304",",,S","  331","H,,S"
"IRM00040845","2015-06-24","29.267","50.267","3.0","KHARG, IR","    0",",,S","  368",",,S",,,"  332","H,,S"
"IRM00040845","2015-06-25","29.267","50.267","3.0","KHARG, IR","    0",",,S","  366",",,S","  300",",,S","  331","H,,S"
"IRM00040845","2015-06-26","29.267","50.267","3.0","KHARG, IR","    0",",,S","  362",",,S","  300",",,S","  328","H,,S"
"IRM00040845","2015-06-27","29.267","50.267","3.0","KHARG, IR","    0",",,S","  354",",,S","  292",",,S","  329","H,,S"
"IRM00040845","2015-06-28","29.267","50.267","3.0","KHARG, IR","    0",",,S","  358",",,S","  300",",,S","  331","H,,S"
"IRM00040845","2015-06-29","29.267","50.267","3.0","KHARG, IR","    0",",,S","  368",",,S","  307",",,S","  336","H,,S"
"IRM00040845","2015-06-30","29.267","50.267","3.0","KHARG, IR",,,"  371",",,S","  306",",,S","  336","H,,S"
"IRM00040845","2015-07-01","29.267","50.267","3.0","KHARG, IR","    0",",,S","  360",",,S","  307",",,S","  329","H,,S"
"IRM00040845","2015-07-02","29.267","50.267","3.0","KHARG, IR","    0",",,S","  370",",,S","  304",",,S","  329","H,,S"
"IRM00040845","2015-07-03","29.267","50.267","3.0","KHARG, IR","    0",",,S","  376",",,S","  281",",,S","  329","H,,S"
"IRM00040845","2015-07-04","29.267","50.267","3.0","KHARG, IR","    0",",,S","  384",",,S","  282",",,S","  331","H,,S"
"IRM00040845","2015-07-05","29.267","50.267","3.0","KHARG, IR","    0",",,S","  394",",,S","  286",",,S","  342","H,,S"
"IRM00040845","2015-07-06","29.267","50.267","3.0","KHARG, IR","    0",",,S","  373",",,S","  318",",,S","  345","H,,S"
"IRM00040845","2015-07-07","29.267","50.267","3.0","KHARG, IR","    0",",,S","  368",",,S",,,"  336","H,,S"
"IRM00040845","2015-07-08","29.267","50.267","3.0","KHARG, IR","    0",",,S","  376",",,S","  316",",,S","  346","H,,S"
"IRM00040845","2015-07-09","29.267","50.267","3.0","KHARG, IR","    0",",,S","  381",",,S","  304",",,S","  344","H,,S"
"IRM00040845","2015-07-10","29.267","50.267","3.0","KHARG, IR","    0",",,S",,,,,"  342","H,,S"
"IRM00040845","2015-07-11","29.267","50.267","3.0","KHARG, IR","    0",",,S","  376",",,S",,,"  334","H,,S"
"IRM00040845","2015-07-12","29.267","50.267","3.0","KHARG, IR","    0",",,S","  358",",,S","  294",",,S","  328","H,,S"
"IRM00040845","2015-07-13","29.267","50.267","3.0","KHARG, IR","    0",",,S","  404",",,S","  276",",,S","  339","H,,S"
"IRM00040845","2015-07-14","29.267","50.267","3.0","KHARG, IR","    0",",,S","  402",",,S","  278",",,S","  342","H,,S"
"IRM00040845","2015-07-15","29.267","50.267","3.0","KHARG, IR","    0",",,S","  408",",,S","  290",",,S","  347","H,,S"
"IRM00040845","2015-07-16","29.267","50.267","3.0","KHARG, IR","    0",",,S","  396",",,S","  284",",,S","  354","H,,S"
"IRM00040845","2015-07-17","29.267","50.267","3.0","KHARG, IR","    0",",,S","  414",",,S","  330",",,S","  371","H,,S"
"IRM00040845","2015-07-18","29.267","50.267","3.0","KHARG, IR","    0",",,S","  400",",,S","  328",",,S","  366","H,,S"
"IRM00040845","2015-07-19","29.267","50.267","3.0","KHARG, IR","    0",",,S","  404",",,S","  296",",,S","  358","H,,S"
"IRM00040845","2015-07-20","29.267","50.267","3.0","KHARG, IR","    0",",,S","  413",",,S","  303",",,S","  350","H,,S"
"IRM00040845","2015-07-21","29.267","50.267","3.0","KHARG, IR","    0",",,S","  412",",,S","  287",",,S","  343","H,,S"
"IRM00040845","2015-07-22","29.267","50.267","3.0","KHARG, IR","    0",",,S","  403",",,S","  302",",,S","  356","H,,S"
"IRM00040845","2015-07-23","29.267","50.267","3.0","KHARG, IR","    0",",,S","  408",",,S","  306",",,S","  357","H,,S"
"IRM00040845","2015-07-24","29.267","50.267","3.0","KHARG, IR","    0",",,S","  404",",,S","  317",",,S","  369","H,,S"
"IRM00040845","2015-07-25","29.267","50.267","3.0","KHARG, IR","    0",",,S","  421",",,S","  331",",,S","  373","H,,S"
"IRM00040845","2015-07-26","29.267","50.267","3.0","KHARG, IR","    0",",,S","  412",",,S",,,"  356","H,,S"
"IRM00040845","2015-07-27","29.267","50.267","3.0","KHARG, IR","    0",",,S","  431",",,S","  299",",,S","  366","H,,S"
"IRM00040845","2015-07-28","29.267","50.267","3.0","KHARG, IR","    0",",,S","  442",",,S","  305",",,S","  366","H,,S"
"IRM00040845","2015-07-29","29.267","50.267","3.0","KHARG, IR","    0",",,S","  399",",,S","  297",",,S","  359","H,,S"
"IRM00040845","2015-07-30","29.267","50.267","3.0","KHARG, IR","    0",",,S","  414",",,S",,,"  361","H,,S"
"IRM00040845","2015-07-31","29.267","50.267","3.0","KHARG, IR","    0",",,S",,,"  295",",,S","  379","H,,S"
"IRM00040845","2015-08-01","29.267","50.267","3.0","KHARG, IR","    0",",,S","  414",",,S",,,"  359","H,,S"
"IRM00040845","2015-08-02","29.267","50.267","3.0","KHARG, IR","    0",",,S","  415",",,S","  300",",,S","  356","H,,S"
"IRM00040845","2015-08-03","29.267","50.267","3.0","KHARG, IR","    0",",,S","  388",",,S","  296",",,S","  354","H,,S"
"IRM00040845","2015-08-04","29.267","50.267","3.0","KHARG, IR","    0",",,S","  387",",,S","  296",",,S","  354","H,,S"
"IRM00040845","2015-08-05","29.267","50.267","3.0","KHARG, IR","    0",",,S","  388",",,S","  284",",,S","  353","H,,S"
"IRM00040845","2015-08-06","29.267","50.267","3.0","KHARG, IR","    0",",,S","  397",",,S","  295",",,S","  357","H,,S"
"IRM00040845","2015-08-07","29.267","50.267","3.0","KHARG, IR","    0",",,S","  416",",,S","  315",",,S","  366","H,,S"
"IRM00040845","2015-08-08","29.267","50.267","3.0","KHARG, IR","    0",",,S","  408",",,S","  302",",,S","  358","H,,S"
"IRM00040845","2015-08-09","29.267","50.267","3.0","KHARG, IR","    0",",,S","  400",",,S","  319",",,S","  367","H,,S"
"IRM00040845","2015-08-10","29.267","50.267","3.0","KHARG, IR",,,"  406",",,S",,,"  373","H,,S"
"IRM00040845","2015-08-11","29.267","50.267","3.0","KHARG, IR","    0",",,S","  382",",,S","  349",",,S","  364","H,,S"
"IRM00040845","2015-08-12","29.267","50.267","3.0","KHARG, IR","    0",",,S",,,"  348",",,S","  368","H,,S"
"IRM00040845","2015-08-13","29.267","50.267","3.0","KHARG, IR","    0",",,S","  387",",,S","  335",",,S","  361","H,,S"
"IRM00040845","2015-08-14","29.267","50.267","3.0","KHARG, IR","    0",",,S","  392",",,S","  301",",,S","  360","H,,S"
"IRM00040845","2015-08-15","29.267","50.267","3.0","KHARG, IR","    0",",,S","  411",",,S","  306",",,S","  356","H,,S"
"IRM00040845","2015-08-16","29.267","50.267","3.0","KHARG, IR","    0",",,S","  392",",,S","  297",",,S","  355","H,,S"
"IRM00040845","2015-08-17","29.267","50.267","3.0","KHARG, IR","    0",",,S","  393",",,S",,,"  344","H,,S"
"IRM00040845","2015-08-18","29.267","50.267","3.0","KHARG, IR","    0",",,S","  391",",,S","  304",",,S","  361","H,,S"
"IRM00040845","2015-08-19","29.267","50.267","3.0","KHARG, IR","    0",",,S","  386",",,S","  322",",,S","  357","H,,S"
"IRM00040845","2015-08-20","29.267","50.267","3.0","KHARG, IR",,,"  381",",,S","  312",",,S","  352","H,,S"
"IRM00040845","2015-08-21","29.267","50.267","3.0","KHARG, IR","    0",",,S","  384",",,S","  312",",,S","  358","H,,S"
"IRM00040845","2015-08-22","29.267","50.267","3.0","KHARG, IR","    0",",,S","  381",",,S",,,"  352","H,,S"
"IRM00040845","2015-08-23","29.267","50.267","3.0","KHARG, IR",,,"  382",",,S","  303",",,S","  348","H,,S"
"IRM00040845","2015-08-24","29.267","50.267","3.0","KHARG, IR","    0",",,S","  399",",,S","  307",",,S","  358","H,,S"
"IRM00040845","2015-08-25","29.267","50.267","3.0","KHARG, IR","    0",",,S","  429",",,S","  305",",,S","  367","H,,S"
"IRM00040845","2015-08-26","29.267","50.267","3.0","KHARG, IR","    0",",,S","  406",",,S",,,"  368","H,,S"
"IRM00040845","2015-08-27","29.267","50.267","3.0","KHARG, IR","    0",",,S","  418",",,S","  309",",,S","  379","H,,S"
"IRM00040845","2015-08-28","29.267","50.267","3.0","KHARG, IR","    0",",,S",,,,,"  379","H,,S"
"IRM00040845","2015-08-29","29.267","50.267","3.0","KHARG, IR","    0",",,S","  425",",,S","  352",",,S","  376","H,,S"
"IRM00040845","2015-08-30","29.267","50.267","3.0","KHARG, IR","    0",",,S","  399",",,S","  312",",,S","  358","H,,S"
"IRM00040845","2015-08-31","29.267","50.267","3.0","KHARG, IR","    0",",,S","  422",",,S",,,"  359","H,,S"
"IRM00040845","2015-09-01","29.267","50.267","3.0","KHARG, IR","    0",",,S",,,"  318",",,S","  356","H,,S"
"IRM00040845","2015-09-02","29.267","50.267","3.0","KHARG, IR","    0",",,S","  382",",,S","  339",",,S","  360","H,,S"
"IRM00040845","2015-09-03","29.267","50.267","3.0","KHARG, IR","    0",",,S","  374",",,S","  336",",,S","  356","H,,S"
"IRM00040845","2015-09-04","29.267","50.267","3.0","KHARG, IR","    0",",,S","  384",",,S","  307",",,S","  358","H,,S"
"IRM00040845","2015-09-05","29.267","50.267","3.0","KHARG, IR","    0",",,S","  394",",,S","  322",",,S","  353","H,,S"
"IRM00040845","2015-09-06","29.267","50.267","3.0","KHARG, IR","    0",",,S","  370",",,S","  305",",,S","  343","H,,S"
"IRM00040845","2015-09-07","29.267","50.267","3.0","KHARG, IR","    0",",,S","  372",",,S","  312",",,S","  356","H,,S"
"IRM00040845","2015-09-08","29.267","50.267","3.0","KHARG, IR","    0",",,S","  381",",,S","  308",",,S","  357","H,,S"
"IRM00040845","2015-09-09","29.267","50.267","3.0","KHARG, IR","    0",",,S",,,"  309",",,S","  355","H,,S"
"IRM00040845","2015-09-10","29.267","50.267","3.0","KHARG, IR","    0",",,S","  372",",,S",,,"  347","H,,S"
"IRM00040845","2015-09-11","29.267","50.267","3.0","KHARG, IR","    0",",,S","  370",",,S","  310",",,S","  349","H,,S"
"IRM00040845","2015-09-12","29.267","50.267","3.0","KHARG, IR","    0",",,S","  366",",,S","  303",",,S","  350","H,,S"
"IRM00040845","2015-09-13","29.267","50.267","3.0","KHARG, IR","    0",",,S","  388",",,S","  288",",,S","  345","H,,S"
"IRM00040845","2015-09-14","29.267","50.267","3.0","KHARG, IR","    0",",,S","  368",",,S","  278",",,S","  339","H,,S"
"IRM00040845","2015-09-15","29.267","50.267","3.0","KHARG, IR","    0",",,S",,,"  292",",,S","  355","H,,S"
"IRM00040845","2015-09-16","29.267","50.267","3.0","KHARG, IR","    0",",,S","  390",",,S","  306",",,S","  346","H,,S"
"IRM00040845","2015-09-17","29.267","50.267","3.0","KHARG, IR","    0",",,S","  378",",,S","  303",",,S","  343","H,,S"
"IRM00040845","2015-09-18","29.267","50.267","3.0","KHARG, IR","    0",",,S","  394",",,S","  311",",,S","  363","H,,S"
"IRM00040845","2015-09-19","29.267","50.267","3.0","KHARG, IR","    0",",,S","  378",",,S","  291",",,S","  343","H,,S"
"IRM00040845","2015-09-20","29.267","50.267","3.0","KHARG, IR","    0",",,S","  400",",,S","  293",",,S","  347","H,,S"
"IRM00040845","2015-09-21","29.267","50.267","3.0","KHARG, IR","    0",",,S","  401",",,S","  282",",,S","  339","H,,S"
"IRM00040845","2015-09-22","29.267","50.267","3.0","KHARG, IR","    0",",,S","  367",",,S","  279",",,S","  338","H,,S"
"IRM00040845","2015-09-23","29.267","50.267","3.0","KHARG, IR","    0",",,S","  371",",,S","  287",",,S","  343","H,,S"
"IRM00040845","2015-09-24","29.267","50.267","3.0","KHARG, IR","    0",",,S","  345",",,S",,,"  332","H,,S"
"IRM00040845","2015-09-25","29.267","50.267","3.0","KHARG, IR","    0",",,S",,,"  271",",,S","  333","H,,S"
"IRM00040845","2015-09-26","29.267","50.267","3.0","KHARG, IR","    0",",,S",,,"  263",",,S","  324","H,,S"
"IRM00040845","2015-09-27","29.267","50.267","3.0","KHARG, IR","    0",",,S","  365",",,S","  261",",,S","  331","H,,S"
"IRM00040845","2015-09-28","29.267","50.267","3.0","KHARG, IR","    0",",,S","  360",",,S","  266",",,S","  332","H,,S"
"IRM00040845","2015-09-29","29.267","50.267","3.0","KHARG, IR","    0",",,S","  371",",,S","  263",",,S","  342","H,,S"
"IRM00040845","2015-09-30","29.267","50.267","3.0","KHARG, IR","    0",",,S","  356",",,S",,,"  337","H,,S"
"IRM00040845","2015-10-01","29.267","50.267","3.0","KHARG, IR","    0",",,S","  373",",,S","  295",",,S","  333","H,,S"
"IRM00040845","2015-10-02","29.267","50.267","3.0","KHARG, IR","    0",",,S","  350",",,S",,,"  338","H,,S"
"IRM00040845","2015-10-03","29.267","50.267","3.0","KHARG, IR","    0",",,S","  354",",,S","  308",",,S","  343","H,,S"
"IRM00040845","2015-10-04","29.267","50.267","3.0","KHARG, IR","    0",",,S","  363",",,S","  291",",,S","  339","H,,S"
"IRM00040845","2015-10-05","29.267","50.267","3.0","KHARG, IR","    0",",,S","  365",",,S","  325",",,S","  349","H,,S"
"IRM00040845","2015-10-06","29.267","50.267","3.0","KHARG, IR","    0",",,S","  371",",,S",,,"  341","H,,S"
"IRM00040845","2015-10-07","29.267","50.267","3.0","KHARG, IR","    0",",,S","  365",",,S","  287",",,S","  336","H,,S"
"IRM00040845","2015-10-08","29.267","50.267","3.0","KHARG, IR","    0",",,S","  351",",,S","  309",",,S","  332","H,,S"
"IRM00040845","2015-10-09","29.267","50.267","3.0","KHARG, IR","    0",",,S","  381",",,S","  292",",,S","  346","H,,S"
"IRM00040845","2015-10-10","29.267","50.267","3.0","KHARG, IR","    0",",,S","  357",",,S","  325",",,S","  341","H,,S"
"IRM00040845","2015-10-11","29.267","50.267","3.0","KHARG, IR","    0",",,S","  331",",,S","  308",",,S","  320","H,,S"
"IRM00040845","2015-10-12","29.267","50.267","3.0","KHARG, IR","    0",",,S","  325",",,S",,,"  309","H,,S"
"IRM00040845","2015-10-13","29.267","50.267","3.0","KHARG, IR","    0",",,S","  335",",,S","  286",",,S","  314","H,,S"
"IRM00040845","2015-10-14","29.267","50.267","3.0","KHARG, IR","    0",",,S","  356",",,S","  238",",,S","  308","H,,S"
"IRM00040845","2015-10-15","29.267","50.267","3.0","KHARG, IR","    0",",,S","  336",",,S","  262",",,S","  309","H,,S"
"IRM00040845","2015-10-16","29.267","50.267","3.0","KHARG, IR","    0",",,S",,,"  259",",,S","  314","H,,S"
"IRM00040845","2015-10-17","29.267","50.267","3.0","KHARG, IR","    0",",,S",,,"  264",",,S","  305","H,,S"
"IRM00040845","2015-10-18","29.267","50.267","3.0","KHARG, IR","    0",",,S","  334",",,S","  275",",,S","  309","H,,S"
"IRM00040845","2015-10-19","29.267","50.267","3.0","KHARG, IR","    0",",,S","  324",",,S","  292",",,S","  313","H,,S"
"IRM00040845","2015-10-20","29.267","50.267","3.0","KHARG, IR","    0",",,S","  332",",,S","  297",",,S","  316","H,,S"
"IRM00040845","2015-10-21","29.267","50.267","3.0","KHARG, IR","    0",",,S",,,"  285",",,S","  311","H,,S"
"IRM00040845","2015-10-22","29.267","50.267","3.0","KHARG, IR","    0",",,S","  327",",,S",,,"  301","H,,S"
"IRM00040845","2015-10-23","29.267","50.267","3.0","KHARG, IR","    0",",,S","  295",",,S","  267",",,S","  288","H,,S"
"IRM00040845","2015-10-24","29.267","50.267","3.0","KHARG, IR","    0",",,S","  311",",,S",,,"  303","H,,S"
"IRM00040845","2015-10-25","29.267","50.267","3.0","KHARG, IR","    0",",,S","  323",",,S","  269",",,S","  304","H,,S"
"IRM00040845","2015-10-26","29.267","50.267","3.0","KHARG, IR","    0",",,S","  323",",,S","  228",",,S","  286","H,,S"
"IRM00040845","2015-10-27","29.267","50.267","3.0","KHARG, IR","    0",",,S","  345",",,S","  240",",,S","  295","H,,S"
"IRM00040845","2015-10-28","29.267","50.267","3.0","KHARG, IR","    0",",,S","  319",",,S",,,"  284","H,,S"
"IRM00040845","2015-10-29","29.267","50.267","3.0","KHARG, IR","  378",",,S","  310",",,S",,,"  283","H,,S"
"IRM00040845","2015-10-30","29.267","50.267","3.0","KHARG, IR","  193",",,S",,,"  220",",,S","  279","H,,S"
"IRM00040845","2015-10-31","29.267","50.267","3.0","KHARG, IR","  305",",,S",,,,,"  252","H,,S"
"IRM00040845","2015-11-01","29.267","50.267","3.0","KHARG, IR","    8",",,S",,,"  224",",,S","  261","H,,S"
"IRM00040845","2015-11-02","29.267","50.267","3.0","KHARG, IR","    0",",,S",,,"  245",",,S","  259","H,,S"
"IRM00040845","2015-11-03","29.267","50.267","3.0","KHARG, IR","    0",",,S",,,"  247",",,S","  258","H,,S"
"IRM00040845","2015-11-04","29.267","50.267","3.0","KHARG, IR","    0",",,S","  280",",,S","  251",",,S","  271","H,,S"
"IRM00040845","2015-11-05","29.267","50.267","3.0","KHARG, IR","    0",",,S",,,"  255",",,S","  274","H,,S"
"IRM00040845","2015-11-06","29.267","50.267","3.0","KHARG, IR","    0",",,S","  289",",,S","  218",",,S","  267","H,,S"
"IRM00040845","2015-11-07","29.267","50.267","3.0","KHARG, IR","  122",",,S",,,,,"  242","H,,S"
"IRM00040845","2015-11-08","29.267","50.267","3.0","KHARG, IR","  112",",,S","  265",",,S","  229",",,S","  254","H,,S"
"IRM00040845","2015-11-09","29.267","50.267","3.0","KHARG, IR","    0",",,S",,,"  234",",,S","  248","H,,S"
"IRM00040845","2015-11-10","29.267","50.267","3.0","KHARG, IR","  196",",,S","  238",",,S",,,"  212","H,,S"
"IRM00040845","2015-11-11","29.267","50.267","3.0","KHARG, IR","  404",",,S",,,,,"  243","H,,S"
"IRM00040845","2015-11-12","29.267","50.267","3.0","KHARG, IR","    0",",,S","  225",",,S","  216",",,S","  219","H,,S"
"IRM00040845","2015-11-13","29.267","50.267","3.0","KHARG, IR","    0",",,S",,,"  198",",,S","  218","H,,S"
"IRM00040845","2015-11-14","29.267","50.267","3.0","KHARG, IR","    0",",,S",,,"  207",",,S","  219","H,,S"
"IRM00040845","2015-11-15","29.267","50.267","3.0","KHARG, IR","    0",",,S","  236",",,S","  208",",,S","  220","H,,S"
"IRM00040845","2015-11-16","29.267","50.267","3.0","KHARG, IR","    0",",,S","  261",",,S",,,"  236","H,,S"
"IRM00040845","2015-11-17","29.267","50.267","3.0","KHARG, IR","    0",",,S","  273",",,S","  187",",,S","  249","H,,S"
"IRM00040845","2015-11-18","29.267","50.267","3.0","KHARG, IR","    0",",,S","  280",",,S",,,"  257","H,,S"
"IRM00040845","2015-11-19","29.267","50.267","3.0","KHARG, IR","    0",",,S","  243",",,S","  213",",,S","  231","H,,S"
"IRM00040845","2015-11-20","29.267","50.267","3.0","KHARG, IR","    0",",,S","  225",",,S","  207",",,S","  217","H,,S"
"IRM00040845","2015-11-21","29.267","50.267","3.0","KHARG, IR","    0",",,S","  221",",,S",,,"  212","H,,S"
"IRM00040845","2015-11-22","29.267","50.267","3.0","KHARG, IR","    0",",,S",,,"  199",",,S","  220","H,,S"
"IRM00040845","2015-11-23","29.267","50.267","3.0","KHARG, IR","    0",",,S","  240",",,S","  187",",,S","  224","H,,S"
"IRM00040845","2015-11-24","29.267","50.267","3.0","KHARG, IR","    0",",,S","  243",",,S","  170",",,S","  229","H,,S"
"IRM00040845","2015-11-25","29.267","50.267","3.0","KHARG, IR","    0",",,S",,,"  148",",,S","  233","H,,S"
"IRM00040845","2015-11-26","29.267","50.267","3.0","KHARG, IR","    0",",,S","  269",",,S","  158",",,S","  232","H,,S"
"IRM00040845","2015-11-27","29.267","50.267","3.0","KHARG, IR","    0",",,S","  251",",,S","  165",",,S","  240","H,,S"
"IRM00040845","2015-11-28","29.267","50.267","3.0","KHARG, IR","    0",",,S","  251",",,S",,,"  243","H,,S"
"IRM00040845","2015-11-29","29.267","50.267","3.0","KHARG, IR","    0",",,S","  240",",,S",,,"  234","H,,S"
"IRM00040845","2015-11-30","29.267","50.267","3.0","KHARG, IR","    0",",,S",,,,,"  231","H,,S"
"IRM00040845","2015-12-01","29.267","50.267","3.0","KHARG, IR","    0",",,S","  273",",,S","  151",",,S","  233","H,,S"
"IRM00040845","2015-12-02","29.267","50.267","3.0","KHARG, IR","    0",",,S","  259",",,S","  185",",,S","  238","H,,S"
"IRM00040845","2015-12-03","29.267","50.267","3.0","KHARG, IR","    0",",,S","  266",",,S","  213",",,S","  232","H,,S"
"IRM00040845","2015-12-04","29.267","50.267","3.0","KHARG, IR","    0",",,S","  225",",,S","  206",",,S","  215","H,,S"
"IRM00040845","2015-12-05","29.267","50.267","3.0","KHARG, IR","    0",",,S",,,"  165",",,S","  181","H,,S"
"IRM00040845","2015-12-06","29.267","50.267","3.0","KHARG, IR","    0",",,S","  161",",,S",,,"  143","H,,S"
"IRM00040845","2015-12-07","29.267","50.267","3.0","KHARG, IR","   43",",,S","  137",",,S",,,"  129","H,,S"
"IRM00040845","2015-12-08","29.267","50.267","3.0","KHARG, IR","    0",",,S",,,,,"  139","H,,S"
"IRM00040845","2015-12-09","29.267","50.267","3.0","KHARG, IR","    0",",,S","  174",",,S","  141",",,S","  164","H,,S"
"IRM00040845","2015-12-10","29.267","50.267","3.0","KHARG, IR","    0",",,S","  190",",,S","  162",",,S","  181","H,,S"
"IRM00040845","2015-12-11","29.267","50.267","3.0","KHARG, IR","    0",",,S","  200",",,S","  116",",,S","  180","H,,S"
"IRM00040845","2015-12-12","29.267","50.267","3.0","KHARG, IR","    0",",,S","  210",",,S","  114",",,S","  187","H,,S"
"IRM00040845","2015-12-13","29.267","50.267","3.0","KHARG, IR","    0",",,S","  223",",,S","  126",",,S","  191","H,,S"
"IRM00040845","2015-12-14","29.267","50.267","3.0","KHARG, IR","    0",",,S","  232",",,S","  161",",,S","  216","H,,S"
"IRM00040845","2015-12-15","29.267","50.267","3.0","KHARG, IR","  211",",,S",,,,,"  178","H,,S"
"IRM00040845","2015-12-16","29.267","50.267","3.0","KHARG, IR","    0",",,S","  185",",,S","  159",",,S","  174","H,,S"
"IRM00040845","2015-12-17","29.267","50.267","3.0","KHARG, IR","    0",",,S","  187",",,S",,,"  175","H,,S"
"IRM00040845","2015-12-18","29.267","50.267","3.0","KHARG, IR","    0",",,S","  213",",,S","  127",",,S","  194","H,,S"
"IRM00040845","2015-12-19","29.267","50.267","3.0","KHARG, IR","    0",",,S","  225",",,S","  182",",,S","  203","H,,S"
"IRM00040845","2015-12-20","29.267","50.267","3.0","KHARG, IR","    0",",,S","  212",",,S","  162",",,S","  194","H,,S"
"IRM00040845","2015-12-21","29.267","50.267","3.0","KHARG, IR","    0",",,S","  190",",,S","  176",",,S","  184","H,,S"
"IRM00040845","2015-12-22","29.267","50.267","3.0","KHARG, IR","    0",",,S",,,"  156",",,S","  169","H,,S"
"IRM00040845","2015-12-23","29.267","50.267","3.0","KHARG, IR","    0",",,S","  202",",,S",,,"  182","H,,S"
"IRM00040845","2015-12-24","29.267","50.267","3.0","KHARG, IR","  102",",,S","  170",",,S",,,"  159","H,,S"
"IRM00040845","2015-12-25","29.267","50.267","3.0","KHARG, IR","  218",",,S","  175",",,S","  157",",,S","  169","H,,S"
"IRM00040845","2015-12-26","29.267","50.267","3.0","KHARG, IR","    0",",,S",,,"  160",",,S","  169","H,,S"
"IRM00040845","2015-12-27","29.267","50.267","3.0","KHARG, IR","    0",",,S",,,"  165",",,S","  180","H,,S"
"IRM00040845","2015-12-28","29.267","50.267","3.0","KHARG, IR","    0",",,S",,,"  168",",,S","  179","H,,S"
"IRM00040845","2015-12-29","29.267","50.267","3.0","KHARG, IR","    0",",,S","  191",",,S",,,"  177","H,,S"
"IRM00040845","2015-12-30","29.267","50.267","3.0","KHARG, IR","    0",",,S",,,"  135",",,S","  190","H,,S"
"IRM00040845","2015-12-31","29.267","50.267","3.0","KHARG, IR","  183",",,S","  201",",,S","  157",",,S","  175","H,,S"
"IRM00040845","2016-01-01","29.267","50.267","3.0","KHARG, IR","   13",",,S","  204",",,S","  170",",,S","  196","H,,S"
"IRM00040845","2016-01-02","29.267","50.267","3.0","KHARG, IR","  104",",,S","  192",",,S",,,"  180","H,,S"
"IRM00040845","2016-01-03","29.267","50.267","3.0","KHARG, IR","    3",",,S","  130",",,S",,,"  127","H,,S"
"IRM00040845","2016-01-04","29.267","50.267","3.0","KHARG, IR","    0",",,S","  151",",,S","  118",",,S","  141","H,,S"
"IRM00040845","2016-01-05","29.267","50.267","3.0","KHARG, IR","    0",",,S","  181",",,S",,,"  165","H,,S"
"IRM00040845","2016-01-06","29.267","50.267","3.0","KHARG, IR","    0",",,S",,,"  157",",,S","  174","H,,S"
"IRM00040845","2016-01-07","29.267","50.267","3.0","KHARG, IR","    0",",,S","  191",",,S","  164",",,S","  181","H,,S"
"IRM00040845","2016-01-08","29.267","50.267","3.0","KHARG, IR","    0",",,S","  208",",,S","  119",",,S","  181","H,,S"
"IRM00040845","2016-01-09","29.267","50.267","3.0","KHARG, IR","    3",",,S",,,,,"  198","H,,S"
"IRM00040845","2016-01-10","29.267","50.267","3.0","KHARG, IR","    0",",,S",,,,,"  171","H,,S"
"IRM00040845","2016-01-11","29.267","50.267","3.0","KHARG, IR","    0",",,S",,,,,"  158","H,,S"
"IRM00040845","2016-01-12","29.267","50.267","3.0","KHARG, IR","    0",",,S",,,"  150",",,S","  163","H,,S"
"IRM00040845","2016-01-13","29.267","50.267","3.0","KHARG, IR","    0",",,S","  164",",,S","  147",",,S","  159","H,,S"
"IRM00040845","2016-01-14","29.267","50.267","3.0","KHARG, IR","    0",",,S","  172",",,S",,,"  165","H,,S"
"IRM00040845","2016-01-15","29.267","50.267","3.0","KHARG, IR","    0",",,S","  182",",,S","  125",",,S","  173","H,,S"
"IRM00040845","2016-01-16","29.267","50.267","3.0","KHARG, IR","    0",",,S","  190",",,S","  140",",,S","  180","H,,S"
"IRM00040845","2016-01-17","29.267","50.267","3.0","KHARG, IR","    0",",,S","  181",",,S","  167",",,S","  175","H,,S"
"IRM00040845","2016-01-18","29.267","50.267","3.0","KHARG, IR","    0",",,S","  191",",,S",,,"  178","H,,S"
"IRM00040845","2016-01-19","29.267","50.267","3.0","KHARG, IR","    0",",,S","  240",",,S","  120",",,S","  192","H,,S"
"IRM00040845","2016-01-20","29.267","50.267","3.0","KHARG, IR","    0",",,S","  216",",,S","  143",",,S","  187","H,,S"
"IRM00040845","2016-01-21","29.267","50.267","3.0","KHARG, IR","    0",",,S","  200",",,S","  160",",,S","  186","H,,S"
"IRM00040845","2016-01-22","29.267","50.267","3.0","KHARG, IR","    0",",,S",,,"  169",",,S","  187","H,,S"
"IRM00040845","2016-01-23","29.267","50.267","3.0","KHARG, IR","    0",",,S","  211",",,S","  146",",,S","  186","H,,S"
"IRM00040845","2016-01-24","29.267","50.267","3.0","KHARG, IR","    0",",,S","  214",",,S","  184",",,S","  202","H,,S"
"IRM00040845","2016-01-25","29.267","50.267","3.0","KHARG, IR","    0",",,S","  193",",,S","  164",",,S","  179","H,,S"
"IRM00040845","2016-01-26","29.267","50.267","3.0","KHARG, IR","    0",",,S","  171",",,S","  157",",,S","  164","H,,S"
"IRM00040845","2016-01-27","29.267","50.267","3.0","KHARG, IR","    0",",,S","  165",",,S","  146",",,S","  157","H,,S"
"IRM00040845","2016-01-28","29.267","50.267","3.0","KHARG, IR","    0",",,S",,,,,"  134","H,,S"
"IRM00040845","2016-01-29","29.267","50.267","3.0","KHARG, IR","    0",",,S","  115",",,S","   88",",,S","  103","H,,S"
"IRM00040845","2016-01-30","29.267","50.267","3.0","KHARG, IR","    0",",,S","  130",",,S","  106",",,S","  121","H,,S"
"IRM00040845","2016-01-31","29.267","50.267","3.0","KHARG, IR","    0",",,S","  153",",,S","  125",",,S","  144","H,,S"
"IRM00040845","2016-02-01","29.267","50.267","3.0","KHARG, IR","    0",",,S","  165",",,S","  140",",,S","  153","H,,S"
"IRM00040845","2016-02-02","29.267","50.267","3.0","KHARG, IR","    0",",,S",,,,,"  158","H,,S"
"IRM00040845","2016-02-03","29.267","50.267","3.0","KHARG, IR","    0",",,S",,,"  114",",,S","  167","H,,S"
"IRM00040845","2016-02-04","29.267","50.267","3.0","KHARG, IR","    0",",,S",,,"  150",",,S","  164","H,,S"
"IRM00040845","2016-02-05","29.267","50.267","3.0","KHARG, IR","    0",",,S","  180",",,S",,,"  168","H,,S"
"IRM00040845","2016-02-06","29.267","50.267","3.0","KHARG, IR","    0",",,S",,,"  118",",,S","  167","H,,S"
"IRM00040845","2016-02-07","29.267","50.267","3.0","KHARG, IR","    0",",,S","  202",",,S","  113",",,S","  184","H,,S"
"IRM00040845","2016-02-08","29.267","50.267","3.0","KHARG, IR","    0",",,S","  192",",,S","  141",",,S","  179","H,,S"
"IRM00040845","2016-02-09","29.267","50.267","3.0","KHARG, IR","    0",",,S",,,,,"  161","H,,S"
"IRM00040845","2016-02-10","29.267","50.267","3.0","KHARG, IR","    0",",,S","  173",",,S","  146",",,S","  162","H,,S"
"IRM00040845","2016-02-11","29.267","50.267","3.0","KHARG, IR","    0",",,S","  173",",,S","  124",",,S","  162","H,,S"
"IRM00040845","2016-02-12","29.267","50.267","3.0","KHARG, IR",,,"  164",",,S","  135",",,S","  156","H,,S"
"IRM00040845","2016-02-13","29.267","50.267","3.0","KHARG, IR","    0",",,S",,,"  140",",,S","  157","H,,S"
"IRM00040845","2016-02-14","29.267","50.267","3.0","KHARG, IR","    0",",,S","  194",",,S","  134",",,S","  172","H,,S"
"IRM00040845","2016-02-15","29.267","50.267","3.0","KHARG, IR","    0",",,S",,,"  117",",,S","  171","H,,S"
"IRM00040845","2016-02-16","29.267","50.267","3.0","KHARG, IR","    0",",,S","  185",",,S","  154",",,S","  176","H,,S"
"IRM00040845","2016-02-17","29.267","50.267","3.0","KHARG, IR","    0",",,S","  253",",,S","  126",",,S","  191","H,,S"
"IRM00040845","2016-02-18","29.267","50.267","3.0","KHARG, IR","    0",",,S","  234",",,S","  126",",,S","  189","H,,S"
"IRM00040845","2016-02-19","29.267","50.267","3.0","KHARG, IR","    0",",,S","  232",",,S","  106",",,S","  193","H,,S"
"IRM00040845","2016-02-20","29.267","50.267","3.0","KHARG, IR","    0",",,S","  223",",,S","  130",",,S","  189","H,,S"
"IRM00040845","2016-02-21","29.267","50.267","3.0","KHARG, IR","    0",",,S","  240",",,S","  164",",,S","  215","H,,S"
"IRM00040845","2016-02-22","29.267","50.267","3.0","KHARG, IR","    0",",,S","  261",",,S","  160",",,S","  222","H,,S"
"IRM00040845","2016-02-23","29.267","50.267","3.0","KHARG, IR","    0",",,S",,,"  181",",,S","  242","H,,S"
"IRM00040845","2016-02-24","29.267","50.267","3.0","KHARG, IR","  135",",,S",,,"  177",",,S","  194","H,,S"
"IRM00040845","2016-02-25","29.267","50.267","3.0","KHARG, IR","    0",",,S","  202",",,S",,,"  192","H,,S"
"IRM00040845","2016-02-26","29.267","50.267","3.0","KHARG, IR","    0",",,S","  214",",,S","  174",",,S","  195","H,,S"
"IRM00040845","2016-02-27","29.267","50.267","3.0","KHARG, IR","    0",",,S",,,"  143",",,S","  190","H,,S"
"IRM00040845","2016-02-28","29.267","50.267","3.0","KHARG, IR","   56",",,S","  231",",,S",,,"  199","H,,S"
"IRM00040845","2016-02-29","29.267","50.267","3.0","KHARG, IR","    0",",,S",,,"  187",",,S","  197","H,,S"
"IRM00040845","2016-03-01","29.267","50.267","3.0","KHARG, IR","    0",",,S","  211",",,S","  176",",,S","  193","H,,S"
"IRM00040845","2016-03-02","29.267","50.267","3.0","KHARG, IR","    0",",,S","  260",",,S","  174",",,S","  219","H,,S"
"IRM00040845","2016-03-03","29.267","50.267","3.0","KHARG, IR","    0",",,S","  242",",,S","  161",",,S","  207","H,,S"
"IRM00040845","2016-03-04","29.267","50.267","3.0","KHARG, IR","    0",",,S","  272",",,S","  155",",,S","  225","H,,S"
"IRM00040845","2016-03-05","29.267","50.267","3.0","KHARG, IR","    0",",,S","  290",",,S","  181",",,S","  243","H,,S"
"IRM00040845","2016-03-06","29.267","50.267","3.0","KHARG, IR","   10",",,S","  258",",,S","  170",",,S","  220","H,,S"
"IRM00040845","2016-03-07","29.267","50.267","3.0","KHARG, IR","    0",",,S",,,"  205",",,S","  217","H,,S"
"IRM00040845","2016-03-08","29.267","50.267","3.0","KHARG, IR","    0",",,S","  221",",,S","  194",",,S","  206","H,,S"
"IRM00040845","2016-03-09","29.267","50.267","3.0","KHARG, IR","    0",",,S","  231",",,S","  196",",,S","  212","H,,S"
"IRM00040845","2016-03-10","29.267","50.267","3.0","KHARG, IR","    0",",,S","  250",",,S","  197",",,S","  219","H,,S"
"IRM00040845","2016-03-11","29.267","50.267","3.0","KHARG, IR","    0",",,S",,,"  163",",,S","  227","H,,S"
"IRM00040845","2016-03-12","29.267","50.267","3.0","KHARG, IR","    8",",,S","  251",",,S","  175",",,S","  222","H,,S"
"IRM00040845","2016-03-13","29.267","50.267","3.0","KHARG, IR","    0",",,S","  244",",,S",,,"  221","H,,S"
"IRM00040845","2016-03-14","29.267","50.267","3.0","KHARG, IR","    0",",,S","  249",",,S","  189",",,S","  221","H,,S"
"IRM00040845","2016-03-15","29.267","50.267","3.0","KHARG, IR","    0",",,S","  240",",,S","  187",",,S","  221","H,,S"
"IRM00040845","2016-03-16","29.267","50.267","3.0","KHARG, IR","    0",",,S",,,"  197",",,S","  214","H,,S"
"IRM00040845","2016-03-17","29.267","50.267","3.0","KHARG, IR",,,,,"  166",",,S","  214","H,,S"
"IRM00040845","2016-03-18","29.267","50.267","3.0","KHARG, IR","    0",",,S","  232",",,S","  188",",,S","  221","H,,S"
"IRM00040845","2016-03-19","29.267","50.267","3.0","KHARG, IR","    0",",,S","  233",",,S","  189",",,S","  219","H,,S"
"IRM00040845","2016-03-20","29.267","50.267","3.0","KHARG, IR","    0",",,S","  248",",,S","  190",",,S","  216","H,,S"
"IRM00040845","2016-03-21","29.267","50.267","3.0","KHARG, IR","    0",",,S","  264",",,S","  175",",,S","  225","H,,S"
"IRM00040845","2016-03-22","29.267","50.267","3.0","KHARG, IR","   25",",,S","  247",",,S",,,"  225","H,,S"
"IRM00040845","2016-03-23","29.267","50.267","3.0","KHARG, IR","    0",",,S","  231",",,S","  183",",,S","  214","H,,S"
"IRM00040845","2016-03-24","29.267","50.267","3.0","KHARG, IR","    0",",,S","  225",",,S","  192",",,S","  211","H,,S"
"IRM00040845","2016-03-25","29.267","50.267","3.0","KHARG, IR","    0",",,S","  254",",,S","  164",",,S","  223","H,,S"
"IRM00040845","2016-03-26","29.267","50.267","3.0","KHARG, IR","    0",",,S","  278",",,S","  145",",,S","  217","H,,S"
"IRM00040845","2016-03-27","29.267","50.267","3.0","KHARG, IR","    0",",,S","  258",",,S","  201",",,S","  233","H,,S"
"IRM00040845","2016-03-28","29.267","50.267","3.0","KHARG, IR","    3",",,S","  286",",,S","  220",",,S","  248","H,,S"
"IRM00040845","2016-03-29","29.267","50.267","3.0","KHARG, IR","    0",",,S",,,"  210",",,S","  224","H,,S"
"IRM00040845","2016-03-30","29.267","50.267","3.0","KHARG, IR","    0",",,S",,,"  190",",,S","  202","H,,S"
"IRM00040845","2016-03-31","29.267","50.267","3.0","KHARG, IR","    0",",,S","  202",",,S","  188",",,S","  195","H,,S"
"IRM00040845","2016-04-01","29.267","50.267","3.0","KHARG, IR","    0",",,S","  225",",,S","  164",",,S","  207","H,,S"
"IRM00040845","2016-04-02","29.267","50.267","3.0","KHARG, IR","    0",",,S","  226",",,S","  191",",,S","  210","H,,S"
"IRM00040845","2016-04-03","29.267","50.267","3.0","KHARG, IR","    0",",,S","  242",",,S","  158",",,S","  214","H,,S"
"IRM00040845","2016-04-04","29.267","50.267","3.0","KHARG, IR","    0",",,S","  240",",,S","  145",",,S","  216","H,,S"
"IRM00040845","2016-04-05","29.267","50.267","3.0","KHARG, IR","    0",",,S","  262",",,S","  148",",,S","  227","H,,S"
"IRM00040845","2016-04-06","29.267","50.267","3.0","KHARG, IR","    0",",,S","  271",",,S","  156",",,S","  229","H,,S"
"IRM00040845","2016-04-07","29.267","50.267","3.0","KHARG, IR","    0",",,S",,,"  149",",,S","  229","H,,S"
"IRM00040845","2016-04-08","29.267","50.267","3.0","KHARG, IR","    0",",,S","  284",",,S","  177",",,S","  251","H,,S"
"IRM00040845","2016-04-09","29.267","50.267","3.0","KHARG, IR","    0",",,S","  282",",,S","  183",",,S","  253","H,,S"
"IRM00040845","2016-04-10","29.267","50.267","3.0","KHARG, IR","    0",",,S","  301",",,S","  182",",,S","  267","H,,S"
"IRM00040845","2016-04-11","29.267","50.267","3.0","KHARG, IR","    0",",,S",,,"  215",",,S","  256","H,,S"
"IRM00040845","2016-04-12","29.267","50.267","3.0","KHARG, IR","    8",",,S","  251",",,S",,,"  239","H,,S"
"IRM00040845","2016-04-13","29.267","50.267","3.0","KHARG, IR","   13",",,S","  271",",,S",,,"  245","H,,S"
"IRM00040845","2016-04-14","29.267","50.267","3.0","KHARG, IR","    0",",,S",,,"  225",",,S","  256","H,,S"
"IRM00040845","2016-04-15","29.267","50.267","3.0","KHARG, IR","   61",",,S","  262",",,S","  206",",,S","  239","H,,S"
"IRM00040845","2016-04-16","29.267","50.267","3.0","KHARG, IR","    0",",,S",,,"  181",",,S","  233","H,,S"
"IRM00040845","2016-04-17","29.267","50.267","3.0","KHARG, IR","    0",",,S","  276",",,S",,,"  253","H,,S"
"IRM00040845","2016-04-18","29.267","50.267","3.0","KHARG, IR","    0",",,S","  292",",,S","  198",",,S","  257","H,,S"
"IRM00040845","2016-04-19","29.267","50.267","3.0","KHARG, IR","    0",",,S","  281",",,S",,,"  254","H,,S"
"IRM00040845","2016-04-20","29.267","50.267","3.0","KHARG, IR","    0",",,S","  294",",,S","  215",",,S","  258","H,,S"
"IRM00040845","2016-04-21","29.267","50.267","3.0","KHARG, IR","    0",",,S","  293",",,S","  180",",,S","  263","H,,S"
"IRM00040845","2016-04-22","29.267","50.267","3.0","KHARG, IR","    0",",,S","  296",",,S","  193",",,S","  268","H,,S"
"IRM00040845","2016-04-23","29.267","50.267","3.0","KHARG, IR","    0",",,S","  304",",,S","  204",",,S","  269","H,,S"
"IRM00040845","2016-04-24","29.267","50.267","3.0","KHARG, IR","    0",",,S","  307",",,S","  215",",,S","  271","H,,S"
"IRM00040845","2016-04-25","29.267","50.267","3.0","KHARG, IR","    0",",,S","  317",",,S",,,"  274","H,,S"
"IRM00040845","2016-04-26","29.267","50.267","3.0","KHARG, IR","    0",",,S","  350",",,S","  206",",,S","  298","H,,S"
"IRM00040845","2016-04-27","29.267","50.267","3.0","KHARG, IR","    0",",,S","  352",",,S","  214",",,S","  300","H,,S"
"IRM00040845","2016-04-28","29.267","50.267","3.0","KHARG, IR","    0",",,S","  348",",,S","  208",",,S","  304","H,,S"
"IRM00040845","2016-04-29","29.267","50.267","3.0","KHARG, IR","    0",",,S","  354",",,S","  245",",,S","  314","H,,S"
"IRM00040845","2016-04-30","29.267","50.267","3.0","KHARG, IR",,,"  275",",,S",,,"  262","H,,S"
"IRM00040845","2016-05-01","29.267","50.267","3.0","KHARG, IR","   10",",,S","  305",",,S","  225",",,S","  267","H,,S"
"IRM00040845","2016-05-02","29.267","50.267","3.0","KHARG, IR","    0",",,S","  333",",,S","  211",",,S","  287","H,,S"
"IRM00040845","2016-05-03","29.267","50.267","3.0","KHARG, IR","    0",",,S",,,,,"  301","H,,S"
"IRM00040845","2016-05-04","29.267","50.267","3.0","KHARG, IR","    0",",,S","  328",",,S","  231",",,S","  291","H,,S"
"IRM00040845","2016-05-05","29.267","50.267","3.0","KHARG, IR","    0",",,S","  378",",,S","  248",",,S","  317","H,,S"
"IRM00040845","2016-05-06","29.267","50.267","3.0","KHARG, IR","    0",",,S","  337",",,S","  262",",,S","  306","H,,S"
"IRM00040845","2016-05-07","29.267","50.267","3.0","KHARG, IR","    0",",,S","  343",",,S","  263",",,S","  309","H,,S"
"IRM00040845","2016-05-08","29.267","50.267","3.0","KHARG, IR","    0",",,S","  361",",,S","  256",",,S","  308","H,,S"
"IRM00040845","2016-05-09","29.267","50.267","3.0","KHARG, IR","    0",",,S","  361",",,S","  264",",,S","  304","H,,S"
"IRM00040845","2016-05-10","29.267","50.267","3.0","KHARG, IR","    0",",,S","  360",",,S","  266",",,S","  303","H,,S"
"IRM00040845","2016-05-11","29.267","50.267","3.0","KHARG, IR","    0",",,S","  361",",,S","  237",",,S","  306","H,,S"
"IRM00040845","2016-05-12","29.267","50.267","3.0","KHARG, IR","    0",",,S","  354",",,S","  265",",,S","  316","H,,S"
"IRM00040845","2016-05-13","29.267","50.267","3.0","KHARG, IR","    0",",,S","  352",",,S","  264",",,S","  321","H,,S"
"IRM00040845","2016-05-14","29.267","50.267","3.0","KHARG, IR","    0",",,S","  340",",,S","  270",",,S","  307","H,,S"
"IRM00040845","2016-05-15","29.267","50.267","3.0","KHARG, IR","    0",",,S",,,"  279",",,S","  313","H,,S"
"IRM00040845","2016-05-16","29.267","50.267","3.0","KHARG, IR","    0",",,S","  364",",,S","  275",",,S","  322","H,,S"
"IRM00040845","2016-05-17","29.267","50.267","3.0","KHARG, IR","    0",",,S","  369",",,S","  257",",,S","  321","H,,S"
"IRM00040845","2016-05-18","29.267","50.267","3.0","KHARG, IR","    0",",,S","  363",",,S","  244",",,S","  315","H,,S"
"IRM00040845","2016-05-19","29.267","50.267","3.0","KHARG, IR","    0",",,S","  380",",,S","  251",",,S","  346","H,,S"
"IRM00040845","2016-05-20","29.267","50.267","3.0","KHARG, IR","    0",",,S","  322",",,S","  275",",,S","  310","H,,S"
"IRM00040845","2016-05-21","29.267","50.267","3.0","KHARG, IR","    0",",,S","  331",",,S","  278",",,S","  300","H,,S"
"IRM00040845","2016-05-22","29.267","50.267","3.0","KHARG, IR","    0",",,S","  334",",,S","  279",",,S","  302","H,,S"
"IRM00040845","2016-05-23","29.267","50.267","3.0","KHARG, IR","    0",",,S","  364",",,S","  267",",,S","  321","H,,S"
"IRM00040845","2016-05-24","29.267","50.267","3.0","KHARG, IR","    0",",,S","  384",",,S","  243",",,S","  342","H,,S"
"IRM00040845","2016-05-25","29.267","50.267","3.0","KHARG, IR","    0",",,S","  315",",,S","  284",",,S","  300","H,,S"
"IRM00040845","2016-05-26","29.267","50.267","3.0","KHARG, IR","    0",",,S","  321",",,S","  273",",,S","  299","H,,S"
"IRM00040845","2016-05-27","29.267","50.267","3.0","KHARG, IR","    0",",,S","  338",",,S","  270",",,S","  316","H,,S"
"IRM00040845","2016-05-28","29.267","50.267","3.0","KHARG, IR","    0",",,S","  422",",,S","  253",",,S","  339","H,,S"
"IRM00040845","2016-05-29","29.267","50.267","3.0","KHARG, IR","    0",",,S","  394",",,S",,,"  327","H,,S"
"IRM00040845","2016-05-30","29.267","50.267","3.0","KHARG, IR","    0",",,S","  373",",,S",,,"  327","H,,S"
"IRM00040845","2016-05-31","29.267","50.267","3.0","KHARG, IR","    0",",,S","  333",",,S","  290",",,S","  308","H,,S"
"IRM00040845","2016-06-01","29.267","50.267","3.0","KHARG, IR","    0",",,S",,,"  277",",,S","  304","H,,S"
"IRM00040845","2016-06-02","29.267","50.267","3.0","KHARG, IR","    0",",,S","  352",",,S","  280",",,S","  318","H,,S"
"IRM00040845","2016-06-03","29.267","50.267","3.0","KHARG, IR","    0",",,S","  368",",,S",,,"  326","H,,S"
"IRM00040845","2016-06-04","29.267","50.267","3.0","KHARG, IR","    0",",,S","  358",",,S","  278",",,S","  326","H,,S"
"IRM00040845","2016-06-05","29.267","50.267","3.0","KHARG, IR","    0",",,S","  358",",,S","  246",",,S","  320","H,,S"
"IRM00040845","2016-06-06","29.267","50.267","3.0","KHARG, IR","    0",",,S","  375",",,S","  266",",,S","  328","H,,S"
"IRM00040845","2016-06-07","29.267","50.267","3.0","KHARG, IR","    0",",,S","  380",",,S",,,"  337","H,,S"
"IRM00040845","2016-06-08","29.267","50.267","3.0","KHARG, IR","    0",",,S","  379",",,S","  304",",,S","  338","H,,S"
"IRM00040845","2016-06-09","29.267","50.267","3.0","KHARG, IR","    0",",,S","  355",",,S","  295",",,S","  326","H,,S"
"IRM00040845","2016-06-10","29.267","50.267","3.0","KHARG, IR","    0",",,S","  391",",,S","  294",",,S","  351","H,,S"
"IRM00040845","2016-06-11","29.267","50.267","3.0","KHARG, IR","    0",",,S","  356",",,S","  292",",,S","  327","H,,S"
"IRM00040845","2016-06-12","29.267","50.267","3.0","KHARG, IR","    0",",,S","  350",",,S","  292",",,S","  327","H,,S"
"IRM00040845","2016-06-13","29.267","50.267","3.0","KHARG, IR","    0",",,S","  343",",,S","  298",",,S","  319","H,,S"
"IRM00040845","2016-06-14","29.267","50.267","3.0","KHARG, IR","    0",",,S",,,"  290",",,S","  318","H,,S"
"IRM00040845","2016-06-15","29.267","50.267","3.0","KHARG, IR","    0",",,S","  376",",,S",,,"  321","H,,S"
"IRM00040845","2016-06-16","29.267","50.267","3.0","KHARG, IR","    0",",,S","  381",",,S","  260",",,S","  333","H,,S"
"IRM00040845","2016-06-17","29.267","50.267","3.0","KHARG, IR","    0",",,S","  355",",,S","  299",",,S","  330","H,,S"
"IRM00040845","2016-06-18","29.267","50.267","3.0","KHARG, IR","    0",",,S",,,"  285",",,S","  327","H,,S"
"IRM00040845","2016-06-19","29.267","50.267","3.0","KHARG, IR","    0",",,S",,,"  287",",,S","  329","H,,S"
"IRM00040845","2016-06-20","29.267","50.267","3.0","KHARG, IR","    0",",,S","  365",",,S","  303",",,S","  334","H,,S"
"IRM00040845","2016-06-21","29.267","50.267","3.0","KHARG, IR","    0",",,S","  367",",,S","  295",",,S","  333","H,,S"
"IRM00040845","2016-06-22","29.267","50.267","3.0","KHARG, IR","    0",",,S",,,"  296",",,S","  346","H,,S"
"IRM00040845","2016-06-23","29.267","50.267","3.0","KHARG, IR","    0",",,S","  414",",,S","  286",",,S","  364","H,,S"
"IRM00040845","2016-06-24","29.267","50.267","3.0","KHARG, IR","    0",",,S","  405",",,S","  271",",,S","  365","H,,S"
"IRM00040845","2016-06-25","29.267","50.267","3.0","KHARG, IR","    0",",,S","  424",",,S","  276",",,S","  364","H,,S"
"IRM00040845","2016-06-26","29.267","50.267","3.0","KHARG, IR","    0",",,S","  405",",,S","  281",",,S","  352","H,,S"
"IRM00040845","2016-06-27","29.267","50.267","3.0","KHARG, IR","    0",",,S","  414",",,S","  281",",,S","  352","H,,S"
"IRM00040845","2016-06-28","29.267","50.267","3.0","KHARG, IR","    0",",,S","  384",",,S","  316",",,S","  349","H,,S"
"IRM00040845","2016-06-29","29.267","50.267","3.0","KHARG, IR","    0",",,S",,,"  299",",,S","  351","H,,S"
"IRM00040845","2016-06-30","29.267","50.267","3.0","KHARG, IR","    0",",,S","  397",",,S","  276",",,S","  351","H,,S"
"IRM00040845","2016-07-01","29.267","50.267","3.0","KHARG, IR","    0",",,S","  390",",,S","  324",",,S","  361","H,,S"
"IRM00040845","2016-07-02","29.267","50.267","3.0","KHARG, IR","    0",",,S","  373",",,S","  325",",,S","  346","H,,S"
"IRM00040845","2016-07-03","29.267","50.267","3.0","KHARG, IR",,,"  381",",,S",,,"  349","H,,S"
"IRM00040845","2016-07-04","29.267","50.267","3.0","KHARG, IR","    0",",,S",,,"  300",",,S","  349","H,,S"
"IRM00040845","2016-07-05","29.267","50.267","3.0","KHARG, IR","    0",",,S","  390",",,S","  296",",,S","  352","H,,S"
"IRM00040845","2016-07-06","29.267","50.267","3.0","KHARG, IR","    0",",,S","  389",",,S","  288",",,S","  353","H,,S"
"IRM00040845","2016-07-07","29.267","50.267","3.0","KHARG, IR","    0",",,S","  400",",,S","  303",",,S","  356","H,,S"
"IRM00040845","2016-07-08","29.267","50.267","3.0","KHARG, IR","    0",",,S","  397",",,S","  303",",,S","  354","H,,S"
"IRM00040845","2016-07-09","29.267","50.267","3.0","KHARG, IR","    0",",,S","  395",",,S",,,"  362","H,,S"
"IRM00040845","2016-07-10","29.267","50.267","3.0","KHARG, IR","    0",",,S",,,"  316",",,S","  347","H,,S"
"IRM00040845","2016-07-11","29.267","50.267","3.0","KHARG, IR","    0",",,S","  383",",,S",,,"  351","H,,S"
"IRM00040845","2016-07-12","29.267","50.267","3.0","KHARG, IR","    0",",,S","  368",",,S",,,"  338","H,,S"
"IRM00040845","2016-07-13","29.267","50.267","3.0","KHARG, IR","    0",",,S","  383",",,S","  308",",,S","  343","H,,S"
"IRM00040845","2016-07-14","29.267","50.267","3.0","KHARG, IR","    0",",,S","  391",",,S","  308",",,S","  357","H,,S"
"IRM00040845","2016-07-15","29.267","50.267","3.0","KHARG, IR","    0",",,S","  399",",,S","  300",",,S","  364","H,,S"
"IRM00040845","2016-07-16","29.267","50.267","3.0","KHARG, IR","    0",",,S","  401",",,S","  324",",,S","  359","H,,S"
"IRM00040845","2016-07-17","29.267","50.267","3.0","KHARG, IR","    0",",,S","  390",",,S","  303",",,S","  349","H,,S"
"IRM00040845","2016-07-18","29.267","50.267","3.0","KHARG, IR","    0",",,S",,,"  308",",,S","  353","H,,S"
"IRM00040845","2016-07-19","29.267","50.267","3.0","KHARG, IR","    0",",,S",,,"  282",",,S","  345","H,,S"
"IRM00040845","2016-07-20","29.267","50.267","3.0","KHARG, IR","    0",",,S","  405",",,S","  297",",,S","  346","H,,S"
"IRM00040845","2016-07-21","29.267","50.267","3.0","KHARG, IR","    0",",,S","  395",",,S","  310",",,S","  352","H,,S"
"IRM00040845","2016-07-22","29.267","50.267","3.0","KHARG, IR","    0",",,S","  404",",,S",,,"  348","H,,S"
"IRM00040845","2016-07-23","29.267","50.267","3.0","KHARG, IR","    0",",,S",,,"  319",",,S","  361","H,,S"
"IRM00040845","2016-07-24","29.267","50.267","3.0","KHARG, IR","    0",",,S","  380",",,S","  327",",,S","  352","H,,S"
"IRM00040845","2016-07-25","29.267","50.267","3.0","KHARG, IR","    0",",,S","  384",",,S","  294",",,S","  348","H,,S"
"IRM00040845","2016-07-26","29.267","50.267","3.0","KHARG, IR","    0",",,S","  373",",,S","  317",",,S","  343","H,,S"
"IRM00040845","2016-07-27","29.267","50.267","3.0","KHARG, IR","    0",",,S",,,"  299",",,S","  352","H,,S"
"IRM00040845","2016-07-28","29.267","50.267","3.0","KHARG, IR","    0",",,S","  375",",,S","  316",",,S","  350","H,,S"
"IRM00040845","2016-07-29","29.267","50.267","3.0","KHARG, IR","    0",",,S","  370",",,S","  325",",,S","  351","H,,S"
"IRM00040845","2016-07-30","29.267","50.267","3.0","KHARG, IR","    0",",,S","  378",",,S","  300",",,S","  346","H,,S"
"IRM00040845","2016-07-31","29.267","50.267","3.0","KHARG, IR","    0",",,S","  395",",,S","  288",",,S","  363","H,,S"
"IRM00040845","2016-08-01","29.267","50.267","3.0","KHARG, IR","    0",",,S","  414",",,S","  293",",,S","  355","H,,S"
"IRM00040845","2016-08-02","29.267","50.267","3.0","KHARG, IR","    0",",,S","  403",",,S","  291",",,S","  355","H,,S"
"IRM00040845","2016-08-03","29.267","50.267","3.0","KHARG, IR","    0",",,S","  390",",,S",,,"  362","H,,S"
"IRM00040845","2016-08-04","29.267","50.267","3.0","KHARG, IR","    0",",,S",,,"  325",",,S","  365","H,,S"
"IRM00040845","2016-08-05","29.267","50.267","3.0","KHARG, IR","    0",",,S","  403",",,S","  311",",,S","  374","H,,S"
"IRM00040845","2016-08-06","29.267","50.267","3.0","KHARG, IR","    0",",,S",,,,,"  360","H,,S"
"IRM00040845","2016-08-07","29.267","50.267","3.0","KHARG, IR","    0",",,S","  430",",,S","  327",",,S","  373","H,,S"
"IRM00040845","2016-08-08","29.267","50.267","3.0","KHARG, IR","    0",",,S","  409",",,S","  304",",,S","  362","H,,S"
"IRM00040845","2016-08-09","29.267","50.267","3.0","KHARG, IR","    0",",,S",,,"  317",",,S","  366","H,,S"
"IRM00040845","2016-08-10","29.267","50.267","3.0","KHARG, IR","    0",",,S","  398",",,S","  313",",,S","  372","H,,S"
"IRM00040845","2016-08-11","29.267","50.267","3.0","KHARG, IR","    0",",,S",,,"  330",",,S","  380","H,,S"
"IRM00040845","2016-08-12","29.267","50.267","3.0","KHARG, IR","    0",",,S",,,"  312",",,S","  374","H,,S"
"IRM00040845","2016-08-13","29.267","50.267","3.0","KHARG, IR","    0",",,S","  397",",,S","  281",",,S","  359","H,,S"
"IRM00040845","2016-08-14","29.267","50.267","3.0","KHARG, IR","    0",",,S","  404",",,S","  301",",,S","  371","H,,S"
"IRM00040845","2016-08-15","29.267","50.267","3.0","KHARG, IR","    0",",,S","  411",",,S","  314",",,S","  365","H,,S"
"IRM00040845","2016-08-16","29.267","50.267","3.0","KHARG, IR","    0",",,S","  404",",,S","  321",",,S","  373","H,,S"
"IRM00040845","2016-08-17","29.267","50.267","3.0","KHARG, IR","    0",",,S",,,"  356",",,S","  372","H,,S"
"IRM00040845","2016-08-18","29.267","50.267","3.0","KHARG, IR","    0",",,S","  411",",,S","  335",",,S","  366","H,,S"
"IRM00040845","2016-08-19","29.267","50.267","3.0","KHARG, IR","    0",",,S","  400",",,S","  327",",,S","  371","H,,S"
"IRM00040845","2016-08-20","29.267","50.267","3.0","KHARG, IR","    0",",,S",,,"  336",",,S","  361","H,,S"
"IRM00040845","2016-08-21","29.267","50.267","3.0","KHARG, IR","    0",",,S","  395",",,S",,,"  362","H,,S"
"IRM00040845","2016-08-22","29.267","50.267","3.0","KHARG, IR","    0",",,S","  418",",,S","  307",",,S","  362","H,,S"
"IRM00040845","2016-08-23","29.267","50.267","3.0","KHARG, IR","    0",",,S","  412",",,S",,,"  356","H,,S"
"IRM00040845","2016-08-24","29.267","50.267","3.0","KHARG, IR","    0",",,S","  407",",,S","  300",",,S","  354","H,,S"
"IRM00040845","2016-08-25","29.267","50.267","3.0","KHARG, IR","    0",",,S",,,"  298",",,S","  351","H,,S"
"IRM00040845","2016-08-26","29.267","50.267","3.0","KHARG, IR","    0",",,S","  383",",,S","  296",",,S","  354","H,,S"
"IRM00040845","2016-08-27","29.267","50.267","3.0","KHARG, IR","    0",",,S","  400",",,S",,,"  358","H,,S"
"IRM00040845","2016-08-28","29.267","50.267","3.0","KHARG, IR","    0",",,S","  463",",,S","  297",",,S","  383","H,,S"
"IRM00040845","2016-08-29","29.267","50.267","3.0","KHARG, IR","    0",",,S","  392",",,S","  301",",,S","  359","H,,S"
"IRM00040845","2016-08-30","29.267","50.267","3.0","KHARG, IR","    0",",,S","  403",",,S","  300",",,S","  369","H,,S"
"IRM00040845","2016-08-31","29.267","50.267","3.0","KHARG, IR","    0",",,S","  423",",,S","  309",",,S","  374","H,,S"
"IRM00040845","2016-09-01","29.267","50.267","3.0","KHARG, IR","    0",",,S","  431",",,S","  288",",,S","  369","H,,S"
"IRM00040845","2016-09-02","29.267","50.267","3.0","KHARG, IR","    0",",,S","  394",",,S","  304",",,S","  361","H,,S"
"IRM00040845","2016-09-03","29.267","50.267","3.0","KHARG, IR","    0",",,S",,,"  308",",,S","  354","H,,S"
"IRM00040845","2016-09-04","29.267","50.267","3.0","KHARG, IR","    0",",,S",,,"  313",",,S","  357","H,,S"
"IRM00040845","2016-09-05","29.267","50.267","3.0","KHARG, IR","    0",",,S","  391",",,S","  319",",,S","  362","H,,S"
"IRM00040845","2016-09-06","29.267","50.267","3.0","KHARG, IR","    0",",,S","  385",",,S","  324",",,S","  353","H,,S"
"IRM00040845","2016-09-07","29.267","50.267","3.0","KHARG, IR","    0",",,S",,,"  333",",,S","  355","H,,S"
"IRM00040845","2016-09-08","29.267","50.267","3.0","KHARG, IR","    0",",,S",,,"  326",",,S","  342","H,,S"
"IRM00040845","2016-09-09","29.267","50.267","3.0","KHARG, IR","    0",",,S","  383",",,S","  255",",,S","  333","H,,S"
"IRM00040845","2016-09-10","29.267","50.267","3.0","KHARG, IR","    0",",,S","  355",",,S","  266",",,S","  336","H,,S"
"IRM00040845","2016-09-11","29.267","50.267","3.0","KHARG, IR","    0",",,S","  360",",,S","  279",",,S","  337","H,,S"
"IRM00040845","2016-09-12","29.267","50.267","3.0","KHARG, IR","    0",",,S","  387",",,S","  269",",,S","  335","H,,S"
"IRM00040845","2016-09-13","29.267","50.267","3.0","KHARG, IR","    0",",,S","  381",",,S","  268",",,S","  329","H,,S"
"IRM00040845","2016-09-14","29.267","50.267","3.0","KHARG, IR","    0",",,S","  374",",,S",,,"  336","H,,S"
"IRM00040845","2016-09-15","29.267","50.267","3.0","KHARG, IR","    0",",,S",,,"  265",",,S","  333","H,,S"
"IRM00040845","2016-09-16","29.267","50.267","3.0","KHARG, IR","    0",",,S","  370",",,S","  267",",,S","  346","H,,S"
"IRM00040845","2016-09-17","29.267","50.267","3.0","KHARG, IR","    0",",,S","  373",",,S","  277",",,S","  342","H,,S"
"IRM00040845","2016-09-18","29.267","50.267","3.0","KHARG, IR","    0",",,S","  385",",,S","  290",",,S","  344","H,,S"
"IRM00040845","2016-09-19","29.267","50.267","3.0","KHARG, IR","    0",",,S","  352",",,S","  328",",,S","  343","H,,S"
"IRM00040845","2016-09-20","29.267","50.267","3.0","KHARG, IR","    0",",,S","  345",",,S",,,"  331","H,,S"
"IRM00040845","2016-09-21","29.267","50.267","3.0","KHARG, IR","    0",",,S","  351",",,S","  315",",,S","  337","H,,S"
"IRM00040845","2016-09-22","29.267","50.267","3.0","KHARG, IR","    0",",,S","  352",",,S",,,"  329","H,,S"
"IRM00040845","2016-09-23","29.267","50.267","3.0","KHARG, IR","    0",",,S","  355",",,S","  276",",,S","  332","H,,S"
"IRM00040845","2016-09-24","29.267","50.267","3.0","KHARG, IR","    0",",,S","  356",",,S","  253",",,S","  328","H,,S"
"IRM00040845","2016-09-25","29.267","50.267","3.0","KHARG, IR","    0",",,S","  333",",,S",,,"  320","H,,S"
"IRM00040845","2016-09-26","29.267","50.267","3.0","KHARG, IR","    0",",,S",,,"  310",",,S","  328","H,,S"
"IRM00040845","2016-09-27","29.267","50.267","3.0","KHARG, IR","    0",",,S","  364",",,S","  264",",,S","  319","H,,S"
"IRM00040845","2016-09-28","29.267","50.267","3.0","KHARG, IR","    0",",,S","  354",",,S","  273",",,S","  324","H,,S"
"IRM00040845","2016-09-29","29.267","50.267","3.0","KHARG, IR","    0",",,S","  342",",,S","  315",",I,S","  333","H,,S"
"IRM00040845","2016-09-30","29.267","50.267","3.0","KHARG, IR","    0",",,S","  303",",I,S",,,"  293","H,,S"
"IRM00040845","2016-10-01","29.267","50.267","3.0","KHARG, IR","    0",",,S",,,"  280",",,S","  297","H,,S"
"IRM00040845","2016-10-02","29.267","50.267","3.0","KHARG, IR","    0",",,S","  324",",,S","  220",",,S","  289","H,,S"
"IRM00040845","2016-10-03","29.267","50.267","3.0","KHARG, IR","    0",",,S","  311",",,S","  230",",,S","  291","H,,S"
"IRM00040845","2016-10-04","29.267","50.267","3.0","KHARG, IR","    0",",,S","  325",",,S","  233",",,S","  306","H,,S"
"IRM00040845","2016-10-05","29.267","50.267","3.0","KHARG, IR","    0",",,S",,,"  234",",,S","  308","H,,S"
"IRM00040845","2016-10-06","29.267","50.267","3.0","KHARG, IR","    0",",,S","  347",",,S","  238",",,S","  307","H,,S"
"IRM00040845","2016-10-07","29.267","50.267","3.0","KHARG, IR","    0",",,S","  340",",,S","  226",",,S","  312","H,,S"
"IRM00040845","2016-10-08","29.267","50.267","3.0","KHARG, IR","    0",",,S","  344",",,S",,,"  308","H,,S"
"IRM00040845","2016-10-09","29.267","50.267","3.0","KHARG, IR","    0",",,S","  349",",,S","  229",",,S","  310","H,,S"
"IRM00040845","2016-10-10","29.267","50.267","3.0","KHARG, IR","    0",",,S",,,"  235",",,S","  297","H,,S"
"IRM00040845","2016-10-11","29.267","50.267","3.0","KHARG, IR","    0",",,S","  333",",,S","  238",",,S","  293","H,,S"
"IRM00040845","2016-10-12","29.267","50.267","3.0","KHARG, IR","    0",",,S","  325",",,S","  231",",,S","  301","H,,S"
"IRM00040845","2016-10-13","29.267","50.267","3.0","KHARG, IR","    0",",,S","  324",",,S","  287",",,S","  311","H,,S"
"IRM00040845","2016-10-14","29.267","50.267","3.0","KHARG, IR","    0",",,S","  328",",,S","  229",",,S","  299","H,,S"
"IRM00040845","2016-10-15","29.267","50.267","3.0","KHARG, IR","    0",",,S","  327",",,S","  208",",,S","  287","H,,S"
"IRM00040845","2016-10-16","29.267","50.267","3.0","KHARG, IR","    0",",,S",,,"  233",",,S","  292","H,,S"
"IRM00040845","2016-10-17","29.267","50.267","3.0","KHARG, IR","    0",",,S","  333",",,S",,,"  302","H,,S"
"IRM00040845","2016-10-18","29.267","50.267","3.0","KHARG, IR","    0",",,S","  332",",,S","  223",",,S","  285","H,,S"
"IRM00040845","2016-10-19","29.267","50.267","3.0","KHARG, IR","    0",",,S",,,"  225",",,S","  291","H,,S"
"IRM00040845","2016-10-20","29.267","50.267","3.0","KHARG, IR","    0",",,S","  322",",,S","  230",",,S","  297","H,,S"
"IRM00040845","2016-10-21","29.267","50.267","3.0","KHARG, IR","    0",",,S","  313",",,S",,,"  297","H,,S"
"IRM00040845","2016-10-22","29.267","50.267","3.0","KHARG, IR","    0",",,S","  315",",,S","  268",",,S","  294","H,,S"
"IRM00040845","2016-10-23","29.267","50.267","3.0","KHARG, IR","    0",",,S","  311",",,S","  224",",,S","  283","H,,S"
"IRM00040845","2016-10-24","29.267","50.267","3.0","KHARG, IR","    0",",,S","  321",",,S","  234",",,S","  291","H,,S"
"IRM00040845","2016-10-25","29.267","50.267","3.0","KHARG, IR","    0",",,S","  318",",,S","  233",",,S","  287","H,,S"
"IRM00040845","2016-10-26","29.267","50.267","3.0","KHARG, IR","    0",",,S",,,"  231",",,S","  287","H,,S"
"IRM00040845","2016-10-27","29.267","50.267","3.0","KHARG, IR","    0",",,S","  314",",,S","  240",",,S","  292","H,,S"
"IRM00040845","2016-10-28","29.267","50.267","3.0","KHARG, IR","    0",",,S","  324",",,S","  225",",,S","  291","H,,S"
"IRM00040845","2016-10-29","29.267","50.267","3.0","KHARG, IR","    0",",,S","  306",",,S","  256",",,S","  288","H,,S"
"IRM00040845","2016-10-30","29.267","50.267","3.0","KHARG, IR","    0",",,S",,,,,"  282","H,,S"
"IRM00040845","2016-10-31","29.267","50.267","3.0","KHARG, IR","    0",",,S","  311",",,S","  266",",,S","  293","H,,S"
"IRM00040845","2016-11-01","29.267","50.267","3.0","KHARG, IR","    0",",,S",,,"  234",",,S","  288","H,,S"
"IRM00040845","2016-11-02","29.267","50.267","3.0","KHARG, IR",,,"  303",",,S","  276",",,S","  292","H,,S"
"IRM00040845","2016-11-03","29.267","50.267","3.0","KHARG, IR","    0",",,S",,,"  249",",,S","  264","H,,S"
"IRM00040845","2016-11-04","29.267","50.267","3.0","KHARG, IR","    0",",,S","  270",",,S","  228",",,S","  257","H,,S"
"IRM00040845","2016-11-05","29.267","50.267","3.0","KHARG, IR","    0",",,S",,,,,"  276","H,,S"
"IRM00040845","2016-11-06","29.267","50.267","3.0","KHARG, IR","    0",",,S","  302",",,S","  221",",,S","  281","H,,S"
"IRM00040845","2016-11-07","29.267","50.267","3.0","KHARG, IR","    0",",,S",,,"  225",",,S","  247","H,,S"
"IRM00040845","2016-11-08","29.267","50.267","3.0","KHARG, IR","    0",",,S",,,"  236",",,S","  248","H,,S"
"IRM00040845","2016-11-09","29.267","50.267","3.0","KHARG, IR","    0",",,S","  267",",,S","  234",",,S","  255","H,,S"
"IRM00040845","2016-11-10","29.267","50.267","3.0","KHARG, IR","    0",",,S","  266",",,S","  235",",,S","  253","H,,S"
"IRM00040845","2016-11-11","29.267","50.267","3.0","KHARG, IR","    0",",,S",,,"  240",",,S","  264","H,,S"
"IRM00040845","2016-11-12","29.267","50.267","3.0","KHARG, IR","    0",",,S",,,,,"  259","H,,S"
"IRM00040845","2016-11-13","29.267","50.267","3.0","KHARG, IR","    0",",,S",,,"  178",",,S","  246","H,,S"
"IRM00040845","2016-11-14","29.267","50.267","3.0","KHARG, IR","    0",",,S",,,"  179",",,S","  245","H,,S"
"IRM00040845","2016-11-15","29.267","50.267","3.0","KHARG, IR","    0",",,S",,,"  234",",,S","  258","H,,S"
"IRM00040845","2016-11-16","29.267","50.267","3.0","KHARG, IR","    0",",,S","  282",",,S","  184",",,S","  244","H,,S"
"IRM00040845","2016-11-17","29.267","50.267","3.0","KHARG, IR","    0",",,S","  283",",,S","  188",",,S","  256","H,,S"
"IRM00040845","2016-11-18","29.267","50.267","3.0","KHARG, IR","    0",",,S","  292",",,S","  207",",,S","  258","H,,S"
"IRM00040845","2016-11-19","29.267","50.267","3.0","KHARG, IR","    0",",,S",,,"  233",",,S","  252","H,,S"
"IRM00040845","2016-11-20","29.267","50.267","3.0","KHARG, IR","    0",",,S","  245",",,S",,,"  235","H,,S"
"IRM00040845","2016-11-21","29.267","50.267","3.0","KHARG, IR","    0",",,S","  243",",,S",,,"  228","H,,S"
"IRM00040845","2016-11-22","29.267","50.267","3.0","KHARG, IR","    0",",,S",,,"  162",",,S","  222","H,,S"
"IRM00040845","2016-11-23","29.267","50.267","3.0","KHARG, IR","    0",",,S","  258",",,S","  193",",,S","  228","H,,S"
"IRM00040845","2016-11-24","29.267","50.267","3.0","KHARG, IR","    0",",,S","  235",",,S",,,"  218","H,,S"
"IRM00040845","2016-11-25","29.267","50.267","3.0","KHARG, IR","    0",",,S",,,,,"  215","H,,S"
"IRM00040845","2016-11-26","29.267","50.267","3.0","KHARG, IR","   10",",,S","  230",",,S",,,"  209","H,,S"
"IRM00040845","2016-11-27","29.267","50.267","3.0","KHARG, IR","    0",",,S",,,"  194",",,S","  228","H,,S"
"IRM00040845","2016-11-28","29.267","50.267","3.0","KHARG, IR","    0",",,S","  231",",,S","  216",",,S","  225","H,,S"
"IRM00040845","2016-11-29","29.267","50.267","3.0","KHARG, IR","    0",",,S","  242",",,S",,,"  228","H,,S"
"IRM00040845","2016-11-30","29.267","50.267","3.0","KHARG, IR","    0",",,S","  240",",,S",,,"  225","H,,S"
"IRM00040845","2016-12-01","29.267","50.267","3.0","KHARG, IR","    0",",,S","  258",",,S","  172",",,S","  231","H,,S"
"IRM00040845","2016-12-02","29.267","50.267","3.0","KHARG, IR","    0",",,S","  278",",,S","  228",",,S","  259","H,,S"
"IRM00040845","2016-12-03","29.267","50.267","3.0","KHARG, IR","    3",",,S",,,,,"  224","H,,S"
"IRM00040845","2016-12-04","29.267","50.267","3.0","KHARG, IR","    0",",,S","  233",",,S",,,"  219","H,,S"
"IRM00040845","2016-12-05","29.267","50.267","3.0","KHARG, IR","    0",",,S","  235",",,S","  200",",,S","  222","H,,S"
"IRM00040845","2016-12-06","29.267","50.267","3.0","KHARG, IR","    0",",,S",,,,,"  224","H,,S"
"IRM00040845","2016-12-07","29.267","50.267","3.0","KHARG, IR","    0",",,S",,,,,"  192","H,,S"
"IRM00040845","2016-12-08","29.267","50.267","3.0","KHARG, IR","    0",",,S","  200",",,S","  176",",,S","  190","H,,S"
"IRM00040845","2016-12-09","29.267","50.267","3.0","KHARG, IR","    0",",,S","  195",",,S","  176",",I,S","  186","H,,S"
"IRM00040845","2016-12-10","29.267","50.267","3.0","KHARG, IR","    0",",,S","  165",",I,S",,,"  151","H,,S"
"IRM00040845","2016-12-11","29.267","50.267","3.0","KHARG, IR","    0",",,S","  166",",,S","  140",",,S","  155","H,,S"
"IRM00040845","2016-12-12","29.267","50.267","3.0","KHARG, IR","    0",",,S","  181",",,S",,,"  167","H,,S"
"IRM00040845","2016-12-13","29.267","50.267","3.0","KHARG, IR","    0",",,S","  194",",,S",,,"  179","H,,S"
"IRM00040845","2016-12-14","29.267","50.267","3.0","KHARG, IR","    0",",,S","  212",",,S","  142",",,S","  197","H,,S"
"IRM00040845","2016-12-15","29.267","50.267","3.0","KHARG, IR","    0",",,S","  245",",,S",,,"  212","H,,S"
"IRM00040845","2016-12-16","29.267","50.267","3.0","KHARG, IR","    0",",,S","  164",",,S","  135",",,S","  155","H,,S"
"IRM00040845","2016-12-17","29.267","50.267","3.0","KHARG, IR","    0",",,S","  174",",,S",,,"  162","H,,S"
"IRM00040845","2016-12-18","29.267","50.267","3.0","KHARG, IR","    0",",,S","  182",",,S","  149",",,S","  169","H,,S"
"IRM00040845","2016-12-19","29.267","50.267","3.0","KHARG, IR","    0",",,S","  191",",,S","  165",",,S","  180","H,,S"
"IRM00040845","2016-12-20","29.267","50.267","3.0","KHARG, IR","    0",",,S","  214",",,S","  133",",,S","  191","H,,S"
"IRM00040845","2016-12-21","29.267","50.267","3.0","KHARG, IR","    8",",,S",,,"  140",",,S","  157","H,,S"
"IRM00040845","2016-12-22","29.267","50.267","3.0","KHARG, IR","    0",",,S","  186",",,S","  156",",,S","  171","H,,S"
"IRM00040845","2016-12-23","29.267","50.267","3.0","KHARG, IR","    0",",,S","  202",",,S","  180",",,S","  196","H,,S"
"IRM00040845","2016-12-24","29.267","50.267","3.0","KHARG, IR","    0",",,S",,,,,"  194","H,,S"
"IRM00040845","2016-12-25","29.267","50.267","3.0","KHARG, IR","    0",",,S","  230",",,S","  157",",,S","  213","H,,S"
"IRM00040845","2016-12-26","29.267","50.267","3.0","KHARG, IR","    0",",,S","  240",",,S","  189",",,S","  221","H,,S"
"IRM00040845","2016-12-27","29.267","50.267","3.0","KHARG, IR","    0",",,S","  233",",,S","  169",",,S","  199","H,,S"
"IRM00040845","2016-12-28","29.267","50.267","3.0","KHARG, IR","    0",",,S","  242",",,S","  167",",,S","  210","H,,S"
"IRM00040845","2016-12-29","29.267","50.267","3.0","KHARG, IR","    0",",,S",,,"  172",",,S","  188","H,,S"
"IRM00040845","2016-12-30","29.267","50.267","3.0","KHARG, IR","    0",",,S",,,"  155",",,S","  201","H,,S"
"IRM00040845","2016-12-31","29.267","50.267","3.0","KHARG, IR","    0",",,S","  242",",,S","  166",",,S","  215","H,,S"
"IRM00040845","2017-01-01","29.267","50.267","3.0","KHARG, IR","    0",",,S",,,"  157",",,S","  206","H,,S"
"IRM00040845","2017-01-02","29.267","50.267","3.0","KHARG, IR","    0",",,S","  204",",,S",,,"  186","H,,S"
"IRM00040845","2017-01-03","29.267","50.267","3.0","KHARG, IR","    0",",,S","  207",",,S","  146",",,S","  189","H,,S"
"IRM00040845","2017-01-04","29.267","50.267","3.0","KHARG, IR","    0",",,S",,,"  149",",,S","  164","H,,S"
"IRM00040845","2017-01-05","29.267","50.267","3.0","KHARG, IR","    0",",,S","  180",",,S",,,"  160","H,,S"
"IRM00040845","2017-01-06","29.267","50.267","3.0","KHARG, IR","    0",",,S","  172",",,S","  141",",,S","  157","H,,S"
"IRM00040845","2017-01-07","29.267","50.267","3.0","KHARG, IR","    0",",,S","  184",",,S","  151",",,S","  173","H,,S"
"IRM00040845","2017-01-08","29.267","50.267","3.0","KHARG, IR","    0",",,S","  200",",,S","  108",",,S","  177","H,,S"
"IRM00040845","2017-01-09","29.267","50.267","3.0","KHARG, IR","    0",",,S",,,"  110",",,S","  183","H,,S"
"IRM00040845","2017-01-10","29.267","50.267","3.0","KHARG, IR","    0",",,S","  229",",,S",,,"  198","H,,S"
"IRM00040845","2017-01-11","29.267","50.267","3.0","KHARG, IR","    0",",,S","  206",",,S",,,"  183","H,,S"
"IRM00040845","2017-01-12","29.267","50.267","3.0","KHARG, IR","    0",",,S","  184",",,S","  169",",,S","  177","H,,S"
"IRM00040845","2017-01-13","29.267","50.267","3.0","KHARG, IR","    0",",,S","  171",",,S",,,"  161","H,,S"
"IRM00040845","2017-01-14","29.267","50.267","3.0","KHARG, IR","    0",",,S","  174",",,S",,,"  164","H,,S"
"IRM00040845","2017-01-15","29.267","50.267","3.0","KHARG, IR","    0",",,S",,,"  145",",,S","  166","H,,S"
"IRM00040845","2017-01-16","29.267","50.267","3.0","KHARG, IR","    0",",,S","  215",",,S",,,"  176","H,,S"
"IRM00040845","2017-01-17","29.267","50.267","3.0","KHARG, IR","    0",",,S","  170",",,S","  156",",,S","  164","H,,S"
"IRM00040845","2017-01-18","29.267","50.267","3.0","KHARG, IR","    0",",,S","  180",",,S",,,"  166","H,,S"
"IRM00040845","2017-01-19","29.267","50.267","3.0","KHARG, IR","    0",",,S",,,"  132",",,S","  171","H,,S"
"IRM00040845","2017-01-20","29.267","50.267","3.0","KHARG, IR","   89",",,S",,,"  162",",,S","  191","H,,S"
"IRM00040845","2017-01-21","29.267","50.267","3.0","KHARG, IR","    0",",,S",,,,,"  180","H,,S"
"IRM00040845","2017-01-22","29.267","50.267","3.0","KHARG, IR","    0",",,S","  197",",,S","  167",",,S","  178","H,,S"
"IRM00040845","2017-01-23","29.267","50.267","3.0","KHARG, IR","   28",",,S","  164",",,S",,,"  158","H,,S"
"IRM00040845","2017-01-24","29.267","50.267","3.0","KHARG, IR","    0",",,S","  164",",,S","  148",",,S","  156","H,,S"
"IRM00040845","2017-01-25","29.267","50.267","3.0","KHARG, IR","    0",",,S","  173",",,S",,,"  163","H,,S"
"IRM00040845","2017-01-26","29.267","50.267","3.0","KHARG, IR","    0",",,S","  202",",,S","  100",",,S","  168","H,,S"
"IRM00040845","2017-01-27","29.267","50.267","3.0","KHARG, IR","    0",",,S","  211",",,S","  167",",,S","  194","H,,S"
"IRM00040845","2017-01-28","29.267","50.267","3.0","KHARG, IR","   10",",,S",,,,,"  196","H,,S"
"IRM00040845","2017-01-29","29.267","50.267","3.0","KHARG, IR","  302",",,S","  182",",,S","  149",",,S","  165","H,,S"
"IRM00040845","2017-01-30","29.267","50.267","3.0","KHARG, IR","    0",",,S","  160",",,S",,,"  146","H,,S"
"IRM00040845","2017-01-31","29.267","50.267","3.0","KHARG, IR","    0",",,S",,,,,"  159","H,,S"
"IRM00040845","2017-02-01","29.267","50.267","3.0","KHARG, IR","    5",",,S","  200",",,S",,,"  174","H,,S"
"IRM00040845","2017-02-02","29.267","50.267","3.0","KHARG, IR","    3",",,S","  130",",,S",,,"  116","H,,S"
"IRM00040845","2017-02-03","29.267","50.267","3.0","KHARG, IR","    0",",,S",,,"   58",",,S","   85","H,,S"
"IRM00040845","2017-02-04","29.267","50.267","3.0","KHARG, IR","    0",",,S","  132",",,S",,,"  121","H,,S"
"IRM00040845","2017-02-05","29.267","50.267","3.0","KHARG, IR","    0",",,S",,,"  117",",,S","  136","H,,S"
"IRM00040845","2017-02-06","29.267","50.267","3.0","KHARG, IR","    0",",,S",,,"  129",",,S","  147","H,,S"
"IRM00040845","2017-02-07","29.267","50.267","3.0","KHARG, IR","    0",",,S","  166",",,S","  132",",,S","  153","H,,S"
"IRM00040845","2017-02-08","29.267","50.267","3.0","KHARG, IR","    0",",,S","  184",",,S","  139",",,S","  163","H,,S"
"IRM00040845","2017-02-09","29.267","50.267","3.0","KHARG, IR","    3",",,S","  213",",,S","   97",",,S","  176","H,,S"
"IRM00040845","2017-02-10","29.267","50.267","3.0","KHARG, IR","    0",",,S","  230",",,S","  165",",,S","  199","H,,S"
"IRM00040845","2017-02-11","29.267","50.267","3.0","KHARG, IR","    0",",,S",,,,,"  164","H,,S"
"IRM00040845","2017-02-12","29.267","50.267","3.0","KHARG, IR","    0",",,S","  215",",,S","  143",",,S","  187","H,,S"
"IRM00040845","2017-02-13","29.267","50.267","3.0","KHARG, IR","    5",",,S","  205",",,S","  176",",,S","  190","H,,S"
"IRM00040845","2017-02-14","29.267","50.267","3.0","KHARG, IR","   13",",,S","  183",",,S","  160",",,S","  172","H,,S"
"IRM00040845","2017-02-15","29.267","50.267","3.0","KHARG, IR","    0",",,S","  181",",,S","  146",",,S","  171","H,,S"
"IRM00040845","2017-02-16","29.267","50.267","3.0","KHARG, IR","  122",",,S",,,,,"  179","H,,S"
"IRM00040845","2017-02-17","29.267","50.267","3.0","KHARG, IR","    0",",,S","  185",",,S",,,"  168","H,,S"
"IRM00040845","2017-02-18","29.267","50.267","3.0","KHARG, IR","    0",",,S",,,,,"  119","H,,S"
"IRM00040845","2017-02-19","29.267","50.267","3.0","KHARG, IR","    0",",,S",,,,,"  113","H,,S"
"IRM00040845","2017-02-20","29.267","50.267","3.0","KHARG, IR","    0",",,S","  153",",,S","  127",",,S","  142","H,,S"
"IRM00040845","2017-02-21","29.267","50.267","3.0","KHARG, IR","    0",",,S",,,"  132",",,S","  155","H,,S"
"IRM00040845","2017-02-22","29.267","50.267","3.0","KHARG, IR","    0",",,S","  184",",,S","  133",",,S","  170","H,,S"
"IRM00040845","2017-02-23","29.267","50.267","3.0","KHARG, IR","    0",",,S","  174",",,S","  135",",,S","  159","H,,S"
"IRM00040845","2017-02-24","29.267","50.267","3.0","KHARG, IR","   10",",,S","  182",",,S","  146",",,S","  167","H,,S"
"IRM00040845","2017-02-25","29.267","50.267","3.0","KHARG, IR","    0",",,S",,,"  157",",,S","  175","H,,S"
"IRM00040845","2017-02-26","29.267","50.267","3.0","KHARG, IR","    0",",,S","  197",",,S","  120",",,S","  177","H,,S"
"IRM00040845","2017-02-27","29.267","50.267","3.0","KHARG, IR","    0",",,S","  200",",,S","  144",",,S","  181","H,,S"
"IRM00040845","2017-02-28","29.267","50.267","3.0","KHARG, IR","    0",",,S","  234",",,S","   98",",,S","  186","H,,S"
"IRM00040845","2017-03-01","29.267","50.267","3.0","KHARG, IR","    0",",,S","  224",",,S","  116",",,S","  185","H,,S"
"IRM00040845","2017-03-02","29.267","50.267","3.0","KHARG, IR","   10",",,S","  241",",,S","  156",",,S","  204","H,,S"
"IRM00040845","2017-03-03","29.267","50.267","3.0","KHARG, IR","    0",",,S","  259",",,S",,,"  215","H,,S"
"IRM00040845","2017-03-04","29.267","50.267","3.0","KHARG, IR","    0",",,S","  234",",,S","  160",",,S","  198","H,,S"
"IRM00040845","2017-03-05","29.267","50.267","3.0","KHARG, IR","    0",",,S",,,"  151",",,S","  204","H,,S"
"IRM00040845","2017-03-06","29.267","50.267","3.0","KHARG, IR","    0",",,S","  200",",,S","  178",",,S","  186","H,,S"
"IRM00040845","2017-03-07","29.267","50.267","3.0","KHARG, IR","    0",",,S","  217",",,S","  170",",,S","  196","H,,S"
"IRM00040845","2017-03-08","29.267","50.267","3.0","KHARG, IR","    0",",,S","  245",",,S","  140",",,S","  202","H,,S"
"IRM00040845","2017-03-09","29.267","50.267","3.0","KHARG, IR","    0",",,S","  221",",,S","  186",",,S","  204","H,,S"
"IRM00040845","2017-03-10","29.267","50.267","3.0","KHARG, IR","    0",",,S",,,"  150",",,S","  207","H,,S"
"IRM00040845","2017-03-11","29.267","50.267","3.0","KHARG, IR","    0",",,S","  225",",,S","  166",",,S","  212","H,,S"
"IRM00040845","2017-03-12","29.267","50.267","3.0","KHARG, IR","    0",",,S",,,"  182",",,S","  226","H,,S"
"IRM00040845","2017-03-13","29.267","50.267","3.0","KHARG, IR","    0",",,S",,,"  179",",,S","  224","H,,S"
"IRM00040845","2017-03-14","29.267","50.267","3.0","KHARG, IR","    0",",,S","  221",",,S","  185",",,S","  202","H,,S"
"IRM00040845","2017-03-15","29.267","50.267","3.0","KHARG, IR","    0",",,S","  236",",,S","  170",",,S","  213","H,,S"
"IRM00040845","2017-03-16","29.267","50.267","3.0","KHARG, IR","    0",",,S","  243",",,S","  178",",,S","  220","H,,S"
"IRM00040845","2017-03-17","29.267","50.267","3.0","KHARG, IR",,,"  212",",,S","  190",",,S","  201","H,,S"
"IRM00040845","2017-03-18","29.267","50.267","3.0","KHARG, IR","    0",",,S","  264",",,S","  157",",,S","  223","H,,S"
"IRM00040845","2017-03-19","29.267","50.267","3.0","KHARG, IR","   38",",,S",,,,,"  204","H,,S"
"IRM00040845","2017-03-20","29.267","50.267","3.0","KHARG, IR","  117",",,S","  214",",,S","  186",",,S","  201","H,,S"
"IRM00040845","2017-03-21","29.267","50.267","3.0","KHARG, IR","    0",",,S","  223",",,S","  153",",,S","  203","H,,S"
"IRM00040845","2017-03-22","29.267","50.267","3.0","KHARG, IR","    0",",,S","  231",",,S","  170",",,S","  206","H,,S"
"IRM00040845","2017-03-23","29.267","50.267","3.0","KHARG, IR","    0",",,S","  222",",,S","  171",",,S","  207","H,,S"
"IRM00040845","2017-03-24","29.267","50.267","3.0","KHARG, IR","    5",",,S",,,"  180",",,S","  196","H,,S"
"IRM00040845","2017-03-25","29.267","50.267","3.0","KHARG, IR","  269",",,S","  212",",,S","  168",",,S","  195","H,,S"
"IRM00040845","2017-03-26","29.267","50.267","3.0","KHARG, IR","   10",",,S","  225",",,S","  170",",,S","  202","H,,S"
"IRM00040845","2017-03-27","29.267","50.267","3.0","KHARG, IR","    0",",,S",,,"  185",",,S","  217","H,,S"
"IRM00040845","2017-03-28","29.267","50.267","3.0","KHARG, IR","    0",",,S",,,"  158",",,S","  208","H,,S"
"IRM00040845","2017-03-29","29.267","50.267","3.0","KHARG, IR","    0",",,S","  267",",,S","  190",",,S","  229","H,,S"
"IRM00040845","2017-03-30","29.267","50.267","3.0","KHARG, IR","    0",",,S","  268",",,S","  185",",,S","  232","H,,S"
"IRM00040845","2017-03-31","29.267","50.267","3.0","KHARG, IR","    0",",,S","  261",",,S","  190",",,S","  231","H,,S"
"IRM00040845","2017-04-01","29.267","50.267","3.0","KHARG, IR","    0",",,S","  315",",,S","  193",",,S","  250","H,,S"
"IRM00040845","2017-04-02","29.267","50.267","3.0","KHARG, IR","    0",",,S","  311",",,S","  212",",,S","  270","H,,S"
"IRM00040845","2017-04-03","29.267","50.267","3.0","KHARG, IR","    0",",,S",,,"  219",",,S","  233","H,,S"
"IRM00040845","2017-04-04","29.267","50.267","3.0","KHARG, IR","    0",",,S","  240",",,S","  210",",,S","  224","H,,S"
"IRM00040845","2017-04-05","29.267","50.267","3.0","KHARG, IR","    0",",,S","  231",",,S","  195",",,S","  214","H,,S"
"IRM00040845","2017-04-06","29.267","50.267","3.0","KHARG, IR","    0",",,S",,,,,"  232","H,,S"
"IRM00040845","2017-04-07","29.267","50.267","3.0","KHARG, IR","    0",",,S","  269",",,S","  189",",,S","  243","H,,S"
"IRM00040845","2017-04-08","29.267","50.267","3.0","KHARG, IR","    0",",,S","  311",",,S",,,"  257","H,,S"
"IRM00040845","2017-04-09","29.267","50.267","3.0","KHARG, IR","    0",",,S",,,"  214",",,S","  286","H,,S"
"IRM00040845","2017-04-10","29.267","50.267","3.0","KHARG, IR","    0",",,S","  356",",,S","  217",",,S","  267","H,,S"
"IRM00040845","2017-04-11","29.267","50.267","3.0","KHARG, IR","    0",",,S","  375",",,S","  240",",,S","  307","H,,S"
"IRM00040845","2017-04-12","29.267","50.267","3.0","KHARG, IR","    0",",,S",,,"  228",",,S","  293","H,,S"
"IRM00040845","2017-04-13","29.267","50.267","3.0","KHARG, IR","    0",",,S","  361",",,S","  224",",,S","  312","H,,S"
"IRM00040845","2017-04-14","29.267","50.267","3.0","KHARG, IR","    0",",,S","  360",",,S","  226",",,S","  301","H,,S"
"IRM00040845","2017-04-15","29.267","50.267","3.0","KHARG, IR","    0",",,S","  309",",,S","  235",",,S","  273","H,,S"
"IRM00040845","2017-04-16","29.267","50.267","3.0","KHARG, IR","    0",",,S","  270",",,S",,,"  253","H,,S"
"IRM00040845","2017-04-17","29.267","50.267","3.0","KHARG, IR","    0",",,S","  264",",,S","  234",",,S","  244","H,,S"
"IRM00040845","2017-04-18","29.267","50.267","3.0","KHARG, IR","    0",",,S","  286",",,S","  225",",,S","  253","H,,S"
"IRM00040845","2017-04-19","29.267","50.267","3.0","KHARG, IR","    0",",,S","  297",",,S","  232",",,S","  262","H,,S"
"IRM00040845","2017-04-20","29.267","50.267","3.0","KHARG, IR","    0",",,S",,,"  226",",,S","  247","H,,S"
"IRM00040845","2017-04-21","29.267","50.267","3.0","KHARG, IR","    0",",,S","  291",",,S","  223",",,S","  262","H,,S"
"IRM00040845","2017-04-22","29.267","50.267","3.0","KHARG, IR","    0",",,S","  291",",,S","  227",",,S","  261","H,,S"
"IRM00040845","2017-04-23","29.267","50.267","3.0","KHARG, IR","    0",",,S","  346",",,S","  193",",,S","  288","H,,S"
"IRM00040845","2017-04-24","29.267","50.267","3.0","KHARG, IR","    0",",,S",,,"  189",",,S","  282","H,,S"
"IRM00040845","2017-04-25","29.267","50.267","3.0","KHARG, IR","    0",",,S",,,"  206",",,S","  267","H,,S"
"IRM00040845","2017-04-26","29.267","50.267","3.0","KHARG, IR","    0",",,S","  311",",,S",,,"  268","H,,S"
"IRM00040845","2017-04-27","29.267","50.267","3.0","KHARG, IR","    0",",,S","  330",",,S","  245",",,S","  278","H,,S"
"IRM00040845","2017-04-28","29.267","50.267","3.0","KHARG, IR","    0",",,S","  355",",,S","  243",",,S","  309","H,,S"
"IRM00040845","2017-04-29","29.267","50.267","3.0","KHARG, IR","    0",",,S","  360",",,S","  245",",,S","  305","H,,S"
"IRM00040845","2017-04-30","29.267","50.267","3.0","KHARG, IR","    0",",,S","  331",",,S","  244",",,S","  291","H,,S"
"IRM00040845","2017-05-01","29.267","50.267","3.0","KHARG, IR","    0",",,S","  364",",,S","  257",",,S","  311","H,,S"
"IRM00040845","2017-05-02","29.267","50.267","3.0","KHARG, IR","    0",",,S","  366",",,S",,,"  311","H,,S"
"IRM00040845","2017-05-03","29.267","50.267","3.0","KHARG, IR","    0",",,S","  342",",,S","  257",",,S","  301","H,,S"
"IRM00040845","2017-05-04","29.267","50.267","3.0","KHARG, IR","    0",",,S","  348",",,S","  267",",,S","  304","H,,S"
"IRM00040845","2017-05-05","29.267","50.267","3.0","KHARG, IR","   23",",,S",,,"  266",",,S","  320","H,,S"
"IRM00040845","2017-05-06","29.267","50.267","3.0","KHARG, IR","    0",",,S","  361",",,S",,,"  311","H,,S"
"IRM00040845","2017-05-07","29.267","50.267","3.0","KHARG, IR","    0",",,S","  373",",,S","  270",",,S","  318","H,,S"
"IRM00040845","2017-05-08","29.267","50.267","3.0","KHARG, IR","    0",",,S","  391",",,S","  265",",,S","  342","H,,S"
"IRM00040845","2017-05-09","29.267","50.267","3.0","KHARG, IR","    0",",,S","  362",",,S","  262",",,S","  313","H,,S"
"IRM00040845","2017-05-10","29.267","50.267","3.0","KHARG, IR","    0",",,S","  353",",,S","  268",",,S","  310","H,,S"
"IRM00040845","2017-05-11","29.267","50.267","3.0","KHARG, IR","    0",",,S","  360",",,S","  224",",,S","  327","H,,S"
"IRM00040845","2017-05-12","29.267","50.267","3.0","KHARG, IR","    0",",,S","  378",",,S","  235",",,S","  324","H,,S"
"IRM00040845","2017-05-13","29.267","50.267","3.0","KHARG, IR","    0",",,S","  373",",,S","  252",",,S","  321","H,,S"
"IRM00040845","2017-05-14","29.267","50.267","3.0","KHARG, IR","    0",",,S","  327",",,S","  249",",,S","  306","H,,S"
"IRM00040845","2017-05-15","29.267","50.267","3.0","KHARG, IR","    0",",,S",,,"  266",",,S","  308","H,,S"
"IRM00040845","2017-05-16","29.267","50.267","3.0","KHARG, IR","    0",",,S","  363",",,S","  235",",,S","  310","H,,S"
"IRM00040845","2017-05-17","29.267","50.267","3.0","KHARG, IR","    0",",,S","  362",",,S","  252",",,S","  333","H,,S"
"IRM00040845","2017-05-18","29.267","50.267","3.0","KHARG, IR","    0",",,S","  347",",,S","  288",",,S","  321","H,,S"
"IRM00040845","2017-05-19","29.267","50.267","3.0","KHARG, IR","    0",",,S","  364",",,S","  262",",,S","  326","H,,S"
"IRM00040845","2017-05-20","29.267","50.267","3.0","KHARG, IR","    0",",,S","  388",",,S","  257",",,S","  338","H,,S"
"IRM00040845","2017-05-21","29.267","50.267","3.0","KHARG, IR","    0",",,S","  353",",,S","  295",",,S","  323","H,,S"
"IRM00040845","2017-05-22","29.267","50.267","3.0","KHARG, IR","    0",",,S","  310",",,S","  283",",,S","  298","H,,S"
"IRM00040845","2017-05-23","29.267","50.267","3.0","KHARG, IR","    0",",,S",,,,,"  302","H,,S"
"IRM00040845","2017-05-24","29.267","50.267","3.0","KHARG, IR","    0",",,S","  374",",,S","  266",",,S","  323","H,,S"
"IRM00040845","2017-05-25","29.267","50.267","3.0","KHARG, IR","    0",",,S","  323",",,S","  287",",,S","  307","H,,S"
"IRM00040845","2017-05-26","29.267","50.267","3.0","KHARG, IR","    0",",,S","  334",",,S","  274",",,S","  303","H,,S"
"IRM00040845","2017-05-27","29.267","50.267","3.0","KHARG, IR","    0",",,S","  388",",,S",,,"  326","H,,S"
"IRM00040845","2017-05-28","29.267","50.267","3.0","KHARG, IR","    0",",,S","  335",",,S","  300",",,S","  319","H,,S"
"IRM00040845","2017-05-29","29.267","50.267","3.0","KHARG, IR","    0",",,S",,,"  286",",,S","  322","H,,S"
"IRM00040845","2017-05-30","29.267","50.267","3.0","KHARG, IR","    0",",,S","  365",",,S","  293",",,S","  334","H,,S"
"IRM00040845","2017-05-31","29.267","50.267","3.0","KHARG, IR","    0",",,S","  361",",,S","  285",",,S","  326","H,,S"
"IRM00040845","2017-06-01","29.267","50.267","3.0","KHARG, IR","    0",",,S","  343",",,S","  288",",,S","  316","H,,S"
"IRM00040845","2017-06-02","29.267","50.267","3.0","KHARG, IR","    0",",,S",,,"  279",",,S","  307","H,,S"
"IRM00040845","2017-06-03","29.267","50.267","3.0","KHARG, IR","    0",",,S","  336",",,S",,,"  312","H,,S"
"IRM00040845","2017-06-04","29.267","50.267","3.0","KHARG, IR","    0",",,S","  344",",,S",,,"  308","H,,S"
"IRM00040845","2017-06-05","29.267","50.267","3.0","KHARG, IR","    0",",,S","  359",",,S","  267",",,S","  314","H,,S"
"IRM00040845","2017-06-06","29.267","50.267","3.0","KHARG, IR","    0",",,S","  384",",,S","  245",",,S","  319","H,,S"
"IRM00040845","2017-06-07","29.267","50.267","3.0","KHARG, IR","    0",",,S","  397",",,S","  259",",,S","  351","H,,S"
"IRM00040845","2017-06-08","29.267","50.267","3.0","KHARG, IR","    0",",,S","  393",",,S","  249",",,S","  336","H,,S"
"IRM00040845","2017-06-09","29.267","50.267","3.0","KHARG, IR","    0",",,S","  371",",,S","  288",",,S","  349","H,,S"
"IRM00040845","2017-06-10","29.267","50.267","3.0","KHARG, IR","    0",",,S","  376",",,S","  243",",,S","  324","H,,S"
"IRM00040845","2017-06-11","29.267","50.267","3.0","KHARG, IR","    0",",,S","  391",",,S","  257",",,S","  343","H,,S"
"IRM00040845","2017-06-12","29.267","50.267","3.0","KHARG, IR","    0",",,S","  406",",,S","  308",",,S","  341","H,,S"
"IRM00040845","2017-06-13","29.267","50.267","3.0","KHARG, IR","    0",",,S",,,,,"  348","H,,S"
"IRM00040845","2017-06-14","29.267","50.267","3.0","KHARG, IR","    0",",,S",,,"  308",",,S","  362","H,,S"
"IRM00040845","2017-06-15","29.267","50.267","3.0","KHARG, IR","    0",",,S","  423",",,S","  276",",,S","  347","H,,S"
"IRM00040845","2017-06-16","29.267","50.267","3.0","KHARG, IR","    0",",,S","  410",",,S","  297",",,S","  354","H,,S"
"IRM00040845","2017-06-17","29.267","50.267","3.0","KHARG, IR","    0",",,S","  397",",,S",,,"  353","H,,S"
"IRM00040845","2017-06-18","29.267","50.267","3.0","KHARG, IR","    0",",,S","  416",",,S","  303",",,S","  363","H,,S"
"IRM00040845","2017-06-19","29.267","50.267","3.0","KHARG, IR","    0",",,S",,,"  307",",,S","  354","H,,S"
"IRM00040845","2017-06-20","29.267","50.267","3.0","KHARG, IR","    0",",,S","  394",",,S","  310",",,S","  349","H,,S"
"IRM00040845","2017-06-21","29.267","50.267","3.0","KHARG, IR","    0",",,S","  365",",,S",,,"  337","H,,S"
"IRM00040845","2017-06-22","29.267","50.267","3.0","KHARG, IR","    0",",,S","  360",",,S","  297",",,S","  332","H,,S"
"IRM00040845","2017-06-23","29.267","50.267","3.0","KHARG, IR","    0",",,S","  351",",,S","  300",",,S","  328","H,,S"
"IRM00040845","2017-06-24","29.267","50.267","3.0","KHARG, IR","    0",",,S","  360",",,S",,,"  326","H,,S"
"IRM00040845","2017-06-25","29.267","50.267","3.0","KHARG, IR","    0",",,S",,,"  285",",,S","  330","H,,S"
"IRM00040845","2017-06-26","29.267","50.267","3.0","KHARG, IR","    0",",,S","  369",",,S",,,"  326","H,,S"
"IRM00040845","2017-06-27","29.267","50.267","3.0","KHARG, IR","    0",",,S","  374",",,S","  254",",,S","  328","H,,S"
"IRM00040845","2017-06-28","29.267","50.267","3.0","KHARG, IR","    0",",,S","  414",",,S","  264",",,S","  351","H,,S"
"IRM00040845","2017-06-29","29.267","50.267","3.0","KHARG, IR","    0",",,S","  419",",,S","  292",",,S","  365","H,,S"
"IRM00040845","2017-06-30","29.267","50.267","3.0","KHARG, IR","    0",",,S","  394",",,S","  296",",,S","  355","H,,S"
"IRM00040845","2017-07-01","29.267","50.267","3.0","KHARG, IR","    0",",,S","  403",",,S",,,"  352","H,,S"
"IRM00040845","2017-07-02","29.267","50.267","3.0","KHARG, IR","    0",",,S",,,"  274",",,S","  365","H,,S"
"IRM00040845","2017-07-03","29.267","50.267","3.0","KHARG, IR","    0",",,S","  415",",,S","  285",",,S","  368","H,,S"
"IRM00040845","2017-07-04","29.267","50.267","3.0","KHARG, IR","    0",",,S",,,"  280",",,S","  371","H,,S"
"IRM00040845","2017-07-05","29.267","50.267","3.0","KHARG, IR","    0",",,S","  413",",,S","  279",",,S","  368","H,,S"
"IRM00040845","2017-07-06","29.267","50.267","3.0","KHARG, IR","    0",",,S",,,"  290",",,S","  380","H,,S"
"IRM00040845","2017-07-07","29.267","50.267","3.0","KHARG, IR","    0",",,S",,,"  303",",,S","  389","H,,S"
"IRM00040845","2017-07-08","29.267","50.267","3.0","KHARG, IR","    0",",,S",,,"  303",",,S","  350","H,,S"
"IRM00040845","2017-07-09","29.267","50.267","3.0","KHARG, IR","    0",",,S","  403",",,S","  287",",,S","  351","H,,S"
"IRM00040845","2017-07-10","29.267","50.267","3.0","KHARG, IR","    0",",,S","  380",",,S","  283",",,S","  353","H,,S"
"IRM00040845","2017-07-11","29.267","50.267","3.0","KHARG, IR","    0",",,S","  394",",,S","  306",",,S","  371","H,,S"
"IRM00040845","2017-07-12","29.267","50.267","3.0","KHARG, IR","    0",",,S","  422",",,S","  309",",,S","  377","H,,S"
"IRM00040845","2017-07-13","29.267","50.267","3.0","KHARG, IR","    0",",,S","  402",",,S","  317",",,S","  372","H,,S"
"IRM00040845","2017-07-14","29.267","50.267","3.0","KHARG, IR","    0",",,S","  403",",,S","  310",",,S","  370","H,,S"
"IRM00040845","2017-07-15","29.267","50.267","3.0","KHARG, IR","    0",",,S","  396",",,S","  301",",,S","  362","H,,S"
"IRM00040845","2017-07-16","29.267","50.267","3.0","KHARG, IR","    0",",,S","  403",",,S","  294",",,S","  359","H,,S"
"IRM00040845","2017-07-17","29.267","50.267","3.0","KHARG, IR","    0",",,S","  402",",,S","  295",",,S","  344","H,,S"
"IRM00040845","2017-07-18","29.267","50.267","3.0","KHARG, IR","    0",",,S","  473",",,S","  297",",,S","  394","H,,S"
"IRM00040845","2017-07-19","29.267","50.267","3.0","KHARG, IR","    0",",,S","  454",",,S","  294",",,S","  384","H,,S"
"IRM00040845","2017-07-20","29.267","50.267","3.0","KHARG, IR","    0",",,S","  414",",,S","  300",",,S","  371","H,,S"
"IRM00040845","2017-07-21","29.267","50.267","3.0","KHARG, IR","    0",",,S","  414",",,S","  295",",,S","  369","H,,S"
"IRM00040845","2017-07-22","29.267","50.267","3.0","KHARG, IR","    0",",,S","  421",",,S","  302",",,S","  357","H,,S"
"IRM00040845","2017-07-23","29.267","50.267","3.0","KHARG, IR","    0",",,S","  414",",,S","  288",",,S","  364","H,,S"
"IRM00040845","2017-07-24","29.267","50.267","3.0","KHARG, IR","    0",",,S","  423",",,S","  290",",,S","  361","H,,S"
"IRM00040845","2017-07-25","29.267","50.267","3.0","KHARG, IR","    0",",,S","  401",",,S","  306",",,S","  359","H,,S"
"IRM00040845","2017-07-26","29.267","50.267","3.0","KHARG, IR","    0",",,S","  411",",,S","  329",",,S","  369","H,,S"
"IRM00040845","2017-07-27","29.267","50.267","3.0","KHARG, IR","    0",",,S","  390",",,S","  332",",,S","  369","H,,S"
"IRM00040845","2017-07-28","29.267","50.267","3.0","KHARG, IR","    0",",,S","  406",",,S","  308",",,S","  369","H,,S"
"IRM00040845","2017-07-29","29.267","50.267","3.0","KHARG, IR","    0",",,S","  408",",,S","  302",",,S","  363","H,,S"
"IRM00040845","2017-07-30","29.267","50.267","3.0","KHARG, IR","    0",",,S","  393",",,S","  313",",,S","  364","H,,S"
"IRM00040845","2017-07-31","29.267","50.267","3.0","KHARG, IR","    0",",,S","  403",",,S","  316",",,S","  373","H,,S"
"IRM00040845","2017-08-01","29.267","50.267","3.0","KHARG, IR","    0",",,S","  412",",,S","  347",",,S","  379","H,,S"
"IRM00040845","2017-08-02","29.267","50.267","3.0","KHARG, IR","    0",",,S","  436",",,S","  316",",,S","  383","H,,S"
"IRM00040845","2017-08-03","29.267","50.267","3.0","KHARG, IR","    0",",,S","  410",",,S","  310",",,S","  374","H,,S"
"IRM00040845","2017-08-04","29.267","50.267","3.0","KHARG, IR","    0",",,S","  415",",,S","  319",",,S","  374","H,,S"
"IRM00040845","2017-08-05","29.267","50.267","3.0","KHARG, IR","    0",",,S","  440",",,S","  306",",,S","  389","H,,S"
"IRM00040845","2017-08-06","29.267","50.267","3.0","KHARG, IR","    0",",,S","  461",",,S","  298",",,S","  386","H,,S"
"IRM00040845","2017-08-07","29.267","50.267","3.0","KHARG, IR","    0",",,S","  407",",,S","  300",",,S","  357","H,,S"
"IRM00040845","2017-08-08","29.267","50.267","3.0","KHARG, IR","    0",",,S","  402",",,S",,,"  365","H,,S"
"IRM00040845","2017-08-09","29.267","50.267","3.0","KHARG, IR","    0",",,S","  437",",,S","  306",",,S","  376","H,,S"
"IRM00040845","2017-08-10","29.267","50.267","3.0","KHARG, IR","    0",",,S","  438",",,S","  306",",,S","  373","H,,S"
"IRM00040845","2017-08-11","29.267","50.267","3.0","KHARG, IR","    0",",,S","  411",",,S","  308",",,S","  367","H,,S"
"IRM00040845","2017-08-12","29.267","50.267","3.0","KHARG, IR","    0",",,S","  395",",,S","  318",",,S","  361","H,,S"
"IRM00040845","2017-08-13","29.267","50.267","3.0","KHARG, IR","    0",",,S",,,"  301",",,S","  373","H,,S"
"IRM00040845","2017-08-14","29.267","50.267","3.0","KHARG, IR","    0",",,S","  423",",,S",,,"  365","H,,S"
"IRM00040845","2017-08-15","29.267","50.267","3.0","KHARG, IR","    0",",,S","  396",",,S","  324",",,S","  359","H,,S"
"IRM00040845","2017-08-16","29.267","50.267","3.0","KHARG, IR","    0",",,S","  392",",,S","  317",",,S","  360","H,,S"
"IRM00040845","2017-08-17","29.267","50.267","3.0","KHARG, IR","    0",",,S","  391",",,S","  315",",,S","  363","H,,S"
"IRM00040845","2017-08-18","29.267","50.267","3.0","KHARG, IR","    0",",,S","  391",",,S","  324",",,S","  373","H,,S"
"IRM00040845","2017-08-19","29.267","50.267","3.0","KHARG, IR","    0",",,S","  416",",,S","  346",",,S","  378","H,,S"
"IRM00040845","2017-08-20","29.267","50.267","3.0","KHARG, IR","    0",",,S",,,"  350",",,S","  372","H,,S"
"IRM00040845","2017-08-21","29.267","50.267","3.0","KHARG, IR","    0",",,S","  396",",,S",,,"  364","H,,S"
"IRM00040845","2017-08-22","29.267","50.267","3.0","KHARG, IR","    0",",,S","  397",",,S",,,"  369","H,,S"
"IRM00040845","2017-08-23","29.267","50.267","3.0","KHARG, IR","    0",",,S","  399",",,S","  326",",,S","  371","H,,S"
"IRM00040845","2017-08-24","29.267","50.267","3.0","KHARG, IR","    0",",,S","  385",",,S","  303",",,S","  363","H,,S"
"IRM00040845","2017-08-25","29.267","50.267","3.0","KHARG, IR","    0",",,S","  381",",,S","  319",",,S","  364","H,,S"
"IRM00040845","2017-08-26","29.267","50.267","3.0","KHARG, IR","    0",",,S","  397",",,S","  311",",,S","  362","H,,S"
"IRM00040845","2017-08-27","29.267","50.267","3.0","KHARG, IR","    0",",,S","  422",",,S","  318",",,S","  370","H,,S"
"IRM00040845","2017-08-28","29.267","50.267","3.0","KHARG, IR","    0",",,S","  393",",,S","  299",",,S","  359","H,,S"
"IRM00040845","2017-08-29","29.267","50.267","3.0","KHARG, IR","    0",",,S","  382",",,S","  297",",,S","  352","H,,S"
"IRM00040845","2017-08-30","29.267","50.267","3.0","KHARG, IR","    0",",,S","  399",",,S","  305",",,S","  360","H,,S"
"IRM00040845","2017-08-31","29.267","50.267","3.0","KHARG, IR","    0",",,S",,,"  297",",,S","  367","H,,S"
"IRM00040845","2017-09-01","29.267","50.267","3.0","KHARG, IR","    0",",,S","  403",",,S","  282",",,S","  368","H,,S"
"IRM00040845","2017-09-02","29.267","50.267","3.0","KHARG, IR","    0",",,S","  396",",,S","  300",",,S","  349","H,,S"
"IRM00040845","2017-09-03","29.267","50.267","3.0","KHARG, IR","    0",",,S","  407",",,S","  303",",,S","  358","H,,S"
"IRM00040845","2017-09-04","29.267","50.267","3.0","KHARG, IR","    0",",,S","  381",",,S",,,"  352","H,,S"
"IRM00040845","2017-09-05","29.267","50.267","3.0","KHARG, IR","    0",",,S","  396",",,S",,,"  351","H,,S"
"IRM00040845","2017-09-06","29.267","50.267","3.0","KHARG, IR","    0",",,S",,,,,"  348","H,,S"
"IRM00040845","2017-09-07","29.267","50.267","3.0","KHARG, IR","    0",",,S",,,"  300",",,S","  356","H,,S"
"IRM00040845","2017-09-08","29.267","50.267","3.0","KHARG, IR","    0",",,S","  391",",,S",,,"  360","H,,S"
"IRM00040845","2017-09-09","29.267","50.267","3.0","KHARG, IR","    0",",,S","  384",",,S",,,"  349","H,,S"
"IRM00040845","2017-09-10","29.267","50.267","3.0","KHARG, IR","    0",",,S","  380",",,S","  309",",,S","  365","H,,S"
"IRM00040845","2017-09-11","29.267","50.267","3.0","KHARG, IR","    0",",,S",,,"  312",",,S","  362","H,,S"
"IRM00040845","2017-09-12","29.267","50.267","3.0","KHARG, IR","    0",",,S","  386",",,S","  307",",,S","  348","H,,S"
"IRM00040845","2017-09-13","29.267","50.267","3.0","KHARG, IR","    0",",,S","  380",",,S","  296",",,S","  349","H,,S"
"IRM00040845","2017-09-14","29.267","50.267","3.0","KHARG, IR","    0",",,S","  377",",,S","  313",",,S","  354","H,,S"
"IRM00040845","2017-09-15","29.267","50.267","3.0","KHARG, IR","    0",",,S","  380",",,S","  308",",,S","  351","H,,S"
"IRM00040845","2017-09-16","29.267","50.267","3.0","KHARG, IR","    0",",,S","  369",",,S","  296",",,S","  342","H,,S"
"IRM00040845","2017-09-17","29.267","50.267","3.0","KHARG, IR","    0",",,S",,,"  280",",,S","  348","H,,S"
"IRM00040845","2017-09-18","29.267","50.267","3.0","KHARG, IR","    0",",,S","  373",",,S","  300",",,S","  344","H,,S"
"IRM00040845","2017-09-19","29.267","50.267","3.0","KHARG, IR","    0",",,S","  370",",,S",,,"  348","H,,S"
"IRM00040845","2017-09-20","29.267","50.267","3.0","KHARG, IR","    0",",,S","  395",",,S","  303",",,S","  357","H,,S"
"IRM00040845","2017-09-21","29.267","50.267","3.0","KHARG, IR","    0",",,S","  384",",,S","  294",",,S","  346","H,,S"
"IRM00040845","2017-09-22","29.267","50.267","3.0","KHARG, IR","    0",",,S","  371",",,S","  273",",,S","  344","H,,S"
"IRM00040845","2017-09-23","29.267","50.267","3.0","KHARG, IR","    0",",,S","  383",",,S","  284",",,S","  343","H,,S"
"IRM00040845","2017-09-24","29.267","50.267","3.0","KHARG, IR","    0",",,S","  389",",,S","  324",",,S","  355","H,,S"
"IRM00040845","2017-09-25","29.267","50.267","3.0","KHARG, IR","    0",",,S","  370",",,S","  283",",,S","  348","H,,S"
"IRM00040845","2017-09-26","29.267","50.267","3.0","KHARG, IR","    0",",,S","  370",",,S","  275",",,S","  341","H,,S"
"IRM00040845","2017-09-27","29.267","50.267","3.0","KHARG, IR","    0",",,S",,,"  285",",,S","  343","H,,S"
"IRM00040845","2017-09-28","29.267","50.267","3.0","KHARG, IR","    0",",,S",,,"  279",",,S","  344","H,,S"
"IRM00040845","2017-09-29","29.267","50.267","3.0","KHARG, IR","    0",",,S","  371",",,S",,,"  358","H,,S"
"IRM00040845","2017-09-30","29.267","50.267","3.0","KHARG, IR","    0",",,S","  364",",,S",,,"  348","H,,S"
"IRM00040845","2017-10-01","29.267","50.267","3.0","KHARG, IR","    0",",,S","  364",",,S",,,"  339","H,,S"
"IRM00040845","2017-10-02","29.267","50.267","3.0","KHARG, IR","    0",",,S",,,"  267",",,S","  344","H,,S"
"IRM00040845","2017-10-03","29.267","50.267","3.0","KHARG, IR","    0",",,S",,,"  327",",,S","  338","H,,S"
"IRM00040845","2017-10-04","29.267","50.267","3.0","KHARG, IR","    0",",,S",,,"  317",",,S","  340","H,,S"
"IRM00040845","2017-10-05","29.267","50.267","3.0","KHARG, IR","    0",",,S","  343",",,S","  281",",,S","  328","H,,S"
"IRM00040845","2017-10-06","29.267","50.267","3.0","KHARG, IR","    0",",,S","  332",",,S","  294",",,S","  318","H,,S"
"IRM00040845","2017-10-07","29.267","50.267","3.0","KHARG, IR","    0",",,S","  371",",,S",,,"  323","H,,S"
"IRM00040845","2017-10-08","29.267","50.267","3.0","KHARG, IR","    0",",,S","  343",",,S","  273",",,S","  323","H,,S"
"IRM00040845","2017-10-09","29.267","50.267","3.0","KHARG, IR","    0",",,S","  343",",,S","  298",",,S","  323","H,,S"
"IRM00040845","2017-10-10","29.267","50.267","3.0","KHARG, IR","    0",",,S","  342",",,S","  280",",,S","  322","H,,S"
"IRM00040845","2017-10-11","29.267","50.267","3.0","KHARG, IR","    0",",,S",,,"  261",",,S","  323","H,,S"
"IRM00040845","2017-10-12","29.267","50.267","3.0","KHARG, IR","    0",",,S",,,,,"  308","H,,S"
"IRM00040845","2017-10-13","29.267","50.267","3.0","KHARG, IR","    0",",,S","  333",",,S",,,"  316","H,,S"
"IRM00040845","2017-10-14","29.267","50.267","3.0","KHARG, IR","    0",",,S","  341",",,S","  306",",,S","  327","H,,S"
"IRM00040845","2017-10-15","29.267","50.267","3.0","KHARG, IR","    0",",,S","  341",",,S","  303",",,S","  323","H,,S"
"IRM00040845","2017-10-16","29.267","50.267","3.0","KHARG, IR","    0",",,S","  345",",,S","  275",",,S","  317","H,,S"
"IRM00040845","2017-10-17","29.267","50.267","3.0","KHARG, IR","    0",",,S","  336",",,S","  284",",,S","  318","H,,S"
"IRM00040845","2017-10-18","29.267","50.267","3.0","KHARG, IR","    0",",,S","  341",",,S","  290",",,S","  318","H,,S"
"IRM00040845","2017-10-19","29.267","50.267","3.0","KHARG, IR","    0",",,S","  331",",,S","  300",",,S","  321","H,,S"
"IRM00040845","2017-10-20","29.267","50.267","3.0","KHARG, IR","    0",",,S","  330",",,S",,,"  316","H,,S"
"IRM00040845","2017-10-21","29.267","50.267","3.0","KHARG, IR","    0",",,S","  324",",,S","  294",",,S","  310","H,,S"
"IRM00040845","2017-10-22","29.267","50.267","3.0","KHARG, IR","    0",",,S","  323",",,S","  279",",,S","  306","H,,S"
"IRM00040845","2017-10-23","29.267","50.267","3.0","KHARG, IR","    0",",,S",,,"  285",",,S","  309","H,,S"
"IRM00040845","2017-10-24","29.267","50.267","3.0","KHARG, IR","    0",",,S","  320",",,S","  220",",,S","  288","H,,S"
"IRM00040845","2017-10-25","29.267","50.267","3.0","KHARG, IR","    0",",,S","  315",",,S","  211",",,S","  291","H,,S"
"IRM00040845","2017-10-26","29.267","50.267","3.0","KHARG, IR","    0",",,S","  312",",,S","  231",",,S","  291","H,,S"
"IRM00040845","2017-10-27","29.267","50.267","3.0","KHARG, IR","    0",",,S","  321",",,S","  223",",,S","  297","H,,S"
"IRM00040845","2017-10-28","29.267","50.267","3.0","KHARG, IR","    0",",,S","  315",",,S","  237",",,S","  283","H,,S"
"IRM00040845","2017-10-29","29.267","50.267","3.0","KHARG, IR","    3",",,S","  345",",,S","  229",",,S","  289","H,,S"
"IRM00040845","2017-10-30","29.267","50.267","3.0","KHARG, IR","    0",",,S","  337",",,S","  238",",,S","  292","H,,S"
"IRM00040845","2017-10-31","29.267","50.267","3.0","KHARG, IR","    0",",,S",,,"  242",",,S","  289","H,,S"
"IRM00040845","2017-11-01","29.267","50.267","3.0","KHARG, IR","    0",",,S","  302",",,S",,,"  289","H,,S"
"IRM00040845","2017-11-02","29.267","50.267","3.0","KHARG, IR","    0",",,S",,,"  220",",,S","  278","H,,S"
"IRM00040845","2017-11-03","29.267","50.267","3.0","KHARG, IR","    0",",,S","  315",",,S","  225",",,S","  283","H,,S"
"IRM00040845","2017-11-04","29.267","50.267","3.0","KHARG, IR","    0",",,S","  324",",,S","  232",",,S","  283","H,,S"
"IRM00040845","2017-11-05","29.267","50.267","3.0","KHARG, IR","    0",",,S","  323",",,S","  250",",,S","  290","H,,S"
"IRM00040845","2017-11-06","29.267","50.267","3.0","KHARG, IR","    0",",,S","  307",",,S","  217",",,S","  273","H,,S"
"IRM00040845","2017-11-07","29.267","50.267","3.0","KHARG, IR","    0",",,S","  307",",,S","  262",",,S","  289","H,,S"
"IRM00040845","2017-11-08","29.267","50.267","3.0","KHARG, IR","    0",",,S",,,,,"  291","H,,S"
"IRM00040845","2017-11-09","29.267","50.267","3.0","KHARG, IR","    0",",,S","  309",",,S","  214",",,S","  278","H,,S"
"IRM00040845","2017-11-10","29.267","50.267","3.0","KHARG, IR","    0",",,S","  285",",,S","  223",",,S","  272","H,,S"
"IRM00040845","2017-11-11","29.267","50.267","3.0","KHARG, IR","    0",",,S","  281",",,S",,,"  259","H,,S"
"IRM00040845","2017-11-12","29.267","50.267","3.0","KHARG, IR","    0",",,S",,,"  249",",,S","  258","H,,S"
"IRM00040845","2017-11-13","29.267","50.267","3.0","KHARG, IR","    0",",,S","  260",",,S",,,"  249","H,,S"
"IRM00040845","2017-11-14","29.267","50.267","3.0","KHARG, IR","    0",",,S","  255",",,S",,,"  244","H,,S"
"IRM00040845","2017-11-15","29.267","50.267","3.0","KHARG, IR","    0",",,S","  262",",,S",,,"  249","H,,S"
"IRM00040845","2017-11-16","29.267","50.267","3.0","KHARG, IR","    0",",,S","  267",",,S",,,"  247","H,,S"
"IRM00040845","2017-11-17","29.267","50.267","3.0","KHARG, IR","    0",",,S","  263",",,S",,,"  251","H,,S"
"IRM00040845","2017-11-18","29.267","50.267","3.0","KHARG, IR","    0",",,S","  264",",,S","  227",",,S","  251","H,,S"
"IRM00040845","2017-11-19","29.267","50.267","3.0","KHARG, IR","    0",",,S",,,"  185",",,S","  243","H,,S"
"IRM00040845","2017-11-20","29.267","50.267","3.0","KHARG, IR","    0",",,S","  274",",,S","  201",",,S","  255","H,,S"
"IRM00040845","2017-11-21","29.267","50.267","3.0","KHARG, IR",,,"  253",",,S",,,"  218","H,,S"
"IRM00040845","2017-11-22","29.267","50.267","3.0","KHARG, IR",,,"  221",",,S",,,"  207","H,,S"
"IRM00040845","2017-11-23","29.267","50.267","3.0","KHARG, IR",,,"  230",",,S","  177",",,S","  213","H,,S"
"IRM00040845","2017-11-24","29.267","50.267","3.0","KHARG, IR","    0",",,S",,,,,"  208","H,,S"
"IRM00040845","2017-11-25","29.267","50.267","3.0","KHARG, IR","    0",",,S","  210",",,S","  196",",,S","  204","H,,S"
"IRM00040845","2017-11-26","29.267","50.267","3.0","KHARG, IR","    0",",,S","  212",",,S","  186",",,S","  204","H,,S"
"IRM00040845","2017-11-27","29.267","50.267","3.0","KHARG, IR","    0",",,S",,,,,"  201","H,,S"
"IRM00040845","2017-11-28","29.267","50.267","3.0","KHARG, IR","   36",",,S","  215",",,S","  188",",,S","  203","H,,S"
"IRM00040845","2017-11-29","29.267","50.267","3.0","KHARG, IR","    0",",,S",,,"  200",",,S","  217","H,,S"
"IRM00040845","2017-11-30","29.267","50.267","3.0","KHARG, IR","    0",",,S",,,"  206",",,S","  217","H,,S"
"IRM00040845","2017-12-01","29.267","50.267","3.0","KHARG, IR","    0",",,S","  234",",,S","  210",",,S","  223","H,,S"
"IRM00040845","2017-12-02","29.267","50.267","3.0","KHARG, IR","    0",",,S","  210",",,S","  196",",,S","  202","H,,S"
"IRM00040845","2017-12-03","29.267","50.267","3.0","KHARG, IR","    0",",,S","  223",",,S","  199",",,S","  213","H,,S"
"IRM00040845","2017-12-04","29.267","50.267","3.0","KHARG, IR","    0",",,S","  225",",,S","  199",",,S","  213","H,,S"
"IRM00040845","2017-12-05","29.267","50.267","3.0","KHARG, IR","    0",",,S","  233",",,S",,,"  212","H,,S"
"IRM00040845","2017-12-06","29.267","50.267","3.0","KHARG, IR","    0",",,S","  241",",,S","  146",",,S","  216","H,,S"
"IRM00040845","2017-12-07","29.267","50.267","3.0","KHARG, IR","    0",",,S","  258",",,S","  210",",I,S","  241","H,,S"
"IRM00040845","2017-12-08","29.267","50.267","3.0","KHARG, IR","    0",",,S","  162",",I,S",,,"  155","H,,S"
"IRM00040845","2017-12-09","29.267","50.267","3.0","KHARG, IR","    0",",,S","  184",",,S",,,"  171","H,,S"
"IRM00040845","2017-12-10","29.267","50.267","3.0","KHARG, IR","    0",",,S","  182",",,S","  160",",,S","  169","H,,S"
"IRM00040845","2017-12-11","29.267","50.267","3.0","KHARG, IR","    0",",,S","  181",",,S",,,"  176","H,,S"
"IRM00040845","2017-12-12","29.267","50.267","3.0","KHARG, IR","    0",",,S",,,"  159",",,S","  168","H,,S"
"IRM00040845","2017-12-13","29.267","50.267","3.0","KHARG, IR","    0",",,S","  202",",,S",,,"  181","H,,S"
"IRM00040845","2017-12-14","29.267","50.267","3.0","KHARG, IR","    0",",,S",,,"  113",",,S","  196","H,,S"
"IRM00040845","2017-12-15","29.267","50.267","3.0","KHARG, IR","    0",",,S","  238",",,S","  199",",,S","  224","H,,S"
"IRM00040845","2017-12-16","29.267","50.267","3.0","KHARG, IR","    0",",,S","  224",",,S",,,"  204","H,,S"
"IRM00040845","2017-12-17","29.267","50.267","3.0","KHARG, IR","    0",",,S","  218",",,S","  171",",,S","  203","H,,S"
"IRM00040845","2017-12-18","29.267","50.267","3.0","KHARG, IR","    0",",,S",,,"  190",",,S","  201","H,,S"
"IRM00040845","2017-12-19","29.267","50.267","3.0","KHARG, IR","    0",",,S","  201",",,S","  180",",,S","  193","H,,S"
"IRM00040845","2017-12-20","29.267","50.267","3.0","KHARG, IR","    0",",,S","  221",",,S",,,"  203","H,,S"
"IRM00040845","2017-12-21","29.267","50.267","3.0","KHARG, IR","    0",",,S","  230",",,S",,,"  205","H,,S"
"IRM00040845","2017-12-22","29.267","50.267","3.0","KHARG, IR","    0",",,S","  232",",,S","  140",",,S","  201","H,,S"
"IRM00040845","2017-12-23","29.267","50.267","3.0","KHARG, IR","    0",",,S",,,"  143",",,S","  197","H,,S"
"IRM00040845","2017-12-24","29.267","50.267","3.0","KHARG, IR","    0",",,S","  289",",,S","  130",",,S","  203","H,,S"
"IRM00040845","2017-12-25","29.267","50.267","3.0","KHARG, IR","    0",",,S","  250",",,S","  152",",,S","  224","H,,S"
"IRM00040845","2017-12-26","29.267","50.267","3.0","KHARG, IR","    0",",,S",,,,,"  192","H,,S"
"IRM00040845","2017-12-27","29.267","50.267","3.0","KHARG, IR","    0",",,S",,,"  170",",,S","  187","H,,S"
"IRM00040845","2017-12-28","29.267","50.267","3.0","KHARG, IR","    0",",,S","  226",",,S","  140",",,S","  202","H,,S"
"IRM00040845","2017-12-29","29.267","50.267","3.0","KHARG, IR","    0",",,S","  231",",,S",,,"  217","H,,S"
"IRM00040845","2017-12-30","29.267","50.267","3.0","KHARG, IR","    0",",,S","  239",",,S",,,"  208","H,,S"
"IRM00040845","2017-12-31","29.267","50.267","3.0","KHARG, IR","    0",",,S","  230",",,S","  129",",,S","  203","H,,S"
"IRM00040845","2018-01-01","29.267","50.267","3.0","KHARG, IR","    0",",,S",,,"  124",",,S","  201","H,,S"
"IRM00040845","2018-01-02","29.267","50.267","3.0","KHARG, IR","    0",",,S","  202",",,S","  167",",,S","  193","H,,S"
"IRM00040845","2018-01-03","29.267","50.267","3.0","KHARG, IR","    0",",,S","  194",",,S","  169",",,S","  183","H,,S"
"IRM00040845","2018-01-04","29.267","50.267","3.0","KHARG, IR","    0",",,S","  193",",,S",,,"  183","H,,S"
"IRM00040845","2018-01-05","29.267","50.267","3.0","KHARG, IR",,,"  202",",,S","  115",",,S","  182","H,,S"
"IRM00040845","2018-01-06","29.267","50.267","3.0","KHARG, IR","    0",",,S","  241",",,S",,,"  210","H,,S"
"IRM00040845","2018-01-07","29.267","50.267","3.0","KHARG, IR","    0",",,S",,,,,"  199","H,,S"
"IRM00040845","2018-01-08","29.267","50.267","3.0","KHARG, IR","    0",",,S","  190",",,S","  178",",,S","  184","H,,S"
"IRM00040845","2018-01-09","29.267","50.267","3.0","KHARG, IR","    0",",,S","  215",",,S","  173",",,S","  197","H,,S"
"IRM00040845","2018-01-10","29.267","50.267","3.0","KHARG, IR","    0",",,S","  206",",,S","  165",",,S","  189","H,,S"
"IRM00040845","2018-01-11","29.267","50.267","3.0","KHARG, IR","    0",",,S",,,,,"  182","H,,S"
"IRM00040845","2018-01-12","29.267","50.267","3.0","KHARG, IR","    0",",,S",,,,,"  187","H,,S"
"IRM00040845","2018-01-13","29.267","50.267","3.0","KHARG, IR","    0",",,S","  204",",,S","  116",",,S","  183","H,,S"
"IRM00040845","2018-01-14","29.267","50.267","3.0","KHARG, IR","    0",",,S","  234",",,S","   96",",,S","  187","H,,S"
"IRM00040845","2018-01-15","29.267","50.267","3.0","KHARG, IR","    0",",,S","  216",",,S","  139",",,S","  194","H,,S"
"IRM00040845","2018-01-16","29.267","50.267","3.0","KHARG, IR","    0",",,S",,,"  179",",,S","  183","H,,S"
"IRM00040845","2018-01-17","29.267","50.267","3.0","KHARG, IR","    0",",,S","  180",",,S","  158",",,S","  172","H,,S"
"IRM00040845","2018-01-18","29.267","50.267","3.0","KHARG, IR","    0",",,S","  193",",,S",,,"  168","H,,S"
"IRM00040845","2018-01-19","29.267","50.267","3.0","KHARG, IR","    0",",,S","  223",",,S","  112",",,S","  194","H,,S"
"IRM00040845","2018-01-20","29.267","50.267","3.0","KHARG, IR","   15",",,S","  203",",,S",,,"  182","H,,S"
"IRM00040845","2018-01-21","29.267","50.267","3.0","KHARG, IR","    0",",,S",,,,,"  154","H,,S"
"IRM00040845","2018-01-22","29.267","50.267","3.0","KHARG, IR","    0",",,S","  171",",,S",,,"  158","H,,S"
"IRM00040845","2018-01-23","29.267","50.267","3.0","KHARG, IR","    0",",,S","  202",",,S","   94",",,S","  174","H,,S"
"IRM00040845","2018-01-24","29.267","50.267","3.0","KHARG, IR","    0",",,S","  217",",,S",,,"  197","H,,S"
"IRM00040845","2018-01-25","29.267","50.267","3.0","KHARG, IR","    0",",,S","  222",",,S","  135",",,S","  192","H,,S"
"IRM00040845","2018-01-26","29.267","50.267","3.0","KHARG, IR","    0",",,S","  240",",,S",,,"  217","H,,S"
"IRM00040845","2018-01-27","29.267","50.267","3.0","KHARG, IR","    0",",,S",,,"  166",",,S","  202","H,,S"
"IRM00040845","2018-01-28","29.267","50.267","3.0","KHARG, IR","    0",",,S","  162",",,S",,,"  156","H,,S"
"IRM00040845","2018-01-29","29.267","50.267","3.0","KHARG, IR","    0",",,S",,,"  150",",,S","  159","H,,S"
"IRM00040845","2018-01-30","29.267","50.267","3.0","KHARG, IR","    0",",,S","  173",",,S","  147",",,S","  161","H,,S"
"IRM00040845","2018-01-31","29.267","50.267","3.0","KHARG, IR","    0",",,S","  171",",,S","  142",",,S","  161","H,,S"
"IRM00040845","2018-02-01","29.267","50.267","3.0","KHARG, IR","    0",",,S","  176",",,S","  149",",,S","  166","H,,S"
"IRM00040845","2018-02-02","29.267","50.267","3.0","KHARG, IR","    0",",,S","  180",",,S",,,"  169","H,,S"
"IRM00040845","2018-02-03","29.267","50.267","3.0","KHARG, IR","    0",",,S","  176",",,S","  146",",,S","  161","H,,S"
"IRM00040845","2018-02-04","29.267","50.267","3.0","KHARG, IR","    0",",,S","  181",",,S","  136",",,S","  172","H,,S"
"IRM00040845","2018-02-05","29.267","50.267","3.0","KHARG, IR","    0",",,S","  194",",,S",,,"  174","H,,S"
"IRM00040845","2018-02-06","29.267","50.267","3.0","KHARG, IR","    0",",,S","  208",",,S","  129",",,S","  177","H,,S"
"IRM00040845","2018-02-07","29.267","50.267","3.0","KHARG, IR","    0",",,S","  201",",,S","  107",",,S","  177","H,,S"
"IRM00040845","2018-02-08","29.267","50.267","3.0","KHARG, IR","    0",",,S","  211",",,S",,,"  182","H,,S"
"IRM00040845","2018-02-09","29.267","50.267","3.0","KHARG, IR","    0",",,S","  208",",,S","  128",",,S","  183","H,,S"
"IRM00040845","2018-02-10","29.267","50.267","3.0","KHARG, IR","    0",",,S","  226",",,S","  126",",,S","  188","H,,S"
"IRM00040845","2018-02-11","29.267","50.267","3.0","KHARG, IR","    0",",,S",,,"  124",",,S","  187","H,,S"
"IRM00040845","2018-02-12","29.267","50.267","3.0","KHARG, IR","    0",",,S",,,"  130",",,S","  198","H,,S"
"IRM00040845","2018-02-13","29.267","50.267","3.0","KHARG, IR","    0",",,S","  250",",,S","  184",",,S","  229","H,,S"
"IRM00040845","2018-02-14","29.267","50.267","3.0","KHARG, IR","    0",",,S","  209",",,S",,,"  198","H,,S"
"IRM00040845","2018-02-15","29.267","50.267","3.0","KHARG, IR",,,"  204",",,S",,,"  195","H,,S"
"IRM00040845","2018-02-16","29.267","50.267","3.0","KHARG, IR","    0",",,S","  251",",,S","  176",",,S","  214","H,,S"
"IRM00040845","2018-02-17","29.267","50.267","3.0","KHARG, IR","    0",",,S","  282",",,S","  174",",,S","  237","H,,S"
"IRM00040845","2018-02-18","29.267","50.267","3.0","KHARG, IR","    0",",,S","  244",",,S",,,"  213","H,,S"
"IRM00040845","2018-02-19","29.267","50.267","3.0","KHARG, IR","   33",",,S",,,"  173",",,S","  197","H,,S"
"IRM00040845","2018-02-20","29.267","50.267","3.0","KHARG, IR","    0",",,S",,,"  136",",,S","  181","H,,S"
"IRM00040845","2018-02-21","29.267","50.267","3.0","KHARG, IR","    0",",,S","  205",",,S","  179",",,S","  192","H,,S"
"IRM00040845","2018-02-22","29.267","50.267","3.0","KHARG, IR","    0",",,S","  224",",,S","  173",",,S","  209","H,,S"
"IRM00040845","2018-02-23","29.267","50.267","3.0","KHARG, IR","    0",",,S","  247",",,S","  161",",,S","  208","H,,S"
"IRM00040845","2018-02-24","29.267","50.267","3.0","KHARG, IR","    0",",,S",,,"  159",",,S","  193","H,,S"
"IRM00040845","2018-02-25","29.267","50.267","3.0","KHARG, IR","   18",",,S","  200",",,S","  177",",,S","  193","H,,S"
"IRM00040845","2018-02-26","29.267","50.267","3.0","KHARG, IR","    0",",,S","  221",",,S","  170",",,S","  196","H,,S"
"IRM00040845","2018-02-27","29.267","50.267","3.0","KHARG, IR","    8",",,S","  223",",,S","  177",",,S","  202","H,,S"
"IRM00040845","2018-02-28","29.267","50.267","3.0","KHARG, IR","   15",",,S","  204",",,S",,,"  188","H,,S"
"IRM00040845","2018-03-01","29.267","50.267","3.0","KHARG, IR","    0",",,S","  211",",,S","  172",",,S","  203","H,,S"
"IRM00040845","2018-03-02","29.267","50.267","3.0","KHARG, IR","    0",",,S","  220",",,S","  189",",,S","  208","H,,S"
"IRM00040845","2018-03-03","29.267","50.267","3.0","KHARG, IR","    0",",,S","  222",",,S",,,"  204","H,,S"
"IRM00040845","2018-03-04","29.267","50.267","3.0","KHARG, IR","    0",",,S","  232",",,S","  165",",,S","  210","H,,S"
"IRM00040845","2018-03-05","29.267","50.267","3.0","KHARG, IR","    0",",,S",,,"  144",",,S","  214","H,,S"
"IRM00040845","2018-03-06","29.267","50.267","3.0","KHARG, IR","    0",",,S",,,"  154",",,S","  223","H,,S"
"IRM00040845","2018-03-07","29.267","50.267","3.0","KHARG, IR","    0",",,S","  285",",,S","  176",",,S","  234","H,,S"
"IRM00040845","2018-03-08","29.267","50.267","3.0","KHARG, IR","    0",",,S","  268",",,S","  157",",,S","  237","H,,S"
"IRM00040845","2018-03-09","29.267","50.267","3.0","KHARG, IR","    0",",,S","  262",",,S","  186",",,S","  236","H,,S"
"IRM00040845","2018-03-10","29.267","50.267","3.0","KHARG, IR","    0",",,S","  274",",,S","  188",",,S","  237","H,,S"
"IRM00040845","2018-03-11","29.267","50.267","3.0","KHARG, IR","    0",",,S","  233",",,S","  194",",,S","  221","H,,S"
"IRM00040845","2018-03-12","29.267","50.267","3.0","KHARG, IR","    0",",,S",,,,,"  231","H,,S"
"IRM00040845","2018-03-13","29.267","50.267","3.0","KHARG, IR","    0",",,S",,,,,"  221","H,,S"
"IRM00040845","2018-03-14","29.267","50.267","3.0","KHARG, IR","    0",",,S","  258",",,S","  180",",,S","  227","H,,S"
"IRM00040845","2018-03-15","29.267","50.267","3.0","KHARG, IR","    0",",,S","  261",",,S","  163",",,S","  235","H,,S"
"IRM00040845","2018-03-16","29.267","50.267","3.0","KHARG, IR","    0",",,S","  281",",,S","  177",",,S","  243","H,,S"
"IRM00040845","2018-03-17","29.267","50.267","3.0","KHARG, IR","    0",",,S","  287",",,S","  220",",,S","  238","H,,S"
"IRM00040845","2018-03-18","29.267","50.267","3.0","KHARG, IR","    0",",,S","  230",",,S","  196",",,S","  211","H,,S"
"IRM00040845","2018-03-19","29.267","50.267","3.0","KHARG, IR","    0",",,S","  251",",,S","  158",",,S","  218","H,,S"
"IRM00040845","2018-03-20","29.267","50.267","3.0","KHARG, IR","    0",",,S","  248",",,S",,,"  213","H,,S"
"IRM00040845","2018-03-21","29.267","50.267","3.0","KHARG, IR","    0",",,S","  279",",,S","  162",",,S","  232","H,,S"
"IRM00040845","2018-03-22","29.267","50.267","3.0","KHARG, IR","    0",",,S","  270",",,S","  174",",,S","  238","H,,S"
"IRM00040845","2018-03-23","29.267","50.267","3.0","KHARG, IR","    0",",,S",,,"  208",",,S","  234","H,,S"
"IRM00040845","2018-03-24","29.267","50.267","3.0","KHARG, IR","    0",",,S","  310",",,S","  162",",,S","  237","H,,S"
"IRM00040845","2018-03-25","29.267","50.267","3.0","KHARG, IR","    0",",,S","  344",",,S","  173",",,S","  262","H,,S"
"IRM00040845","2018-03-26","29.267","50.267","3.0","KHARG, IR","    0",",,S","  323",",,S","  169",",,S","  272","H,,S"
"IRM00040845","2018-03-27","29.267","50.267","3.0","KHARG, IR","    0",",,S","  294",",,S","  202",",,S","  269","H,,S"
"IRM00040845","2018-03-28","29.267","50.267","3.0","KHARG, IR","    0",",,S","  305",",,S","  181",",,S","  269","H,,S"
"IRM00040845","2018-03-29","29.267","50.267","3.0","KHARG, IR","    0",",,S","  328",",,S","  183",",,S","  278","H,,S"
"IRM00040845","2018-03-30","29.267","50.267","3.0","KHARG, IR","    0",",,S","  332",",,S","  202",",,S","  278","H,,S"
"IRM00040845","2018-03-31","29.267","50.267","3.0","KHARG, IR","    0",",,S","  252",",,S","  220",",,S","  236","H,,S"
"IRM00040845","2018-04-01","29.267","50.267","3.0","KHARG, IR","    0",",,S",,,"  215",",,S","  228","H,,S"
"IRM00040845","2018-04-02","29.267","50.267","3.0","KHARG, IR","    0",",,S","  263",",,S","  201",",,S","  234","H,,S"
"IRM00040845","2018-04-03","29.267","50.267","3.0","KHARG, IR","    0",",,S","  285",",,S","  197",",,S","  244","H,,S"
"IRM00040845","2018-04-04","29.267","50.267","3.0","KHARG, IR","    0",",,S","  279",",,S","  189",",,S","  245","H,,S"
"IRM00040845","2018-04-05","29.267","50.267","3.0","KHARG, IR","    0",",,S","  294",",,S","  222",",,S","  253","H,,S"
"IRM00040845","2018-04-06","29.267","50.267","3.0","KHARG, IR","   10",",,S","  278",",,S",,,"  248","H,,S"
"IRM00040845","2018-04-07","29.267","50.267","3.0","KHARG, IR","    0",",,S","  316",",,S","  217",",,S","  251","H,,S"
"IRM00040845","2018-04-08","29.267","50.267","3.0","KHARG, IR","    0",",,S","  276",",,S","  228",",,S","  254","H,,S"
"IRM00040845","2018-04-09","29.267","50.267","3.0","KHARG, IR","    0",",,S","  294",",,S","  218",",,S","  258","H,,S"
"IRM00040845","2018-04-10","29.267","50.267","3.0","KHARG, IR","    0",",,S","  294",",,S","  214",",,S","  259","H,,S"
"IRM00040845","2018-04-11","29.267","50.267","3.0","KHARG, IR","    0",",,S","  311",",,S","  234",",,S","  271","H,,S"
"IRM00040845","2018-04-12","29.267","50.267","3.0","KHARG, IR","    3",",,S","  283",",,S","  215",",,S","  251","H,,S"
"IRM00040845","2018-04-13","29.267","50.267","3.0","KHARG, IR","    0",",,S",,,"  220",",,S","  269","H,,S"
"IRM00040845","2018-04-14","29.267","50.267","3.0","KHARG, IR","    0",",,S","  272",",,S","  211",",,S","  252","H,,S"
"IRM00040845","2018-04-15","29.267","50.267","3.0","KHARG, IR","    0",",,S","  280",",,S","  209",",,S","  256","H,,S"
"IRM00040845","2018-04-16","29.267","50.267","3.0","KHARG, IR","    0",",,S","  272",",,S","  208",",,S","  252","H,,S"
"IRM00040845","2018-04-17","29.267","50.267","3.0","KHARG, IR","   13",",,S",,,"  199",",,S","  244","H,,S"
"IRM00040845","2018-04-18","29.267","50.267","3.0","KHARG, IR","    0",",,S","  270",",,S","  229",",,S","  253","H,,S"
"IRM00040845","2018-04-19","29.267","50.267","3.0","KHARG, IR","    0",",,S",,,"  230",",,S","  260","H,,S"
"IRM00040845","2018-04-20","29.267","50.267","3.0","KHARG, IR",,,"  301",",,S","  183",",,S","  268","H,,S"
"IRM00040845","2018-04-21","29.267","50.267","3.0","KHARG, IR","    0",",,S","  292",",,S","  229",",,S","  269","H,,S"
"IRM00040845","2018-04-22","29.267","50.267","3.0","KHARG, IR","    0",",,S","  324",",,S","  211",",,S","  283","H,,S"
"IRM00040845","2018-04-23","29.267","50.267","3.0","KHARG, IR","   10",",,S","  338",",,S","  237",",,S","  272","H,,S"
"IRM00040845","2018-04-24","29.267","50.267","3.0","KHARG, IR","    0",",,S","  272",",,S","  235",",,S","  258","H,,S"
"IRM00040845","2018-04-25","29.267","50.267","3.0","KHARG, IR","    0",",,S","  302",",,S","  229",",,S","  269","H,,S"
"IRM00040845","2018-04-26","29.267","50.267","3.0","KHARG, IR","    0",",,S",,,"  226",",,S","  282","H,,S"
"IRM00040845","2018-04-27","29.267","50.267","3.0","KHARG, IR","   18",",,S","  313",",,S","  218",",,S","  277","H,,S"
"IRM00040845","2018-04-28","29.267","50.267","3.0","KHARG, IR","  104",",,S","  284",",,S",,,"  258","H,,S"
"IRM00040845","2018-04-29","29.267","50.267","3.0","KHARG, IR","   10",",,S",,,"  239",",,S","  264","H,,S"
"IRM00040845","2018-04-30","29.267","50.267","3.0","KHARG, IR","    0",",,S","  310",",,S","  204",",,S","  268","H,,S"
"IRM00040845","2018-05-01","29.267","50.267","3.0","KHARG, IR","    0",",,S","  311",",,S","  229",",,S","  281","H,,S"
"IRM00040845","2018-05-02","29.267","50.267","3.0","KHARG, IR","    0",",,S","  330",",,S","  254",",,S","  286","H,,S"
"IRM00040845","2018-05-03","29.267","50.267","3.0","KHARG, IR","    0",",,S","  342",",,S","  254",",,S","  299","H,,S"
"IRM00040845","2018-05-04","29.267","50.267","3.0","KHARG, IR","    0",",,S","  310",",,S","  249",",,S","  283","H,,S"
"IRM00040845","2018-05-05","29.267","50.267","3.0","KHARG, IR","    0",",,S","  315",",,S","  230",",,S","  287","H,,S"
"IRM00040845","2018-05-06","29.267","50.267","3.0","KHARG, IR","    0",",,S","  350",",,S","  250",",,S","  303","H,,S"
"IRM00040845","2018-05-07","29.267","50.267","3.0","KHARG, IR","    0",",,S","  335",",,S","  250",",,S","  302","H,,S"
"IRM00040845","2018-05-08","29.267","50.267","3.0","KHARG, IR","    0",",,S","  414",",,S","  262",",,S","  342","H,,S"
"IRM00040845","2018-05-09","29.267","50.267","3.0","KHARG, IR","    0",",,S","  339",",,S","  273",",,S","  308","H,,S"
"IRM00040845","2018-05-10","29.267","50.267","3.0","KHARG, IR","   20",",,S","  305",",,S","  239",",,S","  277","H,,S"
"IRM00040845","2018-05-11","29.267","50.267","3.0","KHARG, IR","    0",",,S","  317",",,S","  223",",,S","  288","H,,S"
"IRM00040845","2018-05-12","29.267","50.267","3.0","KHARG, IR","    0",",,S","  322",",,S","  260",",,S","  297","H,,S"
"IRM00040845","2018-05-13","29.267","50.267","3.0","KHARG, IR","    0",",,S","  318",",,S",,,"  286","H,,S"
"IRM00040845","2018-05-14","29.267","50.267","3.0","KHARG, IR","    0",",,S",,,"  258",",,S","  291","H,,S"
"IRM00040845","2018-05-15","29.267","50.267","3.0","KHARG, IR","    0",",,S",,,"  229",",,S","  284","H,,S"
"IRM00040845","2018-05-16","29.267","50.267","3.0","KHARG, IR","    0",",,S","  325",",,S","  249",",,S","  292","H,,S"
"IRM00040845","2018-05-17","29.267","50.267","3.0","KHARG, IR","    0",",,S","  320",",,S","  260",",,S","  293","H,,S"
"IRM00040845","2018-05-18","29.267","50.267","3.0","KHARG, IR","    0",",,S","  335",",,S","  225",",,S","  299","H,,S"
"IRM00040845","2018-05-19","29.267","50.267","3.0","KHARG, IR","    0",",,S","  338",",,S","  233",",,S","  303","H,,S"
"IRM00040845","2018-05-20","29.267","50.267","3.0","KHARG, IR","    0",",,S","  342",",,S","  215",",,S","  307","H,,S"
"IRM00040845","2018-05-21","29.267","50.267","3.0","KHARG, IR","    0",",,S","  354",",,S","  238",",,S","  316","H,,S"
"IRM00040845","2018-05-22","29.267","50.267","3.0","KHARG, IR","    0",",,S","  361",",,S","  229",",,S","  302","H,,S"
"IRM00040845","2018-05-23","29.267","50.267","3.0","KHARG, IR","    0",",,S","  358",",,S","  227",",,S","  323","H,,S"
"IRM00040845","2018-05-24","29.267","50.267","3.0","KHARG, IR","    0",",,S","  362",",,S",,,"  312","H,,S"
"IRM00040845","2018-05-25","29.267","50.267","3.0","KHARG, IR","    0",",,S",,,"  274",",,S","  323","H,,S"
"IRM00040845","2018-05-26","29.267","50.267","3.0","KHARG, IR","    0",",,S","  349",",,S","  257",",,S","  314","H,,S"
"IRM00040845","2018-05-27","29.267","50.267","3.0","KHARG, IR","    0",",,S","  380",",,S","  260",",,S","  332","H,,S"
"IRM00040845","2018-05-28","29.267","50.267","3.0","KHARG, IR","    0",",,S","  376",",,S","  252",",,S","  328","H,,S"
"IRM00040845","2018-05-29","29.267","50.267","3.0","KHARG, IR","    0",",,S","  376",",,S","  254",",,S","  334","H,,S"
"IRM00040845","2018-05-30","29.267","50.267","3.0","KHARG, IR","    0",",,S","  370",",,S","  269",",,S","  328","H,,S"
"IRM00040845","2018-05-31","29.267","50.267","3.0","KHARG, IR","    0",",,S","  366",",,S","  278",",,S","  339","H,,S"
"IRM00040845","2018-06-01","29.267","50.267","3.0","KHARG, IR","    0",",,S","  367",",,S","  277",",,S","  346","H,,S"
"IRM00040845","2018-06-02","29.267","50.267","3.0","KHARG, IR","    0",",,S","  413",",,S","  286",",,S","  361","H,,S"
"IRM00040845","2018-06-03","29.267","50.267","3.0","KHARG, IR","    0",",,S",,,,,"  355","H,,S"
"IRM00040845","2018-06-04","29.267","50.267","3.0","KHARG, IR","    0",",,S","  430",",,S",,,"  363","H,,S"
"IRM00040845","2018-06-05","29.267","50.267","3.0","KHARG, IR","    0",",,S","  409",",,S","  295",",,S","  361","H,,S"
"IRM00040845","2018-06-06","29.267","50.267","3.0","KHARG, IR","    0",",,S","  406",",,S","  314",",,S","  368","H,,S"
"IRM00040845","2018-06-07","29.267","50.267","3.0","KHARG, IR","    0",",,S","  403",",,S","  324",",,S","  366","H,,S"
"IRM00040845","2018-06-08","29.267","50.267","3.0","KHARG, IR","    0",",,S","  375",",,S","  334",",,S","  359","H,,S"
"IRM00040845","2018-06-09","29.267","50.267","3.0","KHARG, IR","    0",",,S","  391",",,S","  315",",,S","  348","H,,S"
"IRM00040845","2018-06-10","29.267","50.267","3.0","KHARG, IR","    0",",,S","  410",",,S","  300",",,S","  352","H,,S"
"IRM00040845","2018-06-11","29.267","50.267","3.0","KHARG, IR","    0",",,S",,,"  309",",,S","  340","H,,S"
"IRM00040845","2018-06-12","29.267","50.267","3.0","KHARG, IR","    0",",,S","  380",",,S",,,"  344","H,,S"
"IRM00040845","2018-06-13","29.267","50.267","3.0","KHARG, IR","    0",",,S","  390",",,S","  318",",,S","  351","H,,S"
"IRM00040845","2018-06-14","29.267","50.267","3.0","KHARG, IR","    0",",,S","  395",",,S","  291",",,S","  353","H,,S"
"IRM00040845","2018-06-15","29.267","50.267","3.0","KHARG, IR","    0",",,S","  394",",,S","  315",",,S","  359","H,,S"
"IRM00040845","2018-06-16","29.267","50.267","3.0","KHARG, IR","    0",",,S","  370",",,S",,,"  341","H,,S"
"IRM00040845","2018-06-17","29.267","50.267","3.0","KHARG, IR","    0",",,S","  371",",,S","  310",",,S","  338","H,,S"
"IRM00040845","2018-06-18","29.267","50.267","3.0","KHARG, IR","    0",",,S","  383",",,S","  311",",,S","  348","H,,S"
"IRM00040845","2018-06-19","29.267","50.267","3.0","KHARG, IR","    0",",,S","  381",",,S","  317",",,S","  345","H,,S"
"IRM00040845","2018-06-20","29.267","50.267","3.0","KHARG, IR","    0",",,S","  376",",,S","  317",",,S","  342","H,,S"
"IRM00040845","2018-06-21","29.267","50.267","3.0","KHARG, IR","    0",",,S","  374",",,S",,,"  344","H,,S"
"IRM00040845","2018-06-22","29.267","50.267","3.0","KHARG, IR","    0",",,S","  353",",,S",,,"  331","H,,S"
"IRM00040845","2018-06-23","29.267","50.267","3.0","KHARG, IR","    0",",,S",,,"  304",",,S","  332","H,,S"
"IRM00040845","2018-06-24","29.267","50.267","3.0","KHARG, IR","    0",",,S","  355",",,S","  299",",,S","  331","H,,S"
"IRM00040845","2018-06-25","29.267","50.267","3.0","KHARG, IR","    0",",,S","  383",",,S","  262",",,S","  327","H,,S"
"IRM00040845","2018-06-26","29.267","50.267","3.0","KHARG, IR","    0",",,S","  378",",,S","  272",",,S","  333","H,,S"
"IRM00040845","2018-06-27","29.267","50.267","3.0","KHARG, IR","    0",",,S","  374",",,S","  298",",,S","  342","H,,S"
"IRM00040845","2018-06-28","29.267","50.267","3.0","KHARG, IR","    0",",,S","  381",",,S","  307",",,S","  348","H,,S"
"IRM00040845","2018-06-29","29.267","50.267","3.0","KHARG, IR","    0",",,S","  382",",,S","  290",",,S","  346","H,,S"
"IRM00040845","2018-06-30","29.267","50.267","3.0","KHARG, IR","    0",",,S",,,"  275",",,S","  327","H,,S"
"IRM00040845","2018-07-01","29.267","50.267","3.0","KHARG, IR","    0",",,S","  365",",,S","  286",",,S","  330","H,,S"
"IRM00040845","2018-07-02","29.267","50.267","3.0","KHARG, IR","    0",",,S",,,"  288",",,S","  337","H,,S"
"IRM00040845","2018-07-03","29.267","50.267","3.0","KHARG, IR","    0",",,S","  475",",,S","  280",",,S","  364","H,,S"
"IRM00040845","2018-07-04","29.267","50.267","3.0","KHARG, IR","    0",",,S","  470",",,S","  292",",,S","  397","H,,S"
"IRM00040845","2018-07-05","29.267","50.267","3.0","KHARG, IR","    0",",,S","  440",",,S","  287",",,S","  370","H,,S"
"IRM00040845","2018-07-06","29.267","50.267","3.0","KHARG, IR","    0",",,S","  412",",,S","  284",",,S","  362","H,,S"
"IRM00040845","2018-07-07","29.267","50.267","3.0","KHARG, IR","    0",",,S","  405",",,S",,,"  349","H,,S"
"IRM00040845","2018-07-08","29.267","50.267","3.0","KHARG, IR","    0",",,S","  394",",,S","  266",",,S","  349","H,,S"
"IRM00040845","2018-07-09","29.267","50.267","3.0","KHARG, IR","    0",",,S","  408",",,S","  344",",,S","  372","H,,S"
"IRM00040845","2018-07-10","29.267","50.267","3.0","KHARG, IR","    0",",,S",,,"  328",",,S","  356","H,,S"
"IRM00040845","2018-07-11","29.267","50.267","3.0","KHARG, IR","    0",",,S",,,"  315",",,S","  383","H,,S"
"IRM00040845","2018-07-12","29.267","50.267","3.0","KHARG, IR","    0",",,S","  413",",,S","  323",",,S","  376","H,,S"
"IRM00040845","2018-07-13","29.267","50.267","3.0","KHARG, IR","    0",",,S","  415",",,S","  319",",,S","  362","H,,S"
"IRM00040845","2018-07-14","29.267","50.267","3.0","KHARG, IR","    0",",,S","  392",",,S","  336",",,S","  367","H,,S"
"IRM00040845","2018-07-15","29.267","50.267","3.0","KHARG, IR","    0",",,S","  407",",,S",,,"  368","H,,S"
"IRM00040845","2018-07-16","29.267","50.267","3.0","KHARG, IR","    0",",,S","  406",",,S","  301",",,S","  377","H,,S"
"IRM00040845","2018-07-17","29.267","50.267","3.0","KHARG, IR","    0",",,S","  390",",,S","  327",",,S","  358","H,,S"
"IRM00040845","2018-07-18","29.267","50.267","3.0","KHARG, IR","    0",",,S","  376",",,S","  326",",,S","  350","H,,S"
"IRM00040845","2018-07-19","29.267","50.267","3.0","KHARG, IR","    0",",,S","  385",",,S","  293",",,S","  354","H,,S"
"IRM00040845","2018-07-20","29.267","50.267","3.0","KHARG, IR","    0",",,S",,,"  301",",,S","  350","H,,S"
"IRM00040845","2018-07-21","29.267","50.267","3.0","KHARG, IR","    0",",,S","  389",",,S","  323",",,S","  352","H,,S"
"IRM00040845","2018-07-22","29.267","50.267","3.0","KHARG, IR","    0",",,S",,,"  325",",,S","  351","H,,S"
"IRM00040845","2018-07-23","29.267","50.267","3.0","KHARG, IR","    0",",,S","  386",",,S","  326",",,S","  353","H,,S"
"IRM00040845","2018-07-24","29.267","50.267","3.0","KHARG, IR","    0",",,S","  400",",,S","  320",",,S","  358","H,,S"
"IRM00040845","2018-07-25","29.267","50.267","3.0","KHARG, IR","    0",",,S","  387",",,S","  303",",,S","  357","H,,S"
"IRM00040845","2018-07-26","29.267","50.267","3.0","KHARG, IR","    0",",,S","  376",",,S","  311",",,S","  364","H,,S"
"IRM00040845","2018-07-27","29.267","50.267","3.0","KHARG, IR",,,"  386",",,S","  310",",,S","  359","H,,S"
"IRM00040845","2018-07-28","29.267","50.267","3.0","KHARG, IR","    0",",,S","  409",",,S","  328",",,S","  356","H,,S"
"IRM00040845","2018-07-29","29.267","50.267","3.0","KHARG, IR","    0",",,S","  374",",,S","  316",",,S","  349","H,,S"
"IRM00040845","2018-07-30","29.267","50.267","3.0","KHARG, IR","    0",",,S","  382",",,S","  305",",,S","  351","H,,S"
"IRM00040845","2018-07-31","29.267","50.267","3.0","KHARG, IR","    0",",,S","  382",",,S","  328",",,S","  355","H,,S"
"IRM00040845","2018-08-01","29.267","50.267","3.0","KHARG, IR","    0",",,S","  383",",,S","  328",",,S","  348","H,,S"
"IRM00040845","2018-08-02","29.267","50.267","3.0","KHARG, IR","    0",",,S","  371",",,S","  310",",,S","  347","H,,S"
"IRM00040845","2018-08-03","29.267","50.267","3.0","KHARG, IR","    0",",,S","  383",",,S","  283",",,S","  360","H,,S"
"IRM00040845","2018-08-04","29.267","50.267","3.0","KHARG, IR","    0",",,S","  388",",,S","  280",",,S","  343","H,,S"
"IRM00040845","2018-08-05","29.267","50.267","3.0","KHARG, IR","    0",",,S","  391",",,S","  271",",,S","  353","H,,S"
"IRM00040845","2018-08-06","29.267","50.267","3.0","KHARG, IR","    0",",,S","  398",",,S","  305",",,S","  354","H,,S"
"IRM00040845","2018-08-07","29.267","50.267","3.0","KHARG, IR","    0",",,S","  395",",,S","  320",",,S","  356","H,,S"
"IRM00040845","2018-08-08","29.267","50.267","3.0","KHARG, IR","    0",",,S","  386",",,S","  325",",,S","  353","H,,S"
"IRM00040845","2018-08-09","29.267","50.267","3.0","KHARG, IR","    0",",,S","  388",",,S",,,"  353","H,,S"
"IRM00040845","2018-08-10","29.267","50.267","3.0","KHARG, IR","    0",",,S","  373",",,S","  301",",,S","  352","H,,S"
"IRM00040845","2018-08-11","29.267","50.267","3.0","KHARG, IR","    0",",,S","  389",",,S","  293",",,S","  346","H,,S"
"IRM00040845","2018-08-12","29.267","50.267","3.0","KHARG, IR","    0",",,S","  387",",,S","  324",",,S","  358","H,,S"
"IRM00040845","2018-08-13","29.267","50.267","3.0","KHARG, IR","    0",",,S",,,,,"  351","H,,S"
"IRM00040845","2018-08-14","29.267","50.267","3.0","KHARG, IR","    0",",,S","  376",",,S",,,"  347","H,,S"
"IRM00040845","2018-08-15","29.267","50.267","3.0","KHARG, IR","    0",",,S","  373",",,S","  316",",,S","  351","H,,S"
"IRM00040845","2018-08-16","29.267","50.267","3.0","KHARG, IR","    0",",,S","  383",",,S","  288",",,S","  357","H,,S"
"IRM00040845","2018-08-17","29.267","50.267","3.0","KHARG, IR","    0",",,S",,,"  287",",,S","  365","H,,S"
"IRM00040845","2018-08-18","29.267","50.267","3.0","KHARG, IR","    0",",,S","  382",",,S","  323",",,S","  351","H,,S"
"IRM00040845","2018-08-19","29.267","50.267","3.0","KHARG, IR","    0",",,S","  383",",,S","  306",",,S","  351","H,,S"
"IRM00040845","2018-08-20","29.267","50.267","3.0","KHARG, IR","    0",",,S","  383",",,S","  298",",,S","  352","H,,S"
"IRM00040845","2018-08-21","29.267","50.267","3.0","KHARG, IR","    0",",,S","  384",",,S","  277",",,S","  352","H,,S"
"IRM00040845","2018-08-22","29.267","50.267","3.0","KHARG, IR",,,,,,,"  348","H,,S"
"IRM00040845","2018-08-23","29.267","50.267","3.0","KHARG, IR","    0",",,S","  394",",,S","  296",",,S","  364","H,,S"
"IRM00040845","2018-08-24","29.267","50.267","3.0","KHARG, IR","    0",",,S","  381",",,S","  334",",,S","  364","H,,S"
"IRM00040845","2018-08-25","29.267","50.267","3.0","KHARG, IR","    0",",,S",,,"  311",",,S","  355","H,,S"
"IRM00040845","2018-08-26","29.267","50.267","3.0","KHARG, IR","    0",",,S","  416",",,S","  309",",,S","  362","H,,S"
"IRM00040845","2018-08-27","29.267","50.267","3.0","KHARG, IR","    0",",,S","  404",",,S","  290",",,S","  345","H,,S"
"IRM00040845","2018-08-28","29.267","50.267","3.0","KHARG, IR","    0",",,S","  385",",,S","  283",",,S","  333","H,,S"
"IRM00040845","2018-08-29","29.267","50.267","3.0","KHARG, IR","    0",",,S","  414",",,S","  297",",,S","  358","H,,S"
"IRM00040845","2018-08-30","29.267","50.267","3.0","KHARG, IR","    0",",,S","  380",",,S","  288",",,S","  343","H,,S"
"IRM00040845","2018-08-31","29.267","50.267","3.0","KHARG, IR","    0",",,S","  401",",,S","  283",",,S","  350","H,,S"
"IRM00040845","2018-09-01","29.267","50.267","3.0","KHARG, IR","    0",",,S","  406",",,S","  285",",,S","  347","H,,S"
"IRM00040845","2018-09-02","29.267","50.267","3.0","KHARG, IR","    0",",,S","  381",",,S","  287",",,S","  342","H,,S"
"IRM00040845","2018-09-03","29.267","50.267","3.0","KHARG, IR","    0",",,S",,,"  303",",,S","  347","H,,S"
"IRM00040845","2018-09-04","29.267","50.267","3.0","KHARG, IR","    0",",,S","  399",",,S","  293",",,S","  346","H,,S"
"IRM00040845","2018-09-05","29.267","50.267","3.0","KHARG, IR","    0",",,S","  384",",,S","  289",",,S","  350","H,,S"
"IRM00040845","2018-09-06","29.267","50.267","3.0","KHARG, IR","    0",",,S","  391",",,S","  284",",,S","  348","H,,S"
"IRM00040845","2018-09-07","29.267","50.267","3.0","KHARG, IR","    0",",,S","  385",",,S","  278",",,S","  357","H,,S"
"IRM00040845","2018-09-08","29.267","50.267","3.0","KHARG, IR","    0",",,S","  391",",,S","  284",",,S","  350","H,,S"
"IRM00040845","2018-09-09","29.267","50.267","3.0","KHARG, IR","    0",",,S","  397",",,S","  336",",,S","  367","H,,S"
"IRM00040845","2018-09-10","29.267","50.267","3.0","KHARG, IR","    0",",,S","  423",",,S","  301",",,S","  357","H,,S"
"IRM00040845","2018-09-11","29.267","50.267","3.0","KHARG, IR","    0",",,S","  380",",,S","  297",",,S","  344","H,,S"
"IRM00040845","2018-09-12","29.267","50.267","3.0","KHARG, IR","    0",",,S","  375",",,S","  293",",,S","  339","H,,S"
"IRM00040845","2018-09-13","29.267","50.267","3.0","KHARG, IR","    0",",,S","  384",",,S","  289",",,S","  353","H,,S"
"IRM00040845","2018-09-14","29.267","50.267","3.0","KHARG, IR","    0",",,S","  392",",,S","  290",",,S","  353","H,,S"
"IRM00040845","2018-09-15","29.267","50.267","3.0","KHARG, IR","    0",",,S","  391",",,S","  287",",,S","  341","H,,S"
"IRM00040845","2018-09-16","29.267","50.267","3.0","KHARG, IR","    0",",,S","  375",",,S","  289",",,S","  340","H,,S"
"IRM00040845","2018-09-19","29.267","50.267","3.0","KHARG, IR","    0",",,S","  376",",,S","  306",",,S","  348","H,,S"
"IRM00040845","2018-09-20","29.267","50.267","3.0","KHARG, IR","    0",",,S",,,"  293",",,S","  346","H,,S"
"IRM00040845","2018-09-21","29.267","50.267","3.0","KHARG, IR","    0",",,S","  395",",,S","  322",",,S","  358","H,,S"
"IRM00040845","2018-09-22","29.267","50.267","3.0","KHARG, IR","    0",",,S","  382",",,S","  304",",,S","  345","H,,S"
"IRM00040845","2018-09-23","29.267","50.267","3.0","KHARG, IR","    0",",,S","  388",",,S","  283",",,S","  342","H,,S"
"IRM00040845","2018-09-24","29.267","50.267","3.0","KHARG, IR","    0",",,S","  380",",,S","  294",",,S","  346","H,,S"
"IRM00040845","2018-09-25","29.267","50.267","3.0","KHARG, IR","    0",",,S","  375",",,S","  332",",,S","  352","H,,S"
"IRM00040845","2018-09-26","29.267","50.267","3.0","KHARG, IR","    0",",,S","  366",",,S","  300",",,S","  346","H,,S"
"IRM00040845","2018-09-27","29.267","50.267","3.0","KHARG, IR","    0",",,S","  381",",,S","  256",",,S","  343","H,,S"
"IRM00040845","2018-09-28","29.267","50.267","3.0","KHARG, IR","    0",",,S","  382",",,S","  287",",,S","  353","H,,S"
"IRM00040845","2018-09-29","29.267","50.267","3.0","KHARG, IR","    0",",,S","  381",",,S","  284",",,S","  347","H,,S"
"IRM00040845","2018-09-30","29.267","50.267","3.0","KHARG, IR","    0",",,S","  377",",,S","  276",",,S","  341","H,,S"
"IRM00040845","2018-10-01","29.267","50.267","3.0","KHARG, IR","    0",",,S","  357",",,S","  257",",,S","  326","H,,S"
"IRM00040845","2018-10-02","29.267","50.267","3.0","KHARG, IR","    0",",,S","  364",",,S","  263",",,S","  334","H,,S"
"IRM00040845","2018-10-03","29.267","50.267","3.0","KHARG, IR","    0",",,S","  363",",,S","  260",",,S","  339","H,,S"
"IRM00040845","2018-10-04","29.267","50.267","3.0","KHARG, IR","    0",",,S","  368",",,S","  263",",,S","  341","H,,S"
"IRM00040845","2018-10-05","29.267","50.267","3.0","KHARG, IR","    0",",,S","  354",",,S","  318",",,S","  341","H,,S"
"IRM00040845","2018-10-06","29.267","50.267","3.0","KHARG, IR","    0",",,S","  372",",,S",,,"  333","H,,S"
"IRM00040845","2018-10-07","29.267","50.267","3.0","KHARG, IR","    0",",,S","  365",",,S","  279",",,S","  328","H,,S"
"IRM00040845","2018-10-08","29.267","50.267","3.0","KHARG, IR","    0",",,S","  357",",,S","  265",",,S","  319","H,,S"
"IRM00040845","2018-10-09","29.267","50.267","3.0","KHARG, IR","    0",",,S","  354",",,S","  274",",,S","  334","H,,S"
"IRM00040845","2018-10-10","29.267","50.267","3.0","KHARG, IR","    0",",,S","  363",",,S","  272",",,S","  328","H,,S"
"IRM00040845","2018-10-11","29.267","50.267","3.0","KHARG, IR","    0",",,S","  345",",,S","  269",",,S","  322","H,,S"
"IRM00040845","2018-10-12","29.267","50.267","3.0","KHARG, IR","    0",",,S","  345",",,S","  258",",,S","  326","H,,S"
"IRM00040845","2018-10-13","29.267","50.267","3.0","KHARG, IR","    0",",,S","  337",",,S","  268",",,S","  314","H,,S"
"IRM00040845","2018-10-14","29.267","50.267","3.0","KHARG, IR","    0",",,S","  361",",,S","  272",",,S","  335","H,,S"
"IRM00040845","2018-10-15","29.267","50.267","3.0","KHARG, IR","    0",",,S",,,"  258",",,S","  313","H,,S"
"IRM00040845","2018-10-16","29.267","50.267","3.0","KHARG, IR","    0",",,S","  336",",,S","  288",",,S","  320","H,,S"
"IRM00040845","2018-10-17","29.267","50.267","3.0","KHARG, IR","    0",",,S","  335",",,S",,,"  312","H,,S"
"IRM00040845","2018-10-18","29.267","50.267","3.0","KHARG, IR","    0",",,S",,,"  265",",,S","  317","H,,S"
"IRM00040845","2018-10-19","29.267","50.267","3.0","KHARG, IR","    0",",,S","  330",",,S","  257",",,S","  313","H,,S"
"IRM00040845","2018-10-20","29.267","50.267","3.0","KHARG, IR","    0",",,S","  337",",,S",,,"  303","H,,S"
"IRM00040845","2018-10-21","29.267","50.267","3.0","KHARG, IR","    0",",,S","  334",",,S","  242",",,S","  303","H,,S"
"IRM00040845","2018-10-22","29.267","50.267","3.0","KHARG, IR","   86",",,S","  297",",,S",,,"  265","H,,S"
"IRM00040845","2018-10-23","29.267","50.267","3.0","KHARG, IR","   15",",,S","  311",",,S","  239",",,S","  294","H,,S"
"IRM00040845","2018-10-24","29.267","50.267","3.0","KHARG, IR","    0",",,S","  316",",,S","  285",",,S","  303","H,,S"
"IRM00040845","2018-10-25","29.267","50.267","3.0","KHARG, IR","    0",",,S","  321",",,S",,,"  304","H,,S"
"IRM00040845","2018-10-26","29.267","50.267","3.0","KHARG, IR","   15",",,S","  314",",,S","  236",",,S","  296","H,,S"
"IRM00040845","2018-10-27","29.267","50.267","3.0","KHARG, IR","  284",",,S","  274",",,S","  212",",,S","  259","H,,S"
"IRM00040845","2018-10-28","29.267","50.267","3.0","KHARG, IR","   91",",,S",,,"  237",",,S","  249","H,,S"
"IRM00040845","2018-10-29","29.267","50.267","3.0","KHARG, IR","    0",",,S",,,,,"  232","H,,S"
"IRM00040845","2018-10-30","29.267","50.267","3.0","KHARG, IR","    0",",,S","  260",",,S","  201",",,S","  243","H,,S"
"IRM00040845","2018-10-31","29.267","50.267","3.0","KHARG, IR","    0",",,S","  281",",,S","  234",",,S","  262","H,,S"
"IRM00040845","2018-11-01","29.267","50.267","3.0","KHARG, IR","    0",",,S",,,,,"  283","H,,S"
"IRM00040845","2018-11-02","29.267","50.267","3.0","KHARG, IR","    0",",,S","  311",",,S","  222",",,S","  282","H,,S"
"IRM00040845","2018-11-03","29.267","50.267","3.0","KHARG, IR","    0",",,S","  312",",,S","  227",",,S","  281","H,,S"
"IRM00040845","2018-11-04","29.267","50.267","3.0","KHARG, IR","    0",",,S","  304",",,S","  226",",,S","  273","H,,S"
"IRM00040845","2018-11-05","29.267","50.267","3.0","KHARG, IR","   79",",,S",,,"  200",",,S","  232","H,,S"
"IRM00040845","2018-11-06","29.267","50.267","3.0","KHARG, IR","  297",",,S",,,,,"  226","H,,S"
"IRM00040845","2018-11-07","29.267","50.267","3.0","KHARG, IR","  345",",,S","  270",",,S","  186",",,S","  250","H,,S"
"IRM00040845","2018-11-08","29.267","50.267","3.0","KHARG, IR","   79",",,S","  252",",,S","  200",",,S","  234","H,,S"
"IRM00040845","2018-11-09","29.267","50.267","3.0","KHARG, IR","  127",",,S","  241",",,S",,,"  224","H,,S"
"IRM00040845","2018-11-10","29.267","50.267","3.0","KHARG, IR","   46",",,S","  275",",,S","  207",",,S","  246","H,,S"
"IRM00040845","2018-11-11","29.267","50.267","3.0","KHARG, IR","   79",",,S","  263",",,S","  202",",,S","  241","H,,S"
"IRM00040845","2018-11-12","29.267","50.267","3.0","KHARG, IR","   15",",,S","  253",",,S","  216",",,S","  244","H,,S"
"IRM00040845","2018-11-13","29.267","50.267","3.0","KHARG, IR","    0",",,S","  240",",,S","  220",",,S","  234","H,,S"
"IRM00040845","2018-11-14","29.267","50.267","3.0","KHARG, IR","    0",",,S",,,,,"  223","H,,S"
"IRM00040845","2018-11-15","29.267","50.267","3.0","KHARG, IR","  107",",,S",,,"  195",",,S","  227","H,,S"
"IRM00040845","2018-11-16","29.267","50.267","3.0","KHARG, IR","  216",",,S","  247",",,S",,,"  233","H,,S"
"IRM00040845","2018-11-17","29.267","50.267","3.0","KHARG, IR","    0",",,S","  246",",,S","  209",",,S","  240","H,,S"
"IRM00040845","2018-11-18","29.267","50.267","3.0","KHARG, IR","    0",",,S",,,,,"  220","H,,S"
"IRM00040845","2018-11-19","29.267","50.267","3.0","KHARG, IR","    0",",,S","  223",",,S","  198",",,S","  212","H,,S"
"IRM00040845","2018-11-20","29.267","50.267","3.0","KHARG, IR","    0",",,S",,,"  198",",,S","  213","H,,S"
"IRM00040845","2018-11-21","29.267","50.267","3.0","KHARG, IR","    0",",,S",,,,,"  215","H,,S"
"IRM00040845","2018-11-22","29.267","50.267","3.0","KHARG, IR","    0",",,S","  244",",,S","  201",",,S","  225","H,,S"
"IRM00040845","2018-11-23","29.267","50.267","3.0","KHARG, IR","   56",",,S","  221",",,S","  179",",,S","  207","H,,S"
"IRM00040845","2018-11-24","29.267","50.267","3.0","KHARG, IR","   30",",,S","  255",",,S","  205",",,S","  235","H,,S"
"IRM00040845","2018-11-25","29.267","50.267","3.0","KHARG, IR","  531",",,S",,,"  171",",,S","  204","H,,S"
"IRM00040845","2018-11-26","29.267","50.267","3.0","KHARG, IR","  188",",,S",,,"  184",",,S","  202","H,,S"
"IRM00040845","2018-11-27","29.267","50.267","3.0","KHARG, IR","    0",",,S","  204",",,S",,,"  193","H,,S"
"IRM00040845","2018-11-28","29.267","50.267","3.0","KHARG, IR","    0",",,S",,,"  187",",,S","  199","H,,S"
"IRM00040845","2018-11-29","29.267","50.267","3.0","KHARG, IR","    0",",,S","  224",",,S","  190",",,S","  212","H,,S"
"IRM00040845","2018-11-30","29.267","50.267","3.0","KHARG, IR","    0",",,S","  265",",,S","  165",",,S","  226","H,,S"
"IRM00040845","2018-12-01","29.267","50.267","3.0","KHARG, IR","    0",",,S","  267",",,S","  175",",,S","  234","H,,S"
"IRM00040845","2018-12-02","29.267","50.267","3.0","KHARG, IR","    0",",,S","  243",",,S","  165",",,S","  226","H,,S"
"IRM00040845","2018-12-03","29.267","50.267","3.0","KHARG, IR","    0",",,S","  217",",,S","  207",",,S","  210","H,,S"
"IRM00040845","2018-12-04","29.267","50.267","3.0","KHARG, IR",,,"  213",",,S","  185",",,S","  203","H,,S"
"IRM00040845","2018-12-05","29.267","50.267","3.0","KHARG, IR","    0",",,S","  257",",,S","  148",",,S","  221","H,,S"
"IRM00040845","2018-12-06","29.267","50.267","3.0","KHARG, IR","    0",",,S","  251",",,S","  165",",,S","  231","H,,S"
"IRM00040845","2018-12-07","29.267","50.267","3.0","KHARG, IR","    0",",,S","  244",",,S",,,"  232","H,,S"
"IRM00040845","2018-12-08","29.267","50.267","3.0","KHARG, IR","    0",",,S","  231",",,S","  197",",,S","  221","H,,S"
"IRM00040845","2018-12-09","29.267","50.267","3.0","KHARG, IR","    0",",,S","  231",",,S","  175",",,S","  222","H,,S"
"IRM00040845","2018-12-10","29.267","50.267","3.0","KHARG, IR","    0",",,S","  231",",,S","  207",",,S","  217","H,,S"
"IRM00040845","2018-12-11","29.267","50.267","3.0","KHARG, IR","    0",",,S","  214",",,S",,,"  203","H,,S"
"IRM00040845","2018-12-12","29.267","50.267","3.0","KHARG, IR","    0",",,S",,,,,"  199","H,,S"
"IRM00040845","2018-12-13","29.267","50.267","3.0","KHARG, IR","    0",",,S",,,"  179",",,S","  204","H,,S"
"IRM00040845","2018-12-14","29.267","50.267","3.0","KHARG, IR","    0",",,S",,,"  143",",,S","  216","H,,S"
"IRM00040845","2018-12-15","29.267","50.267","3.0","KHARG, IR","    0",",,S",,,,,"  200","H,,S"
"IRM00040845","2018-12-16","29.267","50.267","3.0","KHARG, IR","    0",",,S",,,,,"  186","H,,S"
"IRM00040845","2018-12-17","29.267","50.267","3.0","KHARG, IR","    0",",,S","  223",",,S",,,"  200","H,,S"
"IRM00040845","2018-12-18","29.267","50.267","3.0","KHARG, IR","    0",",,S",,,"  142",",,S","  198","H,,S"
"IRM00040845","2018-12-19","29.267","50.267","3.0","KHARG, IR","   28",",,S","  201",",,S","  181",",,S","  195","H,,S"
"IRM00040845","2018-12-20","29.267","50.267","3.0","KHARG, IR","    0",",,S","  213",",,S","  164",",,S","  191","H,,S"
"IRM00040845","2018-12-21","29.267","50.267","3.0","KHARG, IR","    0",",,S","  216",",,S","  145",",,S","  197","H,,S"
"IRM00040845","2018-12-22","29.267","50.267","3.0","KHARG, IR","    0",",,S","  170",",,S",,,"  163","H,,S"
"IRM00040845","2018-12-23","29.267","50.267","3.0","KHARG, IR","    0",",,S","  165",",,S","  146",",,S","  155","H,,S"
"IRM00040845","2018-12-24","29.267","50.267","3.0","KHARG, IR","    0",",,S","  154",",,S","  133",",,S","  147","H,,S"
"IRM00040845","2018-12-25","29.267","50.267","3.0","KHARG, IR","    0",",,S","  163",",,S","  140",",,S","  156","H,,S"
"IRM00040845","2018-12-26","29.267","50.267","3.0","KHARG, IR","    0",",,S","  185",",,S","  156",",,S","  174","H,,S"
"IRM00040845","2018-12-27","29.267","50.267","3.0","KHARG, IR","    0",",,S","  225",",,S","  131",",,S","  197","H,,S"
"IRM00040845","2018-12-28","29.267","50.267","3.0","KHARG, IR","    5",",,S","  214",",,S","  190",",,S","  202","H,,S"
"IRM00040845","2018-12-29","29.267","50.267","3.0","KHARG, IR","   10",",,S",,,"  169",",,S","  178","H,,S"
"IRM00040845","2018-12-30","29.267","50.267","3.0","KHARG, IR","    0",",,S","  191",",,S","  162",",,S","  179","H,,S"
"IRM00040845","2018-12-31","29.267","50.267","3.0","KHARG, IR","   48",",,S",,,"  157",",,S","  176","H,,S"
"IRM00040845","2019-01-01","29.267","50.267","3.0","KHARG, IR","   91",",,S","  194",",,S","  169",",,S","  183","H,,S"
"IRM00040845","2019-01-02","29.267","50.267","3.0","KHARG, IR","    0",",,S",,,"  170",",,S","  201","H,,S"
"IRM00040845","2019-01-03","29.267","50.267","3.0","KHARG, IR","    0",",,S","  236",",,S","  193",",,S","  222","H,,S"
"IRM00040845","2019-01-04","29.267","50.267","3.0","KHARG, IR","    5",",,S","  185",",,S","  166",",,S","  175","H,,S"
"IRM00040845","2019-01-05","29.267","50.267","3.0","KHARG, IR","    0",",,S","  186",",,S","  158",",,S","  172","H,,S"
"IRM00040845","2019-01-06","29.267","50.267","3.0","KHARG, IR","    0",",,S","  227",",,S","  131",",,S","  201","H,,S"
"IRM00040845","2019-01-07","29.267","50.267","3.0","KHARG, IR","    0",",,S",,,,,"  201","H,,S"
"IRM00040845","2019-01-08","29.267","50.267","3.0","KHARG, IR","    0",",,S","  203",",,S",,,"  187","H,,S"
"IRM00040845","2019-01-09","29.267","50.267","3.0","KHARG, IR","    0",",,S",,,"  181",",,S","  221","H,,S"
"IRM00040845","2019-01-10","29.267","50.267","3.0","KHARG, IR","    0",",,S",,,,,"  159","H,,S"
"IRM00040845","2019-01-11","29.267","50.267","3.0","KHARG, IR","    0",",,S",,,"  125",",,S","  139","H,,S"
"IRM00040845","2019-01-12","29.267","50.267","3.0","KHARG, IR","    0",",,S",,,,,"  137","H,,S"
"IRM00040845","2019-01-13","29.267","50.267","3.0","KHARG, IR","    0",",,S","  200",",,S","  114",",,S","  174","H,,S"
"IRM00040845","2019-01-14","29.267","50.267","3.0","KHARG, IR","    0",",,S","  225",",,S","  176",",,S","  214","H,,S"
"IRM00040845","2019-01-15","29.267","50.267","3.0","KHARG, IR","    3",",,S","  218",",,S",,,"  203","H,,S"
"IRM00040845","2019-01-16","29.267","50.267","3.0","KHARG, IR","    0",",,S","  231",",,S","  182",",,S","  214","H,,S"
"IRM00040845","2019-01-17","29.267","50.267","3.0","KHARG, IR","    3",",,S","  238",",,S",,,"  190","H,,S"
"IRM00040845","2019-01-18","29.267","50.267","3.0","KHARG, IR","    0",",,S","  163",",,S",,,"  152","H,,S"
"IRM00040845","2019-01-19","29.267","50.267","3.0","KHARG, IR","    0",",,S",,,,,"  138","H,,S"
"IRM00040845","2019-01-20","29.267","50.267","3.0","KHARG, IR","    0",",,S","  145",",,S","  113",",,S","  134","H,,S"
"IRM00040845","2019-01-21","29.267","50.267","3.0","KHARG, IR","    0",",,S",,,"  127",",,S","  138","H,,S"
"IRM00040845","2019-01-22","29.267","50.267","3.0","KHARG, IR","    0",",,S","  161",",,S","  133",",,S","  151","H,,S"
"IRM00040845","2019-01-23","29.267","50.267","3.0","KHARG, IR","    0",",,S","  186",",,S","  146",",,S","  166","H,,S"
"IRM00040845","2019-01-24","29.267","50.267","3.0","KHARG, IR","    0",",,S","  212",",,S",,,"  187","H,,S"
"IRM00040845","2019-01-25","29.267","50.267","3.0","KHARG, IR","    0",",,S","  223",",,S",,,"  201","H,,S"
"IRM00040845","2019-01-26","29.267","50.267","3.0","KHARG, IR","    0",",,S",,,,,"  207","H,,S"
"IRM00040845","2019-01-27","29.267","50.267","3.0","KHARG, IR","    5",",,S",,,,,"  208","H,,S"
"IRM00040845","2019-01-28","29.267","50.267","3.0","KHARG, IR","    0",",,S","  235",",,S","  178",",,S","  211","H,,S"
"IRM00040845","2019-01-29","29.267","50.267","3.0","KHARG, IR","   51",",,S",,,,,"  182","H,,S"
"IRM00040845","2019-01-30","29.267","50.267","3.0","KHARG, IR","    0",",,S","  181",",,S",,,"  169","H,,S"
"IRM00040845","2019-01-31","29.267","50.267","3.0","KHARG, IR","    0",",,S","  192",",,S","  158",",,S","  181","H,,S"
"IRM00040845","2019-02-01","29.267","50.267","3.0","KHARG, IR","    0",",,S",,,"  159",",,S","  189","H,,S"
"IRM00040845","2019-02-02","29.267","50.267","3.0","KHARG, IR","   15",",,S",,,,,"  186","H,,S"
"IRM00040845","2019-02-03","29.267","50.267","3.0","KHARG, IR","    0",",,S","  192",",,S","  170",",,S","  181","H,,S"
"IRM00040845","2019-02-04","29.267","50.267","3.0","KHARG, IR","    0",",,S","  172",",,S",,,"  163","H,,S"
"IRM00040845","2019-02-05","29.267","50.267","3.0","KHARG, IR","    0",",,S","  180",",,S","  154",",,S","  173","H,,S"
"IRM00040845","2019-02-06","29.267","50.267","3.0","KHARG, IR","    0",",,S","  216",",,S","  158",",,S","  186","H,,S"
"IRM00040845","2019-02-07","29.267","50.267","3.0","KHARG, IR","    0",",,S",,,"  140",",,S","  179","H,,S"
"IRM00040845","2019-02-08","29.267","50.267","3.0","KHARG, IR","    0",",,S","  195",",,S","  111",",,S","  176","H,,S"
"IRM00040845","2019-02-09","29.267","50.267","3.0","KHARG, IR","    5",",,S","  195",",,S","  145",",,S","  178","H,,S"
"IRM00040845","2019-02-10","29.267","50.267","3.0","KHARG, IR","    5",",,S",,,,,"  181","H,,S"
"IRM00040845","2019-02-11","29.267","50.267","3.0","KHARG, IR","  191",",,S","  174",",,S",,,"  163","H,,S"
"IRM00040845","2019-02-12","29.267","50.267","3.0","KHARG, IR","  363",",,S","  170",",,S","  142",",,S","  159","H,,S"
"IRM00040845","2019-02-13","29.267","50.267","3.0","KHARG, IR","    0",",,S","  175",",,S","  150",",,S","  164","H,,S"
"IRM00040845","2019-02-14","29.267","50.267","3.0","KHARG, IR","    0",",,S","  194",",,S","  143",",,S","  178","H,,S"
"IRM00040845","2019-02-15","29.267","50.267","3.0","KHARG, IR","    0",",,S","  206",",,S","  160",",,S","  184","H,,S"
"IRM00040845","2019-02-16","29.267","50.267","3.0","KHARG, IR","   84",",,S","  183",",,S","  165",",,S","  175","H,,S"
"IRM00040845","2019-02-17","29.267","50.267","3.0","KHARG, IR","    0",",,S","  171",",,S","  147",",,S","  162","H,,S"
"IRM00040845","2019-02-18","29.267","50.267","3.0","KHARG, IR","    0",",,S","  182",",,S","  159",",,S","  171","H,,S"
"IRM00040845","2019-02-19","29.267","50.267","3.0","KHARG, IR","    0",",,S","  173",",,S",,,"  163","H,,S"
"IRM00040845","2019-02-20","29.267","50.267","3.0","KHARG, IR","    0",",,S","  176",",,S","  147",",,S","  163","H,,S"
"IRM00040845","2019-02-21","29.267","50.267","3.0","KHARG, IR","    0",",,S","  192",",,S","  153",",,S","  180","H,,S"
"IRM00040845","2019-02-22","29.267","50.267","3.0","KHARG, IR","    0",",,S","  198",",,S","  101",",,S","  172","H,,S"
"IRM00040845","2019-02-23","29.267","50.267","3.0","KHARG, IR","    0",",,S","  206",",,S","  120",",,S","  178","H,,S"
"IRM00040845","2019-02-24","29.267","50.267","3.0","KHARG, IR","    0",",,S","  215",",,S","  125",",,S","  184","H,,S"
"IRM00040845","2019-02-25","29.267","50.267","3.0","KHARG, IR","    0",",,S","  201",",,S","  158",",,S","  186","H,,S"
"IRM00040845","2019-02-26","29.267","50.267","3.0","KHARG, IR","    0",",,S","  191",",,S",,,"  179","H,,S"
"IRM00040845","2019-02-27","29.267","50.267","3.0","KHARG, IR","    0",",,S","  207",",,S","  136",",,S","  182","H,,S"
"IRM00040845","2019-02-28","29.267","50.267","3.0","KHARG, IR","   79",",,S","  218",",,S","  167",",,S","  197","H,,S"
"IRM00040845","2019-03-01","29.267","50.267","3.0","KHARG, IR","    0",",,S","  194",",,S","  140",",,S","  172","H,,S"
"IRM00040845","2019-03-02","29.267","50.267","3.0","KHARG, IR","    0",",,S","  164",",,S","  139",",,S","  156","H,,S"
"IRM00040845","2019-03-03","29.267","50.267","3.0","KHARG, IR","    0",",,S","  184",",,S","  149",",,S","  172","H,,S"
"IRM00040845","2019-03-04","29.267","50.267","3.0","KHARG, IR","    0",",,S","  194",",,S",,,"  178","H,,S"
"IRM00040845","2019-03-05","29.267","50.267","3.0","KHARG, IR","    0",",,S","  207",",,S","  151",",,S","  185","H,,S"
"IRM00040845","2019-03-06","29.267","50.267","3.0","KHARG, IR","    0",",,S","  205",",,S","  142",",,S","  189","H,,S"
"IRM00040845","2019-03-07","29.267","50.267","3.0","KHARG, IR","    0",",,S","  204",",,S","  174",",,S","  191","H,,S"
"IRM00040845","2019-03-08","29.267","50.267","3.0","KHARG, IR","    0",",,S","  231",",,S","  120",",,S","  201","H,,S"
"IRM00040845","2019-03-09","29.267","50.267","3.0","KHARG, IR","    0",",,S",,,"  128",",,S","  166","H,,S"
"IRM00040845","2019-03-10","29.267","50.267","3.0","KHARG, IR","    0",",,S",,,,,"  185","H,,S"
"IRM00040845","2019-03-11","29.267","50.267","3.0","KHARG, IR","    0",",,S","  222",",,S",,,"  190","H,,S"
"IRM00040845","2019-03-12","29.267","50.267","3.0","KHARG, IR","    0",",,S","  220",",,S","  110",",,S","  185","H,,S"
"IRM00040845","2019-03-13","29.267","50.267","3.0","KHARG, IR","    0",",,S","  224",",,S","  167",",,S","  194","H,,S"
"IRM00040845","2019-03-14","29.267","50.267","3.0","KHARG, IR","    0",",,S","  213",",,S","  135",",,S","  193","H,,S"
"IRM00040845","2019-03-15","29.267","50.267","3.0","KHARG, IR","    0",",,S",,,"  188",",,S","  211","H,,S"
"IRM00040845","2019-03-16","29.267","50.267","3.0","KHARG, IR","    0",",,S","  253",",,S","  161",",,S","  222","H,,S"
"IRM00040845","2019-03-17","29.267","50.267","3.0","KHARG, IR","   20",",,S",,,"  189",",,S","  213","H,,S"
"IRM00040845","2019-03-18","29.267","50.267","3.0","KHARG, IR","    0",",,S","  215",",,S","  129",",,S","  192","H,,S"
"IRM00040845","2019-03-19","29.267","50.267","3.0","KHARG, IR","    0",",,S","  204",",,S","  169",",,S","  190","H,,S"
"IRM00040845","2019-03-20","29.267","50.267","3.0","KHARG, IR","    0",",,S",,,"  174",",,S","  196","H,,S"
"IRM00040845","2019-03-21","29.267","50.267","3.0","KHARG, IR","    0",",,S","  237",",,S",,,"  209","H,,S"
"IRM00040845","2019-03-22","29.267","50.267","3.0","KHARG, IR","    0",",,S","  264",",,S","  180",",,S","  229","H,,S"
"IRM00040845","2019-03-23","29.267","50.267","3.0","KHARG, IR","    0",",,S","  269",",,S","  169",",,S","  216","H,,S"
"IRM00040845","2019-03-24","29.267","50.267","3.0","KHARG, IR",,,"  261",",,S","  169",",,S","  217","H,,S"
"IRM00040845","2019-03-25","29.267","50.267","3.0","KHARG, IR","   91",",,S",,,,,"  225","H,,S"
"IRM00040845","2019-03-26","29.267","50.267","3.0","KHARG, IR","  163",",,S","  233",",,S","  197",",,S","  207","H,,S"
"IRM00040845","2019-03-27","29.267","50.267","3.0","KHARG, IR","  114",",,S","  226",",,S","  148",",,S","  203","H,,S"
"IRM00040845","2019-03-28","29.267","50.267","3.0","KHARG, IR","    0",",,S",,,,,"  204","H,,S"
"IRM00040845","2019-03-29","29.267","50.267","3.0","KHARG, IR","    0",",,S","  233",",,S","  152",",,S","  214","H,,S"
"IRM00040845","2019-03-30","29.267","50.267","3.0","KHARG, IR","    0",",,S","  235",",,S","  160",",,S","  210","H,,S"
"IRM00040845","2019-03-31","29.267","50.267","3.0","KHARG, IR","   10",",,S","  237",",,S","  195",",,S","  217","H,,S"
"IRM00040845","2019-04-01","29.267","50.267","3.0","KHARG, IR","   51",",,S","  262",",,S","  205",",,S","  227","H,,S"
"IRM00040845","2019-04-02","29.267","50.267","3.0","KHARG, IR","    0",",,S","  221",",,S","  186",",,S","  206","H,,S"
"IRM00040845","2019-04-03","29.267","50.267","3.0","KHARG, IR","    0",",,S","  264",",,S",,,"  225","H,,S"
"IRM00040845","2019-04-04","29.267","50.267","3.0","KHARG, IR","    0",",,S","  280",",,S","  195",",,S","  244","H,,S"
"IRM00040845","2019-04-05","29.267","50.267","3.0","KHARG, IR","    0",",,S","  294",",,S","  193",",,S","  262","H,,S"
"IRM00040845","2019-04-06","29.267","50.267","3.0","KHARG, IR","   76",",,S","  319",",,S","  194",",,S","  252","H,,S"
"IRM00040845","2019-04-07","29.267","50.267","3.0","KHARG, IR","    0",",,S","  297",",,S","  210",",,S","  254","H,,S"
"IRM00040845","2019-04-08","29.267","50.267","3.0","KHARG, IR","    0",",,S","  271",",,S","  198",",,S","  243","H,,S"
"IRM00040845","2019-04-09","29.267","50.267","3.0","KHARG, IR","    0",",,S","  253",",,S","  178",",,S","  219","H,,S"
"IRM00040845","2019-04-10","29.267","50.267","3.0","KHARG, IR","    5",",,S","  297",",,S","  180",",,S","  252","H,,S"
"IRM00040845","2019-04-11","29.267","50.267","3.0","KHARG, IR","    0",",,S","  308",",,S","  180",",,S","  259","H,,S"
"IRM00040845","2019-04-12","29.267","50.267","3.0","KHARG, IR","    0",",,S","  295",",,S","  213",",,S","  235","H,,S"
"IRM00040845","2019-04-13","29.267","50.267","3.0","KHARG, IR","   18",",,S","  235",",,S","  192",",,S","  222","H,,S"
"IRM00040845","2019-04-14","29.267","50.267","3.0","KHARG, IR","    0",",,S","  260",",,S","  168",",,S","  236","H,,S"
"IRM00040845","2019-04-15","29.267","50.267","3.0","KHARG, IR","    0",",,S","  275",",,S","  177",",,S","  237","H,,S"
"IRM00040845","2019-04-16","29.267","50.267","3.0","KHARG, IR","    0",",,S",,,"  164",",,S","  242","H,,S"
"IRM00040845","2019-04-17","29.267","50.267","3.0","KHARG, IR","    0",",,S","  308",",,S","  205",",,S","  265","H,,S"
"IRM00040845","2019-04-18","29.267","50.267","3.0","KHARG, IR","    0",",,S","  318",",,S","  225",",,S","  271","H,,S"
"IRM00040845","2019-04-19","29.267","50.267","3.0","KHARG, IR","    5",",,S","  298",",,S","  230",",,S","  273","H,,S"
"IRM00040845","2019-04-20","29.267","50.267","3.0","KHARG, IR","   10",",,S","  270",",,S","  196",",,S","  246","H,,S"
"IRM00040845","2019-04-21","29.267","50.267","3.0","KHARG, IR","    0",",,S",,,"  225",",,S","  248","H,,S"
"IRM00040845","2019-04-22","29.267","50.267","3.0","KHARG, IR","    0",",,S","  263",",,S","  190",",,S","  225","H,,S"
"IRM00040845","2019-04-23","29.267","50.267","3.0","KHARG, IR","    0",",,S","  240",",,S","  188",",,S","  219","H,,S"
"IRM00040845","2019-04-24","29.267","50.267","3.0","KHARG, IR","    0",",,S","  240",",,S","  200",",,S","  223","H,,S"
"IRM00040845","2019-04-25","29.267","50.267","3.0","KHARG, IR","    0",",,S","  244",",,S","  196",",,S","  225","H,,S"
"IRM00040845","2019-04-26","29.267","50.267","3.0","KHARG, IR","    0",",,S","  254",",,S","  174",",,S","  232","H,,S"
"IRM00040845","2019-04-27","29.267","50.267","3.0","KHARG, IR","    0",",,S","  267",",,S","  166",",,S","  233","H,,S"
"IRM00040845","2019-04-28","29.267","50.267","3.0","KHARG, IR","    0",",,S",,,"  209",",,S","  233","H,,S"
"IRM00040845","2019-04-29","29.267","50.267","3.0","KHARG, IR","    0",",,S",,,,,"  247","H,,S"
"IRM00040845","2019-04-30","29.267","50.267","3.0","KHARG, IR","    0",",,S","  302",",,S","  193",",,S","  269","H,,S"
"IRM00040845","2019-05-01","29.267","50.267","3.0","KHARG, IR","    0",",,S","  301",",,S","  227",",,S","  267","H,,S"
"IRM00040845","2019-05-02","29.267","50.267","3.0","KHARG, IR","    0",",,S","  337",",,S","  224",",,S","  306","H,,S"
"IRM00040845","2019-05-03","29.267","50.267","3.0","KHARG, IR","    0",",,S","  344",",,S","  227",",,S","  293","H,,S"
"IRM00040845","2019-05-04","29.267","50.267","3.0","KHARG, IR","    0",",,S","  355",",,S","  239",",,S","  311","H,,S"
"IRM00040845","2019-05-05","29.267","50.267","3.0","KHARG, IR","    0",",,S","  351",",,S","  239",",,S","  298","H,,S"
"IRM00040845","2019-05-06","29.267","50.267","3.0","KHARG, IR","    0",",,S","  296",",,S","  247",",,S","  276","H,,S"
"IRM00040845","2019-05-07","29.267","50.267","3.0","KHARG, IR","    0",",,S","  325",",,S","  237",",,S","  287","H,,S"
"IRM00040845","2019-05-08","29.267","50.267","3.0","KHARG, IR","    0",",,S","  379",",,S","  225",",,S","  302","H,,S"
"IRM00040845","2019-05-09","29.267","50.267","3.0","KHARG, IR","    0",",,S","  360",",,S","  250",",,S","  315","H,,S"
"IRM00040845","2019-05-10","29.267","50.267","3.0","KHARG, IR","    0",",,S","  316",",,S","  260",",,S","  297","H,,S"
"IRM00040845","2019-05-11","29.267","50.267","3.0","KHARG, IR","    0",",,S","  302",",,S","  255",",,S","  279","H,,S"
"IRM00040845","2019-05-12","29.267","50.267","3.0","KHARG, IR","    0",",,S","  316",",,S","  252",",,S","  272","H,,S"
"IRM00040845","2019-05-13","29.267","50.267","3.0","KHARG, IR","    0",",,S","  343",",,S","  216",",,S","  293","H,,S"
"IRM00040845","2019-05-14","29.267","50.267","3.0","KHARG, IR","    0",",,S",,,"  257",",,S","  302","H,,S"
"IRM00040845","2019-05-15","29.267","50.267","3.0","KHARG, IR","    0",",,S","  361",",,S","  241",",,S","  312","H,,S"
"IRM00040845","2019-05-16","29.267","50.267","3.0","KHARG, IR","    0",",,S","  360",",,S","  233",",,S","  319","H,,S"
"IRM00040845","2019-05-17","29.267","50.267","3.0","KHARG, IR","    0",",,S","  340",",,S","  254",",,S","  312","H,,S"
"IRM00040845","2019-05-18","29.267","50.267","3.0","KHARG, IR","    0",",,S","  367",",,S","  235",",,S","  299","H,,S"
"IRM00040845","2019-05-19","29.267","50.267","3.0","KHARG, IR","    0",",,S","  343",",,S","  263",",,S","  304","H,,S"
"IRM00040845","2019-05-20","29.267","50.267","3.0","KHARG, IR","    0",",,S","  365",",,S","  240",",,S","  317","H,,S"
"IRM00040845","2019-05-21","29.267","50.267","3.0","KHARG, IR","    0",",,S","  340",",,S","  261",",,S","  303","H,,S"
"IRM00040845","2019-05-22","29.267","50.267","3.0","KHARG, IR","    0",",,S",,,"  254",",,S","  309","H,,S"
"IRM00040845","2019-05-23","29.267","50.267","3.0","KHARG, IR","    0",",,S","  346",",,S","  275",",,S","  322","H,,S"
"IRM00040845","2019-05-24","29.267","50.267","3.0","KHARG, IR","    0",",,S",,,"  250",",,S","  319","H,,S"
"IRM00040845","2019-05-25","29.267","50.267","3.0","KHARG, IR","    0",",,S",,,,,"  319","H,,S"
"IRM00040845","2019-05-26","29.267","50.267","3.0","KHARG, IR","    0",",,S","  387",",,S","  257",",,S","  336","H,,S"
"IRM00040845","2019-05-27","29.267","50.267","3.0","KHARG, IR","    0",",,S","  381",",,S","  285",",,S","  337","H,,S"
"IRM00040845","2019-05-28","29.267","50.267","3.0","KHARG, IR","    0",",,S","  374",",,S",,,"  328","H,,S"
"IRM00040845","2019-05-29","29.267","50.267","3.0","KHARG, IR","    0",",,S","  386",",,S","  297",",,S","  340","H,,S"
"IRM00040845","2019-05-30","29.267","50.267","3.0","KHARG, IR","    0",",,S","  391",",,S","  264",",,S","  354","H,,S"
"IRM00040845","2019-05-31","29.267","50.267","3.0","KHARG, IR","    0",",,S",,,"  300",",,S","  352","H,,S"
"IRM00040845","2019-06-01","29.267","50.267","3.0","KHARG, IR","    0",",,S","  384",",,S","  249",",,S","  331","H,,S"
"IRM00040845","2019-06-02","29.267","50.267","3.0","KHARG, IR","    0",",,S","  366",",,S","  264",",,S","  329","H,,S"
"IRM00040845","2019-06-03","29.267","50.267","3.0","KHARG, IR","    0",",,S","  373",",,S","  293",",,S","  346","H,,S"
"IRM00040845","2019-06-04","29.267","50.267","3.0","KHARG, IR","    0",",,S",,,"  285",",,S","  335","H,,S"
"IRM00040845","2019-06-05","29.267","50.267","3.0","KHARG, IR","    0",",,S","  403",",,S",,,"  352","H,,S"
"IRM00040845","2019-06-06","29.267","50.267","3.0","KHARG, IR","    0",",,S","  407",",,S","  276",",,S","  359","H,,S"
"IRM00040845","2019-06-07","29.267","50.267","3.0","KHARG, IR","    0",",,S","  427",",,S","  307",",,S","  379","H,,S"
"IRM00040845","2019-06-08","29.267","50.267","3.0","KHARG, IR","    0",",,S",,,,,"  352","H,,S"
"IRM00040845","2019-06-09","29.267","50.267","3.0","KHARG, IR","    0",",,S","  425",",,S","  279",",,S","  368","H,,S"
"IRM00040845","2019-06-10","29.267","50.267","3.0","KHARG, IR","    0",",,S","  397",",,S","  302",",,S","  371","H,,S"
"IRM00040845","2019-06-11","29.267","50.267","3.0","KHARG, IR","    0",",,S","  436",",,S","  317",",,S","  378","H,,S"
"IRM00040845","2019-06-12","29.267","50.267","3.0","KHARG, IR","    0",",,S","  383",",,S","  335",",,S","  367","H,,S"
"IRM00040845","2019-06-13","29.267","50.267","3.0","KHARG, IR","    0",",,S","  380",",,S","  326",",,S","  356","H,,S"
"IRM00040845","2019-06-14","29.267","50.267","3.0","KHARG, IR","    0",",,S","  415",",,S","  314",",,S","  364","H,,S"
"IRM00040845","2019-06-15","29.267","50.267","3.0","KHARG, IR","    0",",,S","  415",",,S","  308",",,S","  366","H,,S"
"IRM00040845","2019-06-16","29.267","50.267","3.0","KHARG, IR","    0",",,S","  386",",,S",,,"  355","H,,S"
"IRM00040845","2019-06-17","29.267","50.267","3.0","KHARG, IR","    0",",,S","  383",",,S",,,"  355","H,,S"
"IRM00040845","2019-06-18","29.267","50.267","3.0","KHARG, IR","    0",",,S",,,"  322",",,S","  358","H,,S"
"IRM00040845","2019-06-19","29.267","50.267","3.0","KHARG, IR","    0",",,S",,,"  325",",,S","  348","H,,S"
"IRM00040845","2019-06-20","29.267","50.267","3.0","KHARG, IR","    0",",,S","  363",",,S",,,"  334","H,,S"
"IRM00040845","2019-06-21","29.267","50.267","3.0","KHARG, IR","    0",",,S","  360",",,S",,,"  339","H,,S"
"IRM00040845","2019-06-22","29.267","50.267","3.0","KHARG, IR","    0",",,S","  360",",,S","  302",",,S","  330","H,,S"
"IRM00040845","2019-06-23","29.267","50.267","3.0","KHARG, IR","    0",",,S","  411",",,S","  275",",,S","  343","H,,S"
"IRM00040845","2019-06-24","29.267","50.267","3.0","KHARG, IR","    0",",,S","  391",",,S","  287",",,S","  349","H,,S"
"IRM00040845","2019-06-25","29.267","50.267","3.0","KHARG, IR","    0",",,S","  401",",,S","  299",",,S","  359","H,,S"
"IRM00040845","2019-06-26","29.267","50.267","3.0","KHARG, IR","    0",",,S","  420",",,S","  320",",,S","  368","H,,S"
"IRM00040845","2019-06-27","29.267","50.267","3.0","KHARG, IR","    0",",,S","  395",",,S","  284",",,S","  354","H,,S"
"IRM00040845","2019-06-28","29.267","50.267","3.0","KHARG, IR","    0",",,S","  395",",,S","  289",",,S","  344","H,,S"
"IRM00040845","2019-06-29","29.267","50.267","3.0","KHARG, IR","    0",",,S","  400",",,S","  288",",,S","  338","H,,S"
"IRM00040845","2019-06-30","29.267","50.267","3.0","KHARG, IR","    0",",,S","  420",",,S","  256",",,S","  366","H,,S"
"IRM00040845","2019-07-01","29.267","50.267","3.0","KHARG, IR","    0",",,S","  391",",,S","  296",",,S","  364","H,,S"
"IRM00040845","2019-07-02","29.267","50.267","3.0","KHARG, IR","    0",",,S","  383",",,S","  325",",,S","  348","H,,S"
"IRM00040845","2019-07-03","29.267","50.267","3.0","KHARG, IR","    0",",,S","  400",",,S",,,"  347","H,,S"
"IRM00040845","2019-07-04","29.267","50.267","3.0","KHARG, IR","    0",",,S","  374",",,S","  299",",,S","  352","H,,S"
"IRM00040845","2019-07-05","29.267","50.267","3.0","KHARG, IR","    0",",,S","  363",",,S","  325",",,S","  347","H,,S"
"IRM00040845","2019-07-06","29.267","50.267","3.0","KHARG, IR","    0",",,S","  382",",,S","  297",",,S","  353","H,,S"
"IRM00040845","2019-07-07","29.267","50.267","3.0","KHARG, IR","    0",",,S",,,"  301",",,S","  357","H,,S"
"IRM00040845","2019-07-08","29.267","50.267","3.0","KHARG, IR","    0",",,S",,,,,"  359","H,,S"
"IRM00040845","2019-07-09","29.267","50.267","3.0","KHARG, IR","    0",",,S",,,"  311",",,S","  356","H,,S"
"IRM00040845","2019-07-10","29.267","50.267","3.0","KHARG, IR","    0",",,S","  397",",,S",,,"  352","H,,S"
"IRM00040845","2019-07-11","29.267","50.267","3.0","KHARG, IR","    0",",,S","  380",",,S","  276",",,S","  351","H,,S"
"IRM00040845","2019-07-12","29.267","50.267","3.0","KHARG, IR","    0",",,S",,,"  306",",,S","  361","H,,S"
"IRM00040845","2019-07-13","29.267","50.267","3.0","KHARG, IR","    0",",,S","  380",",,S",,,"  349","H,,S"
"IRM00040845","2019-07-14","29.267","50.267","3.0","KHARG, IR","    0",",,S",,,"  319",",,S","  343","H,,S"
"IRM00040845","2019-07-15","29.267","50.267","3.0","KHARG, IR","    0",",,S","  374",",,S",,,"  342","H,,S"
"IRM00040845","2019-07-16","29.267","50.267","3.0","KHARG, IR","    0",",,S","  383",",,S","  318",",,S","  343","H,,S"
"IRM00040845","2019-07-17","29.267","50.267","3.0","KHARG, IR","    0",",,S","  366",",,S","  317",",,S","  343","H,,S"
"IRM00040845","2019-07-18","29.267","50.267","3.0","KHARG, IR","    0",",,S","  376",",,S","  308",",,S","  342","H,,S"
"IRM00040845","2019-07-19","29.267","50.267","3.0","KHARG, IR","    0",",,S","  398",",,S","  282",",,S","  350","H,,S"
"IRM00040845","2019-07-20","29.267","50.267","3.0","KHARG, IR","    0",",,S","  359",",,S","  292",",,S","  327","H,,S"
"IRM00040845","2019-07-21","29.267","50.267","3.0","KHARG, IR","    0",",,S",,,"  292",",,S","  341","H,,S"
"IRM00040845","2019-07-22","29.267","50.267","3.0","KHARG, IR","    0",",,S","  385",",,S","  293",",,S","  348","H,,S"
"IRM00040845","2019-07-23","29.267","50.267","3.0","KHARG, IR","    0",",,S","  380",",,S","  304",",,S","  349","H,,S"
"IRM00040845","2019-07-24","29.267","50.267","3.0","KHARG, IR","    0",",,S","  391",",,S","  304",",,S","  351","H,,S"
"IRM00040845","2019-07-25","29.267","50.267","3.0","KHARG, IR","    0",",,S","  370",",,S","  286",",,S","  345","H,,S"
"IRM00040845","2019-07-26","29.267","50.267","3.0","KHARG, IR","    0",",,S","  384",",,S","  301",",,S","  368","H,,S"
"IRM00040845","2019-07-27","29.267","50.267","3.0","KHARG, IR","    0",",,S","  388",",,S","  280",",,S","  348","H,,S"
"IRM00040845","2019-07-28","29.267","50.267","3.0","KHARG, IR","    0",",,S","  385",",,S","  303",",,S","  344","H,,S"
"IRM00040845","2019-07-29","29.267","50.267","3.0","KHARG, IR","    0",",,S",,,"  274",",,S","  340","H,,S"
"IRM00040845","2019-07-30","29.267","50.267","3.0","KHARG, IR","    0",",,S","  413",",,S","  298",",,S","  364","H,,S"
"IRM00040845","2019-07-31","29.267","50.267","3.0","KHARG, IR","    0",",,S","  412",",,S","  333",",,S","  376","H,,S"
"IRM00040845","2019-08-01","29.267","50.267","3.0","KHARG, IR","    0",",,S","  387",",,S","  316",",,S","  366","H,,S"
"IRM00040845","2019-08-02","29.267","50.267","3.0","KHARG, IR","    0",",,S","  394",",,S","  298",",,S","  357","H,,S"
"IRM00040845","2019-08-03","29.267","50.267","3.0","KHARG, IR","    0",",,S","  400",",,S","  319",",,S","  363","H,,S"
"IRM00040845","2019-08-04","29.267","50.267","3.0","KHARG, IR","    0",",,S","  384",",,S",,,"  361","H,,S"
"IRM00040845","2019-08-05","29.267","50.267","3.0","KHARG, IR","    0",",,S","  390",",,S","  319",",,S","  366","H,,S"
"IRM00040845","2019-08-06","29.267","50.267","3.0","KHARG, IR","    0",",,S","  380",",,S","  330",",,S","  356","H,,S"
"IRM00040845","2019-08-07","29.267","50.267","3.0","KHARG, IR","    0",",,S","  381",",,S","  311",",,S","  355","H,,S"
"IRM00040845","2019-08-08","29.267","50.267","3.0","KHARG, IR","    0",",,S","  375",",,S","  339",",,S","  357","H,,S"
"IRM00040845","2019-08-09","29.267","50.267","3.0","KHARG, IR","    0",",,S","  372",",,S","  331",",,S","  354","H,,S"
"IRM00040845","2019-08-10","29.267","50.267","3.0","KHARG, IR","    0",",,S",,,"  326",",,S","  348","H,,S"
"IRM00040845","2019-08-11","29.267","50.267","3.0","KHARG, IR","    0",",,S","  382",",,S",,,"  355","H,,S"
"IRM00040845","2019-08-12","29.267","50.267","3.0","KHARG, IR","    0",",,S","  383",",,S","  316",",,S","  359","H,,S"
"IRM00040845","2019-08-13","29.267","50.267","3.0","KHARG, IR","    0",",,S","  400",",,S","  290",",,S","  348","H,,S"
"IRM00040845","2019-08-14","29.267","50.267","3.0","KHARG, IR","    0",",,S","  404",",,S","  307",",,S","  353","H,,S"
"IRM00040845","2019-08-15","29.267","50.267","3.0","KHARG, IR","    0",",,S","  409",",,S",,,"  361","H,,S"
"IRM00040845","2019-08-16","29.267","50.267","3.0","KHARG, IR","    0",",,S","  387",",,S","  317",",,S","  363","H,,S"
"IRM00040845","2019-08-17","29.267","50.267","3.0","KHARG, IR","    0",",,S","  380",",,S","  336",",,S","  359","H,,S"
"IRM00040845","2019-08-18","29.267","50.267","3.0","KHARG, IR","    0",",,S","  372",",,S","  311",",,S","  356","H,,S"
"IRM00040845","2019-08-19","29.267","50.267","3.0","KHARG, IR","    0",",,S","  382",",,S","  280",",,S","  346","H,,S"
"IRM00040845","2019-08-20","29.267","50.267","3.0","KHARG, IR","    0",",,S","  394",",,S","  283",",,S","  351","H,,S"
"IRM00040845","2019-08-21","29.267","50.267","3.0","KHARG, IR","    0",",,S",,,"  294",",,S","  359","H,,S"
"IRM00040845","2019-08-22","29.267","50.267","3.0","KHARG, IR","    0",",,S","  384",",,S","  312",",,S","  349","H,,S"
"IRM00040845","2019-08-23","29.267","50.267","3.0","KHARG, IR","    0",",,S","  373",",,S","  312",",,S","  347","H,,S"
"IRM00040845","2019-08-24","29.267","50.267","3.0","KHARG, IR","    0",",,S","  393",",,S",,,"  342","H,,S"
"IRM00040845","2019-08-25","29.267","50.267","3.0","KHARG, IR","    0",",,S","  373",",,S","  280",",,S","  340","H,,S"
"IRM00040845","2019-08-26","29.267","50.267","3.0","KHARG, IR","    0",",,S","  401",",,S","  279",",,S","  348","H,,S"
"IRM00040845","2019-08-27","29.267","50.267","3.0","KHARG, IR","    0",",,S","  429",",,S","  297",",,S","  359","H,,S"
"IRM00040845","2019-08-28","29.267","50.267","3.0","KHARG, IR","    0",",,S","  404",",,S","  302",",,S","  352","H,,S"
"IRM00040845","2019-08-29","29.267","50.267","3.0","KHARG, IR","    0",",,S","  404",",,S","  292",",,S","  357","H,,S"
"IRM00040845","2019-08-30","29.267","50.267","3.0","KHARG, IR","    0",",,S","  400",",,S","  300",",,S","  358","H,,S"
"IRM00040845","2019-08-31","29.267","50.267","3.0","KHARG, IR","    0",",,S","  397",",,S","  277",",,S","  349","H,,S"
"IRM00040845","2019-09-01","29.267","50.267","3.0","KHARG, IR","    0",",,S","  398",",,S","  296",",,S","  357","H,,S"
"IRM00040845","2019-09-02","29.267","50.267","3.0","KHARG, IR","    0",",,S",,,,,"  370","H,,S"
"IRM00040845","2019-09-03","29.267","50.267","3.0","KHARG, IR","    0",",,S","  413",",,S","  308",",,S","  356","H,,S"
"IRM00040845","2019-09-04","29.267","50.267","3.0","KHARG, IR","    0",",,S","  382",",,S","  337",",,S","  364","H,,S"
"IRM00040845","2019-09-05","29.267","50.267","3.0","KHARG, IR","    0",",,S","  380",",,S","  329",",,S","  357","H,,S"
"IRM00040845","2019-09-06","29.267","50.267","3.0","KHARG, IR","    0",",,S",,,"  303",",,S","  373","H,,S"
"IRM00040845","2019-09-07","29.267","50.267","3.0","KHARG, IR","    0",",,S","  383",",,S","  339",",,S","  359","H,,S"
"IRM00040845","2019-09-08","29.267","50.267","3.0","KHARG, IR","    0",",,S",,,"  334",",,S","  354","H,,S"
"IRM00040845","2019-09-09","29.267","50.267","3.0","KHARG, IR","    0",",,S","  360",",,S","  329",",,S","  346","H,,S"
"IRM00040845","2019-09-10","29.267","50.267","3.0","KHARG, IR","    0",",,S","  362",",,S","  325",",,S","  341","H,,S"
"IRM00040845","2019-09-11","29.267","50.267","3.0","KHARG, IR","    0",",,S","  355",",,S","  317",",,S","  334","H,,S"
"IRM00040845","2019-09-12","29.267","50.267","3.0","KHARG, IR","    0",",,S","  356",",,S","  296",",,S","  338","H,,S"
"IRM00040845","2019-09-13","29.267","50.267","3.0","KHARG, IR","    0",",,S",,,"  317",",,S","  345","H,,S"
"IRM00040845","2019-09-14","29.267","50.267","3.0","KHARG, IR","    0",",,S","  373",",,S",,,"  339","H,,S"
"IRM00040845","2019-09-15","29.267","50.267","3.0","KHARG, IR","    0",",,S","  364",",,S","  274",",,S","  327","H,,S"
"IRM00040845","2019-09-16","29.267","50.267","3.0","KHARG, IR","    0",",,S","  373",",,S","  244",",,S","  318","H,,S"
"IRM00040845","2019-09-17","29.267","50.267","3.0","KHARG, IR","    0",",,S","  372",",,S","  273",",,S","  337","H,,S"
"IRM00040845","2019-09-18","29.267","50.267","3.0","KHARG, IR","    0",",,S",,,"  256",",,S","  333","H,,S"
"IRM00040845","2019-09-19","29.267","50.267","3.0","KHARG, IR","    0",",,S","  365",",,S",,,"  334","H,,S"
"IRM00040845","2019-09-20","29.267","50.267","3.0","KHARG, IR","    0",",,S",,,"  283",",,S","  344","H,,S"
"IRM00040845","2019-09-21","29.267","50.267","3.0","KHARG, IR","    0",",,S","  363",",,S","  250",",,S","  302","H,,S"
"IRM00040845","2019-09-22","29.267","50.267","3.0","KHARG, IR","    0",",,S","  365",",,S","  255",",,S","  324","H,,S"
"IRM00040845","2019-09-23","29.267","50.267","3.0","KHARG, IR","    0",",,S","  354",",,S","  267",",,S","  333","H,,S"
"IRM00040845","2019-09-24","29.267","50.267","3.0","KHARG, IR","    0",",,S","  382",",,S","  277",",,S","  343","H,,S"
"IRM00040845","2019-09-25","29.267","50.267","3.0","KHARG, IR","    0",",,S","  365",",,S","  300",",,S","  340","H,,S"
"IRM00040845","2019-09-26","29.267","50.267","3.0","KHARG, IR","    0",",,S","  361",",,S","  280",",,S","  334","H,,S"
"IRM00040845","2019-09-27","29.267","50.267","3.0","KHARG, IR","    0",",,S",,,"  275",",,S","  331","H,,S"
"IRM00040845","2019-09-28","29.267","50.267","3.0","KHARG, IR","    0",",,S","  360",",,S","  285",",,S","  338","H,,S"
"IRM00040845","2019-09-29","29.267","50.267","3.0","KHARG, IR","    0",",,S","  376",",,S","  261",",,S","  344","H,,S"
"IRM00040845","2019-09-30","29.267","50.267","3.0","KHARG, IR","    0",",,S","  372",",,S",,,"  331","H,,S"
"IRM00040845","2019-10-01","29.267","50.267","3.0","KHARG, IR","    0",",,S","  369",",,S","  266",",,S","  323","H,,S"
"IRM00040845","2019-10-02","29.267","50.267","3.0","KHARG, IR","    0",",,S",,,"  278",",,S","  343","H,,S"
"IRM00040845","2019-10-03","29.267","50.267","3.0","KHARG, IR","    0",",,S","  373",",,S","  286",",,S","  342","H,,S"
"IRM00040845","2019-10-04","29.267","50.267","3.0","KHARG, IR","    0",",,S","  364",",,S","  283",",,S","  339","H,,S"
"IRM00040845","2019-10-05","29.267","50.267","3.0","KHARG, IR","    0",",,S",,,"  296",",,S","  325","H,,S"
"IRM00040845","2019-10-06","29.267","50.267","3.0","KHARG, IR","    0",",,S","  355",",,S","  264",",,S","  321","H,,S"
"IRM00040845","2019-10-07","29.267","50.267","3.0","KHARG, IR","    0",",,S","  353",",,S","  259",",,S","  320","H,,S"
"IRM00040845","2019-10-08","29.267","50.267","3.0","KHARG, IR","    0",",,S","  349",",,S","  285",",,S","  321","H,,S"
"IRM00040845","2019-10-09","29.267","50.267","3.0","KHARG, IR","    0",",,S","  344",",,S","  301",",,S","  328","H,,S"
"IRM00040845","2019-10-10","29.267","50.267","3.0","KHARG, IR","    0",",,S",,,"  268",",,S","  331","H,,S"
"IRM00040845","2019-10-11","29.267","50.267","3.0","KHARG, IR","    0",",,S","  361",",,S","  282",",,S","  337","H,,S"
"IRM00040845","2019-10-12","29.267","50.267","3.0","KHARG, IR","    0",",,S","  363",",,S","  260",",,S","  319","H,,S"
"IRM00040845","2019-10-13","29.267","50.267","3.0","KHARG, IR","    0",",,S","  356",",,S","  249",",,S","  321","H,,S"
"IRM00040845","2019-10-14","29.267","50.267","3.0","KHARG, IR","    0",",,S","  350",",,S","  257",",,S","  326","H,,S"
"IRM00040845","2019-10-15","29.267","50.267","3.0","KHARG, IR","    0",",,S","  343",",,S",,,"  325","H,,S"
"IRM00040845","2019-10-16","29.267","50.267","3.0","KHARG, IR","    0",",,S","  343",",,S","  266",",,S","  323","H,,S"
"IRM00040845","2019-10-17","29.267","50.267","3.0","KHARG, IR","    0",",,S","  341",",,S","  247",",,S","  317","H,,S"
"IRM00040845","2019-10-18","29.267","50.267","3.0","KHARG, IR","    0",",,S","  344",",,S","  254",",,S","  316","H,,S"
"IRM00040845","2019-10-19","29.267","50.267","3.0","KHARG, IR","    0",",,S","  350",",,S","  246",",,S","  318","H,,S"
"IRM00040845","2019-10-20","29.267","50.267","3.0","KHARG, IR","    0",",,S","  347",",,S","  263",",,S","  319","H,,S"
"IRM00040845","2019-10-21","29.267","50.267","3.0","KHARG, IR","    0",",,S","  333",",,S","  256",",,S","  310","H,,S"
"IRM00040845","2019-10-22","29.267","50.267","3.0","KHARG, IR","    0",",,S",,,"  243",",,S","  313","H,,S"
"IRM00040845","2019-10-23","29.267","50.267","3.0","KHARG, IR","    0",",,S","  355",",,S","  267",",,S","  319","H,,S"
"IRM00040845","2019-10-24","29.267","50.267","3.0","KHARG, IR","    0",",,S","  336",",,S","  259",",,S","  309","H,,S"
"IRM00040845","2019-10-25","29.267","50.267","3.0","KHARG, IR","    0",",,S",,,"  262",",,S","  316","H,,S"
"IRM00040845","2019-10-26","29.267","50.267","3.0","KHARG, IR","    0",",,S","  335",",,S","  263",",,S","  319","H,,S"
"IRM00040845","2019-10-27","29.267","50.267","3.0","KHARG, IR","    0",",,S",,,"  268",",,S","  283","H,,S"
"IRM00040845","2019-10-28","29.267","50.267","3.0","KHARG, IR","    0",",,S","  311",",,S","  260",",,S","  294","H,,S"
"IRM00040845","2019-10-29","29.267","50.267","3.0","KHARG, IR","    3",",,S","  349",",,S","  261",",,S","  304","H,,S"
"IRM00040845","2019-10-30","29.267","50.267","3.0","KHARG, IR","    8",",,S",,,"  255",",,S","  294","H,,S"
"IRM00040845","2019-10-31","29.267","50.267","3.0","KHARG, IR","    0",",,S","  311",",,S","  277",",,S","  297","H,,S"
"IRM00040845","2019-11-01","29.267","50.267","3.0","KHARG, IR","    0",",,S",,,,,"  259","H,,S"
"IRM00040845","2019-11-02","29.267","50.267","3.0","KHARG, IR","    0",",,S",,,"  247",",,S","  265","H,,S"
"IRM00040845","2019-11-03","29.267","50.267","3.0","KHARG, IR","    0",",,S","  290",",,S","  256",",,S","  277","H,,S"
"IRM00040845","2019-11-04","29.267","50.267","3.0","KHARG, IR","    0",",,S","  312",",,S",,,"  281","H,,S"
"IRM00040845","2019-11-05","29.267","50.267","3.0","KHARG, IR","    0",",,S","  296",",,S","  265",",,S","  283","H,,S"
"IRM00040845","2019-11-06","29.267","50.267","3.0","KHARG, IR","    0",",,S",,,"  256",",,S","  267","H,,S"
"IRM00040845","2019-11-07","29.267","50.267","3.0","KHARG, IR","    0",",,S",,,"  248",",,S","  275","H,,S"
"IRM00040845","2019-11-08","29.267","50.267","3.0","KHARG, IR","    0",",,S","  294",",,S","  248",",,S","  281","H,,S"
"IRM00040845","2019-11-09","29.267","50.267","3.0","KHARG, IR","    0",",,S",,,"  256",",,S","  277","H,,S"
"IRM00040845","2019-11-10","29.267","50.267","3.0","KHARG, IR","    0",",,S","  302",",,S","  227",",,S","  278","H,,S"
"IRM00040845","2019-11-11","29.267","50.267","3.0","KHARG, IR","    0",",,S","  291",",,S","  208",",,S","  263","H,,S"
"IRM00040845","2019-11-12","29.267","50.267","3.0","KHARG, IR","    0",",,S","  282",",,S",,,"  259","H,,S"
"IRM00040845","2019-11-13","29.267","50.267","3.0","KHARG, IR","    0",",,S",,,"  207",",,S","  261","H,,S"
"IRM00040845","2019-11-14","29.267","50.267","3.0","KHARG, IR","    0",",,S","  281",",,S","  183",",,S","  251","H,,S"
"IRM00040845","2019-11-15","29.267","50.267","3.0","KHARG, IR","    0",",,S","  266",",,S","  174",",,S","  243","H,,S"
"IRM00040845","2019-11-16","29.267","50.267","3.0","KHARG, IR","    0",",,S","  264",",,S","  184",",,S","  236","H,,S"
"IRM00040845","2019-11-17","29.267","50.267","3.0","KHARG, IR",,,,,,,"  209","H,,S"
"IRM00040845","2019-11-18","29.267","50.267","3.0","KHARG, IR","  643",",,S",,,"  161",",,S","  192","H,,S"
"IRM00040845","2019-11-19","29.267","50.267","3.0","KHARG, IR","  635",",,S","  216",",,S",,,"  204","H,,S"
"IRM00040845","2019-11-20","29.267","50.267","3.0","KHARG, IR","    0",",,S",,,"  178",",,S","  197","H,,S"
"IRM00040845","2019-11-21","29.267","50.267","3.0","KHARG, IR","    0",",,S","  213",",,S","  173",",,S","  201","H,,S"
"IRM00040845","2019-11-22","29.267","50.267","3.0","KHARG, IR","    0",",,S",,,"  180",",,S","  210","H,,S"
"IRM00040845","2019-11-23","29.267","50.267","3.0","KHARG, IR","    0",",,S","  233",",,S","  134",",,S","  204","H,,S"
"IRM00040845","2019-11-24","29.267","50.267","3.0","KHARG, IR","    0",",,S","  233",",,S","  137",",,S","  209","H,,S"
"IRM00040845","2019-11-25","29.267","50.267","3.0","KHARG, IR","    0",",,S","  214",",,S","  170",",,S","  206","H,,S"
"IRM00040845","2019-11-26","29.267","50.267","3.0","KHARG, IR","   15",",,S","  245",",,S","  174",",,S","  222","H,,S"
"IRM00040845","2019-11-27","29.267","50.267","3.0","KHARG, IR","    0",",,S","  252",",,S","  169",",,S","  234","H,,S"
"IRM00040845","2019-11-28","29.267","50.267","3.0","KHARG, IR","    0",",,S","  253",",,S","  163",",,S","  224","H,,S"
"IRM00040845","2019-11-29","29.267","50.267","3.0","KHARG, IR","    0",",,S","  259",",,S","  174",",,S","  234","H,,S"
"IRM00040845","2019-11-30","29.267","50.267","3.0","KHARG, IR","    0",",,S",,,"  179",",,S","  233","H,,S"
"IRM00040845","2019-12-01","29.267","50.267","3.0","KHARG, IR","    0",",,S","  245",",,S",,,"  232","H,,S"
"IRM00040845","2019-12-02","29.267","50.267","3.0","KHARG, IR","    0",",,S",,,"  171",",,S","  228","H,,S"
"IRM00040845","2019-12-03","29.267","50.267","3.0","KHARG, IR","  526",",,S","  245",",,S",,,"  216","H,,S"
"IRM00040845","2019-12-04","29.267","50.267","3.0","KHARG, IR","    0",",,S","  206",",,S","  187",",,S","  195","H,,S"
"IRM00040845","2019-12-05","29.267","50.267","3.0","KHARG, IR","    0",",,S","  204",",,S","  184",",,S","  196","H,,S"
"IRM00040845","2019-12-06","29.267","50.267","3.0","KHARG, IR","    0",",,S","  230",",,S","  132",",,S","  210","H,,S"
"IRM00040845","2019-12-07","29.267","50.267","3.0","KHARG, IR","    0",",,S",,,"  176",",,S","  222","H,,S"
"IRM00040845","2019-12-08","29.267","50.267","3.0","KHARG, IR","  378",",,S",,,,,"  192","H,,S"
"IRM00040845","2019-12-09","29.267","50.267","3.0","KHARG, IR","    0",",,S","  196",",,S","  165",",,S","  183","H,,S"
"IRM00040845","2019-12-10","29.267","50.267","3.0","KHARG, IR","    0",",,S","  211",",,S","  184",",,S","  201","H,,S"
"IRM00040845","2019-12-11","29.267","50.267","3.0","KHARG, IR","    0",",,S","  223",",,S","  180",",,S","  208","H,,S"
"IRM00040845","2019-12-12","29.267","50.267","3.0","KHARG, IR","    0",",,S","  212",",,S","  186",",,S","  204","H,,S"
"IRM00040845","2019-12-13","29.267","50.267","3.0","KHARG, IR","   64",",,S","  223",",,S","  145",",,S","  201","H,,S"
"IRM00040845","2019-12-14","29.267","50.267","3.0","KHARG, IR","    0",",,S","  227",",,S",,,"  206","H,,S"
"IRM00040845","2019-12-15","29.267","50.267","3.0","KHARG, IR","    0",",,S","  230",",,S",,,"  207","H,,S"
"IRM00040845","2019-12-16","29.267","50.267","3.0","KHARG, IR","   69",",,S",,,"  177",",,S","  194","H,,S"
"IRM00040845","2019-12-17","29.267","50.267","3.0","KHARG, IR","  660",",,S","  201",",,S","  167",",,S","  189","H,,S"
"IRM00040845","2019-12-18","29.267","50.267","3.0","KHARG, IR","    0",",,S","  195",",,S","  168",",,S","  183","H,,S"
"IRM00040845","2019-12-19","29.267","50.267","3.0","KHARG, IR","    0",",,S",,,"  165",",,S","  178","H,,S"
"IRM00040845","2019-12-20","29.267","50.267","3.0","KHARG, IR","    0",",,S",,,,,"  187","H,,S"
"IRM00040845","2019-12-21","29.267","50.267","3.0","KHARG, IR","    0",",,S","  202",",,S","  170",",,S","  190","H,,S"
"IRM00040845","2019-12-22","29.267","50.267","3.0","KHARG, IR","    0",",,S","  203",",,S","  175",",,S","  194","H,,S"
"IRM00040845","2019-12-23","29.267","50.267","3.0","KHARG, IR","    0",",,S","  200",",,S",,,"  187","H,,S"
"IRM00040845","2019-12-24","29.267","50.267","3.0","KHARG, IR","    0",",,S","  203",",,S",,,"  183","H,,S"
"IRM00040845","2019-12-25","29.267","50.267","3.0","KHARG, IR","    0",",,S","  226",",,S","  112",",,S","  182","H,,S"
"IRM00040845","2019-12-26","29.267","50.267","3.0","KHARG, IR","    0",",,S","  224",",,S","  169",",,S","  207","H,,S"
"IRM00040845","2019-12-27","29.267","50.267","3.0","KHARG, IR","    0",",,S","  232",",,S",,,"  209","H,,S"
"IRM00040845","2019-12-28","29.267","50.267","3.0","KHARG, IR","    0",",,S",,,"  185",",,S","  206","H,,S"
"IRM00040845","2019-12-29","29.267","50.267","3.0","KHARG, IR","    0",",,S","  221",",,S","  188",",,S","  206","H,,S"
"IRM00040845","2019-12-30","29.267","50.267","3.0","KHARG, IR","    0",",,S","  230",",,S",,,"  201","H,,S"
"IRM00040845","2019-12-31","29.267","50.267","3.0","KHARG, IR","    0",",,S",,,"  133",",,S","  200","H,,S"
"IRM00040845","2020-01-01","29.267","50.267","3.0","KHARG, IR","    0",",,S","  190",",,S",,,"  183","H,,S"
"IRM00040845","2020-01-02","29.267","50.267","3.0","KHARG, IR","    0",",,S","  192",",,S","  159",",,S","  176","H,,S"
"IRM00040845","2020-01-03","29.267","50.267","3.0","KHARG, IR","    0",",,S","  223",",,S","  142",",,S","  205","H,,S"
"IRM00040845","2020-01-04","29.267","50.267","3.0","KHARG, IR","   10",",,S","  234",",,S","  190",",,S","  211","H,,S"
"IRM00040845","2020-01-05","29.267","50.267","3.0","KHARG, IR","    3",",,S","  211",",,S","  188",",,S","  194","H,,S"
"IRM00040845","2020-01-06","29.267","50.267","3.0","KHARG, IR","    0",",,S","  191",",,S","  168",",,S","  182","H,,S"
"IRM00040845","2020-01-07","29.267","50.267","3.0","KHARG, IR","    0",",,S",,,"  165",",,S","  182","H,,S"
"IRM00040845","2020-01-08","29.267","50.267","3.0","KHARG, IR","    0",",,S","  218",",,S","  111",",,S","  183","H,,S"
"IRM00040845","2020-01-09","29.267","50.267","3.0","KHARG, IR","    0",",,S","  206",",,S",,,"  188","H,,S"
"IRM00040845","2020-01-10","29.267","50.267","3.0","KHARG, IR","    3",",,S",,,"  169",",,S","  186","H,,S"
"IRM00040845","2020-01-11","29.267","50.267","3.0","KHARG, IR","    0",",,S",,,,,"  158","H,,S"
"IRM00040845","2020-01-12","29.267","50.267","3.0","KHARG, IR","   43",",,S","  165",",,S","  130",",,S","  157","H,,S"
"IRM00040845","2020-01-13","29.267","50.267","3.0","KHARG, IR","    0",",,S","  187",",,S",,,"  164","H,,S"
"IRM00040845","2020-01-14","29.267","50.267","3.0","KHARG, IR","    8",",,S",,,"   97",",,S","  151","H,,S"
"IRM00040845","2020-01-15","29.267","50.267","3.0","KHARG, IR","   84",",,S","  182",",,S",,,"  165","H,,S"
"IRM00040845","2020-01-16","29.267","50.267","3.0","KHARG, IR","    0",",,S","  212",",,S",,,"  172","H,,S"
"IRM00040845","2020-01-17","29.267","50.267","3.0","KHARG, IR","    0",",,S",,,"  109",",,S","  176","H,,S"
"IRM00040845","2020-01-18","29.267","50.267","3.0","KHARG, IR","    0",",,S","  212",",,S","  184",",,S","  203","H,,S"
"IRM00040845","2020-01-19","29.267","50.267","3.0","KHARG, IR","   15",",,S","  210",",,S",,,"  187","H,,S"
"IRM00040845","2020-01-20","29.267","50.267","3.0","KHARG, IR","   71",",,S","  194",",,S","  174",",,S","  186","H,,S"
"IRM00040845","2020-01-21","29.267","50.267","3.0","KHARG, IR","    0",",,S","  203",",,S","  168",",,S","  184","H,,S"
"IRM00040845","2020-01-22","29.267","50.267","3.0","KHARG, IR","    0",",,S","  201",",,S","  147",",,S","  184","H,,S"
"IRM00040845","2020-01-23","29.267","50.267","3.0","KHARG, IR","   66",",,S","  175",",,S",,,"  161","H,,S"
"IRM00040845","2020-01-24","29.267","50.267","3.0","KHARG, IR","    0",",,S","  167",",,S",,,"  152","H,,S"
"IRM00040845","2020-01-25","29.267","50.267","3.0","KHARG, IR","    0",",,S",,,"   87",",,S","  162","H,,S"
"IRM00040845","2020-01-26","29.267","50.267","3.0","KHARG, IR","   33",",,S",,,"  126",",,S","  147","H,,S"
"IRM00040845","2020-01-27","29.267","50.267","3.0","KHARG, IR","    0",",,S","  151",",,S","  124",",,S","  141","H,,S"
"IRM00040845","2020-01-28","29.267","50.267","3.0","KHARG, IR","    0",",,S",,,"  138",",,S","  158","H,,S"
"IRM00040845","2020-01-29","29.267","50.267","3.0","KHARG, IR","    0",",,S","  190",",,S","   90",",,S","  164","H,,S"
"IRM00040845","2020-01-30","29.267","50.267","3.0","KHARG, IR","    0",",,S","  202",",,S","  162",",,S","  186","H,,S"
"IRM00040845","2020-01-31","29.267","50.267","3.0","KHARG, IR","    0",",,S","  212",",,S","  155",",,S","  184","H,,S"
"IRM00040845","2020-02-01","29.267","50.267","3.0","KHARG, IR","    0",",,S",,,"  107",",,S","  175","H,,S"
"IRM00040845","2020-02-02","29.267","50.267","3.0","KHARG, IR","   25",",,S","  173",",,S","  145",",,S","  165","H,,S"
"IRM00040845","2020-02-03","29.267","50.267","3.0","KHARG, IR","    0",",,S","  170",",,S","  147",",,S","  160","H,,S"
"IRM00040845","2020-02-04","29.267","50.267","3.0","KHARG, IR","    0",",,S",,,"  137",",,S","  154","H,,S"
"IRM00040845","2020-02-05","29.267","50.267","3.0","KHARG, IR","    0",",,S","  192",",,S","  115",",,S","  177","H,,S"
"IRM00040845","2020-02-06","29.267","50.267","3.0","KHARG, IR","    0",",,S","  224",",,S",,,"  190","H,,S"
"IRM00040845","2020-02-07","29.267","50.267","3.0","KHARG, IR","    0",",,S","  246",",,S","  139",",,S","  205","H,,S"
"IRM00040845","2020-02-08","29.267","50.267","3.0","KHARG, IR","    0",",,S","  232",",,S","  179",",,S","  216","H,,S"
"IRM00040845","2020-02-09","29.267","50.267","3.0","KHARG, IR","    0",",,S",,,"  176",",,S","  193","H,,S"
"IRM00040845","2020-02-10","29.267","50.267","3.0","KHARG, IR","    0",",,S","  184",",,S","  156",",,S","  171","H,,S"
"IRM00040845","2020-02-11","29.267","50.267","3.0","KHARG, IR","    0",",,S",,,"   95",",,S","  113","H,,S"
"IRM00040845","2020-02-12","29.267","50.267","3.0","KHARG, IR","    0",",,S",,,"   76",",,S","   93","H,,S"
"IRM00040845","2020-02-13","29.267","50.267","3.0","KHARG, IR","    0",",,S",,,"  104",",,S","  142","H,,S"
"IRM00040845","2020-02-14","29.267","50.267","3.0","KHARG, IR","    0",",,S","  190",",,S","  149",",,S","  175","H,,S"
"IRM00040845","2020-02-15","29.267","50.267","3.0","KHARG, IR","    0",",,S","  196",",,S","  163",",,S","  181","H,,S"
"IRM00040845","2020-02-16","29.267","50.267","3.0","KHARG, IR","    0",",,S","  224",",,S",,,"  181","H,,S"
"IRM00040845","2020-02-17","29.267","50.267","3.0","KHARG, IR","    0",",,S","  215",",,S","  170",",,S","  196","H,,S"
"IRM00040845","2020-02-18","29.267","50.267","3.0","KHARG, IR","    0",",,S","  250",",,S",,,"  211","H,,S"
"IRM00040845","2020-02-19","29.267","50.267","3.0","KHARG, IR","    0",",,S",,,"  138",",,S","  209","H,,S"
"IRM00040845","2020-02-20","29.267","50.267","3.0","KHARG, IR","    0",",,S","  223",",,S",,,"  203","H,,S"
"IRM00040845","2020-02-21","29.267","50.267","3.0","KHARG, IR","    0",",,S","  192",",,S","  166",",,S","  182","H,,S"
"IRM00040845","2020-02-22","29.267","50.267","3.0","KHARG, IR","    0",",,S","  220",",,S","  130",",,S","  195","H,,S"
"IRM00040845","2020-02-23","29.267","50.267","3.0","KHARG, IR","    0",",,S",,,"  145",",,S","  215","H,,S"
"IRM00040845","2020-02-24","29.267","50.267","3.0","KHARG, IR","    0",",,S","  281",",,S",,,"  219","H,,S"
"IRM00040845","2020-02-25","29.267","50.267","3.0","KHARG, IR","    0",",,S",,,"  182",",,S","  228","H,,S"
"IRM00040845","2020-02-26","29.267","50.267","3.0","KHARG, IR","   23",",,S","  197",",,S",,,"  184","H,,S"
"IRM00040845","2020-02-27","29.267","50.267","3.0","KHARG, IR","    0",",,S","  193",",,S","  129",",,S","  180","H,,S"
"IRM00040845","2020-02-28","29.267","50.267","3.0","KHARG, IR","    0",",,S","  212",",,S","  168",",,S","  185","H,,S"
"IRM00040845","2020-02-29","29.267","50.267","3.0","KHARG, IR","    0",",,S",,,"  170",",,S","  196","H,,S"
"IRM00040845","2020-03-01","29.267","50.267","3.0","KHARG, IR","    0",",,S","  230",",,S","  140",",,S","  202","H,,S"
"IRM00040845","2020-03-02","29.267","50.267","3.0","KHARG, IR","    0",",,S",,,"  165",",,S","  189","H,,S"
"IRM00040845","2020-03-03","29.267","50.267","3.0","KHARG, IR","    0",",,S","  203",",,S","  166",",,S","  187","H,,S"
"IRM00040845","2020-03-04","29.267","50.267","3.0","KHARG, IR","    0",",,S","  201",",,S",,,"  185","H,,S"
"IRM00040845","2020-03-05","29.267","50.267","3.0","KHARG, IR","    0",",,S","  218",",,S",,,"  197","H,,S"
"IRM00040845","2020-03-06","29.267","50.267","3.0","KHARG, IR","    0",",,S","  251",",,S","  136",",,S","  209","H,,S"
"IRM00040845","2020-03-07","29.267","50.267","3.0","KHARG, IR","    0",",,S","  243",",,S","  150",",,S","  209","H,,S"
"IRM00040845","2020-03-08","29.267","50.267","3.0","KHARG, IR","    0",",,S","  226",",,S","  150",",,S","  203","H,,S"
"IRM00040845","2020-03-09","29.267","50.267","3.0","KHARG, IR","    0",",,S","  226",",,S",,,"  202","H,,S"
"IRM00040845","2020-03-10","29.267","50.267","3.0","KHARG, IR","    0",",,S","  266",",,S","  146",",,S","  206","H,,S"
"IRM00040845","2020-03-11","29.267","50.267","3.0","KHARG, IR","    0",",,S","  242",",,S","  120",",,S","  206","H,,S"
"IRM00040845","2020-03-12","29.267","50.267","3.0","KHARG, IR","    0",",,S",,,,,"  193","H,,S"
"IRM00040845","2020-03-13","29.267","50.267","3.0","KHARG, IR",,,"  252",",,S","  128",",,S","  203","H,,S"
"IRM00040845","2020-03-14","29.267","50.267","3.0","KHARG, IR",,,"  282",",,S","  186",",,S","  212","H,,S"
"IRM00040845","2020-03-15","29.267","50.267","3.0","KHARG, IR","   30",",,S","  288",",,S","  188",",,S","  215","H,,S"
"IRM00040845","2020-03-16","29.267","50.267","3.0","KHARG, IR","    0",",,S",,,"  164",",,S","  208","H,,S"
"IRM00040845","2020-03-17","29.267","50.267","3.0","KHARG, IR","    0",",,S","  250",",,S","  180",",,S","  222","H,,S"
"IRM00040845","2020-03-18","29.267","50.267","3.0","KHARG, IR","    0",",,S","  253",",,S","  177",",,S","  221","H,,S"
"IRM00040845","2020-03-19","29.267","50.267","3.0","KHARG, IR","   81",",,S","  230",",,S","  190",",,S","  216","H,,S"
"IRM00040845","2020-03-20","29.267","50.267","3.0","KHARG, IR","    0",",,S","  248",",,S",,,"  221","H,,S"
"IRM00040845","2020-03-21","29.267","50.267","3.0","KHARG, IR","    0",",,S","  274",",,S","  155",",,S","  224","H,,S"
"IRM00040845","2020-03-22","29.267","50.267","3.0","KHARG, IR","  135",",,S",,,"  170",",,S","  182","H,,S"
"IRM00040845","2020-03-23","29.267","50.267","3.0","KHARG, IR","    0",",,S",,,"  140",",,S","  172","H,,S"
"IRM00040845","2020-03-24","29.267","50.267","3.0","KHARG, IR","    0",",,S","  206",",,S",,,"  177","H,,S"
"IRM00040845","2020-03-25","29.267","50.267","3.0","KHARG, IR","    0",",,S","  228",",,S","  168",",,S","  209","H,,S"
"IRM00040845","2020-03-26","29.267","50.267","3.0","KHARG, IR","    0",",,S","  246",",,S","  145",",,S","  213","H,,S"
"IRM00040845","2020-03-27","29.267","50.267","3.0","KHARG, IR","    0",",,S","  287",",,S","  179",",,S","  236","H,,S"
"IRM00040845","2020-03-28","29.267","50.267","3.0","KHARG, IR","    0",",,S","  271",",,S","  208",",,S","  238","H,,S"
"IRM00040845","2020-03-29","29.267","50.267","3.0","KHARG, IR","   33",",,S","  251",",,S","  204",",,S","  224","H,,S"
"IRM00040845","2020-03-30","29.267","50.267","3.0","KHARG, IR","    0",",,S","  235",",,S","  217",",,S","  223","H,,S"
"IRM00040845","2020-03-31","29.267","50.267","3.0","KHARG, IR","    0",",,S","  258",",,S","  196",",,S","  227","H,,S"
"IRM00040845","2020-04-01","29.267","50.267","3.0","KHARG, IR","    0",",,S","  292",",,S",,,"  234","H,,S"
"IRM00040845","2020-04-02","29.267","50.267","3.0","KHARG, IR","    0",",,S","  308",",,S","  230",",,S","  258","H,,S"
"IRM00040845","2020-04-03","29.267","50.267","3.0","KHARG, IR","    0",",,S","  261",",,S","  198",",,S","  240","H,,S"
"IRM00040845","2020-04-04","29.267","50.267","3.0","KHARG, IR","    0",",,S","  263",",,S","  220",",,S","  243","H,,S"
"IRM00040845","2020-04-05","29.267","50.267","3.0","KHARG, IR","    0",",,S","  261",",,S","  213",",,S","  244","H,,S"
"IRM00040845","2020-04-06","29.267","50.267","3.0","KHARG, IR","    0",",,S","  277",",,S","  207",",,S","  237","H,,S"
"IRM00040845","2020-04-07","29.267","50.267","3.0","KHARG, IR","    0",",,S",,,"  196",",,S","  276","H,,S"
"IRM00040845","2020-04-08","29.267","50.267","3.0","KHARG, IR","    0",",,S","  344",",,S","  220",",,S","  279","H,,S"
"IRM00040845","2020-04-09","29.267","50.267","3.0","KHARG, IR","    0",",,S","  340",",,S","  226",",,S","  286","H,,S"
"IRM00040845","2020-04-10","29.267","50.267","3.0","KHARG, IR","    5",",,S","  284",",,S","  246",",,S","  266","H,,S"
"IRM00040845","2020-04-11","29.267","50.267","3.0","KHARG, IR","   28",",,S","  264",",,S",,,"  245","H,,S"
"IRM00040845","2020-04-12","29.267","50.267","3.0","KHARG, IR","    0",",,S","  272",",,S","  220",",,S","  245","H,,S"
"IRM00040845","2020-04-13","29.267","50.267","3.0","KHARG, IR","    0",",,S","  268",",,S",,,"  238","H,,S"
"IRM00040845","2020-04-14","29.267","50.267","3.0","KHARG, IR","    0",",,S","  270",",,S",,,"  233","H,,S"
"IRM00040845","2020-04-15","29.267","50.267","3.0","KHARG, IR","    0",",,S","  260",",,S","  202",",,S","  237","H,,S"
"IRM00040845","2020-04-16","29.267","50.267","3.0","KHARG, IR","    0",",,S","  262",",,S","  194",",,S","  238","H,,S"
"IRM00040845","2020-04-17","29.267","50.267","3.0","KHARG, IR","    0",",,S","  284",",,S","  176",",,S","  250","H,,S"
"IRM00040845","2020-04-18","29.267","50.267","3.0","KHARG, IR","    0",",,S","  254",",,S","  188",",,S","  228","H,,S"
"IRM00040845","2020-04-19","29.267","50.267","3.0","KHARG, IR","    5",",,S","  294",",,S","  190",",,S","  253","H,,S"
"IRM00040845","2020-04-20","29.267","50.267","3.0","KHARG, IR","    0",",,S","  270",",,S","  200",",,S","  241","H,,S"
"IRM00040845","2020-04-21","29.267","50.267","3.0","KHARG, IR","    0",",,S","  272",",,S","  200",",,S","  244","H,,S"
"IRM00040845","2020-04-22","29.267","50.267","3.0","KHARG, IR","    0",",,S","  276",",,S","  218",",,S","  257","H,,S"
"IRM00040845","2020-04-23","29.267","50.267","3.0","KHARG, IR","    0",",,S","  286",",,S",,,"  257","H,,S"
"IRM00040845","2020-04-24","29.267","50.267","3.0","KHARG, IR","    0",",,S","  314",",,S",,,"  270","H,,S"
"IRM00040845","2020-04-25","29.267","50.267","3.0","KHARG, IR","    0",",,S","  340",",,S","  218",",,S","  298","H,,S"
"IRM00040845","2020-04-26","29.267","50.267","3.0","KHARG, IR",,,"  336",",,S","  270",",,S","  296","H,,S"
"IRM00040845","2020-04-27","29.267","50.267","3.0","KHARG, IR",,,"  278",",,S","  240",",,S","  261","H,,S"
"IRM00040845","2020-04-28","29.267","50.267","3.0","KHARG, IR",,,"  302",",,S",,,"  271","H,,S"
"IRM00040845","2020-04-29","29.267","50.267","3.0","KHARG, IR",,,"  314",",,S","  230",",,S","  276","H,,S"
"IRM00040845","2020-04-30","29.267","50.267","3.0","KHARG, IR","   18",",,S","  312",",,S","  240",",,S","  279","H,,S"
"IRM00040845","2020-05-01","29.267","50.267","3.0","KHARG, IR","    0",",,S","  318",",,S","  230",",,S","  273","H,,S"
"IRM00040845","2020-05-02","29.267","50.267","3.0","KHARG, IR",,,"  356",",,S","  230",",,S","  305","H,,S"
"IRM00040845","2020-05-03","29.267","50.267","3.0","KHARG, IR",,,"  336",",,S","  248",",,S","  292","H,,S"
"IRM00040845","2020-05-04","29.267","50.267","3.0","KHARG, IR","    0",",,S","  327",",,S","  212",",,S","  290","H,,S"
"IRM00040845","2020-05-05","29.267","50.267","3.0","KHARG, IR","    0",",,S","  325",",,S","  208",",,S","  278","H,,S"
"IRM00040845","2020-05-06","29.267","50.267","3.0","KHARG, IR","    0",",,S","  376",",,S","  271",",,S","  318","H,,S"
"IRM00040845","2020-05-07","29.267","50.267","3.0","KHARG, IR","    0",",,S","  294",",,S","  254",",,S","  278","H,,S"
"IRM00040845","2020-05-08","29.267","50.267","3.0","KHARG, IR","    0",",,S","  305",",,S","  250",",,S","  288","H,,S"
"IRM00040845","2020-05-09","29.267","50.267","3.0","KHARG, IR","    0",",,S","  344",",,S","  227",",,S","  293","H,,S"
"IRM00040845","2020-05-10","29.267","50.267","3.0","KHARG, IR","    0",",,S","  370",",,S","  275",",,S","  310","H,,S"
"IRM00040845","2020-05-11","29.267","50.267","3.0","KHARG, IR","    0",",,S","  311",",,S","  268",",,S","  290","H,,S"
"IRM00040845","2020-05-12","29.267","50.267","3.0","KHARG, IR","    0",",,S","  313",",,S","  260",",,S","  287","H,,S"
"IRM00040845","2020-05-13","29.267","50.267","3.0","KHARG, IR","    0",",,S",,,"  250",",,S","  286","H,,S"
"IRM00040845","2020-05-14","29.267","50.267","3.0","KHARG, IR","    0",",,S","  324",",,S",,,"  288","H,,S"
"IRM00040845","2020-05-15","29.267","50.267","3.0","KHARG, IR","    0",",,S","  359",",,S","  204",",,S","  316","H,,S"
"IRM00040845","2020-05-16","29.267","50.267","3.0","KHARG, IR","    0",",,S","  360",",,S","  191",",,S","  316","H,,S"
"IRM00040845","2020-05-17","29.267","50.267","3.0","KHARG, IR","    0",",,S","  367",",,S","  237",",,S","  323","H,,S"
"IRM00040845","2020-05-18","29.267","50.267","3.0","KHARG, IR","    0",",,S","  365",",,S","  237",",,S","  323","H,,S"
"IRM00040845","2020-05-19","29.267","50.267","3.0","KHARG, IR","    0",",,S","  357",",,S","  237",",,S","  314","H,,S"
"IRM00040845","2020-05-20","29.267","50.267","3.0","KHARG, IR","    0",",,S","  385",",,S","  257",",,S","  337","H,,S"
"IRM00040845","2020-05-21","29.267","50.267","3.0","KHARG, IR","    0",",,S","  403",",,S","  234",",,S","  330","H,,S"
"IRM00040845","2020-05-22","29.267","50.267","3.0","KHARG, IR","    0",",,S","  368",",,S","  239",",,S","  328","H,,S"
"IRM00040845","2020-05-23","29.267","50.267","3.0","KHARG, IR","    0",",,S","  380",",,S","  261",",,S","  347","H,,S"
"IRM00040845","2020-05-24","29.267","50.267","3.0","KHARG, IR","    0",",,S","  402",",,S","  264",",,S","  343","H,,S"
"IRM00040845","2020-05-25","29.267","50.267","3.0","KHARG, IR","    0",",,S","  371",",,S","  253",",,S","  315","H,,S"
"IRM00040845","2020-05-26","29.267","50.267","3.0","KHARG, IR","    0",",,S","  335",",,S","  263",",,S","  306","H,,S"
"IRM00040845","2020-05-27","29.267","50.267","3.0","KHARG, IR","    0",",,S","  355",",,S","  274",",,S","  321","H,,S"
"IRM00040845","2020-05-28","29.267","50.267","3.0","KHARG, IR","    0",",,S",,,"  284",",,S","  335","H,,S"
"IRM00040845","2020-05-29","29.267","50.267","3.0","KHARG, IR","    0",",,S","  398",",,S","  279",",,S","  356","H,,S"
"IRM00040845","2020-05-30","29.267","50.267","3.0","KHARG, IR","    0",",,S","  374",",,S","  285",",,S","  330","H,,S"
"IRM00040845","2020-05-31","29.267","50.267","3.0","KHARG, IR","    0",",,S","  365",",,S",,,"  331","H,,S"
"IRM00040845","2020-06-01","29.267","50.267","3.0","KHARG, IR","    0",",,S","  408",",,S","  276",",,S","  334","H,,S"
"IRM00040845","2020-06-02","29.267","50.267","3.0","KHARG, IR","    0",",,S",,,"  269",",,S","  326","H,,S"
"IRM00040845","2020-06-03","29.267","50.267","3.0","KHARG, IR","    0",",,S","  408",",,S","  276",",,S","  367","H,,S"
"IRM00040845","2020-06-04","29.267","50.267","3.0","KHARG, IR","    0",",,S",,,"  304",",,S","  343","H,,S"
"IRM00040845","2020-06-05","29.267","50.267","3.0","KHARG, IR","    0",",,S","  374",",,S","  303",",,S","  340","H,,S"
"IRM00040845","2020-06-06","29.267","50.267","3.0","KHARG, IR","    0",",,S","  366",",,S","  295",",,S","  333","H,,S"
"IRM00040845","2020-06-07","29.267","50.267","3.0","KHARG, IR","    0",",,S","  375",",,S","  294",",,S","  332","H,,S"
"IRM00040845","2020-06-08","29.267","50.267","3.0","KHARG, IR","    0",",,S","  363",",,S","  275",",,S","  323","H,,S"
"IRM00040845","2020-06-09","29.267","50.267","3.0","KHARG, IR","    0",",,S","  384",",,S","  265",",,S","  343","H,,S"
"IRM00040845","2020-06-10","29.267","50.267","3.0","KHARG, IR","    0",",,S","  417",",,S","  305",",,S","  365","H,,S"
"IRM00040845","2020-06-11","29.267","50.267","3.0","KHARG, IR","    0",",,S","  390",",,S","  279",",,S","  362","H,,S"
"IRM00040845","2020-06-12","29.267","50.267","3.0","KHARG, IR","    0",",,S","  387",",,S","  268",",,S","  347","H,,S"
"IRM00040845","2020-06-13","29.267","50.267","3.0","KHARG, IR","    0",",,S","  345",",,S","  305",",,S","  328","H,,S"
"IRM00040845","2020-06-14","29.267","50.267","3.0","KHARG, IR","    0",",,S","  362",",,S","  299",",,S","  331","H,,S"
"IRM00040845","2020-06-15","29.267","50.267","3.0","KHARG, IR","    0",",,S","  384",",,S",,,"  339","H,,S"
"IRM00040845","2020-06-16","29.267","50.267","3.0","KHARG, IR","    0",",,S",,,,,"  353","H,,S"
"IRM00040845","2020-06-17","29.267","50.267","3.0","KHARG, IR","    0",",,S","  380",",,S","  310",",,S","  348","H,,S"
"IRM00040845","2020-06-18","29.267","50.267","3.0","KHARG, IR","    0",",,S","  372",",,S","  296",",,S","  333","H,,S"
"IRM00040845","2020-06-19","29.267","50.267","3.0","KHARG, IR","    0",",,S",,,"  288",",,S","  339","H,,S"
"IRM00040845","2020-06-20","29.267","50.267","3.0","KHARG, IR","    0",",,S",,,"  257",",,S","  338","H,,S"
"IRM00040845","2020-06-21","29.267","50.267","3.0","KHARG, IR","    0",",,S","  344",",,S",,,"  324","H,,S"
"IRM00040845","2020-06-22","29.267","50.267","3.0","KHARG, IR","    0",",,S",,,"  304",",,S","  332","H,,S"
"IRM00040845","2020-06-23","29.267","50.267","3.0","KHARG, IR","    0",",,S","  375",",,S","  297",",,S","  334","H,,S"
"IRM00040845","2020-06-24","29.267","50.267","3.0","KHARG, IR","    0",",,S","  377",",,S","  251",",,S","  339","H,,S"
"IRM00040845","2020-06-25","29.267","50.267","3.0","KHARG, IR","    0",",,S","  370",",,S","  292",",,S","  341","H,,S"
"IRM00040845","2020-06-26","29.267","50.267","3.0","KHARG, IR","    0",",,S","  365",",,S","  303",",,S","  343","H,,S"
"IRM00040845","2020-06-27","29.267","50.267","3.0","KHARG, IR","    0",",,S","  390",",,S","  288",",,S","  348","H,,S"
"IRM00040845","2020-06-28","29.267","50.267","3.0","KHARG, IR","    0",",,S","  384",",,S","  296",",,S","  347","H,,S"
"IRM00040845","2020-06-29","29.267","50.267","3.0","KHARG, IR","    0",",,S","  414",",,S","  279",",,S","  364","H,,S"
"IRM00040845","2020-06-30","29.267","50.267","3.0","KHARG, IR","    0",",,S","  406",",,S","  270",",,S","  357","H,,S"
"IRM00040845","2020-07-01","29.267","50.267","3.0","KHARG, IR","    0",",,S",,,"  271",",,S","  372","H,,S"
"IRM00040845","2020-07-02","29.267","50.267","3.0","KHARG, IR","    0",",,S",,,"  245",",,S","  350","H,,S"
"IRM00040845","2020-07-03","29.267","50.267","3.0","KHARG, IR","    0",",,S","  401",",,S","  277",",,S","  369","H,,S"
"IRM00040845","2020-07-04","29.267","50.267","3.0","KHARG, IR","    0",",,S","  406",",,S","  301",",,S","  362","H,,S"
"IRM00040845","2020-07-05","29.267","50.267","3.0","KHARG, IR","    0",",,S","  393",",,S","  292",",,S","  364","H,,S"
"IRM00040845","2020-07-06","29.267","50.267","3.0","KHARG, IR","    0",",,S","  401",",,S","  290",",,S","  356","H,,S"
"IRM00040845","2020-07-07","29.267","50.267","3.0","KHARG, IR","    0",",,S","  439",",,S","  285",",,S","  364","H,,S"
"IRM00040845","2020-07-08","29.267","50.267","3.0","KHARG, IR","    0",",,S","  401",",,S","  285",",,S","  361","H,,S"
"IRM00040845","2020-07-09","29.267","50.267","3.0","KHARG, IR","    0",",,S","  427",",,S","  281",",,S","  365","H,,S"
"IRM00040845","2020-07-10","29.267","50.267","3.0","KHARG, IR","    0",",,S","  396",",,S","  280",",,S","  351","H,,S"
"IRM00040845","2020-07-11","29.267","50.267","3.0","KHARG, IR","    0",",,S","  422",",,S","  297",",,S","  363","H,,S"
"IRM00040845","2020-07-12","29.267","50.267","3.0","KHARG, IR","    0",",,S","  416",",,S","  305",",,S","  355","H,,S"
"IRM00040845","2020-07-13","29.267","50.267","3.0","KHARG, IR","    0",",,S","  431",",,S","  296",",,S","  375","H,,S"
"IRM00040845","2020-07-14","29.267","50.267","3.0","KHARG, IR","    0",",,S","  417",",,S","  318",",,S","  373","H,,S"
"IRM00040845","2020-07-15","29.267","50.267","3.0","KHARG, IR","    0",",,S","  406",",,S","  339",",,S","  378","H,,S"
"IRM00040845","2020-07-16","29.267","50.267","3.0","KHARG, IR","    0",",,S","  431",",,S",,,"  381","H,,S"
"IRM00040845","2020-07-17","29.267","50.267","3.0","KHARG, IR","    0",",,S",,,"  320",",,S","  367","H,,S"
"IRM00040845","2020-07-18","29.267","50.267","3.0","KHARG, IR","    0",",,S","  422",",,S","  298",",,S","  354","H,,S"
"IRM00040845","2020-07-19","29.267","50.267","3.0","KHARG, IR","    0",",,S","  421",",,S","  302",",,S","  376","H,,S"
"IRM00040845","2020-07-20","29.267","50.267","3.0","KHARG, IR","    0",",,S","  418",",,S",,,"  367","H,,S"
"IRM00040845","2020-07-21","29.267","50.267","3.0","KHARG, IR","    0",",,S","  434",",,S","  332",",,S","  377","H,,S"
"IRM00040845","2020-07-22","29.267","50.267","3.0","KHARG, IR","    0",",,S","  419",",,S","  320",",,S","  387","H,,S"
"IRM00040845","2020-07-23","29.267","50.267","3.0","KHARG, IR","    0",",,S","  386",",,S","  335",",,S","  364","H,,S"
"IRM00040845","2020-07-24","29.267","50.267","3.0","KHARG, IR","    0",",,S","  393",",,S","  324",",,S","  363","H,,S"
"IRM00040845","2020-07-25","29.267","50.267","3.0","KHARG, IR","    0",",,S","  409",",,S","  316",",,S","  369","H,,S"
"IRM00040845","2020-07-26","29.267","50.267","3.0","KHARG, IR","    0",",,S","  386",",,S","  315",",,S","  360","H,,S"
"IRM00040845","2020-07-27","29.267","50.267","3.0","KHARG, IR","    0",",,S","  411",",,S","  331",",,S","  378","H,,S"
"IRM00040845","2020-07-28","29.267","50.267","3.0","KHARG, IR","    0",",,S","  414",",,S","  326",",,S","  375","H,,S"
"IRM00040845","2020-07-29","29.267","50.267","3.0","KHARG, IR","    0",",,S","  400",",,S","  329",",,S","  373","H,,S"
"IRM00040845","2020-07-30","29.267","50.267","3.0","KHARG, IR","    0",",,S","  411",",,S","  331",",,S","  388","H,,S"
"IRM00040845","2020-07-31","29.267","50.267","3.0","KHARG, IR","    0",",,S","  411",",,S","  336",",,S","  378","H,,S"
"IRM00040845","2020-08-01","29.267","50.267","3.0","KHARG, IR","    0",",,S","  412",",,S","  318",",,S","  371","H,,S"
"IRM00040845","2020-08-02","29.267","50.267","3.0","KHARG, IR","    0",",,S","  397",",,S","  316",",,S","  368","H,,S"
"IRM00040845","2020-08-03","29.267","50.267","3.0","KHARG, IR","    0",",,S","  423",",,S","  322",",,S","  384","H,,S"
"IRM00040845","2020-08-04","29.267","50.267","3.0","KHARG, IR","    0",",,S","  400",",,S","  360",",,S","  384","H,,S"
"IRM00040845","2020-08-05","29.267","50.267","3.0","KHARG, IR","    0",",,S","  405",",,S","  353",",,S","  381","H,,S"
"IRM00040845","2020-08-06","29.267","50.267","3.0","KHARG, IR","    0",",,S","  403",",,S","  354",",,S","  379","H,,S"
"IRM00040845","2020-08-07","29.267","50.267","3.0","KHARG, IR","    0",",,S","  395",",,S","  331",",,S","  372","H,,S"
"IRM00040845","2020-08-08","29.267","50.267","3.0","KHARG, IR","    0",",,S","  405",",,S","  299",",,S","  370","H,,S"
"IRM00040845","2020-08-09","29.267","50.267","3.0","KHARG, IR","    0",",,S","  396",",,S","  311",",,S","  369","H,,S"
"IRM00040845","2020-08-10","29.267","50.267","3.0","KHARG, IR","    0",",,S",,,"  345",",,S","  377","H,,S"
"IRM00040845","2020-08-11","29.267","50.267","3.0","KHARG, IR","    0",",,S","  380",",,S","  349",",,S","  362","H,,S"
"IRM00040845","2020-08-12","29.267","50.267","3.0","KHARG, IR","    0",",,S",,,"  343",",,S","  362","H,,S"
"IRM00040845","2020-08-13","29.267","50.267","3.0","KHARG, IR","    0",",,S","  382",",,S","  339",",,S","  364","H,,S"
"IRM00040845","2020-08-14","29.267","50.267","3.0","KHARG, IR","    0",",,S","  391",",,S","  337",",,S","  369","H,,S"
"IRM00040845","2020-08-15","29.267","50.267","3.0","KHARG, IR","    0",",,S","  387",",,S","  321",",,S","  365","H,,S"
"IRM00040845","2020-08-16","29.267","50.267","3.0","KHARG, IR","    0",",,S","  387",",,S","  328",",,S","  361","H,,S"
"IRM00040845","2020-08-17","29.267","50.267","3.0","KHARG, IR","    0",",,S","  384",",,S","  337",",,S","  361","H,,S"
"IRM00040845","2020-08-18","29.267","50.267","3.0","KHARG, IR","    0",",,S","  387",",,S",,,"  354","H,,S"
"IRM00040845","2020-08-19","29.267","50.267","3.0","KHARG, IR","    0",",,S","  381",",,S","  298",",,S","  355","H,,S"
"IRM00040845","2020-08-20","29.267","50.267","3.0","KHARG, IR","    0",",,S","  382",",,S","  313",",,S","  354","H,,S"
"IRM00040845","2020-08-21","29.267","50.267","3.0","KHARG, IR","    0",",,S","  380",",,S","  331",",,S","  357","H,,S"
"IRM00040845","2020-08-22","29.267","50.267","3.0","KHARG, IR","    0",",,S","  385",",,S","  299",",,S","  356","H,,S"
"IRM00040845","2020-08-23","29.267","50.267","3.0","KHARG, IR","    0",",,S","  391",",,S","  294",",,S","  349","H,,S"
"IRM00040845","2020-08-24","29.267","50.267","3.0","KHARG, IR","    0",",,S","  390",",,S","  300",",,S","  354","H,,S"
"IRM00040845","2020-08-25","29.267","50.267","3.0","KHARG, IR","    0",",,S","  372",",,S","  324",",,S","  353","H,,S"
"IRM00040845","2020-08-26","29.267","50.267","3.0","KHARG, IR","    0",",,S","  376",",,S","  323",",,S","  352","H,,S"
"IRM00040845","2020-08-27","29.267","50.267","3.0","KHARG, IR","    0",",,S","  392",",,S","  281",",,S","  349","H,,S"
"IRM00040845","2020-08-28","29.267","50.267","3.0","KHARG, IR","    0",",,S","  420",",,S","  287",",,S","  356","H,,S"
"IRM00040845","2020-08-29","29.267","50.267","3.0","KHARG, IR","    0",",,S","  387",",,S","  275",",,S","  348","H,,S"
"IRM00040845","2020-08-30","29.267","50.267","3.0","KHARG, IR","    0",",,S","  429",",,S","  290",",,S","  358","H,,S"
"IRM00040845","2020-08-31","29.267","50.267","3.0","KHARG, IR","    0",",,S","  413",",,S","  285",",,S","  360","H,,S"
"IRM00040845","2020-09-01","29.267","50.267","3.0","KHARG, IR","    0",",,S","  390",",,S","  306",",,S","  353","H,,S"
"IRM00040845","2020-09-02","29.267","50.267","3.0","KHARG, IR","    0",",,S","  375",",,S","  284",",,S","  348","H,,S"
"IRM00040845","2020-09-03","29.267","50.267","3.0","KHARG, IR","    0",",,S","  387",",,S","  295",",,S","  358","H,,S"
"IRM00040845","2020-09-04","29.267","50.267","3.0","KHARG, IR","    0",",,S","  395",",,S","  284",",,S","  351","H,,S"
"IRM00040845","2020-09-05","29.267","50.267","3.0","KHARG, IR","    0",",,S","  378",",,S","  308",",,S","  347","H,,S"
"IRM00040845","2020-09-06","29.267","50.267","3.0","KHARG, IR","    0",",,S","  381",",,S","  298",",,S","  345","H,,S"
"IRM00040845","2020-09-07","29.267","50.267","3.0","KHARG, IR","    0",",,S","  383",",,S","  276",",,S","  337","H,,S"
"IRM00040845","2020-09-08","29.267","50.267","3.0","KHARG, IR","    0",",,S","  391",",,S","  294",",,S","  357","H,,S"
"IRM00040845","2020-09-09","29.267","50.267","3.0","KHARG, IR",,,,,"  294",",,S","  352","H,,S"
"IRM00040845","2020-09-10","29.267","50.267","3.0","KHARG, IR","    0",",,S",,,"  304",",,S","  349","H,,S"
"IRM00040845","2020-09-11","29.267","50.267","3.0","KHARG, IR","    0",",,S","  393",",,S","  296",",,S","  355","H,,S"
"IRM00040845","2020-09-12","29.267","50.267","3.0","KHARG, IR","    0",",,S","  397",",,S","  292",",,S","  367","H,,S"
"IRM00040845","2020-09-13","29.267","50.267","3.0","KHARG, IR","    0",",,S","  405",",,S","  290",",,S","  352","H,,S"
"IRM00040845","2020-09-14","29.267","50.267","3.0","KHARG, IR",,,"  431",",,S","  299",",,S","  364","H,,S"
"IRM00040845","2020-09-15","29.267","50.267","3.0","KHARG, IR","    0",",,S",,,"  282",",,S","  352","H,,S"
"IRM00040845","2020-09-16","29.267","50.267","3.0","KHARG, IR","    0",",,S","  389",",,S","  289",",,S","  350","H,,S"
"IRM00040845","2020-09-17","29.267","50.267","3.0","KHARG, IR","    0",",,S","  374",",,S","  288",",,S","  346","H,,S"
"IRM00040845","2020-09-18","29.267","50.267","3.0","KHARG, IR","    0",",,S","  385",",,S","  293",",,S","  352","H,,S"
"IRM00040845","2020-09-19","29.267","50.267","3.0","KHARG, IR","    0",",,S","  381",",,S","  295",",,S","  346","H,,S"
"IRM00040845","2020-09-20","29.267","50.267","3.0","KHARG, IR","    0",",,S",,,"  293",",,S","  356","H,,S"
"IRM00040845","2020-09-21","29.267","50.267","3.0","KHARG, IR","    0",",,S","  382",",,S","  275",",,S","  347","H,,S"
"IRM00040845","2020-09-22","29.267","50.267","3.0","KHARG, IR","    0",",,S","  383",",,S","  279",",,S","  344","H,,S"
"IRM00040845","2020-09-23","29.267","50.267","3.0","KHARG, IR","    0",",,S","  426",",,S","  275",",,S","  367","H,,S"
"IRM00040845","2020-09-24","29.267","50.267","3.0","KHARG, IR",,,"  387",",,S","  283",",,S","  352","H,,S"
"IRM00040845","2020-09-25","29.267","50.267","3.0","KHARG, IR","    0",",,S","  365",",,S","  298",",,S","  352","H,,S"
"IRM00040845","2020-09-26","29.267","50.267","3.0","KHARG, IR","    0",",,S","  376",",,S","  259",",,S","  327","H,,S"
"IRM00040845","2020-09-27","29.267","50.267","3.0","KHARG, IR","    0",",,S","  386",",,S","  283",",,S","  343","H,,S"
"IRM00040845","2020-09-28","29.267","50.267","3.0","KHARG, IR","    0",",,S",,,,,"  334","H,,S"
"IRM00040845","2020-09-29","29.267","50.267","3.0","KHARG, IR","    0",",,S","  365",",,S","  257",",,S","  321","H,,S"
"IRM00040845","2020-09-30","29.267","50.267","3.0","KHARG, IR","    0",",,S","  360",",,S","  312",",,S","  339","H,,S"
"IRM00040845","2020-10-01","29.267","50.267","3.0","KHARG, IR","    0",",,S","  374",",,S","  286",",,S","  334","H,,S"
"IRM00040845","2020-10-02","29.267","50.267","3.0","KHARG, IR","    0",",,S","  347",",,S","  278",",,S","  328","H,,S"
"IRM00040845","2020-10-03","29.267","50.267","3.0","KHARG, IR","    0",",,S",,,"  276",",,S","  334","H,,S"
"IRM00040845","2020-10-04","29.267","50.267","3.0","KHARG, IR","    0",",,S","  356",",,S","  275",",,S","  329","H,,S"
"IRM00040845","2020-10-05","29.267","50.267","3.0","KHARG, IR","    0",",,S","  362",",,S","  270",",,S","  326","H,,S"
"IRM00040845","2020-10-06","29.267","50.267","3.0","KHARG, IR","    0",",,S",,,"  268",",,S","  324","H,,S"
"IRM00040845","2020-10-07","29.267","50.267","3.0","KHARG, IR","    0",",,S","  355",",,S","  265",",,S","  330","H,,S"
"IRM00040845","2020-10-08","29.267","50.267","3.0","KHARG, IR","    0",",,S",,,,,"  338","H,,S"
"IRM00040845","2020-10-09","29.267","50.267","3.0","KHARG, IR","    0",",,S","  346",",,S","  308",",,S","  332","H,,S"
"IRM00040845","2020-10-10","29.267","50.267","3.0","KHARG, IR","    0",",,S","  337",",,S",,,"  318","H,,S"
"IRM00040845","2020-10-11","29.267","50.267","3.0","KHARG, IR","    0",",,S","  350",",,S","  219",",,S","  303","H,,S"
"IRM00040845","2020-10-12","29.267","50.267","3.0","KHARG, IR","    0",",,S","  332",",,S","  235",",,S","  299","H,,S"
"IRM00040845","2020-10-13","29.267","50.267","3.0","KHARG, IR","    0",",,S","  331",",,S","  265",",,S","  306","H,,S"
"IRM00040845","2020-10-14","29.267","50.267","3.0","KHARG, IR","    0",",,S","  344",",,S","  231",",,S","  309","H,,S"
"IRM00040845","2020-10-15","29.267","50.267","3.0","KHARG, IR","    0",",,S","  341",",,S","  234",",,S","  312","H,,S"
"IRM00040845","2020-10-16","29.267","50.267","3.0","KHARG, IR","    0",",,S","  330",",,S","  238",",,S","  311","H,,S"
"IRM00040845","2020-10-17","29.267","50.267","3.0","KHARG, IR","    0",",,S","  335",",,S","  247",",,S","  312","H,,S"
"IRM00040845","2020-10-18","29.267","50.267","3.0","KHARG, IR","    0",",,S","  334",",,S","  247",",,S","  311","H,,S"
"IRM00040845","2020-10-19","29.267","50.267","3.0","KHARG, IR","    0",",,S","  332",",,S","  285",",,S","  311","H,,S"
"IRM00040845","2020-10-20","29.267","50.267","3.0","KHARG, IR","    0",",,S","  326",",,S","  270",",,S","  304","H,,S"
"IRM00040845","2020-10-21","29.267","50.267","3.0","KHARG, IR","    0",",,S","  326",",,S","  220",",,S","  299","H,,S"
"IRM00040845","2020-10-22","29.267","50.267","3.0","KHARG, IR","    0",",,S","  321",",,S","  218",",,S","  304","H,,S"
"IRM00040845","2020-10-23","29.267","50.267","3.0","KHARG, IR","    0",",,S",,,"  250",",,S","  305","H,,S"
"IRM00040845","2020-10-24","29.267","50.267","3.0","KHARG, IR","    0",",,S","  330",",,S","  201",",,S","  288","H,,S"
"IRM00040845","2020-10-25","29.267","50.267","3.0","KHARG, IR","    0",",,S",,,"  209",",,S","  282","H,,S"
"IRM00040845","2020-10-26","29.267","50.267","3.0","KHARG, IR",,,"  323",",,S","  213",",,S","  288","H,,S"
"IRM00040845","2020-10-27","29.267","50.267","3.0","KHARG, IR","    0",",,S","  311",",,S","  231",",,S","  293","H,,S"
"IRM00040845","2020-10-28","29.267","50.267","3.0","KHARG, IR",,,"  312",",,S","  244",",,S","  299","H,,S"
"IRM00040845","2020-10-29","29.267","50.267","3.0","KHARG, IR",,,"  311",",,S","  254",",,S","  294","H,,S"
"IRM00040845","2020-10-30","29.267","50.267","3.0","KHARG, IR",,,"  311",",,S","  266",",,S","  294","H,,S"
"IRM00040845","2020-10-31","29.267","50.267","3.0","KHARG, IR",,,"  313",",,S","  273",",,S","  298","H,,S"
"IRM00040845","2020-11-01","29.267","50.267","3.0","KHARG, IR",,,"  312",",,S",,,"  289","H,,S"
"IRM00040845","2020-11-02","29.267","50.267","3.0","KHARG, IR",,,,,"  200",",,S","  281","H,,S"
"IRM00040845","2020-11-03","29.267","50.267","3.0","KHARG, IR",,,"  300",",,S","  198",",,S","  274","H,,S"
"IRM00040845","2020-11-04","29.267","50.267","3.0","KHARG, IR",,,,,"  198",",,S","  274","H,,S"
"IRM00040845","2020-11-05","29.267","50.267","3.0","KHARG, IR",,,"  292",",,S","  192",",,S","  265","H,,S"
"IRM00040845","2020-11-06","29.267","50.267","3.0","KHARG, IR",,,"  304",",,S","  215",",,S","  284","H,,S"
"IRM00040845","2020-11-07","29.267","50.267","3.0","KHARG, IR","    0",",,S",,,"  250",",,S","  283","H,,S"
"IRM00040845","2020-11-08","29.267","50.267","3.0","KHARG, IR","    0",",,S","  330",",,S","  232",",,S","  293","H,,S"
"IRM00040845","2020-11-09","29.267","50.267","3.0","KHARG, IR","    0",",,S","  313",",,S","  238",",,S","  284","H,,S"
"IRM00040845","2020-11-10","29.267","50.267","3.0","KHARG, IR","    0",",,S","  321",",,S","  243",",,S","  285","H,,S"
"IRM00040845","2020-11-11","29.267","50.267","3.0","KHARG, IR","   23",",,S","  271",",,S",,,"  257","H,,S"
"IRM00040845","2020-11-12","29.267","50.267","3.0","KHARG, IR","   10",",,S",,,"  240",",,S","  269","H,,S"
"IRM00040845","2020-11-13","29.267","50.267","3.0","KHARG, IR","  211",",,S","  246",",,S","  218",",,S","  231","H,,S"
"IRM00040845","2020-11-14","29.267","50.267","3.0","KHARG, IR","   10",",,S",,,,,"  236","H,,S"
"IRM00040845","2020-11-15","29.267","50.267","3.0","KHARG, IR","    0",",,S","  264",",,S","  227",",,S","  246","H,,S"
"IRM00040845","2020-11-16","29.267","50.267","3.0","KHARG, IR","   23",",,S","  254",",,S","  200",",,S","  232","H,,S"
"IRM00040845","2020-11-17","29.267","50.267","3.0","KHARG, IR","    0",",,S","  275",",,S",,,"  257","H,,S"
"IRM00040845","2020-11-18","29.267","50.267","3.0","KHARG, IR","    0",",,S","  247",",,S","  228",",,S","  236","H,,S"
"IRM00040845","2020-11-19","29.267","50.267","3.0","KHARG, IR","    0",",,S",,,,,"  236","H,,S"
"IRM00040845","2020-11-20","29.267","50.267","3.0","KHARG, IR","    0",",,S","  265",",,S","  176",",,S","  240","H,,S"
"IRM00040845","2020-11-21","29.267","50.267","3.0","KHARG, IR","    0",",,S",,,"  217",",,S","  263","H,,S"
"IRM00040845","2020-11-22","29.267","50.267","3.0","KHARG, IR","    5",",,S","  275",",,S",,,"  252","H,,S"
"IRM00040845","2020-11-23","29.267","50.267","3.0","KHARG, IR","    0",",,S","  227",",,S","  205",",,S","  216","H,,S"
"IRM00040845","2020-11-24","29.267","50.267","3.0","KHARG, IR","    0",",,S","  222",",,S","  199",",,S","  212","H,,S"
"IRM00040845","2020-11-25","29.267","50.267","3.0","KHARG, IR","    0",",,S","  234",",,S",,,"  222","H,,S"
"IRM00040845","2020-11-26","29.267","50.267","3.0","KHARG, IR","    0",",,S","  254",",,S","  178",",,S","  228","H,,S"
"IRM00040845","2020-11-27","29.267","50.267","3.0","KHARG, IR","  391",",,S","  260",",,S",,,"  234","H,,S"
"IRM00040845","2020-11-28","29.267","50.267","3.0","KHARG, IR","  292",",,S","  221",",,S","  195",",,S","  205","H,,S"
"IRM00040845","2020-11-29","29.267","50.267","3.0","KHARG, IR","  533",",,S","  213",",,S",,,"  201","H,,S"
"IRM00040845","2020-11-30","29.267","50.267","3.0","KHARG, IR","  955",",,S","  240",",,S","  198",",,S","  221","H,,S"
"IRM00040845","2020-12-01","29.267","50.267","3.0","KHARG, IR","    0",",,S","  230",",,S","  206",",,S","  216","H,,S"
"IRM00040845","2020-12-02","29.267","50.267","3.0","KHARG, IR","    0",",,S",,,"  216",",,S","  238","H,,S"
"IRM00040845","2020-12-03","29.267","50.267","3.0","KHARG, IR","    0",",,S",,,"  203",",,S","  236","H,,S"
"IRM00040845","2020-12-04","29.267","50.267","3.0","KHARG, IR","    0",",,S","  240",",,S","  224",",,S","  234","H,,S"
"IRM00040845","2020-12-05","29.267","50.267","3.0","KHARG, IR","    0",",,S","  237",",,S","  210",",,S","  223","H,,S"
"IRM00040845","2020-12-06","29.267","50.267","3.0","KHARG, IR","  968",",,S","  241",",,S",,,"  210","H,,S"
"IRM00040845","2020-12-07","29.267","50.267","3.0","KHARG, IR","   43",",,S","  200",",,S",,,"  189","H,,S"
"IRM00040845","2020-12-08","29.267","50.267","3.0","KHARG, IR","    0",",,S","  200",",,S","  178",",,S","  188","H,,S"
"IRM00040845","2020-12-09","29.267","50.267","3.0","KHARG, IR","    0",",,S",,,"  168",",,S","  189","H,,S"
"IRM00040845","2020-12-10","29.267","50.267","3.0","KHARG, IR","    0",",,S","  213",",,S","  187",",,S","  203","H,,S"
"IRM00040845","2020-12-11","29.267","50.267","3.0","KHARG, IR","    0",",,S","  211",",,S","  186",",,S","  203","H,,S"
"IRM00040845","2020-12-12","29.267","50.267","3.0","KHARG, IR","    0",",,S",,,,,"  197","H,,S"
"IRM00040845","2020-12-13","29.267","50.267","3.0","KHARG, IR","    0",",,S",,,"  178",",,S","  187","H,,S"
"IRM00040845","2020-12-14","29.267","50.267","3.0","KHARG, IR","    0",",,S",,,"  178",",,S","  198","H,,S"
"IRM00040845","2020-12-15","29.267","50.267","3.0","KHARG, IR","    0",",,S","  235",",,S","  126",",,S","  212","H,,S"
"IRM00040845","2020-12-16","29.267","50.267","3.0","KHARG, IR","    0",",,S","  244",",,S","  197",",,S","  226","H,,S"
"IRM00040845","2020-12-17","29.267","50.267","3.0","KHARG, IR","    5",",,S","  244",",,S","  204",",,S","  222","H,,S"
"IRM00040845","2020-12-18","29.267","50.267","3.0","KHARG, IR","   38",",,S",,,,,"  213","H,,S"
"IRM00040845","2020-12-19","29.267","50.267","3.0","KHARG, IR","    0",",,S","  200",",,S",,,"  190","H,,S"
"IRM00040845","2020-12-20","29.267","50.267","3.0","KHARG, IR","    0",",,S","  176",",,S","  159",",,S","  169","H,,S"
"IRM00040845","2020-12-21","29.267","50.267","3.0","KHARG, IR","    0",",,S","  191",",,S","  157",",,S","  178","H,,S"
"IRM00040845","2020-12-22","29.267","50.267","3.0","KHARG, IR","    0",",,S","  191",",,S",,,"  179","H,,S"
"IRM00040845","2020-12-23","29.267","50.267","3.0","KHARG, IR","    0",",,S","  217",",,S",,,"  179","H,,S"
"IRM00040845","2020-12-24","29.267","50.267","3.0","KHARG, IR","    8",",,S","  210",",,S","  149",",,S","  182","H,,S"
"IRM00040845","2020-12-25","29.267","50.267","3.0","KHARG, IR","    8",",,S","  176",",,S","  154",",,S","  167","H,,S"
"IRM00040845","2020-12-26","29.267","50.267","3.0","KHARG, IR","    0",",,S","  170",",,S","  135",",,S","  159","H,,S"
"IRM00040845","2020-12-27","29.267","50.267","3.0","KHARG, IR","    0",",,S",,,"  150",",,S","  177","H,,S"
"IRM00040845","2020-12-28","29.267","50.267","3.0","KHARG, IR","    0",",,S","  176",",,S","  150",",,S","  167","H,,S"
"IRM00040845","2020-12-29","29.267","50.267","3.0","KHARG, IR","    0",",,S","  190",",,S","  142",",,S","  179","H,,S"
"IRM00040845","2020-12-30","29.267","50.267","3.0","KHARG, IR","    0",",,S","  200",",,S",,,"  191","H,,S"
"IRM00040845","2020-12-31","29.267","50.267","3.0","KHARG, IR","    0",",,S","  204",",,S","  173",",,S","  194","H,,S"
"IRM00040845","2021-01-01","29.267","50.267","3.0","KHARG, IR","    0",",,S",,,,,"  197","H,,S"
"IRM00040845","2021-01-02","29.267","50.267","3.0","KHARG, IR","    0",",,S","  212",",,S","  152",",,S","  199","H,,S"
"IRM00040845","2021-01-03","29.267","50.267","3.0","KHARG, IR","    0",",,S","  205",",,S",,,"  196","H,,S"
"IRM00040845","2021-01-04","29.267","50.267","3.0","KHARG, IR","    0",",,S",,,"  179",",,S","  197","H,,S"
"IRM00040845","2021-01-05","29.267","50.267","3.0","KHARG, IR","    0",",,S",,,"  174",",,S","  195","H,,S"
"IRM00040845","2021-01-06","29.267","50.267","3.0","KHARG, IR","    0",",,S","  214",",,S",,,"  198","H,,S"
"IRM00040845","2021-01-07","29.267","50.267","3.0","KHARG, IR","    0",",,S","  208",",,S",,,"  187","H,,S"
"IRM00040845","2021-01-08","29.267","50.267","3.0","KHARG, IR","    0",",,S","  204",",,S","  116",",,S","  178","H,,S"
"IRM00040845","2021-01-09","29.267","50.267","3.0","KHARG, IR","    0",",,S",,,"  165",",,S","  187","H,,S"
"IRM00040845","2021-01-10","29.267","50.267","3.0","KHARG, IR","    0",",,S","  206",",,S",,,"  189","H,,S"
"IRM00040845","2021-01-11","29.267","50.267","3.0","KHARG, IR","    0",",,S","  193",",,S","  169",",,S","  183","H,,S"
"IRM00040845","2021-01-12","29.267","50.267","3.0","KHARG, IR","    0",",,S","  194",",,S","  169",",,S","  182","H,,S"
"IRM00040845","2021-01-13","29.267","50.267","3.0","KHARG, IR","    0",",,S","  193",",,S",,,"  183","H,,S"
"IRM00040845","2021-01-14","29.267","50.267","3.0","KHARG, IR","    0",",,S","  202",",,S","   99",",,S","  175","H,,S"
"IRM00040845","2021-01-15","29.267","50.267","3.0","KHARG, IR","    0",",,S","  234",",,S","  125",",,S","  197","H,,S"
"IRM00040845","2021-01-16","29.267","50.267","3.0","KHARG, IR","    0",",,S","  229",",,S","  126",",,S","  188","H,,S"
"IRM00040845","2021-01-17","29.267","50.267","3.0","KHARG, IR","    3",",,S","  231",",,S","  138",",,S","  202","H,,S"
"IRM00040845","2021-01-18","29.267","50.267","3.0","KHARG, IR","    0",",,S","  224",",,S",,,"  187","H,,S"
"IRM00040845","2021-01-19","29.267","50.267","3.0","KHARG, IR","    0",",,S","  204",",,S","  176",",,S","  194","H,,S"
"IRM00040845","2021-01-20","29.267","50.267","3.0","KHARG, IR","    0",",,S","  224",",,S","  179",",,S","  198","H,,S"
"IRM00040845","2021-01-21","29.267","50.267","3.0","KHARG, IR","    0",",,S",,,,,"  161","H,,S"
"IRM00040845","2021-01-22","29.267","50.267","3.0","KHARG, IR","    0",",,S","  151",",,S","  120",",,S","  136","H,,S"
"IRM00040845","2021-01-23","29.267","50.267","3.0","KHARG, IR","    0",",,S",,,,,"  154","H,,S"
"IRM00040845","2021-01-24","29.267","50.267","3.0","KHARG, IR","    0",",,S",,,"  150",",,S","  169","H,,S"
"IRM00040845","2021-01-25","29.267","50.267","3.0","KHARG, IR","    0",",,S",,,"  155",",,S","  177","H,,S"
"IRM00040845","2021-01-26","29.267","50.267","3.0","KHARG, IR","    0",",,S","  192",",,S","  156",",,S","  181","H,,S"
"IRM00040845","2021-01-27","29.267","50.267","3.0","KHARG, IR","    0",",,S","  204",",,S",,,"  189","H,,S"
"IRM00040845","2021-01-28","29.267","50.267","3.0","KHARG, IR","    0",",,S","  219",",,S","  107",",,S","  186","H,,S"
"IRM00040845","2021-01-29","29.267","50.267","3.0","KHARG, IR","    0",",,S","  226",",,S","  170",",,S","  202","H,,S"
"IRM00040845","2021-01-30","29.267","50.267","3.0","KHARG, IR","    0",",,S","  199",",,S",,,"  186","H,,S"
"IRM00040845","2021-01-31","29.267","50.267","3.0","KHARG, IR","    0",",,S",,,"  155",",,S","  172","H,,S"
"IRM00040845","2021-02-01","29.267","50.267","3.0","KHARG, IR","    0",",,S",,,"  156",",,S","  178","H,,S"
"IRM00040845","2021-02-02","29.267","50.267","3.0","KHARG, IR","    0",",,S",,,"  165",",,S","  182","H,,S"
"IRM00040845","2021-02-03","29.267","50.267","3.0","KHARG, IR","    0",",,S","  210",",,S","  169",",,S","  188","H,,S"
"IRM00040845","2021-02-04","29.267","50.267","3.0","KHARG, IR","    0",",,S","  204",",,S","  126",",,S","  191","H,,S"
"IRM00040845","2021-02-05","29.267","50.267","3.0","KHARG, IR","    0",",,S",,,"  130",",,S","  209","H,,S"
"IRM00040845","2021-02-06","29.267","50.267","3.0","KHARG, IR","    0",",,S","  240",",,S","  151",",,S","  209","H,,S"
"IRM00040845","2021-02-07","29.267","50.267","3.0","KHARG, IR","  127",",,S","  192",",,S","  160",",,S","  174","H,,S"
"IRM00040845","2021-02-08","29.267","50.267","3.0","KHARG, IR","    0",",,S",,,"  166",",,S","  184","H,,S"
"IRM00040845","2021-02-09","29.267","50.267","3.0","KHARG, IR","    0",",,S",,,"  170",",,S","  185","H,,S"
"IRM00040845","2021-02-10","29.267","50.267","3.0","KHARG, IR","    0",",,S",,,"  166",",,S","  185","H,,S"
"IRM00040845","2021-02-13","29.267","50.267","3.0","KHARG, IR",,,"  219",",,S",,,"  205","H,,S"
"IRM00040845","2021-02-14","29.267","50.267","3.0","KHARG, IR","    0",",,S","  221",",,S","  167",",,S","  203","H,,S"
"IRM00040845","2021-02-15","29.267","50.267","3.0","KHARG, IR","    0",",,S","  232",",,S","  139",",,S","  199","H,,S"
"IRM00040845","2021-02-16","29.267","50.267","3.0","KHARG, IR","    0",",,S","  262",",,S","  132",",,S","  204","H,,S"
"IRM00040845","2021-02-17","29.267","50.267","3.0","KHARG, IR","    0",",,S","  244",",,S","  169",",,S","  219","H,,S"
"IRM00040845","2021-02-18","29.267","50.267","3.0","KHARG, IR","   13",",,S","  229",",,S",,,"  187","H,,S"
"IRM00040845","2021-02-19","29.267","50.267","3.0","KHARG, IR","  193",",,S",,,,,"  165","H,,S"
"IRM00040845","2021-02-22","29.267","50.267","3.0","KHARG, IR","    0",",,S",,,"  128",",,S","  189","H,,S"
"IRM00040845","2021-02-23","29.267","50.267","3.0","KHARG, IR","    0",",,S","  196",",,S","  170",",,S","  183","H,,S"
"IRM00040845","2021-02-24","29.267","50.267","3.0","KHARG, IR","    0",",,S","  191",",,S",,,"  180","H,,S"
"IRM00040845","2021-02-25","29.267","50.267","3.0","KHARG, IR","   13",",,S","  176",",,S","  156",",,S","  168","H,,S"
"IRM00040845","2021-02-26","29.267","50.267","3.0","KHARG, IR","    0",",,S","  181",",,S","  156",",,S","  172","H,,S"
"IRM00040845","2021-02-27","29.267","50.267","3.0","KHARG, IR","    0",",,S","  200",",,S","  168",",,S","  188","H,,S"
"IRM00040845","2021-02-28","29.267","50.267","3.0","KHARG, IR","    0",",,S","  204",",,S","  168",",,S","  188","H,,S"
"IRM00040845","2021-03-01","29.267","50.267","3.0","KHARG, IR","    0",",,S","  205",",,S","  134",",,S","  192","H,,S"
"IRM00040845","2021-03-02","29.267","50.267","3.0","KHARG, IR","    8",",,S","  211",",,S","  145",",,S","  196","H,,S"
"IRM00040845","2021-03-03","29.267","50.267","3.0","KHARG, IR","    0",",,S","  220",",,S","  178",",,S","  201","H,,S"
"IRM00040845","2021-03-04","29.267","50.267","3.0","KHARG, IR","    0",",,S","  287",",,S","  177",",,S","  236","H,,S"
"IRM00040845","2021-03-05","29.267","50.267","3.0","KHARG, IR","    0",",,S",,,,,"  200","H,,S"
"IRM00040845","2021-03-06","29.267","50.267","3.0","KHARG, IR","    0",",,S","  204",",,S",,,"  189","H,,S"
"IRM00040845","2021-03-07","29.267","50.267","3.0","KHARG, IR","    0",",,S",,,,,"  191","H,,S"
"IRM00040845","2021-03-08","29.267","50.267","3.0","KHARG, IR","    0",",,S","  230",",,S","  156",",,S","  206","H,,S"
"IRM00040845","2021-03-09","29.267","50.267","3.0","KHARG, IR","    0",",,S","  260",",,S","  143",",,S","  208","H,,S"
"IRM00040845","2021-03-10","29.267","50.267","3.0","KHARG, IR","    0",",,S","  226",",,S","  145",",,S","  208","H,,S"
"IRM00040845","2021-03-11","29.267","50.267","3.0","KHARG, IR","    0",",,S","  268",",,S","  169",",,S","  228","H,,S"
"IRM00040845","2021-03-12","29.267","50.267","3.0","KHARG, IR","    0",",,S","  255",",,S","  197",",,S","  243","H,,S"
"IRM00040845","2021-03-13","29.267","50.267","3.0","KHARG, IR","    0",",,S","  205",",,S","  178",",,S","  196","H,,S"
"IRM00040845","2021-03-14","29.267","50.267","3.0","KHARG, IR","    0",",,S","  204",",,S",,,"  193","H,,S"
"IRM00040845","2021-03-15","29.267","50.267","3.0","KHARG, IR","    0",",,S",,,"  140",",,S","  196","H,,S"
"IRM00040845","2021-03-16","29.267","50.267","3.0","KHARG, IR","    0",",,S","  272",",,S","  174",",,S","  220","H,,S"
"IRM00040845","2021-03-17","29.267","50.267","3.0","KHARG, IR","    0",",,S","  300",",,S","  198",",,S","  258","H,,S"
"IRM00040845","2021-03-18","29.267","50.267","3.0","KHARG, IR","    0",",,S","  302",",,S","  182",",,S","  263","H,,S"
"IRM00040845","2021-03-19","29.267","50.267","3.0","KHARG, IR","    0",",,S",,,"  192",",,S","  221","H,,S"
"IRM00040845","2021-03-20","29.267","50.267","3.0","KHARG, IR","    0",",,S","  231",",,S",,,"  214","H,,S"
"IRM00040845","2021-03-21","29.267","50.267","3.0","KHARG, IR","    0",",,S","  242",",,S","  188",",,S","  212","H,,S"
"IRM00040845","2021-03-22","29.267","50.267","3.0","KHARG, IR","    0",",,S","  257",",,S","  146",",,S","  222","H,,S"
"IRM00040845","2021-03-23","29.267","50.267","3.0","KHARG, IR","    0",",,S","  292",",,S","  160",",,S","  222","H,,S"
"IRM00040845","2021-03-24","29.267","50.267","3.0","KHARG, IR","    0",",,S","  291",",,S","  169",",,S","  249","H,,S"
"IRM00040845","2021-03-25","29.267","50.267","3.0","KHARG, IR","    0",",,S","  281",",,S",,,"  259","H,,S"
"IRM00040845","2021-03-26","29.267","50.267","3.0","KHARG, IR","    0",",,S","  283",",,S","  190",",,S","  237","H,,S"
"IRM00040845","2021-03-27","29.267","50.267","3.0","KHARG, IR","    0",",,S","  258",",,S","  192",",,S","  236","H,,S"
"IRM00040845","2021-03-28","29.267","50.267","3.0","KHARG, IR","    0",",,S","  213",",,S","  170",",,S","  193","H,,S"
"IRM00040845","2021-03-29","29.267","50.267","3.0","KHARG, IR","    0",",,S","  220",",,S","  180",",,S","  198","H,,S"
"IRM00040845","2021-03-30","29.267","50.267","3.0","KHARG, IR","    0",",,S","  230",",,S","  189",",,S","  208","H,,S"
"IRM00040845","2021-03-31","29.267","50.267","3.0","KHARG, IR","    0",",,S","  303",",,S","  195",",,S","  246","H,,S"
"IRM00040845","2021-04-01","29.267","50.267","3.0","KHARG, IR","    0",",,S","  342",",,S","  171",",,S","  266","H,,S"
"IRM00040845","2021-04-02","29.267","50.267","3.0","KHARG, IR","    0",",,S","  336",",,S","  220",",,S","  289","H,,S"
"IRM00040845","2021-04-03","29.267","50.267","3.0","KHARG, IR","    0",",,S","  241",",,S",,,"  230","H,,S"
"IRM00040845","2021-04-04","29.267","50.267","3.0","KHARG, IR","    0",",,S","  230",",,S","  186",",,S","  201","H,,S"
"IRM00040845","2021-04-05","29.267","50.267","3.0","KHARG, IR","    0",",,S",,,"  196",",,S","  216","H,,S"
"IRM00040845","2021-04-06","29.267","50.267","3.0","KHARG, IR","    0",",,S","  265",",,S","  200",",,S","  225","H,,S"
"IRM00040845","2021-04-07","29.267","50.267","3.0","KHARG, IR","    0",",,S","  270",",,S","  206",",,S","  242","H,,S"
"IRM00040845","2021-04-08","29.267","50.267","3.0","KHARG, IR","    0",",,S",,,"  183",",,S","  257","H,,S"
"IRM00040845","2021-04-09","29.267","50.267","3.0","KHARG, IR","    0",",,S","  296",",,S","  190",",,S","  262","H,,S"
"IRM00040845","2021-04-10","29.267","50.267","3.0","KHARG, IR","    0",",,S","  309",",,S","  189",",,S","  259","H,,S"
"IRM00040845","2021-04-11","29.267","50.267","3.0","KHARG, IR","    0",",,S","  288",",,S","  225",",,S","  258","H,,S"
"IRM00040845","2021-04-12","29.267","50.267","3.0","KHARG, IR","    0",",,S","  294",",,S","  220",",,S","  253","H,,S"
"IRM00040845","2021-04-13","29.267","50.267","3.0","KHARG, IR","    0",",,S","  277",",,S","  224",",,S","  252","H,,S"
"IRM00040845","2021-04-14","29.267","50.267","3.0","KHARG, IR","    0",",,S","  263",",,S","  217",",,S","  248","H,,S"
"IRM00040845","2021-04-15","29.267","50.267","3.0","KHARG, IR","    0",",,S","  252",",,S","  218",",,S","  237","H,,S"
"IRM00040845","2021-04-16","29.267","50.267","3.0","KHARG, IR","    0",",,S","  262",",,S","  213",",,S","  243","H,,S"
"IRM00040845","2021-04-17","29.267","50.267","3.0","KHARG, IR","    0",",,S","  255",",,S","  184",",,S","  239","H,,S"
"IRM00040845","2021-04-18","29.267","50.267","3.0","KHARG, IR","    0",",,S",,,"  175",",,S","  258","H,,S"
"IRM00040845","2021-04-19","29.267","50.267","3.0","KHARG, IR","    0",",,S","  291",",,S","  182",",,S","  254","H,,S"
"IRM00040845","2021-04-20","29.267","50.267","3.0","KHARG, IR","    0",",,S","  325",",,S","  185",",,S","  272","H,,S"
"IRM00040845","2021-04-21","29.267","50.267","3.0","KHARG, IR","    0",",,S","  330",",,S","  194",",,S","  288","H,,S"
"IRM00040845","2021-04-22","29.267","50.267","3.0","KHARG, IR","    0",",,S","  323",",,S","  204",",,S","  292","H,,S"
"IRM00040845","2021-04-23","29.267","50.267","3.0","KHARG, IR","    0",",,S","  325",",,S",,,"  305","H,,S"
"IRM00040845","2021-04-24","29.267","50.267","3.0","KHARG, IR","    0",",,S","  325",",,S","  224",",,S","  301","H,,S"
"IRM00040845","2021-04-25","29.267","50.267","3.0","KHARG, IR","    0",",,S","  347",",,S","  234",",,S","  296","H,,S"
"IRM00040845","2021-04-26","29.267","50.267","3.0","KHARG, IR","    0",",,S",,,"  214",",,S","  298","H,,S"
"IRM00040845","2021-04-27","29.267","50.267","3.0","KHARG, IR","    0",",,S","  362",",,S","  223",",,S","  298","H,,S"
"IRM00040845","2021-04-28","29.267","50.267","3.0","KHARG, IR","    0",",,S","  388",",,S","  243",",,S","  323","H,,S"
"IRM00040845","2021-04-29","29.267","50.267","3.0","KHARG, IR","    0",",,S",,,"  265",",,S","  291","H,,S"
"IRM00040845","2021-04-30","29.267","50.267","3.0","KHARG, IR","    0",",,S","  319",",,S","  213",",,S","  294","H,,S"
"IRM00040845","2021-05-01","29.267","50.267","3.0","KHARG, IR","    0",",,S","  334",",,S","  210",",,S","  281","H,,S"
"IRM00040845","2021-05-02","29.267","50.267","3.0","KHARG, IR","    0",",,S","  309",",,S","  241",",,S","  278","H,,S"
"IRM00040845","2021-05-03","29.267","50.267","3.0","KHARG, IR","    0",",,S","  340",",,S","  230",",,S","  289","H,,S"
"IRM00040845","2021-05-04","29.267","50.267","3.0","KHARG, IR","    0",",,S","  327",",,S","  224",",,S","  284","H,,S"
"IRM00040845","2021-05-05","29.267","50.267","3.0","KHARG, IR","    0",",,S",,,"  215",",,S","  306","H,,S"
"IRM00040845","2021-05-06","29.267","50.267","3.0","KHARG, IR","    0",",,S","  351",",,S","  224",",,S","  306","H,,S"
"IRM00040845","2021-05-07","29.267","50.267","3.0","KHARG, IR","    0",",,S","  353",",,S","  240",",,S","  313","H,,S"
"IRM00040845","2021-05-08","29.267","50.267","3.0","KHARG, IR","    0",",,S","  331",",,S",,,"  307","H,,S"
"IRM00040845","2021-05-09","29.267","50.267","3.0","KHARG, IR","    0",",,S","  349",",,S","  231",",,S","  310","H,,S"
"IRM00040845","2021-05-10","29.267","50.267","3.0","KHARG, IR","    0",",,S",,,"  219",",,S","  305","H,,S"
"IRM00040845","2021-05-11","29.267","50.267","3.0","KHARG, IR","    0",",,S","  364",",,S","  236",",,S","  313","H,,S"
"IRM00040845","2021-05-12","29.267","50.267","3.0","KHARG, IR","    0",",,S",,,"  252",",,S","  325","H,,S"
"IRM00040845","2021-05-13","29.267","50.267","3.0","KHARG, IR","    0",",,S","  394",",,S","  276",",,S","  337","H,,S"
"IRM00040845","2021-05-14","29.267","50.267","3.0","KHARG, IR","    0",",,S","  375",",,S","  287",",,S","  338","H,,S"
"IRM00040845","2021-05-15","29.267","50.267","3.0","KHARG, IR","    0",",,S","  404",",,S","  269",",,S","  345","H,,S"
"IRM00040845","2021-05-16","29.267","50.267","3.0","KHARG, IR","    0",",,S","  379",",,S","  259",",,S","  327","H,,S"
"IRM00040845","2021-05-17","29.267","50.267","3.0","KHARG, IR","    0",",,S","  373",",,S","  241",",,S","  327","H,,S"
"IRM00040845","2021-05-18","29.267","50.267","3.0","KHARG, IR","    0",",,S","  374",",,S","  238",",,S","  323","H,,S"
"IRM00040845","2021-05-19","29.267","50.267","3.0","KHARG, IR","    0",",,S","  401",",,S","  268",",,S","  354","H,,S"
"IRM00040845","2021-05-20","29.267","50.267","3.0","KHARG, IR","    0",",,S",,,"  281",",,S","  347","H,,S"
"IRM00040845","2021-05-21","29.267","50.267","3.0","KHARG, IR","    0",",,S",,,"  301",",,S","  348","H,,S"
"IRM00040845","2021-05-22","29.267","50.267","3.0","KHARG, IR","    0",",,S","  385",",,S","  284",",,S","  343","H,,S"
"IRM00040845","2021-05-23","29.267","50.267","3.0","KHARG, IR","    0",",,S","  395",",,S","  294",",,S","  364","H,,S"
"IRM00040845","2021-05-24","29.267","50.267","3.0","KHARG, IR","    0",",,S","  423",",,S","  287",",,S","  365","H,,S"
"IRM00040845","2021-05-25","29.267","50.267","3.0","KHARG, IR","    0",",,S","  449",",,S","  304",",,S","  366","H,,S"
"IRM00040845","2021-05-26","29.267","50.267","3.0","KHARG, IR","    0",",,S","  347",",,S","  296",",,S","  331","H,,S"
"IRM00040845","2021-05-27","29.267","50.267","3.0","KHARG, IR","    0",",,S",,,"  298",",,S","  336","H,,S"
"IRM00040845","2021-05-28","29.267","50.267","3.0","KHARG, IR","    0",",,S","  376",",,S","  296",",,S","  346","H,,S"
"IRM00040845","2021-05-29","29.267","50.267","3.0","KHARG, IR","    0",",,S","  409",",,S","  274",",,S","  368","H,,S"
"IRM00040845","2021-05-30","29.267","50.267","3.0","KHARG, IR","    0",",,S","  390",",,S","  289",",,S","  347","H,,S"
"IRM00040845","2021-05-31","29.267","50.267","3.0","KHARG, IR","    0",",,S",,,"  298",",,S","  352","H,,S"
"IRM00040845","2021-06-01","29.267","50.267","3.0","KHARG, IR","    0",",,S","  380",",,S",,,"  342","H,,S"
"IRM00040845","2021-06-02","29.267","50.267","3.0","KHARG, IR","    0",",,S","  398",",,S","  303",",,S","  357","H,,S"
"IRM00040845","2021-06-03","29.267","50.267","3.0","KHARG, IR","    0",",,S","  385",",,S","  303",",,S","  352","H,,S"
"IRM00040845","2021-06-04","29.267","50.267","3.0","KHARG, IR","    0",",,S","  391",",,S","  304",",,S","  346","H,,S"
"IRM00040845","2021-06-05","29.267","50.267","3.0","KHARG, IR","    0",",,S","  401",",,S","  316",",,S","  361","H,,S"
"IRM00040845","2021-06-06","29.267","50.267","3.0","KHARG, IR",,,"  409",",,S","  313",",,S","  362","H,,S"
"IRM00040845","2021-06-07","29.267","50.267","3.0","KHARG, IR","    0",",,S","  374",",,S","  325",",,S","  349","H,,S"
"IRM00040845","2021-06-08","29.267","50.267","3.0","KHARG, IR","    0",",,S","  372",",,S",,,"  334","H,,S"
"IRM00040845","2021-06-09","29.267","50.267","3.0","KHARG, IR","    0",",,S","  378",",,S","  306",",,S","  347","H,,S"
"IRM00040845","2021-06-10","29.267","50.267","3.0","KHARG, IR","    0",",,S",,,"  294",",,S","  336","H,,S"
"IRM00040845","2021-06-11","29.267","50.267","3.0","KHARG, IR","    0",",,S","  370",",,S","  301",",,S","  335","H,,S"
"IRM00040845","2021-06-12","29.267","50.267","3.0","KHARG, IR","    0",",,S","  352",",,S","  296",",,S","  321","H,,S"
"IRM00040845","2021-06-13","29.267","50.267","3.0","KHARG, IR","    0",",,S","  372",",,S",,,"  323","H,,S"
"IRM00040845","2021-06-14","29.267","50.267","3.0","KHARG, IR","    0",",,S","  380",",,S","  296",",,S","  325","H,,S"
"IRM00040845","2021-06-15","29.267","50.267","3.0","KHARG, IR","    0",",,S","  384",",,S","  255",",,S","  318","H,,S"
"IRM00040845","2021-06-16","29.267","50.267","3.0","KHARG, IR","    0",",,S",,,"  304",",,S","  333","H,,S"
"IRM00040845","2021-06-17","29.267","50.267","3.0","KHARG, IR","    0",",,S","  354",",,S","  296",",,S","  323","H,,S"
"IRM00040845","2021-06-18","29.267","50.267","3.0","KHARG, IR","    0",",,S","  341",",,S","  290",",,S","  313","H,,S"
"IRM00040845","2021-06-19","29.267","50.267","3.0","KHARG, IR","    0",",,S","  350",",,S","  272",",,S","  328","H,,S"
"IRM00040845","2021-06-20","29.267","50.267","3.0","KHARG, IR","    0",",,S","  372",",,S","  294",",,S","  337","H,,S"
"IRM00040845","2021-06-21","29.267","50.267","3.0","KHARG, IR","    0",",,S","  403",",,S","  299",",,S","  338","H,,S"
"IRM00040845","2021-06-22","29.267","50.267","3.0","KHARG, IR","    0",",,S","  405",",,S","  293",",,S","  339","H,,S"
"IRM00040845","2021-06-23","29.267","50.267","3.0","KHARG, IR","    0",",,S","  404",",,S","  277",",,S","  344","H,,S"
"IRM00040845","2021-06-24","29.267","50.267","3.0","KHARG, IR","    0",",,S",,,"  299",",,S","  334","H,,S"
"IRM00040845","2021-06-25","29.267","50.267","3.0","KHARG, IR","    0",",,S","  384",",,S","  259",",,S","  339","H,,S"
"IRM00040845","2021-06-26","29.267","50.267","3.0","KHARG, IR","    0",",,S","  395",",,S","  277",",,S","  343","H,,S"
"IRM00040845","2021-06-27","29.267","50.267","3.0","KHARG, IR","    0",",,S","  385",",,S","  277",",,S","  342","H,,S"
"IRM00040845","2021-06-28","29.267","50.267","3.0","KHARG, IR","    0",",,S","  382",",,S","  281",",,S","  334","H,,S"
"IRM00040845","2021-06-29","29.267","50.267","3.0","KHARG, IR","    0",",,S","  381",",,S","  284",",,S","  336","H,,S"
"IRM00040845","2021-06-30","29.267","50.267","3.0","KHARG, IR","    0",",,S","  388",",,S","  282",",,S","  351","H,,S"
"IRM00040845","2021-07-01","29.267","50.267","3.0","KHARG, IR","    0",",,S",,,"  285",",,S","  356","H,,S"
"IRM00040845","2021-07-02","29.267","50.267","3.0","KHARG, IR","    0",",,S","  454",",,S","  302",",,S","  392","H,,S"
"IRM00040845","2021-07-03","29.267","50.267","3.0","KHARG, IR","    0",",,S",,,"  328",",,S","  374","H,,S"
"IRM00040845","2021-07-04","29.267","50.267","3.0","KHARG, IR","    0",",,S","  398",",,S",,,"  356","H,,S"
"IRM00040845","2021-07-05","29.267","50.267","3.0","KHARG, IR","    0",",,S","  383",",,S","  298",",,S","  350","H,,S"
"IRM00040845","2021-07-06","29.267","50.267","3.0","KHARG, IR","    0",",,S","  386",",,S","  275",",,S","  349","H,,S"
"IRM00040845","2021-07-07","29.267","50.267","3.0","KHARG, IR","    0",",,S","  399",",,S","  288",",,S","  367","H,,S"
"IRM00040845","2021-07-08","29.267","50.267","3.0","KHARG, IR","    0",",,S","  402",",,S","  312",",,S","  369","H,,S"
"IRM00040845","2021-07-09","29.267","50.267","3.0","KHARG, IR","    0",",,S","  412",",,S","  332",",,S","  370","H,,S"
"IRM00040845","2021-07-10","29.267","50.267","3.0","KHARG, IR","    0",",,S",,,"  327",",,S","  373","H,,S"
"IRM00040845","2021-07-11","29.267","50.267","3.0","KHARG, IR",,,,,,,"  361","H,,S"
"IRM00040845","2021-07-12","29.267","50.267","3.0","KHARG, IR",,,,,,,"  372","H,,S"
"IRM00040845","2021-07-13","29.267","50.267","3.0","KHARG, IR","    0",",,S","  407",",,S",,,"  371","H,,S"
"IRM00040845","2021-07-14","29.267","50.267","3.0","KHARG, IR","    0",",,S","  410",",,S","  322",",,S","  381","H,,S"
"IRM00040845","2021-07-15","29.267","50.267","3.0","KHARG, IR","    0",",,S","  400",",,S","  285",",,S","  355","H,,S"
"IRM00040845","2021-07-16","29.267","50.267","3.0","KHARG, IR","    0",",,S","  380",",,S","  289",",,S","  348","H,,S"
"IRM00040845","2021-07-17","29.267","50.267","3.0","KHARG, IR","    0",",,S","  374",",,S","  320",",,S","  360","H,,S"
"IRM00040845","2021-07-18","29.267","50.267","3.0","KHARG, IR","    0",",,S","  375",",,S","  337",",,S","  356","H,,S"
"IRM00040845","2021-07-19","29.267","50.267","3.0","KHARG, IR","    0",",,S","  377",",,S","  318",",,S","  349","H,,S"
"IRM00040845","2021-07-20","29.267","50.267","3.0","KHARG, IR","    0",",,S","  403",",,S","  330",",,S","  362","H,,S"
"IRM00040845","2021-07-21","29.267","50.267","3.0","KHARG, IR","    0",",,S","  403",",,S","  340",",,S","  379","H,,S"
"IRM00040845","2021-07-22","29.267","50.267","3.0","KHARG, IR","    0",",,S",,,"  332",",,S","  373","H,,S"
"IRM00040845","2021-07-23","29.267","50.267","3.0","KHARG, IR","    0",",,S",,,"  324",",,S","  378","H,,S"
"IRM00040845","2021-07-24","29.267","50.267","3.0","KHARG, IR","    0",",,S","  407",",,S","  335",",,S","  373","H,,S"
"IRM00040845","2021-07-25","29.267","50.267","3.0","KHARG, IR","    0",",,S","  394",",,S","  328",",,S","  368","H,,S"
"IRM00040845","2021-07-26","29.267","50.267","3.0","KHARG, IR","    0",",,S","  409",",,S","  318",",,S","  363","H,,S"
"IRM00040845","2021-07-27","29.267","50.267","3.0","KHARG, IR","    0",",,S",,,"  309",",,S","  363","H,,S"
"IRM00040845","2021-07-28","29.267","50.267","3.0","KHARG, IR","    0",",,S","  442",",,S","  324",",,S","  396","H,,S"
"IRM00040845","2021-07-29","29.267","50.267","3.0","KHARG, IR","    0",",,S","  397",",,S","  359",",,S","  380","H,,S"
"IRM00040845","2021-07-30","29.267","50.267","3.0","KHARG, IR","    0",",,S","  408",",,S","  325",",,S","  376","H,,S"
"IRM00040845","2021-07-31","29.267","50.267","3.0","KHARG, IR","    0",",,S","  413",",,S","  283",",,S","  359","H,,S"
"IRM00040845","2021-08-01","29.267","50.267","3.0","KHARG, IR","    0",",,S","  417",",,S","  290",",,S","  363","H,,S"
"IRM00040845","2021-08-02","29.267","50.267","3.0","KHARG, IR","    0",",,S","  427",",,S","  310",",,S","  367","H,,S"
"IRM00040845","2021-08-03","29.267","50.267","3.0","KHARG, IR","    0",",,S","  414",",,S","  312",",,S","  372","H,,S"
"IRM00040845","2021-08-04","29.267","50.267","3.0","KHARG, IR","    0",",,S","  405",",,S","  299",",,S","  377","H,,S"
"IRM00040845","2021-08-05","29.267","50.267","3.0","KHARG, IR","    0",",,S","  411",",,S","  318",",,S","  378","H,,S"
"IRM00040845","2021-08-06","29.267","50.267","3.0","KHARG, IR","    0",",,S","  412",",,S","  313",",,S","  376","H,,S"
"IRM00040845","2021-08-07","29.267","50.267","3.0","KHARG, IR","    0",",,S",,,"  317",",,S","  367","H,,S"
"IRM00040845","2021-08-08","29.267","50.267","3.0","KHARG, IR","    0",",,S","  412",",,S","  315",",,S","  379","H,,S"
"IRM00040845","2021-08-09","29.267","50.267","3.0","KHARG, IR","    0",",,S",,,,,"  383","H,,S"
"IRM00040845","2021-08-10","29.267","50.267","3.0","KHARG, IR","    0",",,S","  409",",,S","  320",",,S","  364","H,,S"
"IRM00040845","2021-08-11","29.267","50.267","3.0","KHARG, IR","    0",",,S","  397",",,S","  333",",,S","  368","H,,S"
"IRM00040845","2021-08-12","29.267","50.267","3.0","KHARG, IR","    0",",,S","  415",",,S","  304",",,S","  367","H,,S"
"IRM00040845","2021-08-13","29.267","50.267","3.0","KHARG, IR","    0",",,S","  411",",,S","  312",",,S","  379","H,,S"
"IRM00040845","2021-08-14","29.267","50.267","3.0","KHARG, IR","    0",",,S","  411",",,S","  357",",,S","  380","H,,S"
"IRM00040845","2021-08-15","29.267","50.267","3.0","KHARG, IR","    0",",,S","  393",",,S","  352",",,S","  375","H,,S"
"IRM00040845","2021-08-16","29.267","50.267","3.0","KHARG, IR","    0",",,S","  385",",,S",,,"  358","H,,S"
"IRM00040845","2021-08-17","29.267","50.267","3.0","KHARG, IR","    0",",,S","  391",",,S","  315",",,S","  356","H,,S"
"IRM00040845","2021-08-18","29.267","50.267","3.0","KHARG, IR","    0",",,S","  388",",,S","  289",",,S","  360","H,,S"
"IRM00040845","2021-08-19","29.267","50.267","3.0","KHARG, IR","    0",",,S","  393",",,S","  292",",,S","  363","H,,S"
"IRM00040845","2021-08-20","29.267","50.267","3.0","KHARG, IR","    0",",,S",,,"  319",",,S","  359","H,,S"
"IRM00040845","2021-08-21","29.267","50.267","3.0","KHARG, IR","    0",",,S","  400",",,S","  292",",,S","  352","H,,S"
"IRM00040845","2021-08-22","29.267","50.267","3.0","KHARG, IR","    0",",,S","  416",",,S","  298",",,S","  375","H,,S"
"IRM00040845","2021-08-23","29.267","50.267","3.0","KHARG, IR","    0",",,S","  422",",,S","  281",",,S","  376","H,,S"
"IRM00040845","2021-08-24","29.267","50.267","3.0","KHARG, IR","    0",",,S","  400",",,S","  291",",,S","  363","H,,S"
"IRM00040845","2021-08-25","29.267","50.267","3.0","KHARG, IR","    0",",,S","  402",",,S","  301",",,S","  367","H,,S"
"IRM00040845","2021-08-26","29.267","50.267","3.0","KHARG, IR","    0",",,S","  403",",,S","  296",",,S","  377","H,,S"
"IRM00040845","2021-08-27","29.267","50.267","3.0","KHARG, IR","    0",",,S","  443",",,S","  297",",,S","  376","H,,S"
"IRM00040845","2021-08-28","29.267","50.267","3.0","KHARG, IR","    0",",,S","  422",",,S","  305",",,S","  369","H,,S"
"IRM00040845","2021-08-29","29.267","50.267","3.0","KHARG, IR","    0",",,S","  420",",,S","  309",",,S","  374","H,,S"
"IRM00040845","2021-08-30","29.267","50.267","3.0","KHARG, IR","    0",",,S","  408",",,S","  306",",,S","  359","H,,S"
"IRM00040845","2021-08-31","29.267","50.267","3.0","KHARG, IR","    0",",,S","  393",",,S","  296",",,S","  352","H,,S"
"IRM00040845","2021-09-01","29.267","50.267","3.0","KHARG, IR","    0",",,S","  384",",,S","  298",",,S","  363","H,,S"
"IRM00040845","2021-09-02","29.267","50.267","3.0","KHARG, IR","    0",",,S","  394",",,S","  328",",,S","  361","H,,S"
"IRM00040845","2021-09-03","29.267","50.267","3.0","KHARG, IR","    0",",,S","  393",",,S","  314",",,S","  359","H,,S"
"IRM00040845","2021-09-04","29.267","50.267","3.0","KHARG, IR","    0",",,S","  400",",,S",,,"  356","H,,S"
"IRM00040845","2021-09-05","29.267","50.267","3.0","KHARG, IR","    0",",,S",,,"  324",",,S","  361","H,,S"
"IRM00040845","2021-09-06","29.267","50.267","3.0","KHARG, IR","    0",",,S","  372",",,S",,,"  358","H,,S"
"IRM00040845","2021-09-07","29.267","50.267","3.0","KHARG, IR","    0",",,S","  397",",,S","  280",",,S","  349","H,,S"
"IRM00040845","2021-09-08","29.267","50.267","3.0","KHARG, IR","    0",",,S","  392",",,S","  314",",,S","  365","H,,S"
"IRM00040845","2021-09-09","29.267","50.267","3.0","KHARG, IR","    0",",,S","  380",",,S","  335",",,S","  357","H,,S"
"IRM00040845","2021-09-10","29.267","50.267","3.0","KHARG, IR","    0",",,S","  366",",,S",,,"  350","H,,S"
"IRM00040845","2021-09-11","29.267","50.267","3.0","KHARG, IR","    0",",,S",,,"  282",",,S","  339","H,,S"
"IRM00040845","2021-09-12","29.267","50.267","3.0","KHARG, IR","    0",",,S","  364",",,S","  325",",,S","  344","H,,S"
"IRM00040845","2021-09-13","29.267","50.267","3.0","KHARG, IR","    0",",,S","  361",",,S",,,"  341","H,,S"
"IRM00040845","2021-09-14","29.267","50.267","3.0","KHARG, IR","    0",",,S","  363",",,S","  326",",,S","  341","H,,S"
"IRM00040845","2021-09-15","29.267","50.267","3.0","KHARG, IR","    0",",,S",,,"  309",",,S","  341","H,,S"
"IRM00040845","2021-09-16","29.267","50.267","3.0","KHARG, IR","    0",",,S","  371",",,S","  301",",,S","  341","H,,S"
"IRM00040845","2021-09-17","29.267","50.267","3.0","KHARG, IR","    0",",,S","  370",",,S","  267",",,S","  342","H,,S"
"IRM00040845","2021-09-18","29.267","50.267","3.0","KHARG, IR","    0",",,S","  385",",,S","  255",",,S","  327","H,,S"
"IRM00040845","2021-09-19","29.267","50.267","3.0","KHARG, IR","    0",",,S","  371",",,S","  276",",,S","  339","H,,S"
"IRM00040845","2021-09-20","29.267","50.267","3.0","KHARG, IR","    0",",,S","  355",",,S","  327",",,S","  344","H,,S"
"IRM00040845","2021-09-21","29.267","50.267","3.0","KHARG, IR","    0",",,S","  347",",,S","  302",",,S","  330","H,,S"
"IRM00040845","2021-09-22","29.267","50.267","3.0","KHARG, IR","    0",",,S","  351",",,S","  303",",,S","  335","H,,S"
"IRM00040845","2021-09-23","29.267","50.267","3.0","KHARG, IR","    0",",,S","  352",",,S","  296",",,S","  334","H,,S"
"IRM00040845","2021-09-24","29.267","50.267","3.0","KHARG, IR","    0",",,S","  354",",,S","  242",",,S","  324","H,,S"
"IRM00040845","2021-09-25","29.267","50.267","3.0","KHARG, IR","    0",",,S","  362",",,S","  256",",,S","  336","H,,S"
"IRM00040845","2021-09-26","29.267","50.267","3.0","KHARG, IR","    0",",,S","  333",",,S","  312",",,S","  323","H,,S"
"IRM00040845","2021-09-27","29.267","50.267","3.0","KHARG, IR","    0",",,S","  317",",,S","  286",",,S","  304","H,,S"
"IRM00040845","2021-09-28","29.267","50.267","3.0","KHARG, IR","    0",",,S","  355",",,S","  245",",,S","  321","H,,S"
"IRM00040845","2021-09-29","29.267","50.267","3.0","KHARG, IR","    0",",,S","  352",",,S","  246",",,S","  319","H,,S"
"IRM00040845","2021-09-30","29.267","50.267","3.0","KHARG, IR","    0",",,S","  360",",,S","  252",",,S","  327","H,,S"
"IRM00040845","2021-10-01","29.267","50.267","3.0","KHARG, IR","    0",",,S",,,"  287",",,S","  324","H,,S"
"IRM00040845","2021-10-02","29.267","50.267","3.0","KHARG, IR","    0",",,S",,,"  294",",,S","  329","H,,S"
"IRM00040845","2021-10-03","29.267","50.267","3.0","KHARG, IR","    0",",,S","  372",",,S","  271",",,S","  328","H,,S"
"IRM00040845","2021-10-04","29.267","50.267","3.0","KHARG, IR","    0",",,S","  350",",,S","  278",",,S","  324","H,,S"
"IRM00040845","2021-10-05","29.267","50.267","3.0","KHARG, IR","    0",",,S","  342",",,S","  255",",,S","  314","H,,S"
"IRM00040845","2021-10-06","29.267","50.267","3.0","KHARG, IR","    0",",,S","  361",",,S","  297",",,S","  326","H,,S"
"IRM00040845","2021-10-07","29.267","50.267","3.0","KHARG, IR","    0",",,S","  345",",,S","  267",",,S","  321","H,,S"
"IRM00040845","2021-10-08","29.267","50.267","3.0","KHARG, IR","    0",",,S","  341",",,S","  253",",,S","  328","H,,S"
"IRM00040845","2021-10-09","29.267","50.267","3.0","KHARG, IR","    0",",,S","  332",",,S","  296",",,S","  318","H,,S"
"IRM00040845","2021-10-10","29.267","50.267","3.0","KHARG, IR","    0",",,S","  322",",,S","  285",",,S","  304","H,,S"
"IRM00040845","2021-10-11","29.267","50.267","3.0","KHARG, IR","    0",",,S","  327",",,S",,,"  302","H,,S"
"IRM00040845","2021-10-12","29.267","50.267","3.0","KHARG, IR","    0",",,S","  331",",,S","  204",",,S","  284","H,,S"
"IRM00040845","2021-10-13","29.267","50.267","3.0","KHARG, IR","    0",",,S",,,"  213",",,S","  298","H,,S"
"IRM00040845","2021-10-14","29.267","50.267","3.0","KHARG, IR","    0",",,S","  331",",,S","  229",",,S","  314","H,,S"
"IRM00040845","2021-10-15","29.267","50.267","3.0","KHARG, IR","    0",",,S","  358",",,S","  268",",,S","  314","H,,S"
"IRM00040845","2021-10-16","29.267","50.267","3.0","KHARG, IR","    0",",,S","  340",",,S","  255",",,S","  311","H,,S"
"IRM00040845","2021-10-17","29.267","50.267","3.0","KHARG, IR","    0",",,S","  354",",,S","  240",",,S","  313","H,,S"
"IRM00040845","2021-10-18","29.267","50.267","3.0","KHARG, IR","    0",",,S","  334",",,S","  259",",,S","  312","H,,S"
"IRM00040845","2021-10-19","29.267","50.267","3.0","KHARG, IR","    0",",,S","  310",",,S",,,"  297","H,,S"
"IRM00040845","2021-10-20","29.267","50.267","3.0","KHARG, IR","    0",",,S","  321",",,S","  287",",,S","  307","H,,S"
"IRM00040845","2021-10-21","29.267","50.267","3.0","KHARG, IR","    0",",,S","  321",",,S","  290",",,S","  305","H,,S"
"IRM00040845","2021-10-22","29.267","50.267","3.0","KHARG, IR","    0",",,S","  293",",,S",,,"  282","H,,S"
"IRM00040845","2021-10-23","29.267","50.267","3.0","KHARG, IR","    0",",,S","  301",",,S","  267",",,S","  286","H,,S"
"IRM00040845","2021-10-24","29.267","50.267","3.0","KHARG, IR","    0",",,S","  318",",,S","  241",",,S","  297","H,,S"
"IRM00040845","2021-10-25","29.267","50.267","3.0","KHARG, IR","    0",",,S",,,"  267",",,S","  297","H,,S"
"IRM00040845","2021-10-26","29.267","50.267","3.0","KHARG, IR","    0",",,S","  306",",,S","  265",",,S","  289","H,,S"
"IRM00040845","2021-10-27","29.267","50.267","3.0","KHARG, IR","    0",",,S","  301",",,S","  257",",,S","  285","H,,S"
"IRM00040845","2021-10-28","29.267","50.267","3.0","KHARG, IR","    0",",,S","  316",",,S","  222",",,S","  284","H,,S"
"IRM00040845","2021-10-29","29.267","50.267","3.0","KHARG, IR","    0",",,S",,,"  233",",,S","  288","H,,S"
"IRM00040845","2021-10-30","29.267","50.267","3.0","KHARG, IR","    0",",,S","  302",",,S",,,"  283","H,,S"
"IRM00040845","2021-10-31","29.267","50.267","3.0","KHARG, IR","    0",",,S","  310",",,S",,,"  282","H,,S"
"IRM00040845","2021-11-01","29.267","50.267","3.0","KHARG, IR","    0",",,S","  293",",,S",,,"  271","H,,S"
"IRM00040845","2021-11-02","29.267","50.267","3.0","KHARG, IR","    0",",,S","  310",",,S","  263",",,S","  284","H,,S"
"IRM00040845","2021-11-03","29.267","50.267","3.0","KHARG, IR","    0",",,S","  311",",,S","  225",",,S","  282","H,,S"
"IRM00040845","2021-11-04","29.267","50.267","3.0","KHARG, IR","    0",",,S","  312",",,S","  207",",,S","  273","H,,S"
"IRM00040845","2021-11-05","29.267","50.267","3.0","KHARG, IR","    0",",,S","  283",",,S","  237",",,S","  268","H,,S"
"IRM00040845","2021-11-06","29.267","50.267","3.0","KHARG, IR","    0",",,S","  294",",,S","  186",",,S","  254","H,,S"
"IRM00040845","2021-11-07","29.267","50.267","3.0","KHARG, IR","    0",",,S","  285",",,S","  212",",,S","  262","H,,S"
"IRM00040845","2021-11-08","29.267","50.267","3.0","KHARG, IR","    0",",,S",,,"  222",",,S","  259","H,,S"
"IRM00040845","2021-11-09","29.267","50.267","3.0","KHARG, IR","    0",",,S","  275",",,S","  200",",,S","  264","H,,S"
"IRM00040845","2021-11-10","29.267","50.267","3.0","KHARG, IR","    0",",,S",,,,,"  266","H,,S"
"IRM00040845","2021-11-11","29.267","50.267","3.0","KHARG, IR","    0",",,S","  276",",,S",,,"  256","H,,S"
"IRM00040845","2021-11-12","29.267","50.267","3.0","KHARG, IR","    0",",,S",,,,,"  267","H,,S"
"IRM00040845","2021-11-13","29.267","50.267","3.0","KHARG, IR","    0",",,S","  257",",,S",,,"  246","H,,S"
"IRM00040845","2021-11-14","29.267","50.267","3.0","KHARG, IR","    0",",,S",,,,,"  238","H,,S"
"IRM00040845","2021-11-15","29.267","50.267","3.0","KHARG, IR","    0",",,S","  261",",,S","  234",",,S","  249","H,,S"
"IRM00040845","2021-11-16","29.267","50.267","3.0","KHARG, IR","    0",",,S","  262",",,S","  194",",,S","  248","H,,S"
"IRM00040845","2021-11-17","29.267","50.267","3.0","KHARG, IR","    0",",,S","  270",",,S","  208",",,S","  253","H,,S"
"IRM00040845","2021-11-18","29.267","50.267","3.0","KHARG, IR","    0",",,S",,,"  239",",,S","  250","H,,S"
"IRM00040845","2021-11-19","29.267","50.267","3.0","KHARG, IR","    0",",,S","  260",",,S",,,"  249","H,,S"
"IRM00040845","2021-11-20","29.267","50.267","3.0","KHARG, IR","    0",",,S","  261",",,S","  180",",,S","  240","H,,S"
"IRM00040845","2021-11-21","29.267","50.267","3.0","KHARG, IR","    0",",,S","  281",",,S","  244",",,S","  269","H,,S"
"IRM00040845","2021-11-22","29.267","50.267","3.0","KHARG, IR","    5",",,S",,,"  244",",,S","  258","H,,S"
"IRM00040845","2021-11-23","29.267","50.267","3.0","KHARG, IR","    0",",,S","  265",",,S","  233",",,S","  249","H,,S"
"IRM00040845","2021-11-24","29.267","50.267","3.0","KHARG, IR","    0",",,S","  243",",,S","  220",",,S","  234","H,,S"
"IRM00040845","2021-11-25","29.267","50.267","3.0","KHARG, IR","    0",",,S","  251",",,S",,,"  236","H,,S"
"IRM00040845","2021-11-26","29.267","50.267","3.0","KHARG, IR","    0",",,S","  269",",,S",,,"  247","H,,S"
"IRM00040845","2021-11-27","29.267","50.267","3.0","KHARG, IR","    0",",,S","  262",",,S","  189",",,S","  247","H,,S"
"IRM00040845","2021-11-28","29.267","50.267","3.0","KHARG, IR","    0",",,S","  234",",,S","  220",",,S","  227","H,,S"
"IRM00040845","2021-11-29","29.267","50.267","3.0","KHARG, IR","    0",",,S","  240",",,S","  215",",,S","  230","H,,S"
"IRM00040845","2021-11-30","29.267","50.267","3.0","KHARG, IR","    0",",,S","  252",",,S",,,"  238","H,,S"
"IRM00040845","2021-12-01","29.267","50.267","3.0","KHARG, IR","    0",",,S","  266",",,S","  159",",,S","  233","H,,S"
"IRM00040845","2021-12-02","29.267","50.267","3.0","KHARG, IR","    0",",,S",,,"  186",",,S","  250","H,,S"
"IRM00040845","2021-12-03","29.267","50.267","3.0","KHARG, IR","  127",",,S",,,"  183",",,S","  203","H,,S"
"IRM00040845","2021-12-04","29.267","50.267","3.0","KHARG, IR","    0",",,S","  212",",,S","  190",",,S","  202","H,,S"
"IRM00040845","2021-12-05","29.267","50.267","3.0","KHARG, IR","    0",",,S","  222",",,S",,,"  208","H,,S"
"IRM00040845","2021-12-06","29.267","50.267","3.0","KHARG, IR","    0",",,S","  245",",,S","  138",",,S","  214","H,,S"
"IRM00040845","2021-12-07","29.267","50.267","3.0","KHARG, IR","    0",",,S",,,"  168",",,S","  224","H,,S"
"IRM00040845","2021-12-08","29.267","50.267","3.0","KHARG, IR","    0",",,S",,,,,"  214","H,,S"
"IRM00040845","2021-12-09","29.267","50.267","3.0","KHARG, IR","    0",",,S","  254",",,S","  152",",,S","  211","H,,S"
"IRM00040845","2021-12-10","29.267","50.267","3.0","KHARG, IR","    0",",,S","  232",",,S","  160",",,S","  217","H,,S"
"IRM00040845","2021-12-11","29.267","50.267","3.0","KHARG, IR","    0",",,S","  214",",,S","  194",",,S","  206","H,,S"
"IRM00040845","2021-12-12","29.267","50.267","3.0","KHARG, IR","    0",",,S",,,"  188",",,S","  207","H,,S"
"IRM00040845","2021-12-13","29.267","50.267","3.0","KHARG, IR","    0",",,S",,,,,"  206","H,,S"
"IRM00040845","2021-12-14","29.267","50.267","3.0","KHARG, IR","    0",",,S",,,"  126",",,S","  196","H,,S"
"IRM00040845","2021-12-15","29.267","50.267","3.0","KHARG, IR",,,,,,,"  223","H,,S"
"IRM00040845","2021-12-16","29.267","50.267","3.0","KHARG, IR",,,,,,,"  234","H,,S"
"IRM00040845","2021-12-17","29.267","50.267","3.0","KHARG, IR",,,,,,,"  232","H,,S"
"IRM00040845","2021-12-18","29.267","50.267","3.0","KHARG, IR",,,"  255",",,S",,,"  241","H,,S"
"IRM00040845","2021-12-19","29.267","50.267","3.0","KHARG, IR","    5",",,S",,,"  216",",,S","  243","H,,S"
"IRM00040845","2021-12-20","29.267","50.267","3.0","KHARG, IR","    0",",,S",,,,,"  236","H,,S"
"IRM00040845","2021-12-21","29.267","50.267","3.0","KHARG, IR","    3",",,S","  255",",,S",,,"  233","H,,S"
"IRM00040845","2021-12-22","29.267","50.267","3.0","KHARG, IR","    0",",,S",,,"  166",",,S","  177","H,,S"
"IRM00040845","2021-12-23","29.267","50.267","3.0","KHARG, IR","    0",",,S","  195",",,S",,,"  186","H,,S"
"IRM00040845","2021-12-24","29.267","50.267","3.0","KHARG, IR","    0",",,S","  201",",,S","  180",",,S","  194","H,,S"
"IRM00040845","2021-12-25","29.267","50.267","3.0","KHARG, IR","    0",",,S",,,"  188",",I,S","  192","H,,S"
"IRM00040845","2021-12-26","29.267","50.267","3.0","KHARG, IR","    0",",,S","  164",",I,S","  148",",,S","  155","H,,S"
"IRM00040845","2021-12-27","29.267","50.267","3.0","KHARG, IR","    0",",,S",,,"  150",",,S","  167","H,,S"
"IRM00040845","2021-12-28","29.267","50.267","3.0","KHARG, IR","    0",",,S","  184",",,S","  156",",,S","  173","H,,S"
"IRM00040845","2021-12-29","29.267","50.267","3.0","KHARG, IR","   56",",,S",,,,,"  150","H,,S"
"IRM00040845","2021-12-30","29.267","50.267","3.0","KHARG, IR","  196",",,S","  170",",,S","  155",",,S","  164","H,,S"
"IRM00040845","2021-12-31","29.267","50.267","3.0","KHARG, IR","  333",",,S","  181",",,S",,,"  173","H,,S"
"IRM00040845","2022-01-01","29.267","50.267","3.0","KHARG, IR","    0",",,S","  195",",,S","  166",",,S","  183","H,,S"
"IRM00040845","2022-01-02","29.267","50.267","3.0","KHARG, IR","  114",",,S","  201",",,S","  158",",,S","  181","H,,S"
"IRM00040845","2022-01-03","29.267","50.267","3.0","KHARG, IR","   43",",,S",,,,,"  171","H,,S"
"IRM00040845","2022-01-04","29.267","50.267","3.0","KHARG, IR","    0",",,S",,,"  156",",,S","  166","H,,S"
"IRM00040845","2022-01-05","29.267","50.267","3.0","KHARG, IR","    0",",,S",,,,,"  148","H,,S"
"IRM00040845","2022-01-06","29.267","50.267","3.0","KHARG, IR","    0",",,S","  170",",,S","  146",",,S","  160","H,,S"
"IRM00040845","2022-01-07","29.267","50.267","3.0","KHARG, IR","    0",",,S","  183",",,S","  146",",,S","  170","H,,S"
"IRM00040845","2022-01-08","29.267","50.267","3.0","KHARG, IR","    0",",,S",,,"   93",",,S","  152","H,,S"
"IRM00040845","2022-01-09","29.267","50.267","3.0","KHARG, IR","    0",",,S",,,"  117",",,S","  171","H,,S"
"IRM00040845","2022-01-10","29.267","50.267","3.0","KHARG, IR","    0",",,S","  195",",,S","   97",",,S","  163","H,,S"
"IRM00040845","2022-01-11","29.267","50.267","3.0","KHARG, IR","    0",",,S",,,"  142",",,S","  192","H,,S"
"IRM00040845","2022-01-12","29.267","50.267","3.0","KHARG, IR","    0",",,S","  213",",,S","  142",",,S","  194","H,,S"
"IRM00040845","2022-01-13","29.267","50.267","3.0","KHARG, IR","    0",",,S","  243",",,S",,,"  200","H,,S"
"IRM00040845","2022-01-14","29.267","50.267","3.0","KHARG, IR","    0",",,S","  214",",,S",,,"  200","H,,S"
"IRM00040845","2022-01-15","29.267","50.267","3.0","KHARG, IR","  224",",,S",,,,,"  191","H,,S"
"IRM00040845","2022-01-16","29.267","50.267","3.0","KHARG, IR","    0",",,S",,,"  154",",,S","  186","H,,S"
"IRM00040845","2022-01-17","29.267","50.267","3.0","KHARG, IR","    0",",,S",,,"  175",",,S","  194","H,,S"
"IRM00040845","2022-01-18","29.267","50.267","3.0","KHARG, IR","    0",",,S","  174",",,S",,,"  156","H,,S"
"IRM00040845","2022-01-19","29.267","50.267","3.0","KHARG, IR","    0",",,S","  142",",,S","  118",",,S","  133","H,,S"
"IRM00040845","2022-01-20","29.267","50.267","3.0","KHARG, IR","    0",",,S","  175",",,S","  128",",,S","  158","H,,S"
"IRM00040845","2022-01-21","29.267","50.267","3.0","KHARG, IR","    0",",,S",,,,,"  104","H,,S"
"IRM00040845","2022-01-22","29.267","50.267","3.0","KHARG, IR","    0",",,S","  132",",,S","   99",",,S","  117","H,,S"
"IRM00040845","2022-01-23","29.267","50.267","3.0","KHARG, IR","    0",",,S","  155",",,S","  119",",,S","  142","H,,S"
"IRM00040845","2022-01-24","29.267","50.267","3.0","KHARG, IR","    0",",,S","  185",",,S",,,"  156","H,,S"
"IRM00040845","2022-01-25","29.267","50.267","3.0","KHARG, IR","    0",",,S","  194",",,S","  113",",,S","  181","H,,S"
"IRM00040845","2022-01-26","29.267","50.267","3.0","KHARG, IR","    0",",,S","  217",",,S","  116",",,S","  182","H,,S"
"IRM00040845","2022-01-27","29.267","50.267","3.0","KHARG, IR","    0",",,S","  232",",,S",,,"  206","H,,S"
"IRM00040845","2022-01-28","29.267","50.267","3.0","KHARG, IR","    0",",,S","  160",",,S","  135",",,S","  151","H,,S"
"IRM00040845","2022-01-29","29.267","50.267","3.0","KHARG, IR","    0",",,S",,,"  137",",,S","  147","H,,S"
"IRM00040845","2022-01-30","29.267","50.267","3.0","KHARG, IR","    0",",,S",,,,,"  161","H,,S"
"IRM00040845","2022-01-31","29.267","50.267","3.0","KHARG, IR","    0",",,S","  191",",,S","  157",",,S","  173","H,,S"
"IRM00040845","2022-02-01","29.267","50.267","3.0","KHARG, IR","   15",",,S","  205",",,S","  148",",,S","  180","H,,S"
"IRM00040845","2022-02-02","29.267","50.267","3.0","KHARG, IR","    0",",,S","  174",",,S","  149",",,S","  167","H,,S"
"IRM00040845","2022-02-03","29.267","50.267","3.0","KHARG, IR","    0",",,S","  187",",,S",,,"  173","H,,S"
"IRM00040845","2022-02-04","29.267","50.267","3.0","KHARG, IR","    0",",,S","  212",",,S","  121",",,S","  189","H,,S"
"IRM00040845","2022-02-05","29.267","50.267","3.0","KHARG, IR","  127",",,S",,,"  155",",,S","  175","H,,S"
"IRM00040845","2022-02-06","29.267","50.267","3.0","KHARG, IR","    0",",,S","  177",",,S","  150",",,S","  167","H,,S"
"IRM00040845","2022-02-07","29.267","50.267","3.0","KHARG, IR","    0",",,S","  174",",,S","  149",",,S","  164","H,,S"
"IRM00040845","2022-02-08","29.267","50.267","3.0","KHARG, IR","    0",",,S",,,"  146",",,S","  169","H,,S"
"IRM00040845","2022-02-09","29.267","50.267","3.0","KHARG, IR","    0",",,S","  192",",,S","  156",",,S","  178","H,,S"
"IRM00040845","2022-02-10","29.267","50.267","3.0","KHARG, IR","    0",",,S","  215",",,S","   98",",,S","  169","H,,S"
"IRM00040845","2022-02-11","29.267","50.267","3.0","KHARG, IR","    0",",,S","  217",",,S","   98",",,S","  198","H,,S"
"IRM00040845","2022-02-12","29.267","50.267","3.0","KHARG, IR","    0",",,S","  183",",,S",,,"  170","H,,S"
"IRM00040845","2022-02-13","29.267","50.267","3.0","KHARG, IR","   10",",,S","  182",",,S","  113",",,S","  169","H,,S"
"IRM00040845","2022-02-14","29.267","50.267","3.0","KHARG, IR","    0",",,S","  216",",,S",,,"  185","H,,S"
"IRM00040845","2022-02-15","29.267","50.267","3.0","KHARG, IR","    0",",,S",,,"  107",",,S","  173","H,,S"
"IRM00040845","2022-02-16","29.267","50.267","3.0","KHARG, IR","    0",",,S","  215",",,S","  144",",,S","  191","H,,S"
"IRM00040845","2022-02-17","29.267","50.267","3.0","KHARG, IR","    0",",,S","  202",",,S","  164",",,S","  191","H,,S"
"IRM00040845","2022-02-18","29.267","50.267","3.0","KHARG, IR","    0",",,S","  205",",,S","  126",",,S","  186","H,,S"
"IRM00040845","2022-02-19","29.267","50.267","3.0","KHARG, IR","    0",",,S","  233",",,S","  135",",,S","  201","H,,S"
"IRM00040845","2022-02-20","29.267","50.267","3.0","KHARG, IR","    0",",,S","  221",",,S","  193",",,S","  206","H,,S"
"IRM00040845","2022-02-21","29.267","50.267","3.0","KHARG, IR","    0",",,S","  196",",,S",,,"  176","H,,S"
"IRM00040845","2022-02-22","29.267","50.267","3.0","KHARG, IR","    0",",,S","  204",",,S","  160",",,S","  187","H,,S"
"IRM00040845","2022-02-23","29.267","50.267","3.0","KHARG, IR","    0",",,S","  217",",,S",,,"  196","H,,S"
"IRM00040845","2022-02-24","29.267","50.267","3.0","KHARG, IR","    0",",,S","  233",",,S","  125",",,S","  193","H,,S"
"IRM00040845","2022-02-25","29.267","50.267","3.0","KHARG, IR","    0",",,S","  252",",,S","  147",",,S","  208","H,,S"
"IRM00040845","2022-02-26","29.267","50.267","3.0","KHARG, IR","    0",",,S","  262",",,S",,,"  220","H,,S"
"IRM00040845","2022-02-27","29.267","50.267","3.0","KHARG, IR","    0",",,S","  212",",,S","  152",",,S","  197","H,,S"
"IRM00040845","2022-02-28","29.267","50.267","3.0","KHARG, IR","    0",",,S","  204",",,S","  179",",,S","  191","H,,S"
"IRM00040845","2022-03-01","29.267","50.267","3.0","KHARG, IR","    0",",,S","  210",",,S","  128",",,S","  184","H,,S"
"IRM00040845","2022-03-02","29.267","50.267","3.0","KHARG, IR","    0",",,S",,,"  135",",,S","  199","H,,S"
"IRM00040845","2022-03-03","29.267","50.267","3.0","KHARG, IR","    0",",,S","  239",",,S","  129",",,S","  188","H,,S"
"IRM00040845","2022-03-04","29.267","50.267","3.0","KHARG, IR","    0",",,S",,,,,"  221","H,,S"
"IRM00040845","2022-03-05","29.267","50.267","3.0","KHARG, IR","    5",",,S","  205",",,S","  170",",,S","  188","H,,S"
"IRM00040845","2022-03-06","29.267","50.267","3.0","KHARG, IR","    0",",,S","  211",",,S","  169",",,S","  196","H,,S"
"IRM00040845","2022-03-07","29.267","50.267","3.0","KHARG, IR","    0",",,S",,,"  148",",,S","  221","H,,S"
"IRM00040845","2022-03-08","29.267","50.267","3.0","KHARG, IR","    0",",,S","  224",",,S",,,"  205","H,,S"
"IRM00040845","2022-03-09","29.267","50.267","3.0","KHARG, IR","    0",",,S","  281",",,S","  184",",,S","  226","H,,S"
"IRM00040845","2022-03-10","29.267","50.267","3.0","KHARG, IR","    0",",,S",,,"  202",",,S","  244","H,,S"
"IRM00040845","2022-03-11","29.267","50.267","3.0","KHARG, IR","    0",",,S","  280",",,S",,,"  254","H,,S"
"IRM00040845","2022-03-12","29.267","50.267","3.0","KHARG, IR","    0",",,S","  221",",,S",,,"  209","H,,S"
"IRM00040845","2022-03-13","29.267","50.267","3.0","KHARG, IR","    0",",,S",,,"  187",",,S","  199","H,,S"
"IRM00040845","2022-03-14","29.267","50.267","3.0","KHARG, IR","    0",",,S","  224",",,S","  187",",,S","  204","H,,S"
"IRM00040845","2022-03-15","29.267","50.267","3.0","KHARG, IR","    0",",,S","  237",",,S","  198",",,S","  214","H,,S"
"IRM00040845","2022-03-16","29.267","50.267","3.0","KHARG, IR","    0",",,S","  196",",,S",,,"  188","H,,S"
"IRM00040845","2022-03-17","29.267","50.267","3.0","KHARG, IR","    0",",,S","  172",",,S","  129",",,S","  152","H,,S"
"IRM00040845","2022-03-18","29.267","50.267","3.0","KHARG, IR","    0",",,S","  184",",,S","  149",",,S","  169","H,,S"
"IRM00040845","2022-03-19","29.267","50.267","3.0","KHARG, IR","    0",",,S",,,,,"  201","H,,S"
"IRM00040845","2022-03-20","29.267","50.267","3.0","KHARG, IR","    0",",,S","  238",",,S","  166",",,S","  216","H,,S"
"IRM00040845","2022-03-21","29.267","50.267","3.0","KHARG, IR","    0",",,S","  252",",,S","  185",",,S","  212","H,,S"
"IRM00040845","2022-03-22","29.267","50.267","3.0","KHARG, IR","    0",",,S","  302",",,S","  184",",,S","  249","H,,S"
"IRM00040845","2022-03-23","29.267","50.267","3.0","KHARG, IR","    0",",,S","  327",",,S","  156",",,S","  265","H,,S"
"IRM00040845","2022-03-24","29.267","50.267","3.0","KHARG, IR","    0",",,S","  314",",,S","  156",",,S","  274","H,,S"
"IRM00040845","2022-03-25","29.267","50.267","3.0","KHARG, IR","    0",",,S","  227",",,S","  190",",,S","  211","H,,S"
"IRM00040845","2022-03-26","29.267","50.267","3.0","KHARG, IR","    0",",,S",,,"  189",",,S","  208","H,,S"
"IRM00040845","2022-03-27","29.267","50.267","3.0","KHARG, IR","    0",",,S","  204",",,S","  175",",,S","  194","H,,S"
"IRM00040845","2022-03-28","29.267","50.267","3.0","KHARG, IR","    0",",,S","  216",",,S",,,"  201","H,,S"
"IRM00040845","2022-03-29","29.267","50.267","3.0","KHARG, IR","    0",",,S","  225",",,S","  168",",,S","  192","H,,S"
"IRM00040845","2022-03-30","29.267","50.267","3.0","KHARG, IR","    0",",,S","  245",",,S","  168",",,S","  208","H,,S"
"IRM00040845","2022-03-31","29.267","50.267","3.0","KHARG, IR","    0",",,S","  270",",,S","  154",",,S","  237","H,,S"
"IRM00040845","2022-04-01","29.267","50.267","3.0","KHARG, IR","    0",",,S","  317",",,S","  172",",,S","  264","H,,S"
"IRM00040845","2022-04-02","29.267","50.267","3.0","KHARG, IR","    0",",,S","  286",",,S","  163",",,S","  244","H,,S"
"IRM00040845","2022-04-03","29.267","50.267","3.0","KHARG, IR","    0",",,S","  294",",,S","  192",",,S","  246","H,,S"
"IRM00040845","2022-04-04","29.267","50.267","3.0","KHARG, IR","    0",",,S","  321",",,S","  164",",,S","  255","H,,S"
"IRM00040845","2022-04-05","29.267","50.267","3.0","KHARG, IR","    0",",,S","  306",",,S",,,"  256","H,,S"
"IRM00040845","2022-04-06","29.267","50.267","3.0","KHARG, IR","    0",",,S","  312",",,S","  219",",,S","  266","H,,S"
"IRM00040845","2022-04-07","29.267","50.267","3.0","KHARG, IR","    0",",,S","  334",",,S","  196",",,S","  273","H,,S"
"IRM00040845","2022-04-08","29.267","50.267","3.0","KHARG, IR","    0",",,S","  282",",,S","  206",",,S","  251","H,,S"
"IRM00040845","2022-04-09","29.267","50.267","3.0","KHARG, IR","    0",",,S","  306",",,S","  207",",,S","  251","H,,S"
"IRM00040845","2022-04-10","29.267","50.267","3.0","KHARG, IR","    0",",,S","  283",",,S","  196",",,S","  242","H,,S"
"IRM00040845","2022-04-11","29.267","50.267","3.0","KHARG, IR","    0",",,S","  283",",,S","  189",",,S","  241","H,,S"
"IRM00040845","2022-04-12","29.267","50.267","3.0","KHARG, IR","    0",",,S","  366",",,S","  205",",,S","  278","H,,S"
"IRM00040845","2022-04-13","29.267","50.267","3.0","KHARG, IR","    0",",,S","  367",",,S",,,"  264","H,,S"
"IRM00040845","2022-04-14","29.267","50.267","3.0","KHARG, IR","    0",",,S","  291",",,S","  235",",,S","  258","H,,S"
"IRM00040845","2022-04-15","29.267","50.267","3.0","KHARG, IR","    0",",,S","  351",",,S","  249",",,S","  307","H,,S"
"IRM00040845","2022-04-16","29.267","50.267","3.0","KHARG, IR","    0",",,S","  282",",,S","  236",",,S","  256","H,,S"
"IRM00040845","2022-04-17","29.267","50.267","3.0","KHARG, IR","    0",",,S","  271",",,S","  233",",,S","  259","H,,S"
"IRM00040845","2022-04-18","29.267","50.267","3.0","KHARG, IR","    0",",,S","  262",",,S","  229",",,S","  242","H,,S"
"IRM00040845","2022-04-19","29.267","50.267","3.0","KHARG, IR","    0",",,S","  298",",,S","  205",",,S","  248","H,,S"
"IRM00040845","2022-04-20","29.267","50.267","3.0","KHARG, IR","    0",",,S","  304",",,S","  185",",,S","  262","H,,S"
"IRM00040845","2022-04-21","29.267","50.267","3.0","KHARG, IR","    0",",,S","  342",",,S",,,"  286","H,,S"
"IRM00040845","2022-04-22","29.267","50.267","3.0","KHARG, IR","    0",",,S","  291",",,S","  221",",,S","  266","H,,S"
"IRM00040845","2022-04-23","29.267","50.267","3.0","KHARG, IR","    0",",,S","  307",",,S","  207",",,S","  256","H,,S"
"IRM00040845","2022-04-24","29.267","50.267","3.0","KHARG, IR","    0",",,S","  312",",,S","  232",",,S","  278","H,,S"
"IRM00040845","2022-04-25","29.267","50.267","3.0","KHARG, IR","    0",",,S","  307",",,S","  208",",,S","  274","H,,S"
"IRM00040845","2022-04-26","29.267","50.267","3.0","KHARG, IR","    0",",,S","  342",",,S","  235",",,S","  289","H,,S"
"IRM00040845","2022-04-27","29.267","50.267","3.0","KHARG, IR","    0",",,S","  316",",,S","  221",",,S","  288","H,,S"
"IRM00040845","2022-04-28","29.267","50.267","3.0","KHARG, IR","    0",",,S","  324",",,S","  237",",,S","  277","H,,S"
"IRM00040845","2022-04-29","29.267","50.267","3.0","KHARG, IR","    0",",,S","  275",",,S","  235",",,S","  259","H,,S"
"IRM00040845","2022-04-30","29.267","50.267","3.0","KHARG, IR","   23",",,S","  294",",,S","  226",",,S","  261","H,,S"
"IRM00040845","2022-05-01","29.267","50.267","3.0","KHARG, IR","    0",",,S","  314",",,S","  207",",,S","  276","H,,S"
"IRM00040845","2022-05-02","29.267","50.267","3.0","KHARG, IR","    0",",,S","  301",",,S","  244",",,S","  276","H,,S"
"IRM00040845","2022-05-03","29.267","50.267","3.0","KHARG, IR","    0",",,S",,,"  250",",,S","  281","H,,S"
"IRM00040845","2022-05-04","29.267","50.267","3.0","KHARG, IR","    0",",,S","  351",",,S","  258",",,S","  298","H,,S"
"IRM00040845","2022-05-05","29.267","50.267","3.0","KHARG, IR","    0",",,S",,,"  239",",,S","  333","H,,S"
"IRM00040845","2022-05-06","29.267","50.267","3.0","KHARG, IR","    0",",,S","  332",",,S","  263",",,S","  304","H,,S"
"IRM00040845","2022-05-07","29.267","50.267","3.0","KHARG, IR",,,"  326",",,S","  252",",,S","  278","H,,S"
"IRM00040845","2022-05-08","29.267","50.267","3.0","KHARG, IR","    0",",,S","  285",",,S","  258",",,S","  271","H,,S"
"IRM00040845","2022-05-09","29.267","50.267","3.0","KHARG, IR","    0",",,S","  304",",,S","  248",",,S","  280","H,,S"
"IRM00040845","2022-05-10","29.267","50.267","3.0","KHARG, IR","    0",",,S","  322",",,S","  248",",,S","  280","H,,S"
"IRM00040845","2022-05-11","29.267","50.267","3.0","KHARG, IR","    0",",,S",,,"  214",",,S","  305","H,,S"
"IRM00040845","2022-05-12","29.267","50.267","3.0","KHARG, IR","    0",",,S","  325",",,S","  255",",,S","  297","H,,S"
"IRM00040845","2022-05-13","29.267","50.267","3.0","KHARG, IR","    0",",,S","  309",",,S","  257",",,S","  286","H,,S"
"IRM00040845","2022-05-14","29.267","50.267","3.0","KHARG, IR","    0",",,S","  310",",,S","  254",",,S","  277","H,,S"
"IRM00040845","2022-05-15","29.267","50.267","3.0","KHARG, IR","    0",",,S","  359",",,S","  260",",,S","  307","H,,S"
"IRM00040845","2022-05-16","29.267","50.267","3.0","KHARG, IR","    0",",,S","  364",",,S","  214",",,S","  305","H,,S"
"IRM00040845","2022-05-17","29.267","50.267","3.0","KHARG, IR","    0",",,S","  304",",,S","  260",",,S","  282","H,,S"
"IRM00040845","2022-05-18","29.267","50.267","3.0","KHARG, IR","    0",",,S",,,"  268",",,S","  305","H,,S"
"IRM00040845","2022-05-19","29.267","50.267","3.0","KHARG, IR","    0",",,S","  354",",,S","  267",",,S","  309","H,,S"
"IRM00040845","2022-05-20","29.267","50.267","3.0","KHARG, IR","    0",",,S",,,"  261",",,S","  336","H,,S"
"IRM00040845","2022-05-21","29.267","50.267","3.0","KHARG, IR","    0",",,S","  332",",,S",,,"  302","H,,S"
"IRM00040845","2022-05-22","29.267","50.267","3.0","KHARG, IR","    0",",,S","  333",",,S","  264",",,S","  294","H,,S"
"IRM00040845","2022-05-23","29.267","50.267","3.0","KHARG, IR","    0",",,S",,,"  263",",,S","  331","H,,S"
"IRM00040845","2022-05-24","29.267","50.267","3.0","KHARG, IR","    0",",,S",,,"  263",",,S","  284","H,,S"
"IRM00040845","2022-05-25","29.267","50.267","3.0","KHARG, IR","    0",",,S","  335",",,S","  263",",,S","  298","H,,S"
"IRM00040845","2022-05-26","29.267","50.267","3.0","KHARG, IR","    0",",,S",,,"  265",",,S","  304","H,,S"
"IRM00040845","2022-05-27","29.267","50.267","3.0","KHARG, IR","    0",",,S",,,"  262",",,S","  296","H,,S"
"IRM00040845","2022-05-28","29.267","50.267","3.0","KHARG, IR","    0",",,S",,,"  219",",,S","  294","H,,S"
"IRM00040845","2022-05-29","29.267","50.267","3.0","KHARG, IR","    0",",,S",,,"  265",",,S","  326","H,,S"
"IRM00040845","2022-05-30","29.267","50.267","3.0","KHARG, IR","    0",",,S","  354",",,S","  253",",,S","  308","H,,S"
"IRM00040845","2022-05-31","29.267","50.267","3.0","KHARG, IR","    0",",,S","  346",",,S",,,"  309","H,,S"
"IRM00040845","2022-06-01","29.267","50.267","3.0","KHARG, IR","    0",",,S","  389",",,S","  241",",,S","  334","H,,S"
"IRM00040845","2022-06-02","29.267","50.267","3.0","KHARG, IR","    0",",,S","  382",",,S","  230",",,S","  324","H,,S"
"IRM00040845","2022-06-03","29.267","50.267","3.0","KHARG, IR","    0",",,S",,,"  229",",,S","  339","H,,S"
"IRM00040845","2022-06-04","29.267","50.267","3.0","KHARG, IR","    0",",,S","  413",",,S","  261",",,S","  347","H,,S"
"IRM00040845","2022-06-05","29.267","50.267","3.0","KHARG, IR","    0",",,S","  394",",,S",,,"  351","H,,S"
"IRM00040845","2022-06-06","29.267","50.267","3.0","KHARG, IR","    0",",,S","  404",",,S","  269",",,S","  342","H,,S"
"IRM00040845","2022-06-07","29.267","50.267","3.0","KHARG, IR","    0",",,S","  401",",,S","  263",",,S","  340","H,,S"
"IRM00040845","2022-06-08","29.267","50.267","3.0","KHARG, IR","    0",",,S","  407",",,S","  254",",,S","  360","H,,S"
"IRM00040845","2022-06-09","29.267","50.267","3.0","KHARG, IR","    0",",,S","  409",",,S","  255",",,S","  364","H,,S"
"IRM00040845","2022-06-10","29.267","50.267","3.0","KHARG, IR","    0",",,S","  392",",,S","  315",",,S","  358","H,,S"
"IRM00040845","2022-06-11","29.267","50.267","3.0","KHARG, IR","    0",",,S","  365",",,S","  306",",,S","  332","H,,S"
"IRM00040845","2022-06-12","29.267","50.267","3.0","KHARG, IR","    0",",,S","  370",",,S","  290",",,S","  331","H,,S"
"IRM00040845","2022-06-13","29.267","50.267","3.0","KHARG, IR","    0",",,S","  370",",,S","  244",",,S","  320","H,,S"
"IRM00040845","2022-06-14","29.267","50.267","3.0","KHARG, IR","    0",",,S","  378",",,S","  250",",,S","  328","H,,S"
"IRM00040845","2022-06-15","29.267","50.267","3.0","KHARG, IR","    0",",,S","  385",",,S","  265",",,S","  337","H,,S"
"IRM00040845","2022-06-16","29.267","50.267","3.0","KHARG, IR","    0",",,S","  385",",,S","  311",",,S","  349","H,,S"
"IRM00040845","2022-06-17","29.267","50.267","3.0","KHARG, IR","    0",",,S","  376",",,S","  295",",,S","  336","H,,S"
"IRM00040845","2022-06-18","29.267","50.267","3.0","KHARG, IR","    0",",,S","  384",",,S","  274",",,S","  337","H,,S"
"IRM00040845","2022-06-19","29.267","50.267","3.0","KHARG, IR","    0",",,S","  409",",,S","  255",",,S","  342","H,,S"
"IRM00040845","2022-06-20","29.267","50.267","3.0","KHARG, IR","    0",",,S","  412",",,S","  245",",,S","  351","H,,S"
"IRM00040845","2022-06-21","29.267","50.267","3.0","KHARG, IR","    0",",,S","  400",",,S","  263",",,S","  345","H,,S"
"IRM00040845","2022-06-22","29.267","50.267","3.0","KHARG, IR","    0",",,S","  379",",,S","  285",",,S","  353","H,,S"
"IRM00040845","2022-06-23","29.267","50.267","3.0","KHARG, IR","    0",",,S","  377",",,S","  305",",,S","  343","H,,S"
"IRM00040845","2022-06-24","29.267","50.267","3.0","KHARG, IR","    0",",,S","  403",",,S","  291",",,S","  353","H,,S"
"IRM00040845","2022-06-25","29.267","50.267","3.0","KHARG, IR","    0",",,S","  430",",,S","  294",",,S","  364","H,,S"
"IRM00040845","2022-06-26","29.267","50.267","3.0","KHARG, IR","    0",",,S",,,"  302",",,S","  354","H,,S"
"IRM00040845","2022-06-27","29.267","50.267","3.0","KHARG, IR","    0",",,S","  356",",,S","  309",",,S","  332","H,,S"
"IRM00040845","2022-06-28","29.267","50.267","3.0","KHARG, IR","    0",",,S","  369",",,S","  310",",,S","  337","H,,S"
"IRM00040845","2022-06-29","29.267","50.267","3.0","KHARG, IR","    0",",,S","  367",",,S","  306",",,S","  338","H,,S"
"IRM00040845","2022-06-30","29.267","50.267","3.0","KHARG, IR","    0",",,S","  389",",,S","  270",",,S","  346","H,,S"
"IRM00040845","2022-07-01","29.267","50.267","3.0","KHARG, IR","    0",",,S","  394",",,S","  306",",,S","  356","H,,S"
"IRM00040845","2022-07-02","29.267","50.267","3.0","KHARG, IR","    0",",,S","  384",",,S","  303",",,S","  348","H,,S"
"IRM00040845","2022-07-03","29.267","50.267","3.0","KHARG, IR","    0",",,S","  371",",,S",,,"  344","H,,S"
"IRM00040845","2022-07-04","29.267","50.267","3.0","KHARG, IR","    0",",,S","  391",",,S","  290",",,S","  349","H,,S"
"IRM00040845","2022-07-05","29.267","50.267","3.0","KHARG, IR","    0",",,S","  380",",,S","  278",",,S","  335","H,,S"
"IRM00040845","2022-07-06","29.267","50.267","3.0","KHARG, IR","    0",",,S","  382",",,S","  288",",,S","  354","H,,S"
"IRM00040845","2022-07-07","29.267","50.267","3.0","KHARG, IR","    0",",,S","  371",",,S","  297",",,S","  354","H,,S"
"IRM00040845","2022-07-08","29.267","50.267","3.0","KHARG, IR","    0",",,S","  374",",,S","  311",",,S","  351","H,,S"
"IRM00040845","2022-07-09","29.267","50.267","3.0","KHARG, IR","    0",",,S","  383",",,S",,,"  341","H,,S"
"IRM00040845","2022-07-10","29.267","50.267","3.0","KHARG, IR","    0",",,S","  404",",,S","  296",",,S","  353","H,,S"
"IRM00040845","2022-07-11","29.267","50.267","3.0","KHARG, IR","    0",",,S","  370",",,S","  310",",,S","  338","H,,S"
"IRM00040845","2022-07-12","29.267","50.267","3.0","KHARG, IR","    0",",,S","  363",",,S","  317",",,S","  340","H,,S"
"IRM00040845","2022-07-13","29.267","50.267","3.0","KHARG, IR","    0",",,S","  380",",,S","  301",",,S","  353","H,,S"
"IRM00040845","2022-07-14","29.267","50.267","3.0","KHARG, IR","    0",",,S","  398",",,S","  314",",,S","  359","H,,S"
"IRM00040845","2022-07-15","29.267","50.267","3.0","KHARG, IR","    0",",,S","  396",",,S","  296",",,S","  351","H,,S"
"IRM00040845","2022-07-16","29.267","50.267","3.0","KHARG, IR","    0",",,S","  386",",,S","  294",",,S","  347","H,,S"
"IRM00040845","2022-07-17","29.267","50.267","3.0","KHARG, IR","    0",",,S","  394",",,S","  274",",,S","  357","H,,S"
"IRM00040845","2022-07-18","29.267","50.267","3.0","KHARG, IR","    0",",,S","  404",",,S","  265",",,S","  359","H,,S"
"IRM00040845","2022-07-19","29.267","50.267","3.0","KHARG, IR","    0",",,S","  393",",,S","  307",",,S","  354","H,,S"
"IRM00040845","2022-07-20","29.267","50.267","3.0","KHARG, IR","    0",",,S",,,"  302",",,S","  362","H,,S"
"IRM00040845","2022-07-21","29.267","50.267","3.0","KHARG, IR","    0",",,S","  387",",,S","  321",",,S","  353","H,,S"
"IRM00040845","2022-07-22","29.267","50.267","3.0","KHARG, IR","    0",",,S","  405",",,S","  304",",,S","  368","H,,S"
"IRM00040845","2022-07-23","29.267","50.267","3.0","KHARG, IR","    0",",,S","  380",",,S","  300",",,S","  353","H,,S"
"IRM00040845","2022-07-24","29.267","50.267","3.0","KHARG, IR","    0",",,S","  394",",,S","  341",",,S","  368","H,,S"
"IRM00040845","2022-07-25","29.267","50.267","3.0","KHARG, IR","    0",",,S","  405",",,S","  296",",,S","  364","H,,S"
"IRM00040845","2022-07-26","29.267","50.267","3.0","KHARG, IR","    0",",,S","  380",",,S","  340",",,S","  362","H,,S"
"IRM00040845","2022-07-27","29.267","50.267","3.0","KHARG, IR","    0",",,S","  372",",,S","  316",",,S","  354","H,,S"
"IRM00040845","2022-07-28","29.267","50.267","3.0","KHARG, IR","    0",",,S","  376",",,S","  329",",,S","  344","H,,S"
"IRM00040845","2022-07-29","29.267","50.267","3.0","KHARG, IR","    0",",,S","  371",",,S","  318",",,S","  344","H,,S"
"IRM00040845","2022-07-30","29.267","50.267","3.0","KHARG, IR","    0",",,S","  378",",,S",,,"  339","H,,S"
"IRM00040845","2022-07-31","29.267","50.267","3.0","KHARG, IR","    0",",,S","  357",",,S","  313",",,S","  337","H,,S"
"IRM00040845","2022-08-01","29.267","50.267","3.0","KHARG, IR","    0",",,S","  389",",,S","  324",",,S","  347","H,,S"
"IRM00040845","2022-08-02","29.267","50.267","3.0","KHARG, IR","    0",",,S","  392",",,S","  319",",,S","  361","H,,S"
"IRM00040845","2022-08-03","29.267","50.267","3.0","KHARG, IR","    0",",,S","  389",",,S","  324",",,S","  362","H,,S"
"IRM00040845","2022-08-04","29.267","50.267","3.0","KHARG, IR","    0",",,S",,,"  316",",,S","  385","H,,S"
"IRM00040845","2022-08-05","29.267","50.267","3.0","KHARG, IR","    0",",,S","  407",",,S","  329",",,S","  376","H,,S"
"IRM00040845","2022-08-06","29.267","50.267","3.0","KHARG, IR","    0",",,S","  393",",,S","  325",",,S","  361","H,,S"
"IRM00040845","2022-08-07","29.267","50.267","3.0","KHARG, IR","    0",",,S","  400",",,S","  309",",,S","  370","H,,S"
"IRM00040845","2022-08-08","29.267","50.267","3.0","KHARG, IR","    0",",,S","  417",",,S","  326",",,S","  368","H,,S"
"IRM00040845","2022-08-09","29.267","50.267","3.0","KHARG, IR","    0",",,S","  408",",,S",,,"  367","H,,S"
"IRM00040845","2022-08-10","29.267","50.267","3.0","KHARG, IR","    0",",,S",,,"  344",",,S","  367","H,,S"
"IRM00040845","2022-08-11","29.267","50.267","3.0","KHARG, IR","    0",",,S","  390",",,S","  341",",,S","  371","H,,S"
"IRM00040845","2022-08-12","29.267","50.267","3.0","KHARG, IR","    0",",,S","  395",",,S","  346",",,S","  372","H,,S"
"IRM00040845","2022-08-13","29.267","50.267","3.0","KHARG, IR","    0",",,S","  450",",,S","  307",",,S","  376","H,,S"
"IRM00040845","2022-08-14","29.267","50.267","3.0","KHARG, IR","    0",",,S","  398",",,S","  289",",,S","  363","H,,S"
"IRM00040845","2022-08-15","29.267","50.267","3.0","KHARG, IR","    0",",,S","  410",",,S","  268",",,S","  354","H,,S"
"IRM00040845","2022-08-16","29.267","50.267","3.0","KHARG, IR","    0",",,S","  402",",,S","  303",",,S","  354","H,,S"
"IRM00040845","2022-08-17","29.267","50.267","3.0","KHARG, IR","    0",",,S","  393",",,S","  298",",,S","  363","H,,S"
"IRM00040845","2022-08-18","29.267","50.267","3.0","KHARG, IR","    0",",,S","  388",",,S","  304",",,S","  361","H,,S"
"IRM00040845","2022-08-19","29.267","50.267","3.0","KHARG, IR","    0",",,S","  421",",,S","  314",",,S","  369","H,,S"
"IRM00040845","2022-08-20","29.267","50.267","3.0","KHARG, IR","    0",",,S","  394",",,S",,,"  357","H,,S"
"IRM00040845","2022-08-21","29.267","50.267","3.0","KHARG, IR","    0",",,S","  402",",,S","  323",",,S","  358","H,,S"
"IRM00040845","2022-08-22","29.267","50.267","3.0","KHARG, IR","    0",",,S","  405",",,S","  315",",,S","  359","H,,S"
"IRM00040845","2022-08-23","29.267","50.267","3.0","KHARG, IR","    0",",,S",,,"  345",",,S","  378","H,,S"
"IRM00040845","2022-08-24","29.267","50.267","3.0","KHARG, IR","    0",",,S","  396",",,S","  352",",,S","  376","H,,S"
"IRM00040845","2022-08-25","29.267","50.267","3.0","KHARG, IR","    0",",,S",,,"  298",",,S","  371","H,,S"
"IRM00040845","2022-08-26","29.267","50.267","3.0","KHARG, IR",,,"  404",",,S","  300",",,S","  352","H,,S"
"IRM00040845","2022-08-27","29.267","50.267","3.0","KHARG, IR","    0",",,S","  412",",,S","  300",",,S","  352","H,,S"
"IRM00040845","2022-08-28","29.267","50.267","3.0","KHARG, IR","    0",",,S",,,"  303",",,S","  350","H,,S"
"IRM00040845","2022-08-29","29.267","50.267","3.0","KHARG, IR","    0",",,S",,,"  282",",,S","  350","H,,S"
"IRM00040845","2022-08-30","29.267","50.267","3.0","KHARG, IR","    0",",,S","  379",",,S","  290",",,S","  348","H,,S"
"IRM00040845","2022-08-31","29.267","50.267","3.0","KHARG, IR","    0",",,S","  373",",,S","  285",",,S","  351","H,,S"
"IRM00040845","2022-09-01","29.267","50.267","3.0","KHARG, IR","    0",",,S",,,,,"  363","H,,S"
"IRM00040845","2022-09-02","29.267","50.267","3.0","KHARG, IR","    0",",,S","  402",",,S","  289",",,S","  358","H,,S"
"IRM00040845","2022-09-03","29.267","50.267","3.0","KHARG, IR","    0",",,S","  393",",,S",,,"  349","H,,S"
"IRM00040845","2022-09-04","29.267","50.267","3.0","KHARG, IR","    0",",,S","  394",",,S","  304",",,S","  349","H,,S"
"IRM00040845","2022-09-05","29.267","50.267","3.0","KHARG, IR","    0",",,S","  386",",,S","  306",",,S","  346","H,,S"
"IRM00040845","2022-09-06","29.267","50.267","3.0","KHARG, IR","    0",",,S",,,"  305",",,S","  343","H,,S"
"IRM00040845","2022-09-07","29.267","50.267","3.0","KHARG, IR","    0",",,S","  374",",,S","  299",",,S","  352","H,,S"
"IRM00040845","2022-09-08","29.267","50.267","3.0","KHARG, IR","    0",",,S","  375",",,S","  292",",,S","  345","H,,S"
"IRM00040845","2022-09-09","29.267","50.267","3.0","KHARG, IR","    0",",,S","  373",",,S","  300",",,S","  351","H,,S"
"IRM00040845","2022-09-10","29.267","50.267","3.0","KHARG, IR","    0",",,S","  394",",,S","  300",",,S","  355","H,,S"
"IRM00040845","2022-09-11","29.267","50.267","3.0","KHARG, IR","    0",",,S","  383",",,S","  298",",,S","  353","H,,S"
"IRM00040845","2022-09-12","29.267","50.267","3.0","KHARG, IR","    0",",,S","  389",",,S","  294",",,S","  351","H,,S"
"IRM00040845","2022-09-13","29.267","50.267","3.0","KHARG, IR","    0",",,S","  383",",,S",,,"  346","H,,S"
"IRM00040845","2022-09-14","29.267","50.267","3.0","KHARG, IR","    0",",,S","  366",",,S","  288",",,S","  349","H,,S"
"IRM00040845","2022-09-15","29.267","50.267","3.0","KHARG, IR","    0",",,S","  367",",,S","  284",",,S","  352","H,,S"
"IRM00040845","2022-09-16","29.267","50.267","3.0","KHARG, IR","    0",",,S","  370",",,S","  336",",,S","  355","H,,S"
"IRM00040845","2022-09-17","29.267","50.267","3.0","KHARG, IR","    0",",,S","  365",",,S","  318",",,S","  342","H,,S"
"IRM00040845","2022-09-18","29.267","50.267","3.0","KHARG, IR","    0",",,S",,,"  303",",,S","  350","H,,S"
"IRM00040845","2022-09-19","29.267","50.267","3.0","KHARG, IR","    0",",,S",,,"  251",",,S","  324","H,,S"
"IRM00040845","2022-09-20","29.267","50.267","3.0","KHARG, IR","    0",",,S",,,"  274",",,S","  334","H,,S"
"IRM00040845","2022-09-21","29.267","50.267","3.0","KHARG, IR","    0",",,S",,,"  267",",,S","  353","H,,S"
"IRM00040845","2022-09-22","29.267","50.267","3.0","KHARG, IR","    0",",,S",,,"  272",",,S","  362","H,,S"
"IRM00040845","2022-09-23","29.267","50.267","3.0","KHARG, IR","    0",",,S","  391",",,S","  280",",,S","  347","H,,S"
"IRM00040845","2022-09-24","29.267","50.267","3.0","KHARG, IR","    0",",,S",,,"  279",",,S","  338","H,,S"
"IRM00040845","2022-09-25","29.267","50.267","3.0","KHARG, IR","    0",",,S",,,,,"  341","H,,S"
"IRM00040845","2022-09-26","29.267","50.267","3.0","KHARG, IR","    0",",,S",,,,,"  323","H,,S"
"IRM00040845","2022-09-27","29.267","50.267","3.0","KHARG, IR","    0",",,S","  341",",,S","  308",",,S","  325","H,,S"
"IRM00040845","2022-09-28","29.267","50.267","3.0","KHARG, IR","    0",",,S","  345",",,S",,,"  330","H,,S"
"IRM00040845","2022-09-29","29.267","50.267","3.0","KHARG, IR","    0",",,S","  343",",,S","  303",",,S","  326","H,,S"
"IRM00040845","2022-09-30","29.267","50.267","3.0","KHARG, IR","    0",",,S","  352",",,S",,,"  314","H,,S"
"IRM00040845","2022-10-01","29.267","50.267","3.0","KHARG, IR","    0",",,S",,,"  257",",,S","  324","H,,S"
"IRM00040845","2022-10-02","29.267","50.267","3.0","KHARG, IR","    0",",,S",,,"  256",",,S","  314","H,,S"
"IRM00040845","2022-10-03","29.267","50.267","3.0","KHARG, IR","    0",",,S","  351",",,S","  250",",,S","  320","H,,S"
"IRM00040845","2022-10-04","29.267","50.267","3.0","KHARG, IR","    0",",,S","  331",",,S","  252",",,S","  303","H,,S"
"IRM00040845","2022-10-05","29.267","50.267","3.0","KHARG, IR","    0",",,S","  354",",,S","  271",",,S","  335","H,,S"
"IRM00040845","2022-10-06","29.267","50.267","3.0","KHARG, IR",,,"  350",",,S","  295",",,S","  325","H,,S"
"IRM00040845","2022-10-07","29.267","50.267","3.0","KHARG, IR","    0",",,S","  394",",,S","  264",",,S","  328","H,,S"
"IRM00040845","2022-10-08","29.267","50.267","3.0","KHARG, IR","    0",",,S","  367",",,S","  256",",,S","  312","H,,S"
"IRM00040845","2022-10-09","29.267","50.267","3.0","KHARG, IR","    0",",,S",,,,,"  313","H,,S"
"IRM00040845","2022-10-10","29.267","50.267","3.0","KHARG, IR","    0",",,S","  344",",,S","  240",",,S","  314","H,,S"
"IRM00040845","2022-10-11","29.267","50.267","3.0","KHARG, IR","    0",",,S","  334",",,S","  246",",,S","  311","H,,S"
"IRM00040845","2022-10-12","29.267","50.267","3.0","KHARG, IR","    0",",,S","  342",",,S","  286",",,S","  324","H,,S"
"IRM00040845","2022-10-13","29.267","50.267","3.0","KHARG, IR","    0",",,S","  345",",,S","  310",",,S","  329","H,,S"
"IRM00040845","2022-10-14","29.267","50.267","3.0","KHARG, IR","    0",",,S","  350",",,S","  254",",,S","  314","H,,S"
"IRM00040845","2022-10-15","29.267","50.267","3.0","KHARG, IR","    0",",,S","  328",",,S","  243",",,S","  306","H,,S"
"IRM00040845","2022-10-16","29.267","50.267","3.0","KHARG, IR","    0",",,S",,,"  230",",,S","  296","H,,S"
"IRM00040845","2022-10-17","29.267","50.267","3.0","KHARG, IR","    0",",,S","  326",",,S",,,"  310","H,,S"
"IRM00040845","2022-10-18","29.267","50.267","3.0","KHARG, IR","    0",",,S",,,"  229",",,S","  302","H,,S"
"IRM00040845","2022-10-19","29.267","50.267","3.0","KHARG, IR","    0",",,S","  327",",,S","  263",",,S","  311","H,,S"
"IRM00040845","2022-10-20","29.267","50.267","3.0","KHARG, IR","    0",",,S","  333",",,S","  228",",,S","  306","H,,S"
"IRM00040845","2022-10-21","29.267","50.267","3.0","KHARG, IR","    0",",,S","  333",",,S","  245",",,S","  304","H,,S"
"IRM00040845","2022-10-22","29.267","50.267","3.0","KHARG, IR","    0",",,S","  344",",,S",,,"  303","H,,S"
"IRM00040845","2022-10-23","29.267","50.267","3.0","KHARG, IR","    0",",,S","  322",",,S","  250",",,S","  294","H,,S"
"IRM00040845","2022-10-24","29.267","50.267","3.0","KHARG, IR","    0",",,S","  312",",,S",,,"  289","H,,S"
"IRM00040845","2022-10-25","29.267","50.267","3.0","KHARG, IR","    0",",,S","  314",",,S","  230",",,S","  284","H,,S"
"IRM00040845","2022-10-26","29.267","50.267","3.0","KHARG, IR","    0",",,S",,,"  226",",,S","  304","H,,S"
"IRM00040845","2022-10-27","29.267","50.267","3.0","KHARG, IR","    0",",,S","  338",",,S","  227",",,S","  301","H,,S"
"IRM00040845","2022-10-28","29.267","50.267","3.0","KHARG, IR","    0",",,S","  325",",,S","  258",",,S","  301","H,,S"
"IRM00040845","2022-10-29","29.267","50.267","3.0","KHARG, IR","    0",",,S","  326",",,S","  235",",,S","  289","H,,S"
"IRM00040845","2022-10-30","29.267","50.267","3.0","KHARG, IR","    0",",,S","  326",",,S","  253",",,S","  302","H,,S"
"IRM00040845","2022-10-31","29.267","50.267","3.0","KHARG, IR","    0",",,S",,,"  254",",,S","  303","H,,S"
"IRM00040845","2022-11-01","29.267","50.267","3.0","KHARG, IR",,,,,,,"  303","H,,S"
"IRM00040845","2022-11-02","29.267","50.267","3.0","KHARG, IR","    0",",,S","  340",",,S","  294",",,S","  321","H,,S"
"IRM00040845","2022-11-03","29.267","50.267","3.0","KHARG, IR","    0",",,S",,,,,"  274","H,,S"
"IRM00040845","2022-11-04","29.267","50.267","3.0","KHARG, IR","    3",",,S","  284",",,S","  245",",,S","  269","H,,S"
"IRM00040845","2022-11-05","29.267","50.267","3.0","KHARG, IR","    0",",,S","  281",",,S","  255",",,S","  268","H,,S"
"IRM00040845","2022-11-06","29.267","50.267","3.0","KHARG, IR","    0",",,S","  283",",,S",,,"  268","H,,S"
"IRM00040845","2022-11-07","29.267","50.267","3.0","KHARG, IR","    0",",,S","  290",",,S",,,"  277","H,,S"
"IRM00040845","2022-11-08","29.267","50.267","3.0","KHARG, IR","    0",",,S",,,"  248",",,S","  272","H,,S"
"IRM00040845","2022-11-09","29.267","50.267","3.0","KHARG, IR","   10",",,S",,,"  227",",,S","  267","H,,S"
"IRM00040845","2022-11-10","29.267","50.267","3.0","KHARG, IR","    0",",,S","  294",",,S","  255",",,S","  278","H,,S"
"IRM00040845","2022-11-11","29.267","50.267","3.0","KHARG, IR","    0",",,S","  318",",,S",,,"  291","H,,S"
"IRM00040845","2022-11-12","29.267","50.267","3.0","KHARG, IR","    8",",,S",,,"  257",",,S","  281","H,,S"
"IRM00040845","2022-11-13","29.267","50.267","3.0","KHARG, IR","    0",",,S","  282",",,S","  263",",,S","  274","H,,S"
"IRM00040845","2022-11-14","29.267","50.267","3.0","KHARG, IR","    0",",,S","  276",",,S","  248",",,S","  262","H,,S"
"IRM00040845","2022-11-15","29.267","50.267","3.0","KHARG, IR","    0",",,S","  283",",,S","  248",",,S","  260","H,,S"
"IRM00040845","2022-11-16","29.267","50.267","3.0","KHARG, IR","    0",",,S","  302",",,S","  225",",,S","  269","H,,S"
"IRM00040845","2022-11-17","29.267","50.267","3.0","KHARG, IR","    0",",,S","  306",",,S","  236",",,S","  280","H,,S"
"IRM00040845","2022-11-18","29.267","50.267","3.0","KHARG, IR","    0",",,S","  267",",,S",,,"  248","H,,S"
"IRM00040845","2022-11-19","29.267","50.267","3.0","KHARG, IR","    0",",,S",,,"  227",",,S","  236","H,,S"
"IRM00040845","2022-11-20","29.267","50.267","3.0","KHARG, IR","    0",",,S","  241",",,S","  218",",,S","  235","H,,S"
"IRM00040845","2022-11-21","29.267","50.267","3.0","KHARG, IR","    0",",,S",,,"  226",",,S","  244","H,,S"
"IRM00040845","2022-11-22","29.267","50.267","3.0","KHARG, IR","    0",",,S","  274",",,S","  190",",,S","  246","H,,S"
"IRM00040845","2022-11-23","29.267","50.267","3.0","KHARG, IR","    0",",,S","  280",",,S","  209",",,S","  252","H,,S"
"IRM00040845","2022-11-24","29.267","50.267","3.0","KHARG, IR","    0",",,S","  266",",,S",,,"  238","H,,S"
"IRM00040845","2022-11-25","29.267","50.267","3.0","KHARG, IR","    3",",,S","  272",",,S","  202",",,S","  251","H,,S"
"IRM00040845","2022-11-26","29.267","50.267","3.0","KHARG, IR","    0",",,S","  282",",,S","  220",",,S","  253","H,,S"
"IRM00040845","2022-11-27","29.267","50.267","3.0","KHARG, IR","    0",",,S","  280",",,S","  198",",,S","  258","H,,S"
"IRM00040845","2022-11-28","29.267","50.267","3.0","KHARG, IR","    0",",,S","  271",",,S","  240",",,S","  261","H,,S"
"IRM00040845","2022-11-29","29.267","50.267","3.0","KHARG, IR","    0",",,S","  274",",,S",,,"  251","H,,S"
"IRM00040845","2022-11-30","29.267","50.267","3.0","KHARG, IR","    0",",,S","  271",",,S","  196",",,S","  247","H,,S"
"IRM00040845","2022-12-01","29.267","50.267","3.0","KHARG, IR","    0",",,S","  270",",,S","  214",",,S","  244","H,,S"
"IRM00040845","2022-12-02","29.267","50.267","3.0","KHARG, IR","    0",",,S","  253",",,S","  215",",,S","  244","H,,S"
"IRM00040845","2022-12-03","29.267","50.267","3.0","KHARG, IR","    0",",,S","  253",",,S",,,"  242","H,,S"
"IRM00040845","2022-12-04","29.267","50.267","3.0","KHARG, IR","    0",",,S","  250",",,S",,,"  233","H,,S"
"IRM00040845","2022-12-05","29.267","50.267","3.0","KHARG, IR","    0",",,S","  241",",,S","  215",",,S","  233","H,,S"
"IRM00040845","2022-12-06","29.267","50.267","3.0","KHARG, IR","  417",",,S","  238",",,S","  183",",,S","  195","H,,S"
"IRM00040845","2022-12-07","29.267","50.267","3.0","KHARG, IR","  231",",,S","  221",",,S","  182",",,S","  206","H,,S"
"IRM00040845","2022-12-08","29.267","50.267","3.0","KHARG, IR","    0",",,S",,,"  202",",,S","  221","H,,S"
"IRM00040845","2022-12-09","29.267","50.267","3.0","KHARG, IR","    0",",,S","  225",",,S","  198",",,S","  210","H,,S"
"IRM00040845","2022-12-10","29.267","50.267","3.0","KHARG, IR","    0",",,S","  216",",,S","  185",",,S","  199","H,,S"
"IRM00040845","2022-12-11","29.267","50.267","3.0","KHARG, IR","    0",",,S",,,"  171",",,S","  200","H,,S"
"IRM00040845","2022-12-12","29.267","50.267","3.0","KHARG, IR","    0",",,S","  223",",,S","  190",",,S","  211","H,,S"
"IRM00040845","2022-12-13","29.267","50.267","3.0","KHARG, IR","    0",",,S","  230",",,S","  120",",,S","  191","H,,S"
"IRM00040845","2022-12-14","29.267","50.267","3.0","KHARG, IR","    0",",,S","  240",",,S","  143",",,S","  221","H,,S"
"IRM00040845","2022-12-15","29.267","50.267","3.0","KHARG, IR","    3",",,S","  231",",,S","  179",",,S","  214","H,,S"
"IRM00040845","2022-12-16","29.267","50.267","3.0","KHARG, IR","   64",",,S","  241",",,S","  187",",,S","  227","H,,S"
"IRM00040845","2022-12-17","29.267","50.267","3.0","KHARG, IR","    0",",,S","  229",",,S","  199",",,S","  207","H,,S"
"IRM00040845","2022-12-18","29.267","50.267","3.0","KHARG, IR","    0",",,S","  215",",,S",,,"  206","H,,S"
"IRM00040845","2022-12-19","29.267","50.267","3.0","KHARG, IR","    0",",,S",,,"  197",",,S","  216","H,,S"
"IRM00040845","2022-12-20","29.267","50.267","3.0","KHARG, IR","    0",",,S","  240",",,S","  145",",,S","  209","H,,S"
"IRM00040845","2022-12-21","29.267","50.267","3.0","KHARG, IR","    0",",,S","  250",",,S","  142",",,S","  218","H,,S"
"IRM00040845","2022-12-22","29.267","50.267","3.0","KHARG, IR","    0",",,S",,,"  162",",,S","  222","H,,S"
"IRM00040845","2022-12-23","29.267","50.267","3.0","KHARG, IR","    0",",,S","  231",",,S",,,"  216","H,,S"
"IRM00040845","2022-12-24","29.267","50.267","3.0","KHARG, IR","   41",",,S","  243",",,S","  177",",,S","  201","H,,S"
"IRM00040845","2022-12-25","29.267","50.267","3.0","KHARG, IR","    0",",,S","  193",",,S",,,"  184","H,,S"
"IRM00040845","2022-12-26","29.267","50.267","3.0","KHARG, IR","    0",",,S","  191",",,S","  166",",,S","  181","H,,S"
"IRM00040845","2022-12-27","29.267","50.267","3.0","KHARG, IR","    3",",,S",,,"  126",",,S","  174","H,,S"
"IRM00040845","2022-12-28","29.267","50.267","3.0","KHARG, IR","  191",",,S","  181",",,S","  127",",,S","  167","H,,S"
"IRM00040845","2022-12-29","29.267","50.267","3.0","KHARG, IR","    0",",,S",,,"  155",",,S","  171","H,,S"
"IRM00040845","2022-12-30","29.267","50.267","3.0","KHARG, IR","    0",",,S","  186",",,S","  158",",,S","  173","H,,S"
"IRM00040845","2022-12-31","29.267","50.267","3.0","KHARG, IR","    0",",,S",,,"  163",",,S","  171","H,,S"
"IRM00040845","2023-01-01","29.267","50.267","3.0","KHARG, IR","    0",",,S",,,"  159",",,S","  169","H,,S"
"IRM00040845","2023-01-02","29.267","50.267","3.0","KHARG, IR","    0",",,S",,,,,"  166","H,,S"
"IRM00040845","2023-01-03","29.267","50.267","3.0","KHARG, IR","    0",",,S","  191",",,S",,,"  178","H,,S"
"IRM00040845","2023-01-04","29.267","50.267","3.0","KHARG, IR","  127",",,S","  184",",,S","  131",",,S","  173","H,,S"
"IRM00040845","2023-01-05","29.267","50.267","3.0","KHARG, IR","  574",",,S","  204",",,S",,,"  161","H,,S"
"IRM00040845","2023-01-06","29.267","50.267","3.0","KHARG, IR","    0",",,S",,,"  127",",,S","  168","H,,S"
"IRM00040845","2023-01-07","29.267","50.267","3.0","KHARG, IR","    0",",,S",,,,,"  165","H,,S"
"IRM00040845","2023-01-08","29.267","50.267","3.0","KHARG, IR","    0",",,S","  181",",,S","  147",",,S","  168","H,,S"
"IRM00040845","2023-01-09","29.267","50.267","3.0","KHARG, IR","    5",",,S",,,,,"  156","H,,S"
"IRM00040845","2023-01-10","29.267","50.267","3.0","KHARG, IR","  356",",,S",,,"  152",",,S","  170","H,,S"
"IRM00040845","2023-01-11","29.267","50.267","3.0","KHARG, IR","    0",",,S","  164",",,S","  136",",,S","  145","H,,S"
"IRM00040845","2023-01-12","29.267","50.267","3.0","KHARG, IR","    0",",,S",,,"  128",",,S","  144","H,,S"
"IRM00040845","2023-01-13","29.267","50.267","3.0","KHARG, IR","    0",",,S",,,"  138",",,S","  169","H,,S"
"IRM00040845","2023-01-14","29.267","50.267","3.0","KHARG, IR","   99",",,S","  201",",,S","  165",",,S","  181","H,,S"
"IRM00040845","2023-01-15","29.267","50.267","3.0","KHARG, IR","  427",",,S",,,"  161",",,S","  185","H,,S"
"IRM00040845","2023-01-16","29.267","50.267","3.0","KHARG, IR","    0",",,S","  206",",,S","  178",",,S","  189","H,,S"
"IRM00040845","2023-01-17","29.267","50.267","3.0","KHARG, IR","  513",",,S","  183",",,S",,,"  172","H,,S"
"IRM00040845","2023-01-18","29.267","50.267","3.0","KHARG, IR","    0",",,S","  173",",,S","  147",",,S","  157","H,,S"
"IRM00040845","2023-01-19","29.267","50.267","3.0","KHARG, IR","    0",",,S","  165",",,S",,,"  153","H,,S"
"IRM00040845","2023-01-20","29.267","50.267","3.0","KHARG, IR","    0",",,S","  171",",,S","  135",",,S","  157","H,,S"
"IRM00040845","2023-01-21","29.267","50.267","3.0","KHARG, IR","    0",",,S","  186",",,S","  103",",,S","  151","H,,S"
"IRM00040845","2023-01-22","29.267","50.267","3.0","KHARG, IR","    0",",,S","  193",",,S","  124",",,S","  172","H,,S"
"IRM00040845","2023-01-23","29.267","50.267","3.0","KHARG, IR","    0",",,S",,,,,"  183","H,,S"
"IRM00040845","2023-01-24","29.267","50.267","3.0","KHARG, IR","    0",",,S","  186",",,S","  119",",,S","  163","H,,S"
"IRM00040845","2023-01-25","29.267","50.267","3.0","KHARG, IR","    5",",,S",,,"  115",",,S","  174","H,,S"
"IRM00040845","2023-01-26","29.267","50.267","3.0","KHARG, IR","   51",",,S","  178",",,S","  130",",,S","  157","H,,S"
"IRM00040845","2023-01-27","29.267","50.267","3.0","KHARG, IR","    0",",,S",,,"  131",",,S","  162","H,,S"
"IRM00040845","2023-01-28","29.267","50.267","3.0","KHARG, IR","    0",",,S",,,"  150",",,S","  168","H,,S"
"IRM00040845","2023-01-29","29.267","50.267","3.0","KHARG, IR","    0",",,S","  203",",,S",,,"  174","H,,S"
"IRM00040845","2023-01-30","29.267","50.267","3.0","KHARG, IR","    0",",,S","  214",",,S","  140",",,S","  193","H,,S"
"IRM00040845","2023-01-31","29.267","50.267","3.0","KHARG, IR","    0",",,S","  219",",,S","  191",",,S","  206","H,,S"
"IRM00040845","2023-02-01","29.267","50.267","3.0","KHARG, IR","   15",",,S","  237",",,S","  175",",,S","  216","H,,S"
"IRM00040845","2023-02-02","29.267","50.267","3.0","KHARG, IR","    0",",,S","  222",",,S","  175",",,S","  196","H,,S"
"IRM00040845","2023-02-03","29.267","50.267","3.0","KHARG, IR","    0",",,S","  200",",,S","  167",",,S","  176","H,,S"
"IRM00040845","2023-02-04","29.267","50.267","3.0","KHARG, IR","    0",",,S",,,"  150",",,S","  166","H,,S"
"IRM00040845","2023-02-05","29.267","50.267","3.0","KHARG, IR","    0",",,S",,,"  155",",,S","  179","H,,S"
"IRM00040845","2023-02-06","29.267","50.267","3.0","KHARG, IR","    0",",,S",,,"  147",",,S","  188","H,,S"
"IRM00040845","2023-02-07","29.267","50.267","3.0","KHARG, IR","  178",",,S","  218",",,S","  169",",,S","  196","H,,S"
"IRM00040845","2023-02-08","29.267","50.267","3.0","KHARG, IR","    0",",,S","  197",",,S","  168",",,S","  179","H,,S"
"IRM00040845","2023-02-09","29.267","50.267","3.0","KHARG, IR","    0",",,S",,,"  155",",,S","  166","H,,S"
"IRM00040845","2023-02-10","29.267","50.267","3.0","KHARG, IR","    0",",,S","  156",",,S","  123",",,S","  135","H,,S"
"IRM00040845","2023-02-11","29.267","50.267","3.0","KHARG, IR","    0",",,S","  171",",,S",,,"  157","H,,S"
"IRM00040845","2023-02-12","29.267","50.267","3.0","KHARG, IR","    0",",,S",,,"  133",",,S","  197","H,,S"
"IRM00040845","2023-02-13","29.267","50.267","3.0","KHARG, IR","    0",",,S","  211",",,S","  178",",,S","  194","H,,S"
"IRM00040845","2023-02-14","29.267","50.267","3.0","KHARG, IR","    3",",,S","  197",",,S",,,"  176","H,,S"
"IRM00040845","2023-02-15","29.267","50.267","3.0","KHARG, IR","    0",",,S","  191",",,S","  162",",,S","  176","H,,S"
"IRM00040845","2023-02-16","29.267","50.267","3.0","KHARG, IR","    8",",,S","  174",",,S",,,"  155","H,,S"
"IRM00040845","2023-02-17","29.267","50.267","3.0","KHARG, IR","    0",",,S","  172",",,S","  138",",,S","  144","H,,S"
"IRM00040845","2023-02-18","29.267","50.267","3.0","KHARG, IR","    0",",,S","  155",",,S",,,"  141","H,,S"
"IRM00040845","2023-02-19","29.267","50.267","3.0","KHARG, IR","    0",",,S","  164",",,S","  140",",,S","  153","H,,S"
"IRM00040845","2023-02-20","29.267","50.267","3.0","KHARG, IR","    0",",,S","  182",",,S",,,"  167","H,,S"
"IRM00040845","2023-02-21","29.267","50.267","3.0","KHARG, IR","    0",",,S","  201",",,S","  112",",,S","  172","H,,S"
"IRM00040845","2023-02-22","29.267","50.267","3.0","KHARG, IR","    0",",,S","  221",",,S","  126",",,S","  188","H,,S"
"IRM00040845","2023-02-23","29.267","50.267","3.0","KHARG, IR","    0",",,S","  240",",,S","  127",",,S","  198","H,,S"
"IRM00040845","2023-02-24","29.267","50.267","3.0","KHARG, IR","    0",",,S","  257",",,S","  189",",,S","  225","H,,S"
"IRM00040845","2023-02-25","29.267","50.267","3.0","KHARG, IR","    0",",,S","  233",",,S","  137",",,S","  191","H,,S"
"IRM00040845","2023-02-26","29.267","50.267","3.0","KHARG, IR","    0",",,S","  274",",,S","  162",",,S","  213","H,,S"
"IRM00040845","2023-02-27","29.267","50.267","3.0","KHARG, IR","    8",",,S","  264",",,S","  178",",,S","  220","H,,S"
"IRM00040845","2023-02-28","29.267","50.267","3.0","KHARG, IR","    3",",,S","  226",",,S","  160",",,S","  198","H,,S"
"IRM00040845","2023-03-01","29.267","50.267","3.0","KHARG, IR","    0",",,S","  212",",,S","  179",",,S","  198","H,,S"
"IRM00040845","2023-03-02","29.267","50.267","3.0","KHARG, IR","    0",",,S","  241",",,S","  147",",,S","  213","H,,S"
"IRM00040845","2023-03-03","29.267","50.267","3.0","KHARG, IR","    0",",,S",,,"  105",",,S","  212","H,,S"
"IRM00040845","2023-03-04","29.267","50.267","3.0","KHARG, IR","    0",",,S","  266",",,S","  133",",,S","  220","H,,S"
"IRM00040845","2023-03-05","29.267","50.267","3.0","KHARG, IR","    0",",,S","  284",",,S","  152",",,S","  231","H,,S"
"IRM00040845","2023-03-06","29.267","50.267","3.0","KHARG, IR","    0",",,S","  276",",,S","  148",",,S","  233","H,,S"
"IRM00040845","2023-03-07","29.267","50.267","3.0","KHARG, IR","    0",",,S",,,"  179",",,S","  241","H,,S"
"IRM00040845","2023-03-08","29.267","50.267","3.0","KHARG, IR","    0",",,S","  284",",,S","  203",",,S","  241","H,,S"
"IRM00040845","2023-03-09","29.267","50.267","3.0","KHARG, IR","    0",",,S","  273",",,S","  220",",,S","  248","H,,S"
"IRM00040845","2023-03-10","29.267","50.267","3.0","KHARG, IR","    0",",,S","  272",",,S","  188",",,S","  209","H,,S"
"IRM00040845","2023-03-11","29.267","50.267","3.0","KHARG, IR","    5",",,S",,,"  178",",,S","  200","H,,S"
"IRM00040845","2023-03-12","29.267","50.267","3.0","KHARG, IR","    0",",,S","  242",",,S","  174",",,S","  211","H,,S"
"IRM00040845","2023-03-13","29.267","50.267","3.0","KHARG, IR","   36",",,S","  214",",,S","  189",",,S","  199","H,,S"
"IRM00040845","2023-03-14","29.267","50.267","3.0","KHARG, IR","    0",",,S","  250",",,S","  186",",,S","  219","H,,S"
"IRM00040845","2023-03-15","29.267","50.267","3.0","KHARG, IR","    0",",,S","  290",",,S","  159",",,S","  243","H,,S"
"IRM00040845","2023-03-16","29.267","50.267","3.0","KHARG, IR","   28",",,S","  263",",,S","  186",",,S","  212","H,,S"
"IRM00040845","2023-03-17","29.267","50.267","3.0","KHARG, IR","    0",",,S",,,"  195",",,S","  214","H,,S"
"IRM00040845","2023-03-18","29.267","50.267","3.0","KHARG, IR","    0",",,S",,,,,"  212","H,,S"
"IRM00040845","2023-03-19","29.267","50.267","3.0","KHARG, IR","    0",",,S","  288",",,S","  156",",,S","  230","H,,S"
"IRM00040845","2023-03-20","29.267","50.267","3.0","KHARG, IR","    0",",,S","  240",",,S","  164",",,S","  223","H,,S"
"IRM00040845","2023-03-21","29.267","50.267","3.0","KHARG, IR","    0",",,S","  251",",,S","  171",",,S","  214","H,,S"
"IRM00040845","2023-03-22","29.267","50.267","3.0","KHARG, IR","    0",",,S",,,"  157",",,S","  212","H,,S"
"IRM00040845","2023-03-23","29.267","50.267","3.0","KHARG, IR","    0",",,S","  212",",,S",,,"  198","H,,S"
"IRM00040845","2023-03-24","29.267","50.267","3.0","KHARG, IR","    0",",,S","  226",",,S","  184",",,S","  213","H,,S"
"IRM00040845","2023-03-25","29.267","50.267","3.0","KHARG, IR","    0",",,S","  252",",,S","  154",",,S","  213","H,,S"
"IRM00040845","2023-03-26","29.267","50.267","3.0","KHARG, IR","    0",",,S","  233",",,S","  178",",,S","  219","H,,S"
"IRM00040845","2023-03-27","29.267","50.267","3.0","KHARG, IR","   30",",,S","  273",",,S","  188",",,S","  235","H,,S"
"IRM00040845","2023-03-28","29.267","50.267","3.0","KHARG, IR","    0",",,S","  240",",,S","  171",",,S","  219","H,,S"
"IRM00040845","2023-03-29","29.267","50.267","3.0","KHARG, IR","    0",",,S",,,,,"  221","H,,S"
"IRM00040845","2023-03-30","29.267","50.267","3.0","KHARG, IR","    0",",,S",,,"  186",",,S","  229","H,,S"
"IRM00040845","2023-03-31","29.267","50.267","3.0","KHARG, IR","    0",",,S","  290",",,S","  189",",,S","  239","H,,S"
"IRM00040845","2023-04-01","29.267","50.267","3.0","KHARG, IR","    0",",,S","  231",",,S","  178",",,S","  198","H,,S"
"IRM00040845","2023-04-02","29.267","50.267","3.0","KHARG, IR","    0",",,S",,,"  164",",,S","  185","H,,S"
"IRM00040845","2023-04-03","29.267","50.267","3.0","KHARG, IR","    0",",,S","  224",",,S","  177",",,S","  203","H,,S"
"IRM00040845","2023-04-04","29.267","50.267","3.0","KHARG, IR","    0",",,S",,,,,"  212","H,,S"
"IRM00040845","2023-04-05","29.267","50.267","3.0","KHARG, IR","    0",",,S","  260",",,S","  188",",,S","  226","H,,S"
"IRM00040845","2023-04-06","29.267","50.267","3.0","KHARG, IR","    0",",,S","  281",",,S","  156",",,S","  237","H,,S"
"IRM00040845","2023-04-07","29.267","50.267","3.0","KHARG, IR","    0",",,S","  301",",,S","  176",",,S","  256","H,,S"
"IRM00040845","2023-04-08","29.267","50.267","3.0","KHARG, IR","    0",",,S",,,"  201",",,S","  241","H,,S"
"IRM00040845","2023-04-09","29.267","50.267","3.0","KHARG, IR","    0",",,S","  290",",,S",,,"  251","H,,S"
"IRM00040845","2023-04-10","29.267","50.267","3.0","KHARG, IR","    0",",,S","  303",",,S","  190",",,S","  258","H,,S"
"IRM00040845","2023-04-11","29.267","50.267","3.0","KHARG, IR","    0",",,S","  302",",,S","  209",",,S","  259","H,,S"
"IRM00040845","2023-04-12","29.267","50.267","3.0","KHARG, IR","    0",",,S","  308",",,S","  220",",,S","  280","H,,S"
"IRM00040845","2023-04-13","29.267","50.267","3.0","KHARG, IR","    5",",,S","  304",",,S","  213",",,S","  245","H,,S"
"IRM00040845","2023-04-14","29.267","50.267","3.0","KHARG, IR","    0",",,S","  251",",,S",,,"  229","H,,S"
"IRM00040845","2023-04-15","29.267","50.267","3.0","KHARG, IR","    0",",,S",,,"  209",",,S","  228","H,,S"
"IRM00040845","2023-04-16","29.267","50.267","3.0","KHARG, IR","    0",",,S","  230",",,S",,,"  221","H,,S"
"IRM00040845","2023-04-17","29.267","50.267","3.0","KHARG, IR","    0",",,S","  260",",,S","  193",",,S","  240","H,,S"
"IRM00040845","2023-04-18","29.267","50.267","3.0","KHARG, IR","    0",",,S","  280",",,S","  165",",,S","  245","H,,S"
"IRM00040845","2023-04-19","29.267","50.267","3.0","KHARG, IR","    0",",,S","  295",",,S","  176",",,S","  264","H,,S"
"IRM00040845","2023-04-20","29.267","50.267","3.0","KHARG, IR","    0",",,S","  304",",,S","  174",",,S","  276","H,,S"
"IRM00040845","2023-04-21","29.267","50.267","3.0","KHARG, IR","    0",",,S","  317",",,S","  173",",,S","  271","H,,S"
"IRM00040845","2023-04-22","29.267","50.267","3.0","KHARG, IR","    0",",,S","  331",",,S","  171",",,S","  264","H,,S"
"IRM00040845","2023-04-23","29.267","50.267","3.0","KHARG, IR","    0",",,S","  334",",,S","  191",",,S","  282","H,,S"
"IRM00040845","2023-04-24","29.267","50.267","3.0","KHARG, IR","    0",",,S","  345",",,S","  200",",,S","  304","H,,S"
"IRM00040845","2023-04-25","29.267","50.267","3.0","KHARG, IR","    0",",,S","  315",",,S","  229",",,S","  269","H,,S"
"IRM00040845","2023-04-26","29.267","50.267","3.0","KHARG, IR","    0",",,S","  296",",,S","  240",",,S","  269","H,,S"
"IRM00040845","2023-04-27","29.267","50.267","3.0","KHARG, IR","    0",",,S",,,"  213",",,S","  273","H,,S"
"IRM00040845","2023-04-28","29.267","50.267","3.0","KHARG, IR","    0",",,S","  315",",,S","  190",",,S","  281","H,,S"
"IRM00040845","2023-04-29","29.267","50.267","3.0","KHARG, IR","    0",",,S","  346",",,S","  207",",,S","  290","H,,S"
"IRM00040845","2023-04-30","29.267","50.267","3.0","KHARG, IR","    0",",,S","  353",",,S","  216",",,S","  287","H,,S"
"IRM00040845","2023-05-01","29.267","50.267","3.0","KHARG, IR","    0",",,S","  311",",,S","  213",",,S","  283","H,,S"
"IRM00040845","2023-05-02","29.267","50.267","3.0","KHARG, IR","    0",",,S",,,"  244",",,S","  266","H,,S"
"IRM00040845","2023-05-03","29.267","50.267","3.0","KHARG, IR","    0",",,S","  291",",,S","  239",",,S","  266","H,,S"
"IRM00040845","2023-05-04","29.267","50.267","3.0","KHARG, IR","    0",",,S","  283",",,S","  245",",,S","  264","H,,S"
"IRM00040845","2023-05-05","29.267","50.267","3.0","KHARG, IR","    0",",,S","  280",",,S",,,"  255","H,,S"
"IRM00040845","2023-05-06","29.267","50.267","3.0","KHARG, IR","    0",",,S","  320",",,S",,,"  273","H,,S"
"IRM00040845","2023-05-07","29.267","50.267","3.0","KHARG, IR","    0",",,S","  340",",,S","  162",",,S","  273","H,,S"
"IRM00040845","2023-05-08","29.267","50.267","3.0","KHARG, IR","    0",",,S","  369",",,S","  218",",,S","  306","H,,S"
"IRM00040845","2023-05-09","29.267","50.267","3.0","KHARG, IR","    0",",,S","  372",",,S","  251",",,S","  304","H,,S"
"IRM00040845","2023-05-10","29.267","50.267","3.0","KHARG, IR","    0",",,S",,,,,"  299","H,,S"
"IRM00040845","2023-05-11","29.267","50.267","3.0","KHARG, IR","    0",",,S","  331",",,S","  229",",,S","  291","H,,S"
"IRM00040845","2023-05-12","29.267","50.267","3.0","KHARG, IR","    0",",,S","  400",",,S","  266",",,S","  330","H,,S"
"IRM00040845","2023-05-13","29.267","50.267","3.0","KHARG, IR","    0",",,S","  401",",,S","  245",",,S","  331","H,,S"
"IRM00040845","2023-05-14","29.267","50.267","3.0","KHARG, IR","    0",",,S","  356",",,S","  267",",,S","  299","H,,S"
"IRM00040845","2023-05-15","29.267","50.267","3.0","KHARG, IR","    0",",,S","  320",",,S","  260",",,S","  286","H,,S"
"IRM00040845","2023-05-16","29.267","50.267","3.0","KHARG, IR","    0",",,S",,,"  239",",,S","  293","H,,S"
"IRM00040845","2023-05-17","29.267","50.267","3.0","KHARG, IR","    0",",,S",,,"  247",",,S","  305","H,,S"
"IRM00040845","2023-05-18","29.267","50.267","3.0","KHARG, IR","    0",",,S","  349",",,S","  237",",,S","  287","H,,S"
"IRM00040845","2023-05-19","29.267","50.267","3.0","KHARG, IR","    0",",,S","  389",",,S","  254",",,S","  309","H,,S"
"IRM00040845","2023-05-20","29.267","50.267","3.0","KHARG, IR","    0",",,S","  342",",,S","  258",",,S","  299","H,,S"
"IRM00040845","2023-05-21","29.267","50.267","3.0","KHARG, IR","    0",",,S","  362",",,S","  253",",,S","  316","H,,S"
"IRM00040845","2023-05-22","29.267","50.267","3.0","KHARG, IR","    0",",,S",,,"  252",",,S","  333","H,,S"
"IRM00040845","2023-05-23","29.267","50.267","3.0","KHARG, IR","    0",",,S","  351",",,S","  254",",,S","  304","H,,S"
"IRM00040845","2023-05-24","29.267","50.267","3.0","KHARG, IR","    0",",,S","  360",",,S","  254",",,S","  338","H,,S"
"IRM00040845","2023-05-25","29.267","50.267","3.0","KHARG, IR","    0",",,S",,,"  283",",,S","  329","H,,S"
"IRM00040845","2023-05-26","29.267","50.267","3.0","KHARG, IR","    0",",,S","  361",",,S","  280",",,S","  326","H,,S"
"IRM00040845","2023-05-27","29.267","50.267","3.0","KHARG, IR","    0",",,S","  361",",,S","  280",",,S","  322","H,,S"
"IRM00040845","2023-05-28","29.267","50.267","3.0","KHARG, IR","    0",",,S","  370",",,S","  285",",,S","  332","H,,S"
"IRM00040845","2023-05-29","29.267","50.267","3.0","KHARG, IR","    0",",,S","  367",",,S","  269",",,S","  326","H,,S"
"IRM00040845","2023-05-30","29.267","50.267","3.0","KHARG, IR","    0",",,S","  356",",,S","  290",",,S","  319","H,,S"
"IRM00040845","2023-05-31","29.267","50.267","3.0","KHARG, IR","    0",",,S",,,"  298",",,S","  327","H,,S"
"IRM00040845","2023-06-01","29.267","50.267","3.0","KHARG, IR","    0",",,S","  350",",,S","  294",",,S","  324","H,,S"
"IRM00040845","2023-06-02","29.267","50.267","3.0","KHARG, IR","    0",",,S","  350",",,S",,,"  322","H,,S"
"IRM00040845","2023-06-03","29.267","50.267","3.0","KHARG, IR","    0",",,S",,,,,"  325","H,,S"
"IRM00040845","2023-06-04","29.267","50.267","3.0","KHARG, IR","    0",",,S","  368",",,S",,,"  321","H,,S"
"IRM00040845","2023-06-05","29.267","50.267","3.0","KHARG, IR","    0",",,S","  403",",,S","  267",",,S","  338","H,,S"
"IRM00040845","2023-06-06","29.267","50.267","3.0","KHARG, IR","    0",",,S","  368",",,S",,,"  319","H,,S"
"IRM00040845","2023-06-07","29.267","50.267","3.0","KHARG, IR","    0",",,S","  383",",,S","  291",",,S","  347","H,,S"
"IRM00040845","2023-06-08","29.267","50.267","3.0","KHARG, IR","    0",",,S","  392",",,S","  267",",,S","  348","H,,S"
"IRM00040845","2023-06-09","29.267","50.267","3.0","KHARG, IR","    0",",,S","  380",",,S","  288",",,S","  345","H,,S"
"IRM00040845","2023-06-10","29.267","50.267","3.0","KHARG, IR","    0",",,S","  380",",,S","  298",",,S","  345","H,,S"
"IRM00040845","2023-06-11","29.267","50.267","3.0","KHARG, IR","    0",",,S","  403",",,S","  287",",,S","  353","H,,S"
"IRM00040845","2023-06-12","29.267","50.267","3.0","KHARG, IR","    0",",,S","  432",",,S","  296",",,S","  387","H,,S"
"IRM00040845","2023-06-13","29.267","50.267","3.0","KHARG, IR","    0",",,S","  413",",,S",,,"  353","H,,S"
"IRM00040845","2023-06-14","29.267","50.267","3.0","KHARG, IR","    0",",,S","  379",",,S","  321",",,S","  346","H,,S"
"IRM00040845","2023-06-15","29.267","50.267","3.0","KHARG, IR","    0",",,S","  379",",,S","  310",",,S","  340","H,,S"
"IRM00040845","2023-06-16","29.267","50.267","3.0","KHARG, IR","    0",",,S","  376",",,S","  299",",,S","  341","H,,S"
"IRM00040845","2023-06-17","29.267","50.267","3.0","KHARG, IR","    0",",,S","  361",",,S","  295",",,S","  332","H,,S"
"IRM00040845","2023-06-18","29.267","50.267","3.0","KHARG, IR","    0",",,S","  367",",,S","  297",",,S","  325","H,,S"
"IRM00040845","2023-06-19","29.267","50.267","3.0","KHARG, IR","    0",",,S","  362",",,S","  303",",,S","  338","H,,S"
"IRM00040845","2023-06-20","29.267","50.267","3.0","KHARG, IR","    0",",,S","  374",",,S","  299",",,S","  327","H,,S"
"IRM00040845","2023-06-21","29.267","50.267","3.0","KHARG, IR","    0",",,S","  361",",,S","  299",",,S","  334","H,,S"
"IRM00040845","2023-06-22","29.267","50.267","3.0","KHARG, IR","    0",",,S","  361",",,S","  291",",,S","  333","H,,S"
"IRM00040845","2023-06-23","29.267","50.267","3.0","KHARG, IR","    0",",,S","  377",",,S","  277",",,S","  347","H,,S"
"IRM00040845","2023-06-24","29.267","50.267","3.0","KHARG, IR","    0",",,S",,,,,"  337","H,,S"
"IRM00040845","2023-06-25","29.267","50.267","3.0","KHARG, IR","    0",",,S","  390",",,S","  304",",,S","  345","H,,S"
"IRM00040845","2023-06-26","29.267","50.267","3.0","KHARG, IR","    0",",,S","  390",",,S",,,"  345","H,,S"
"IRM00040845","2023-06-27","29.267","50.267","3.0","KHARG, IR","    0",",,S","  379",",,S","  262",",,S","  332","H,,S"
"IRM00040845","2023-06-28","29.267","50.267","3.0","KHARG, IR","    0",",,S","  381",",,S","  257",",,S","  337","H,,S"
"IRM00040845","2023-06-29","29.267","50.267","3.0","KHARG, IR","    0",",,S","  380",",,S","  267",",,S","  345","H,,S"
"IRM00040845","2023-06-30","29.267","50.267","3.0","KHARG, IR","    0",",,S","  393",",,S","  276",",,S","  348","H,,S"
"IRM00040845","2023-07-01","29.267","50.267","3.0","KHARG, IR","    0",",,S",,,"  302",",,S","  353","H,,S"
"IRM00040845","2023-07-02","29.267","50.267","3.0","KHARG, IR","    0",",,S","  390",",,S",,,"  348","H,,S"
"IRM00040845","2023-07-03","29.267","50.267","3.0","KHARG, IR","    0",",,S","  380",",,S","  312",",,S","  352","H,,S"
"IRM00040845","2023-07-04","29.267","50.267","3.0","KHARG, IR","    0",",,S",,,,,"  338","H,,S"
"IRM00040845","2023-07-05","29.267","50.267","3.0","KHARG, IR","    0",",,S","  380",",,S","  276",",,S","  350","H,,S"
"IRM00040845","2023-07-06","29.267","50.267","3.0","KHARG, IR","    0",",,S","  400",",,S","  276",",,S","  356","H,,S"
"IRM00040845","2023-07-07","29.267","50.267","3.0","KHARG, IR","    0",",,S",,,"  272",",,S","  355","H,,S"
"IRM00040845","2023-07-08","29.267","50.267","3.0","KHARG, IR","    0",",,S","  391",",,S","  287",",,S","  352","H,,S"
"IRM00040845","2023-07-09","29.267","50.267","3.0","KHARG, IR","    0",",,S","  400",",,S","  288",",,S","  356","H,,S"
"IRM00040845","2023-07-10","29.267","50.267","3.0","KHARG, IR","    0",",,S","  410",",,S","  298",",,S","  379","H,,S"
"IRM00040845","2023-07-11","29.267","50.267","3.0","KHARG, IR","    0",",,S","  425",",,S","  285",",,S","  369","H,,S"
"IRM00040845","2023-07-12","29.267","50.267","3.0","KHARG, IR","    0",",,S","  396",",,S",,,"  369","H,,S"
"IRM00040845","2023-07-13","29.267","50.267","3.0","KHARG, IR","    0",",,S","  379",",,S","  325",",,S","  348","H,,S"
"IRM00040845","2023-07-14","29.267","50.267","3.0","KHARG, IR","    0",",,S","  407",",,S","  286",",,S","  354","H,,S"
"IRM00040845","2023-07-15","29.267","50.267","3.0","KHARG, IR","    0",",,S",,,"  299",",,S","  351","H,,S"
"IRM00040845","2023-07-16","29.267","50.267","3.0","KHARG, IR","    0",",,S","  385",",,S","  294",",,S","  347","H,,S"
"IRM00040845","2023-07-17","29.267","50.267","3.0","KHARG, IR","    0",",,S",,,"  318",",,S","  377","H,,S"
"IRM00040845","2023-07-18","29.267","50.267","3.0","KHARG, IR","    0",",,S","  422",",,S","  327",",,S","  376","H,,S"
"IRM00040845","2023-07-19","29.267","50.267","3.0","KHARG, IR","    0",",,S","  412",",,S","  320",",,S","  380","H,,S"
"IRM00040845","2023-07-20","29.267","50.267","3.0","KHARG, IR","    0",",,S","  396",",,S","  327",",,S","  368","H,,S"
"IRM00040845","2023-07-21","29.267","50.267","3.0","KHARG, IR","    0",",,S","  395",",,S","  297",",,S","  363","H,,S"
"IRM00040845","2023-07-22","29.267","50.267","3.0","KHARG, IR","    0",",,S","  404",",,S","  302",",,S","  363","H,,S"
"IRM00040845","2023-07-23","29.267","50.267","3.0","KHARG, IR","    0",",,S","  393",",,S","  315",",,S","  364","H,,S"
"IRM00040845","2023-07-24","29.267","50.267","3.0","KHARG, IR","    0",",,S","  439",",,S","  298",",,S","  372","H,,S"
"IRM00040845","2023-07-25","29.267","50.267","3.0","KHARG, IR","    0",",,S","  416",",,S","  291",",,S","  363","H,,S"
"IRM00040845","2023-07-26","29.267","50.267","3.0","KHARG, IR","    0",",,S","  395",",,S","  308",",,S","  358","H,,S"
"IRM00040845","2023-07-27","29.267","50.267","3.0","KHARG, IR","    0",",,S","  400",",,S","  292",",,S","  373","H,,S"
"IRM00040845","2023-07-28","29.267","50.267","3.0","KHARG, IR","    0",",,S","  418",",,S","  296",",,S","  377","H,,S"
"IRM00040845","2023-07-29","29.267","50.267","3.0","KHARG, IR","    0",",,S","  395",",,S","  302",",,S","  365","H,,S"
"IRM00040845","2023-07-30","29.267","50.267","3.0","KHARG, IR","    0",",,S","  413",",,S","  308",",,S","  370","H,,S"
"IRM00040845","2023-07-31","29.267","50.267","3.0","KHARG, IR","    0",",,S","  431",",,S","  303",",,S","  374","H,,S"
"IRM00040845","2023-08-01","29.267","50.267","3.0","KHARG, IR","    0",",,S","  414",",,S","  319",",,S","  372","H,,S"
"IRM00040845","2023-08-02","29.267","50.267","3.0","KHARG, IR","    0",",,S","  406",",,S","  309",",,S","  367","H,,S"
"IRM00040845","2023-08-03","29.267","50.267","3.0","KHARG, IR","    0",",,S",,,"  303",",,S","  372","H,,S"
"IRM00040845","2023-08-04","29.267","50.267","3.0","KHARG, IR","    0",",,S","  409",",,S",,,"  369","H,,S"
"IRM00040845","2023-08-05","29.267","50.267","3.0","KHARG, IR","    0",",,S","  407",",,S","  302",",,S","  364","H,,S"
"IRM00040845","2023-08-06","29.267","50.267","3.0","KHARG, IR","    0",",,S","  401",",,S","  316",",,S","  366","H,,S"
"IRM00040845","2023-08-07","29.267","50.267","3.0","KHARG, IR","    0",",,S",,,"  333",",,S","  377","H,,S"
"IRM00040845","2023-08-08","29.267","50.267","3.0","KHARG, IR","    0",",,S","  398",",,S",,,"  371","H,,S"
"IRM00040845","2023-08-09","29.267","50.267","3.0","KHARG, IR","    0",",,S","  423",",,S","  292",",,S","  367","H,,S"
"IRM00040845","2023-08-10","29.267","50.267","3.0","KHARG, IR","    0",",,S","  413",",,S","  325",",,S","  373","H,,S"
"IRM00040845","2023-08-11","29.267","50.267","3.0","KHARG, IR","    0",",,S","  413",",,S","  332",",,S","  374","H,,S"
"IRM00040845","2023-08-12","29.267","50.267","3.0","KHARG, IR","    0",",,S","  399",",,S","  305",",,S","  362","H,,S"
"IRM00040845","2023-08-13","29.267","50.267","3.0","KHARG, IR","    0",",,S","  414",",,S","  302",",,S","  369","H,,S"
"IRM00040845","2023-08-14","29.267","50.267","3.0","KHARG, IR","    0",",,S","  470",",,S","  298",",,S","  415","H,,S"
"IRM00040845","2023-08-15","29.267","50.267","3.0","KHARG, IR","    0",",,S","  451",",,S","  303",",,S","  386","H,,S"
"IRM00040845","2023-08-16","29.267","50.267","3.0","KHARG, IR","    0",",,S","  416",",,S","  296",",,S","  377","H,,S"
"IRM00040845","2023-08-17","29.267","50.267","3.0","KHARG, IR","    0",",,S",,,"  312",",,S","  379","H,,S"
"IRM00040845","2023-08-18","29.267","50.267","3.0","KHARG, IR","    0",",,S","  394",",,S","  326",",,S","  371","H,,S"
"IRM00040845","2023-08-19","29.267","50.267","3.0","KHARG, IR","    0",",,S","  401",",,S","  316",",,S","  368","H,,S"
"IRM00040845","2023-08-20","29.267","50.267","3.0","KHARG, IR","    0",",,S",,,"  318",",,S","  371","H,,S"
"IRM00040845","2023-08-21","29.267","50.267","3.0","KHARG, IR","    0",",,S","  400",",,S","  306",",,S","  370","H,,S"
"IRM00040845","2023-08-22","29.267","50.267","3.0","KHARG, IR","    0",",,S","  388",",,S","  301",",,S","  355","H,,S"
"IRM00040845","2023-08-23","29.267","50.267","3.0","KHARG, IR","    0",",,S","  395",",,S","  311",",,S","  366","H,,S"
"IRM00040845","2023-08-24","29.267","50.267","3.0","KHARG, IR","    0",",,S",,,"  316",",,S","  378","H,,S"
"IRM00040845","2023-08-25","29.267","50.267","3.0","KHARG, IR","    0",",,S","  400",",,S","  326",",,S","  373","H,,S"
"IRM00040845","2023-08-26","29.267","50.267","3.0","KHARG, IR","    0",",,S","  393",",,S","  315",",,S","  362","H,,S"
"IRM00040845","2023-08-27","29.267","50.267","3.0","KHARG, IR","    0",",,S","  393",",,S","  316",",,S","  375","H,,S"
"IRM00040845","2023-08-28","29.267","50.267","3.0","KHARG, IR","    0",",,S","  399",",,S","  297",",,S","  362","H,,S"
"IRM00040845","2023-08-29","29.267","50.267","3.0","KHARG, IR","    0",",,S","  384",",,S","  287",",,S","  358","H,,S"
"IRM00040845","2023-08-30","29.267","50.267","3.0","KHARG, IR","    0",",,S","  395",",,S","  297",",,S","  364","H,,S"
"IRM00040845","2023-08-31","29.267","50.267","3.0","KHARG, IR","    0",",,S","  391",",,S","  351",",,S","  378","H,,S"
"IRM00040845","2023-09-01","29.267","50.267","3.0","KHARG, IR","    0",",,S","  382",",,S","  344",",,S","  368","H,,S"
"IRM00040845","2023-09-02","29.267","50.267","3.0","KHARG, IR","    0",",,S","  391",",,S","  293",",,S","  354","H,,S"
"IRM00040845","2023-09-03","29.267","50.267","3.0","KHARG, IR","    0",",,S","  391",",,S","  292",",,S","  353","H,,S"
"IRM00040845","2023-09-04","29.267","50.267","3.0","KHARG, IR","    0",",,S",,,"  291",",,S","  359","H,,S"
"IRM00040845","2023-09-05","29.267","50.267","3.0","KHARG, IR","    0",",,S","  380",",,S","  298",",,S","  359","H,,S"
"IRM00040845","2023-09-06","29.267","50.267","3.0","KHARG, IR","    0",",,S","  402",",,S","  295",",,S","  362","H,,S"
"IRM00040845","2023-09-07","29.267","50.267","3.0","KHARG, IR","    0",",,S","  383",",,S","  326",",,S","  352","H,,S"
"IRM00040845","2023-09-08","29.267","50.267","3.0","KHARG, IR","    0",",,S","  394",",,S","  303",",,S","  362","H,,S"
"IRM00040845","2023-09-09","29.267","50.267","3.0","KHARG, IR","    0",",,S","  385",",,S","  313",",,S","  354","H,,S"
"IRM00040845","2023-09-10","29.267","50.267","3.0","KHARG, IR","    0",",,S","  393",",,S","  345",",,S","  370","H,,S"
"IRM00040845","2023-09-11","29.267","50.267","3.0","KHARG, IR","    0",",,S","  383",",,S","  302",",,S","  354","H,,S"
"IRM00040845","2023-09-12","29.267","50.267","3.0","KHARG, IR","    0",",,S","  382",",,S","  305",",,S","  347","H,,S"
"IRM00040845","2023-09-13","29.267","50.267","3.0","KHARG, IR","    0",",,S","  412",",,S","  302",",,S","  361","H,,S"
"IRM00040845","2023-09-14","29.267","50.267","3.0","KHARG, IR","    0",",,S","  390",",,S","  310",",,S","  356","H,,S"
"IRM00040845","2023-09-15","29.267","50.267","3.0","KHARG, IR","    0",",,S","  371",",,S","  342",",,S","  362","H,,S"
"IRM00040845","2023-09-16","29.267","50.267","3.0","KHARG, IR","    0",",,S",,,,,"  352","H,,S"
"IRM00040845","2023-09-17","29.267","50.267","3.0","KHARG, IR","    0",",,S","  382",",,S","  320",",,S","  347","H,,S"
"IRM00040845","2023-09-18","29.267","50.267","3.0","KHARG, IR","    0",",,S","  376",",,S","  307",",,S","  344","H,,S"
"IRM00040845","2023-09-19","29.267","50.267","3.0","KHARG, IR","    0",",,S",,,,,"  333","H,,S"
"IRM00040845","2023-09-20","29.267","50.267","3.0","KHARG, IR","    0",",,S","  366",",,S","  287",",,S","  343","H,,S"
"IRM00040845","2023-09-21","29.267","50.267","3.0","KHARG, IR","    0",",,S","  364",",,S",,,"  337","H,,S"
"IRM00040845","2023-09-22","29.267","50.267","3.0","KHARG, IR","    0",",,S","  381",",,S","  293",",,S","  346","H,,S"
"IRM00040845","2023-09-23","29.267","50.267","3.0","KHARG, IR","    0",",,S","  380",",,S","  292",",,S","  337","H,,S"
"IRM00040845","2023-09-24","29.267","50.267","3.0","KHARG, IR","    0",",,S","  401",",,S","  275",",,S","  338","H,,S"
"IRM00040845","2023-09-25","29.267","50.267","3.0","KHARG, IR","    0",",,S","  374",",,S","  252",",,S","  328","H,,S"
"IRM00040845","2023-09-26","29.267","50.267","3.0","KHARG, IR","    0",",,S","  375",",,S","  268",",,S","  340","H,,S"
"IRM00040845","2023-09-27","29.267","50.267","3.0","KHARG, IR","    0",",,S",,,,,"  341","H,,S"
"IRM00040845","2023-09-28","29.267","50.267","3.0","KHARG, IR","    0",",,S",,,"  279",",,S","  330","H,,S"
"IRM00040845","2023-09-29","29.267","50.267","3.0","KHARG, IR","    0",",,S",,,"  264",",,S","  338","H,,S"
"IRM00040845","2023-09-30","29.267","50.267","3.0","KHARG, IR","    0",",,S",,,"  256",",,S","  334","H,,S"
"IRM00040845","2023-10-01","29.267","50.267","3.0","KHARG, IR","    0",",,S","  350",",,S","  285",",,S","  337","H,,S"
"IRM00040845","2023-10-02","29.267","50.267","3.0","KHARG, IR","    0",",,S","  353",",,S","  318",",,S","  341","H,,S"
"IRM00040845","2023-10-03","29.267","50.267","3.0","KHARG, IR","    0",",,S","  372",",,S","  284",",,S","  336","H,,S"
"IRM00040845","2023-10-04","29.267","50.267","3.0","KHARG, IR","    0",",,S","  374",",,S",,,"  339","H,,S"
"IRM00040845","2023-10-05","29.267","50.267","3.0","KHARG, IR","    0",",,S","  358",",,S","  306",",,S","  340","H,,S"
"IRM00040845","2023-10-06","29.267","50.267","3.0","KHARG, IR","    0",",,S","  347",",,S","  299",",,S","  316","H,,S"
"IRM00040845","2023-10-07","29.267","50.267","3.0","KHARG, IR","    0",",,S","  352",",,S","  307",",,S","  333","H,,S"
"IRM00040845","2023-10-08","29.267","50.267","3.0","KHARG, IR","    0",",,S","  379",",,S","  307",",,S","  338","H,,S"
"IRM00040845","2023-10-09","29.267","50.267","3.0","KHARG, IR","    0",",,S",,,"  294",",,S","  331","H,,S"
"IRM00040845","2023-10-10","29.267","50.267","3.0","KHARG, IR","    0",",,S","  342",",,S","  291",",,S","  318","H,,S"
"IRM00040845","2023-10-11","29.267","50.267","3.0","KHARG, IR","    0",",,S","  367",",,S","  253",",,S","  319","H,,S"
"IRM00040845","2023-10-12","29.267","50.267","3.0","KHARG, IR","    0",",,S","  348",",,S","  251",",,S","  318","H,,S"
"IRM00040845","2023-10-13","29.267","50.267","3.0","KHARG, IR","    0",",,S","  352",",,S","  251",",,S","  320","H,,S"
"IRM00040845","2023-10-14","29.267","50.267","3.0","KHARG, IR","    0",",,S","  331",",,S","  259",",,S","  299","H,,S"
"IRM00040845","2023-10-15","29.267","50.267","3.0","KHARG, IR","    0",",,S","  359",",,S","  253",",,S","  307","H,,S"
"IRM00040845","2023-10-16","29.267","50.267","3.0","KHARG, IR","    0",",,S","  365",",,S","  239",",,S","  322","H,,S"
"IRM00040845","2023-10-17","29.267","50.267","3.0","KHARG, IR","    0",",,S","  330",",,S","  275",",,S","  313","H,,S"
"IRM00040845","2023-10-18","29.267","50.267","3.0","KHARG, IR","    0",",,S","  330",",,S","  295",",,S","  313","H,,S"
"IRM00040845","2023-10-19","29.267","50.267","3.0","KHARG, IR","    0",",,S",,,"  244",",,S","  316","H,,S"
"IRM00040845","2023-10-20","29.267","50.267","3.0","KHARG, IR","    0",",,S","  329",",,S",,,"  311","H,,S"
"IRM00040845","2023-10-21","29.267","50.267","3.0","KHARG, IR","    0",",,S","  320",",,S","  251",",,S","  304","H,,S"
"IRM00040845","2023-10-22","29.267","50.267","3.0","KHARG, IR","    0",",,S","  330",",,S","  280",",,S","  316","H,,S"
"IRM00040845","2023-10-23","29.267","50.267","3.0","KHARG, IR","    0",",,S",,,"  283",",,S","  316","H,,S"
"IRM00040845","2023-10-24","29.267","50.267","3.0","KHARG, IR","    0",",,S",,,"  278",",,S","  309","H,,S"
"IRM00040845","2023-10-25","29.267","50.267","3.0","KHARG, IR","    0",",,S","  324",",,S","  277",",,S","  305","H,,S"
"IRM00040845","2023-10-26","29.267","50.267","3.0","KHARG, IR","    0",",,S","  306",",,S","  279",",,S","  288","H,,S"
"IRM00040845","2023-10-27","29.267","50.267","3.0","KHARG, IR","    0",",,S",,,"  270",",,S","  285","H,,S"
"IRM00040845","2023-10-28","29.267","50.267","3.0","KHARG, IR","    0",",,S","  307",",,S","  276",",,S","  293","H,,S"
"IRM00040845","2023-10-29","29.267","50.267","3.0","KHARG, IR","    0",",,S","  301",",,S",,,"  288","H,,S"
"IRM00040845","2023-10-30","29.267","50.267","3.0","KHARG, IR","    0",",,S","  309",",,S","  230",",,S","  281","H,,S"
"IRM00040845","2023-10-31","29.267","50.267","3.0","KHARG, IR","    0",",,S","  315",",,S","  230",",,S","  282","H,,S"
"IRM00040845","2023-11-01","29.267","50.267","3.0","KHARG, IR","    0",",,S","  316",",,S","  236",",,S","  282","H,,S"
"IRM00040845","2023-11-02","29.267","50.267","3.0","KHARG, IR","   30",",,S","  291",",,S","  218",",,S","  263","H,,S"
"IRM00040845","2023-11-03","29.267","50.267","3.0","KHARG, IR","    0",",,S","  286",",,S","  220",",,S","  267","H,,S"
"IRM00040845","2023-11-04","29.267","50.267","3.0","KHARG, IR","    0",",,S","  294",",,S","  265",",,S","  281","H,,S"
"IRM00040845","2023-11-05","29.267","50.267","3.0","KHARG, IR","    0",",,S","  295",",,S",,,"  282","H,,S"
"IRM00040845","2023-11-06","29.267","50.267","3.0","KHARG, IR","    0",",,S","  292",",,S","  258",",,S","  277","H,,S"
"IRM00040845","2023-11-07","29.267","50.267","3.0","KHARG, IR","    0",",,S","  286",",,S","  259",",,S","  274","H,,S"
"IRM00040845","2023-11-08","29.267","50.267","3.0","KHARG, IR","    0",",,S","  288",",,S","  214",",,S","  269","H,,S"
"IRM00040845","2023-11-09","29.267","50.267","3.0","KHARG, IR","    0",",,S","  308",",,S","  200",",,S","  277","H,,S"
"IRM00040845","2023-11-10","29.267","50.267","3.0","KHARG, IR","    0",",,S","  292",",,S","  208",",,S","  279","H,,S"
"IRM00040845","2023-11-11","29.267","50.267","3.0","KHARG, IR","    0",",,S","  285",",,S","  237",",,S","  271","H,,S"
"IRM00040845","2023-11-12","29.267","50.267","3.0","KHARG, IR","    0",",,S","  291",",,S","  260",",,S","  277","H,,S"
"IRM00040845","2023-11-13","29.267","50.267","3.0","KHARG, IR","    0",",,S",,,"  250",",,S","  278","H,,S"
"IRM00040845","2023-11-14","29.267","50.267","3.0","KHARG, IR","    0",",,S","  295",",,S","  230",",,S","  269","H,,S"
"IRM00040845","2023-11-15","29.267","50.267","3.0","KHARG, IR","   15",",,S","  283",",,S","  195",",,S","  254","H,,S"
"IRM00040845","2023-11-16","29.267","50.267","3.0","KHARG, IR","  373",",,S","  256",",,S","  191",",,S","  228","H,,S"
"IRM00040845","2023-11-17","29.267","50.267","3.0","KHARG, IR","   56",",,S","  259",",,S","  194",",,S","  235","H,,S"
"IRM00040845","2023-11-18","29.267","50.267","3.0","KHARG, IR","    0",",,S",,,"  195",",,S","  236","H,,S"
"IRM00040845","2023-11-19","29.267","50.267","3.0","KHARG, IR","    0",",,S","  251",",,S","  209",",,S","  237","H,,S"
"IRM00040845","2023-11-20","29.267","50.267","3.0","KHARG, IR","   99",",,S","  261",",,S","  212",",,S","  247","H,,S"
"IRM00040845","2023-11-21","29.267","50.267","3.0","KHARG, IR","    0",",,S","  263",",,S","  218",",,S","  241","H,,S"
"IRM00040845","2023-11-22","29.267","50.267","3.0","KHARG, IR","    0",",,S","  243",",,S",,,"  222","H,,S"
"IRM00040845","2023-11-23","29.267","50.267","3.0","KHARG, IR","    0",",,S",,,"  204",",,S","  217","H,,S"
"IRM00040845","2023-11-24","29.267","50.267","3.0","KHARG, IR","    3",",,S","  220",",,S",,,"  209","H,,S"
"IRM00040845","2023-11-25","29.267","50.267","3.0","KHARG, IR","    0",",,S","  231",",,S",,,"  219","H,,S"
"IRM00040845","2023-11-26","29.267","50.267","3.0","KHARG, IR","    0",",,S",,,"  167",",,S","  226","H,,S"
"IRM00040845","2023-11-27","29.267","50.267","3.0","KHARG, IR","    0",",,S","  263",",,S","  192",",,S","  248","H,,S"
"IRM00040845","2023-11-28","29.267","50.267","3.0","KHARG, IR","    0",",,S","  259",",,S","  195",",,S","  237","H,,S"
"IRM00040845","2023-11-29","29.267","50.267","3.0","KHARG, IR","    0",",,S","  242",",,S","  208",",,S","  216","H,,S"
"IRM00040845","2023-11-30","29.267","50.267","3.0","KHARG, IR","    0",",,S","  212",",,S","  184",",,S","  203","H,,S"
"IRM00040845","2023-12-01","29.267","50.267","3.0","KHARG, IR","    0",",,S","  223",",,S",,,"  211","H,,S"
"IRM00040845","2023-12-02","29.267","50.267","3.0","KHARG, IR","    0",",,S","  224",",,S","  198",",,S","  213","H,,S"
"IRM00040845","2023-12-03","29.267","50.267","3.0","KHARG, IR","    0",",,S","  230",",,S","  204",",,S","  222","H,,S"
"IRM00040845","2023-12-04","29.267","50.267","3.0","KHARG, IR","    0",",,S","  234",",,S","  210",",,S","  224","H,,S"
"IRM00040845","2023-12-05","29.267","50.267","3.0","KHARG, IR","    0",",,S","  243",",,S","  210",",,S","  229","H,,S"
"IRM00040845","2023-12-06","29.267","50.267","3.0","KHARG, IR","    0",",,S",,,"  164",",,S","  222","H,,S"
"IRM00040845","2023-12-07","29.267","50.267","3.0","KHARG, IR","    0",",,S","  247",",,S","  145",",,S","  222","H,,S"
"IRM00040845","2023-12-08","29.267","50.267","3.0","KHARG, IR","    0",",,S","  253",",,S","  171",",,S","  237","H,,S"
"IRM00040845","2023-12-09","29.267","50.267","3.0","KHARG, IR","    0",",,S","  257",",,S","  179",",,S","  221","H,,S"
"IRM00040845","2023-12-10","29.267","50.267","3.0","KHARG, IR","    0",",,S","  254",",,S","  157",",,S","  225","H,,S"
"IRM00040845","2023-12-11","29.267","50.267","3.0","KHARG, IR","    0",",,S",,,,,"  234","H,,S"
"IRM00040845","2023-12-12","29.267","50.267","3.0","KHARG, IR","    0",",,S","  264",",,S","  141",",,S","  209","H,,S"
"IRM00040845","2023-12-13","29.267","50.267","3.0","KHARG, IR","    5",",,S",,,"  208",",,S","  232","H,,S"
"IRM00040845","2023-12-14","29.267","50.267","3.0","KHARG, IR","    0",",,S","  244",",,S","  184",",,S","  191","H,,S"
"IRM00040845","2023-12-15","29.267","50.267","3.0","KHARG, IR","    0",",,S","  193",",,S",,,"  185","H,,S"
"IRM00040845","2023-12-16","29.267","50.267","3.0","KHARG, IR","    0",",,S","  200",",,S",,,"  184","H,,S"
"IRM00040845","2023-12-17","29.267","50.267","3.0","KHARG, IR","    0",",,S","  224",",,S","  189",",,S","  211","H,,S"
"IRM00040845","2023-12-18","29.267","50.267","3.0","KHARG, IR","    0",",,S","  224",",,S","  196",",,S","  214","H,,S"
"IRM00040845","2023-12-19","29.267","50.267","3.0","KHARG, IR","    0",",,S",,,"  147",",,S","  202","H,,S"
"IRM00040845","2023-12-20","29.267","50.267","3.0","KHARG, IR","    0",",,S","  233",",,S","  158",",,S","  206","H,,S"
"IRM00040845","2023-12-21","29.267","50.267","3.0","KHARG, IR","    0",",,S",,,"  196",",,S","  218","H,,S"
"IRM00040845","2023-12-22","29.267","50.267","3.0","KHARG, IR","    0",",,S","  236",",,S","  136",",,S","  202","H,,S"
"IRM00040845","2023-12-23","29.267","50.267","3.0","KHARG, IR","    3",",,S","  230",",,S","  180",",,S","  214","H,,S"
"IRM00040845","2023-12-24","29.267","50.267","3.0","KHARG, IR","    5",",,S","  250",",,S","  200",",,S","  226","H,,S"
"IRM00040845","2023-12-25","29.267","50.267","3.0","KHARG, IR","    0",",,S","  235",",,S","  187",",,S","  217","H,,S"
"IRM00040845","2023-12-26","29.267","50.267","3.0","KHARG, IR","    0",",,S",,,,,"  216","H,,S"
"IRM00040845","2023-12-27","29.267","50.267","3.0","KHARG, IR","    0",",,S","  224",",,S","  196",",,S","  212","H,,S"
"IRM00040845","2023-12-28","29.267","50.267","3.0","KHARG, IR","    0",",,S","  230",",,S","  196",",,S","  213","H,,S"
"IRM00040845","2023-12-29","29.267","50.267","3.0","KHARG, IR","    0",",,S","  226",",,S","  202",",,S","  217","H,,S"
"IRM00040845","2023-12-30","29.267","50.267","3.0","KHARG, IR","   25",",,S","  218",",,S","  190",",,S","  203","H,,S"
"IRM00040845","2023-12-31","29.267","50.267","3.0","KHARG, IR",,,,,"  191",",,S","  209","H,,S"
"IRM00040845","2024-01-01","29.267","50.267","3.0","KHARG, IR","    0",",,S","  217",",,S","  187",",,S","  200","H,,S"
"IRM00040845","2024-01-02","29.267","50.267","3.0","KHARG, IR","    0",",,S",,,"  178",",,S","  194","H,,S"
"IRM00040845","2024-01-03","29.267","50.267","3.0","KHARG, IR","    0",",,S","  210",",,S","  179",",,S","  199","H,,S"
"IRM00040845","2024-01-04","29.267","50.267","3.0","KHARG, IR","    0",",,S","  195",",,S","  174",",,S","  186","H,,S"
"IRM00040845","2024-01-05","29.267","50.267","3.0","KHARG, IR","    0",",,S","  204",",,S","  180",",,S","  196","H,,S"
"IRM00040845","2024-01-06","29.267","50.267","3.0","KHARG, IR","    0",",,S",,,"  184",",,S","  198","H,,S"
"IRM00040845","2024-01-07","29.267","50.267","3.0","KHARG, IR","    0",",,S","  203",",,S","  185",",,S","  194","H,,S"
"IRM00040845","2024-01-08","29.267","50.267","3.0","KHARG, IR","    0",",,S","  203",",,S","  179",",,S","  191","H,,S"
"IRM00040845","2024-01-09","29.267","50.267","3.0","KHARG, IR","    0",",,S","  200",",,S","  149",",,S","  184","H,,S"
"IRM00040845","2024-01-10","29.267","50.267","3.0","KHARG, IR","    0",",,S",,,"  118",",,S","  181","H,,S"
"IRM00040845","2024-01-11","29.267","50.267","3.0","KHARG, IR","    0",",,S",,,"  168",",,S","  201","H,,S"
"IRM00040845","2024-01-12","29.267","50.267","3.0","KHARG, IR","    0",",,S","  232",",,S","  192",",,S","  219","H,,S"
"IRM00040845","2024-01-13","29.267","50.267","3.0","KHARG, IR","    0",",,S","  232",",,S","  168",",,S","  197","H,,S"
"IRM00040845","2024-01-14","29.267","50.267","3.0","KHARG, IR","    0",",,S",,,"  169",",,S","  220","H,,S"
"IRM00040845","2024-01-15","29.267","50.267","3.0","KHARG, IR","    0",",,S","  234",",,S","  180",",,S","  218","H,,S"
"IRM00040845","2024-01-16","29.267","50.267","3.0","KHARG, IR","    0",",,S","  212",",,S",,,"  199","H,,S"
"IRM00040845","2024-01-17","29.267","50.267","3.0","KHARG, IR","    0",",,S","  201",",,S",,,"  176","H,,S"
"IRM00040845","2024-01-18","29.267","50.267","3.0","KHARG, IR","    0",",,S","  192",",,S","  165",",,S","  182","H,,S"
"IRM00040845","2024-01-19","29.267","50.267","3.0","KHARG, IR","    0",",,S","  202",",,S","  165",",,S","  187","H,,S"
"IRM00040845","2024-01-20","29.267","50.267","3.0","KHARG, IR","    0",",,S","  204",",,S","  178",",,S","  193","H,,S"
"IRM00040845","2024-01-21","29.267","50.267","3.0","KHARG, IR","    0",",,S",,,"  184",",,S","  198","H,,S"
"IRM00040845","2024-01-22","29.267","50.267","3.0","KHARG, IR","    0",",,S","  215",",,S","  140",",,S","  196","H,,S"
"IRM00040845","2024-01-23","29.267","50.267","3.0","KHARG, IR","    0",",,S","  247",",,S","  120",",,S","  203","H,,S"
"IRM00040845","2024-01-24","29.267","50.267","3.0","KHARG, IR","    0",",,S","  237",",,S","  209",",,S","  222","H,,S"
"IRM00040845","2024-01-25","29.267","50.267","3.0","KHARG, IR","    0",",,S","  221",",,S","  179",",,S","  205","H,,S"
"IRM00040845","2024-01-26","29.267","50.267","3.0","KHARG, IR","    5",",,S",,,"  164",",,S","  210","H,,S"
"IRM00040845","2024-01-27","29.267","50.267","3.0","KHARG, IR","    0",",,S","  231",",,S",,,"  202","H,,S"
"IRM00040845","2024-01-28","29.267","50.267","3.0","KHARG, IR","    0",",,S","  206",",,S","  173",",,S","  192","H,,S"
"IRM00040845","2024-01-29","29.267","50.267","3.0","KHARG, IR","    0",",,S","  200",",,S","  170",",,S","  187","H,,S"
"IRM00040845","2024-01-30","29.267","50.267","3.0","KHARG, IR","    0",",,S","  236",",,S",,,"  202","H,,S"
"IRM00040845","2024-01-31","29.267","50.267","3.0","KHARG, IR","    0",",,S","  217",",,S","  135",",,S","  194","H,,S"
"IRM00040845","2024-02-01","29.267","50.267","3.0","KHARG, IR","    0",",,S","  252",",,S","  187",",,S","  211","H,,S"
"IRM00040845","2024-02-02","29.267","50.267","3.0","KHARG, IR","    5",",,S","  211",",,S",,,"  150","H,,S"
"IRM00040845","2024-02-03","29.267","50.267","3.0","KHARG, IR","    0",",,S","  172",",,S","  144",",,S","  162","H,,S"
"IRM00040845","2024-02-04","29.267","50.267","3.0","KHARG, IR","    0",",,S","  181",",,S","  149",",,S","  167","H,,S"
"IRM00040845","2024-02-05","29.267","50.267","3.0","KHARG, IR","    0",",,S","  187",",,S","  156",",,S","  176","H,,S"
"IRM00040845","2024-02-06","29.267","50.267","3.0","KHARG, IR","    0",",,S","  195",",,S","  169",",,S","  183","H,,S"
"IRM00040845","2024-02-07","29.267","50.267","3.0","KHARG, IR","    0",",,S","  203",",,S","  166",",,S","  191","H,,S"
"IRM00040845","2024-02-08","29.267","50.267","3.0","KHARG, IR","    0",",,S","  191",",,S","  170",",,S","  183","H,,S"
"IRM00040845","2024-02-09","29.267","50.267","3.0","KHARG, IR","    0",",,S","  201",",,S","  172",",,S","  191","H,,S"
"IRM00040845","2024-02-10","29.267","50.267","3.0","KHARG, IR","    0",",,S","  213",",,S","  108",",,S","  171","H,,S"
"IRM00040845","2024-02-11","29.267","50.267","3.0","KHARG, IR","    0",",,S",,,"  153",",,S","  191","H,,S"
"IRM00040845","2024-02-12","29.267","50.267","3.0","KHARG, IR","   30",",,S","  205",",,S","  140",",,S","  187","H,,S"
"IRM00040845","2024-02-13","29.267","50.267","3.0","KHARG, IR","    0",",,S","  213",",,S","  177",",,S","  201","H,,S"
"IRM00040845","2024-02-14","29.267","50.267","3.0","KHARG, IR","    0",",,S","  253",",,S","  136",",,S","  211","H,,S"
"IRM00040845","2024-02-15","29.267","50.267","3.0","KHARG, IR","    3",",,S","  250",",,S","  196",",,S","  229","H,,S"
"IRM00040845","2024-02-16","29.267","50.267","3.0","KHARG, IR","   48",",,S","  255",",,S","  199",",,S","  233","H,,S"
"IRM00040845","2024-02-17","29.267","50.267","3.0","KHARG, IR","  152",",,S","  244",",,S","  197",",,S","  203","H,,S"
"IRM00040845","2024-02-18","29.267","50.267","3.0","KHARG, IR","    0",",,S","  203",",,S",,,"  190","H,,S"
"IRM00040845","2024-02-19","29.267","50.267","3.0","KHARG, IR","    0",",,S",,,"  174",",,S","  194","H,,S"
"IRM00040845","2024-02-20","29.267","50.267","3.0","KHARG, IR","    0",",,S",,,"  173",",,S","  194","H,,S"
"IRM00040845","2024-02-21","29.267","50.267","3.0","KHARG, IR","    0",",,S","  212",",,S","  187",",,S","  203","H,,S"
"IRM00040845","2024-02-22","29.267","50.267","3.0","KHARG, IR","    0",",,S",,,"  179",",,S","  193","H,,S"
"IRM00040845","2024-02-23","29.267","50.267","3.0","KHARG, IR","    0",",,S","  220",",,S",,,"  203","H,,S"
"IRM00040845","2024-02-24","29.267","50.267","3.0","KHARG, IR","    0",",,S",,,"  188",",,S","  202","H,,S"
"IRM00040845","2024-02-25","29.267","50.267","3.0","KHARG, IR","   46",",,S","  197",",,S","  176",",,S","  186","H,,S"
"IRM00040845","2024-02-26","29.267","50.267","3.0","KHARG, IR","    0",",,S","  195",",,S","  170",",,S","  184","H,,S"
"IRM00040845","2024-02-27","29.267","50.267","3.0","KHARG, IR","    0",",,S","  205",",,S",,,"  192","H,,S"
"IRM00040845","2024-02-28","29.267","50.267","3.0","KHARG, IR","    5",",,S","  187",",,S","  163",",,S","  176","H,,S"
"IRM00040845","2024-02-29","29.267","50.267","3.0","KHARG, IR","    0",",,S","  181",",,S","  156",",,S","  166","H,,S"
"IRM00040845","2024-03-01","29.267","50.267","3.0","KHARG, IR","    0",",,S","  192",",,S","  157",",,S","  178","H,,S"
"IRM00040845","2024-03-02","29.267","50.267","3.0","KHARG, IR","    0",",,S","  203",",,S","   97",",,S","  171","H,,S"
"IRM00040845","2024-03-03","29.267","50.267","3.0","KHARG, IR","    0",",,S","  210",",,S","   98",",,S","  181","H,,S"
"IRM00040845","2024-03-04","29.267","50.267","3.0","KHARG, IR","    0",",,S","  226",",,S","  181",",,S","  209","H,,S"
"IRM00040845","2024-03-05","29.267","50.267","3.0","KHARG, IR",,,,,,,"  193","H,,S"
"IRM00040845","2024-03-06","29.267","50.267","3.0","KHARG, IR","    0",",,S",,,"  180",",,S","  202","H,,S"
"IRM00040845","2024-03-07","29.267","50.267","3.0","KHARG, IR","    0",",,S","  245",",,S","  135",",,S","  206","H,,S"
"IRM00040845","2024-03-08","29.267","50.267","3.0","KHARG, IR","    0",",,S","  241",",,S","  143",",,S","  205","H,,S"
"IRM00040845","2024-03-09","29.267","50.267","3.0","KHARG, IR","    0",",,S","  238",",,S","  183",",,S","  213","H,,S"
"IRM00040845","2024-03-10","29.267","50.267","3.0","KHARG, IR","    0",",,S","  232",",,S",,,"  198","H,,S"
"IRM00040845","2024-03-11","29.267","50.267","3.0","KHARG, IR","    3",",,S",,,"  156",",,S","  221","H,,S"
"IRM00040845","2024-03-12","29.267","50.267","3.0","KHARG, IR",,,"  232",",,S",,,"  197","H,,S"
"IRM00040845","2024-03-13","29.267","50.267","3.0","KHARG, IR","    0",",,S","  226",",,S","  170",",,S","  208","H,,S"
"IRM00040845","2024-03-14","29.267","50.267","3.0","KHARG, IR","    0",",,S","  253",",,S","  132",",,S","  223","H,,S"
"IRM00040845","2024-03-15","29.267","50.267","3.0","KHARG, IR","    0",",,S","  276",",,S","  196",",,S","  234","H,,S"
"IRM00040845","2024-03-16","29.267","50.267","3.0","KHARG, IR","    0",",,S","  270",",,S","  196",",,S","  238","H,,S"
"IRM00040845","2024-03-17","29.267","50.267","3.0","KHARG, IR","    0",",,S",,,"  199",",,S","  228","H,,S"
"IRM00040845","2024-03-18","29.267","50.267","3.0","KHARG, IR","    0",",,S","  285",",,S",,,"  234","H,,S"
"IRM00040845","2024-03-19","29.267","50.267","3.0","KHARG, IR","   15",",,S","  237",",,S","  185",",,S","  212","H,,S"
"IRM00040845","2024-03-20","29.267","50.267","3.0","KHARG, IR","    8",",,S","  221",",,S","  187",",,S","  212","H,,S"
"IRM00040845","2024-03-21","29.267","50.267","3.0","KHARG, IR","    0",",,S","  224",",,S",,,"  212","H,,S"
"IRM00040845","2024-03-22","29.267","50.267","3.0","KHARG, IR","   20",",,S","  220",",,S","  187",",,S","  202","H,,S"
"IRM00040845","2024-03-23","29.267","50.267","3.0","KHARG, IR","    5",",,S","  241",",,S","  173",",,S","  223","H,,S"
"IRM00040845","2024-03-24","29.267","50.267","3.0","KHARG, IR","  175",",,S","  242",",,S","  185",",,S","  215","H,,S"
"IRM00040845","2024-03-25","29.267","50.267","3.0","KHARG, IR","   94",",,S","  253",",,S",,,"  216","H,,S"
"IRM00040845","2024-03-26","29.267","50.267","3.0","KHARG, IR","    0",",,S",,,"  184",",,S","  201","H,,S"
"IRM00040845","2024-03-27","29.267","50.267","3.0","KHARG, IR","    0",",,S","  223",",,S","  186",",,S","  211","H,,S"
"IRM00040845","2024-04-02","29.267","50.267","3.0","KHARG, IR","    0",",,S","  237",",,S","  182",",,S","  206","H,,S"
"IRM00040845","2024-04-03","29.267","50.267","3.0","KHARG, IR","    0",",,S","  281",",,S","  166",",,S","  236","H,,S"
"IRM00040845","2024-04-04","29.267","50.267","3.0","KHARG, IR","    0",",,S","  283",",,S","  154",",,S","  242","H,,S"
"IRM00040845","2024-04-05","29.267","50.267","3.0","KHARG, IR","    0",",,S","  299",",,S","  170",",,S","  262","H,,S"
"IRM00040845","2024-04-06","29.267","50.267","3.0","KHARG, IR","    0",",,S",,,"  173",",,S","  268","H,,S"
"IRM00040845","2024-04-07","29.267","50.267","3.0","KHARG, IR","    5",",,S","  265",",,S","  177",",,S","  227","H,,S"
"IRM00040845","2024-04-08","29.267","50.267","3.0","KHARG, IR","    0",",,S","  315",",,S","  211",",,S","  279","H,,S"
"IRM00040845","2024-04-09","29.267","50.267","3.0","KHARG, IR","    0",",,S","  316",",,S","  215",",,S","  262","H,,S"
"IRM00040845","2024-04-10","29.267","50.267","3.0","KHARG, IR","    0",",,S","  326",",,S",,,"  283","H,,S"
"IRM00040845","2024-04-11","29.267","50.267","3.0","KHARG, IR","    5",",,S","  284",",,S","  216",",,S","  257","H,,S"
"IRM00040845","2024-04-12","29.267","50.267","3.0","KHARG, IR","    0",",,S","  290",",,S","  191",",,S","  254","H,,S"
"IRM00040845","2024-04-13","29.267","50.267","3.0","KHARG, IR","    0",",,S","  275",",,S","  218",",,S","  252","H,,S"
"IRM00040845","2024-04-14","29.267","50.267","3.0","KHARG, IR","    0",",,S","  296",",,S","  218",",,S","  264","H,,S"
"IRM00040845","2024-04-15","29.267","50.267","3.0","KHARG, IR","    0",",,S","  261",",,S","  186",",,S","  242","H,,S"
"IRM00040845","2024-04-16","29.267","50.267","3.0","KHARG, IR","    0",",,S","  276",",,S","  200",",,S","  247","H,,S"
"IRM00040845","2024-04-17","29.267","50.267","3.0","KHARG, IR","    0",",,S","  288",",,S","  198",",,S","  252","H,,S"
"IRM00040845","2024-04-18","29.267","50.267","3.0","KHARG, IR","    0",",,S","  295",",,S","  188",",,S","  256","H,,S"
"IRM00040845","2024-04-19","29.267","50.267","3.0","KHARG, IR","    0",",,S","  318",",,S","  199",",,S","  282","H,,S"
"IRM00040845","2024-04-20","29.267","50.267","3.0","KHARG, IR","    0",",,S","  316",",,S","  196",",,S","  277","H,,S"
"IRM00040845","2024-04-21","29.267","50.267","3.0","KHARG, IR","    0",",,S","  300",",,S","  225",",,S","  268","H,,S"
"IRM00040845","2024-04-22","29.267","50.267","3.0","KHARG, IR","    0",",,S","  327",",,S","  233",",,S","  287","H,,S"
"IRM00040845","2024-04-23","29.267","50.267","3.0","KHARG, IR","    0",",,S","  295",",,S","  229",",,S","  272","H,,S"
"IRM00040845","2024-04-24","29.267","50.267","3.0","KHARG, IR","    0",",,S",,,"  218",",,S","  269","H,,S"
"IRM00040845","2024-04-25","29.267","50.267","3.0","KHARG, IR","    0",",,S",,,,,"  282","H,,S"
"IRM00040845","2024-04-26","29.267","50.267","3.0","KHARG, IR","    0",",,S",,,"  201",",,S","  288","H,,S"
"IRM00040845","2024-04-27","29.267","50.267","3.0","KHARG, IR","    0",",,S","  327",",,S","  210",",,S","  284","H,,S"
"IRM00040845","2024-04-28","29.267","50.267","3.0","KHARG, IR","    0",",,S","  331",",,S","  229",",,S","  288","H,,S"
"IRM00040845","2024-04-29","29.267","50.267","3.0","KHARG, IR","    0",",,S",,,"  254",",,S","  294","H,,S"
"IRM00040845","2024-04-30","29.267","50.267","3.0","KHARG, IR","    0",",,S","  314",",,S","  242",",,S","  274","H,,S"
"IRM00040845","2024-05-02","29.267","50.267","3.0","KHARG, IR","   36",",,S","  272",",,S","  219",",,S","  241","H,,S"
"IRM00040845","2024-05-03","29.267","50.267","3.0","KHARG, IR","    0",",,S","  287",",,S","  229",",,S","  270","H,,S"
"IRM00040845","2024-05-04","29.267","50.267","3.0","KHARG, IR","   30",",,S","  303",",,S","  233",",,S","  278","H,,S"
"IRM00040845","2024-05-05","29.267","50.267","3.0","KHARG, IR","    0",",,S","  284",",,S","  235",",,S","  267","H,,S"
"IRM00040845","2024-05-06","29.267","50.267","3.0","KHARG, IR","    0",",,S",,,"  239",",,S","  292","H,,S"
"IRM00040845","2024-05-07","29.267","50.267","3.0","KHARG, IR","   13",",,S","  336",",,S","  243",",,S","  293","H,,S"
"IRM00040845","2024-05-08","29.267","50.267","3.0","KHARG, IR","    0",",,S",,,"  259",",,S","  283","H,,S"
"IRM00040845","2024-05-09","29.267","50.267","3.0","KHARG, IR","    0",",,S","  293",",,S","  257",",,S","  282","H,,S"
"IRM00040845","2024-05-10","29.267","50.267","3.0","KHARG, IR","    0",",,S",,,"  253",",,S","  287","H,,S"
"IRM00040845","2024-05-11","29.267","50.267","3.0","KHARG, IR","    0",",,S","  343",",,S","  257",",,S","  294","H,,S"
"IRM00040845","2024-05-12","29.267","50.267","3.0","KHARG, IR","    0",",,S","  367",",,S","  218",",,S","  313","H,,S"
"IRM00040845","2024-05-13","29.267","50.267","3.0","KHARG, IR","    0",",,S","  374",",,S","  260",",,S","  327","H,,S"
"IRM00040845","2024-05-14","29.267","50.267","3.0","KHARG, IR","   41",",,S","  351",",,S","  274",",,S","  299","H,,S"
"IRM00040845","2024-05-15","29.267","50.267","3.0","KHARG, IR","    0",",,S","  337",",,S",,,"  295","H,,S"
"IRM00040845","2024-05-16","29.267","50.267","3.0","KHARG, IR","    3",",,S","  313",",,S","  266",",,S","  292","H,,S"
"IRM00040845","2024-05-17","29.267","50.267","3.0","KHARG, IR","    0",",,S","  356",",,S","  274",",,S","  306","H,,S"
"IRM00040845","2024-05-18","29.267","50.267","3.0","KHARG, IR","    0",",,S",,,"  271",",,S","  293","H,,S"
"IRM00040845","2024-05-19","29.267","50.267","3.0","KHARG, IR","    0",",,S",,,,,"  298","H,,S"
"IRM00040845","2024-05-20","29.267","50.267","3.0","KHARG, IR","    0",",,S","  344",",,S","  263",",,S","  319","H,,S"
"IRM00040845","2024-05-21","29.267","50.267","3.0","KHARG, IR","    0",",,S","  370",",,S","  239",",,S","  314","H,,S"
"IRM00040845","2024-05-22","29.267","50.267","3.0","KHARG, IR","    0",",,S","  393",",,S","  252",",,S","  341","H,,S"
"IRM00040845","2024-05-23","29.267","50.267","3.0","KHARG, IR","    0",",,S","  360",",,S","  253",",,S","  324","H,,S"
"IRM00040845","2024-05-24","29.267","50.267","3.0","KHARG, IR","    0",",,S",,,"  260",",,S","  339","H,,S"
"IRM00040845","2024-05-25","29.267","50.267","3.0","KHARG, IR","    0",",,S","  374",",,S","  241",",,S","  324","H,,S"
"IRM00040845","2024-05-26","29.267","50.267","3.0","KHARG, IR","    0",",,S","  366",",,S","  253",",,S","  328","H,,S"
"IRM00040845","2024-05-27","29.267","50.267","3.0","KHARG, IR","    0",",,S","  340",",,S","  299",",,S","  327","H,,S"
"IRM00040845","2024-05-28","29.267","50.267","3.0","KHARG, IR","    0",",,S","  360",",,S",,,"  329","H,,S"
"IRM00040845","2024-05-29","29.267","50.267","3.0","KHARG, IR","    0",",,S","  379",",,S","  280",",,S","  329","H,,S"
"IRM00040845","2024-05-30","29.267","50.267","3.0","KHARG, IR","    0",",,S","  393",",,S","  260",",,S","  338","H,,S"
"IRM00040845","2024-05-31","29.267","50.267","3.0","KHARG, IR","    0",",,S","  403",",,S","  264",",,S","  361","H,,S"
"IRM00040845","2024-06-01","29.267","50.267","3.0","KHARG, IR","    0",",,S","  404",",,S","  274",",,S","  342","H,,S"
"IRM00040845","2024-06-02","29.267","50.267","3.0","KHARG, IR","    0",",,S","  359",",,S","  306",",,S","  326","H,,S"
"IRM00040845","2024-06-03","29.267","50.267","3.0","KHARG, IR","    0",",,S","  367",",,S","  289",",,S","  332","H,,S"
"IRM00040845","2024-06-04","29.267","50.267","3.0","KHARG, IR","    0",",,S","  385",",,S","  277",",,S","  340","H,,S"
"IRM00040845","2024-06-05","29.267","50.267","3.0","KHARG, IR","    0",",,S","  381",",,S","  271",",,S","  342","H,,S"
"IRM00040845","2024-06-06","29.267","50.267","3.0","KHARG, IR","    0",",,S","  374",",,S","  265",",,S","  342","H,,S"
"IRM00040845","2024-06-07","29.267","50.267","3.0","KHARG, IR","    0",",,S","  403",",,S","  264",",,S","  366","H,,S"
"IRM00040845","2024-06-08","29.267","50.267","3.0","KHARG, IR","    0",",,S","  427",",,S","  272",",,S","  374","H,,S"
"IRM00040845","2024-06-09","29.267","50.267","3.0","KHARG, IR","    0",",,S","  380",",,S","  274",",,S","  342","H,,S"
"IRM00040845","2024-06-10","29.267","50.267","3.0","KHARG, IR","    0",",,S","  388",",,S","  273",",,S","  339","H,,S"
"IRM00040845","2024-06-11","29.267","50.267","3.0","KHARG, IR","    0",",,S","  379",",,S","  290",",,S","  348","H,,S"
"IRM00040845","2024-06-12","29.267","50.267","3.0","KHARG, IR","    0",",,S","  393",",,S","  300",",,S","  351","H,,S"
"IRM00040845","2024-06-13","29.267","50.267","3.0","KHARG, IR","    0",",,S","  394",",,S","  304",",,S","  366","H,,S"
"IRM00040845","2024-06-14","29.267","50.267","3.0","KHARG, IR","    0",",,S","  391",",,S","  281",",,S","  366","H,,S"
"IRM00040845","2024-06-15","29.267","50.267","3.0","KHARG, IR","    0",",,S","  441",",,S","  260",",,S","  365","H,,S"
"IRM00040845","2024-06-16","29.267","50.267","3.0","KHARG, IR","    0",",,S","  410",",,S","  270",",,S","  356","H,,S"
"IRM00040845","2024-06-17","29.267","50.267","3.0","KHARG, IR","    0",",,S","  404",",,S","  270",",,S","  366","H,,S"
"IRM00040845","2024-06-18","29.267","50.267","3.0","KHARG, IR","    0",",,S","  410",",,S","  290",",,S","  367","H,,S"
"IRM00040845","2024-06-19","29.267","50.267","3.0","KHARG, IR","    0",",,S","  412",",,S","  293",",,S","  374","H,,S"
"IRM00040845","2024-06-20","29.267","50.267","3.0","KHARG, IR","    0",",,S","  431",",,S","  285",",,S","  373","H,,S"
"IRM00040845","2024-06-21","29.267","50.267","3.0","KHARG, IR","    0",",,S","  408",",,S","  314",",,S","  372","H,,S"
"IRM00040845","2024-06-22","29.267","50.267","3.0","KHARG, IR","    0",",,S","  435",",,S","  312",",,S","  372","H,,S"
"IRM00040845","2024-06-23","29.267","50.267","3.0","KHARG, IR","    0",",,S","  421",",,S","  287",",,S","  367","H,,S"
"IRM00040845","2024-06-24","29.267","50.267","3.0","KHARG, IR","    0",",,S","  456",",,S","  290",",,S","  384","H,,S"
"IRM00040845","2024-06-25","29.267","50.267","3.0","KHARG, IR","    0",",,S","  407",",,S","  313",",,S","  373","H,,S"
"IRM00040845","2024-06-26","29.267","50.267","3.0","KHARG, IR","    0",",,S","  399",",,S","  316",",,S","  361","H,,S"
"IRM00040845","2024-06-27","29.267","50.267","3.0","KHARG, IR","    0",",,S","  411",",,S","  317",",,S","  376","H,,S"
"IRM00040845","2024-06-28","29.267","50.267","3.0","KHARG, IR","    0",",,S","  384",",,S","  333",",,S","  366","H,,S"
"IRM00040845","2024-06-29","29.267","50.267","3.0","KHARG, IR","    0",",,S","  390",",,S","  276",",,S","  350","H,,S"
"IRM00040845","2024-06-30","29.267","50.267","3.0","KHARG, IR","    0",",,S","  393",",,S","  270",",,S","  360","H,,S"
"IRM00040845","2024-07-01","29.267","50.267","3.0","KHARG, IR","    0",",,S",,,"  283",",,S","  374","H,,S"
"IRM00040845","2024-07-02","29.267","50.267","3.0","KHARG, IR","    0",",,S","  415",",,S","  340",",,S","  372","H,,S"
"IRM00040845","2024-07-03","29.267","50.267","3.0","KHARG, IR","    0",",,S","  394",",,S","  337",",,S","  364","H,,S"
"IRM00040845","2024-07-04","29.267","50.267","3.0","KHARG, IR","    0",",,S","  384",",,S","  333",",,S","  357","H,,S"
"IRM00040845","2024-07-05","29.267","50.267","3.0","KHARG, IR","    0",",,S","  387",",,S","  330",",,S","  363","H,,S"
"IRM00040845","2024-07-06","29.267","50.267","3.0","KHARG, IR","    0",",,S","  417",",,S","  297",",,S","  364","H,,S"
"IRM00040845","2024-07-07","29.267","50.267","3.0","KHARG, IR","    0",",,S","  390",",,S",,,"  354","H,,S"
"IRM00040845","2024-07-08","29.267","50.267","3.0","KHARG, IR","    0",",,S","  392",",,S","  338",",,S","  366","H,,S"
"IRM00040845","2024-07-09","29.267","50.267","3.0","KHARG, IR","    0",",,S","  409",",,S","  329",",,S","  374","H,,S"
"IRM00040845","2024-07-10","29.267","50.267","3.0","KHARG, IR","    0",",,S","  431",",,S",,,"  379","H,,S"
"IRM00040845","2024-07-11","29.267","50.267","3.0","KHARG, IR","    0",",,S",,,"  343",",,S","  388","H,,S"
"IRM00040845","2024-07-12","29.267","50.267","3.0","KHARG, IR","    0",",,S","  421",",,S","  334",",,S","  394","H,,S"
"IRM00040845","2024-07-13","29.267","50.267","3.0","KHARG, IR","    0",",,S",,,"  313",",,S","  362","H,,S"
"IRM00040845","2024-07-14","29.267","50.267","3.0","KHARG, IR","    0",",,S","  399",",,S",,,"  368","H,,S"
"IRM00040845","2024-07-15","29.267","50.267","3.0","KHARG, IR","    0",",,S","  390",",,S","  337",",,S","  367","H,,S"
"IRM00040845","2024-07-16","29.267","50.267","3.0","KHARG, IR","    0",",,S","  402",",,S","  306",",,S","  369","H,,S"
"IRM00040845","2024-07-17","29.267","50.267","3.0","KHARG, IR","    0",",,S",,,"  319",",,S","  373","H,,S"
"IRM00040845","2024-07-18","29.267","50.267","3.0","KHARG, IR","    0",",,S","  404",",,S","  317",",,S","  369","H,,S"
"IRM00040845","2024-07-19","29.267","50.267","3.0","KHARG, IR","    0",",,S",,,"  326",",,S","  373","H,,S"
"IRM00040845","2024-07-20","29.267","50.267","3.0","KHARG, IR","    0",",,S","  410",",,S","  327",",,S","  386","H,,S"
"IRM00040845","2024-07-21","29.267","50.267","3.0","KHARG, IR","    0",",,S","  418",",,S","  310",",,S","  381","H,,S"
"IRM00040845","2024-07-22","29.267","50.267","3.0","KHARG, IR","    0",",,S","  410",",,S","  338",",,S","  381","H,,S"
"IRM00040845","2024-07-23","29.267","50.267","3.0","KHARG, IR","    0",",,S","  406",",,S","  327",",,S","  377","H,,S"
"IRM00040845","2024-07-24","29.267","50.267","3.0","KHARG, IR","    0",",,S","  402",",,S","  304",",,S","  370","H,,S"
"IRM00040845","2024-07-25","29.267","50.267","3.0","KHARG, IR","    0",",,S",,,"  315",",,S","  373","H,,S"
"IRM00040845","2024-07-26","29.267","50.267","3.0","KHARG, IR","    0",",,S","  402",",,S","  304",",,S","  376","H,,S"
"IRM00040845","2024-07-27","29.267","50.267","3.0","KHARG, IR","    0",",,S","  406",",,S","  338",",,S","  373","H,,S"
"IRM00040845","2024-07-28","29.267","50.267","3.0","KHARG, IR","    0",",,S","  392",",,S","  345",",,S","  367","H,,S"
"IRM00040845","2024-07-29","29.267","50.267","3.0","KHARG, IR","    0",",,S",,,"  333",",,S","  364","H,,S"
"IRM00040845","2024-07-30","29.267","50.267","3.0","KHARG, IR","    0",",,S","  391",",,S","  306",",,S","  358","H,,S"
"IRM00040845","2024-07-31","29.267","50.267","3.0","KHARG, IR","    0",",,S","  398",",,S","  307",",,S","  352","H,,S"
"IRM00040845","2024-08-01","29.267","50.267","3.0","KHARG, IR","    0",",,S",,,"  316",",,S","  368","H,,S"
"IRM00040845","2024-08-02","29.267","50.267","3.0","KHARG, IR","    0",",,S","  394",",,S","  339",",,S","  373","H,,S"
"IRM00040845","2024-08-03","29.267","50.267","3.0","KHARG, IR","    0",",,S","  387",",,S","  336",",,S","  363","H,,S"
"IRM00040845","2024-08-04","29.267","50.267","3.0","KHARG, IR","    0",",,S","  383",",,S","  330",",,S","  361","H,,S"
"IRM00040845","2024-08-05","29.267","50.267","3.0","KHARG, IR","    0",",,S","  391",",,S","  330",",,S","  364","H,,S"
"IRM00040845","2024-08-06","29.267","50.267","3.0","KHARG, IR","    0",",,S","  395",",,S","  308",",,S","  354","H,,S"
"IRM00040845","2024-08-07","29.267","50.267","3.0","KHARG, IR","    0",",,S","  393",",,S",,,"  359","H,,S"
"IRM00040845","2024-08-08","29.267","50.267","3.0","KHARG, IR","    0",",,S","  400",",,S","  326",",,S","  373","H,,S"
"IRM00040845","2024-08-09","29.267","50.267","3.0","KHARG, IR","    0",",,S","  382",",,S","  327",",,S","  356","H,,S"
"IRM00040845","2024-08-10","29.267","50.267","3.0","KHARG, IR","    0",",,S","  376",",,S","  306",",,S","  347","H,,S"
"IRM00040845","2024-08-11","29.267","50.267","3.0","KHARG, IR","    0",",,S","  383",",,S","  307",",,S","  347","H,,S"
"IRM00040845","2024-08-13","29.267","50.267","3.0","KHARG, IR","    0",",,S","  408",",,S","  296",",,S","  364","H,,S"
"IRM00040845","2024-08-14","29.267","50.267","3.0","KHARG, IR","    0",",,S","  421",",,S","  317",",,S","  377","H,,S"
"IRM00040845","2024-08-15","29.267","50.267","3.0","KHARG, IR","    0",",,S","  416",",,S","  335",",,S","  385","H,,S"
"IRM00040845","2024-08-16","29.267","50.267","3.0","KHARG, IR","    0",",,S","  425",",,S","  338",",,S","  385","H,,S"
"IRM00040845","2024-08-17","29.267","50.267","3.0","KHARG, IR","    0",",,S","  400",",,S","  317",",,S","  365","H,,S"
"IRM00040845","2024-08-18","29.267","50.267","3.0","KHARG, IR","    0",",,S","  378",",,S","  326",",,S","  354","H,,S"
"IRM00040845","2024-08-19","29.267","50.267","3.0","KHARG, IR","    0",",,S","  387",",,S","  321",",,S","  362","H,,S"
"IRM00040845","2024-08-20","29.267","50.267","3.0","KHARG, IR","    0",",,S","  388",",,S","  323",",,S","  368","H,,S"
"IRM00040845","2024-08-21","29.267","50.267","3.0","KHARG, IR","    0",",,S","  383",",,S","  321",",,S","  357","H,,S"
"IRM00040845","2024-08-22","29.267","50.267","3.0","KHARG, IR","    0",",,S",,,"  336",",,S","  362","H,,S"
"IRM00040845","2024-08-23","29.267","50.267","3.0","KHARG, IR","    0",",,S","  383",",,S","  318",",,S","  359","H,,S"
"IRM00040845","2024-08-24","29.267","50.267","3.0","KHARG, IR","    0",",,S","  391",",,S","  315",",,S","  364","H,,S"
"IRM00040845","2024-08-25","29.267","50.267","3.0","KHARG, IR","    0",",,S","  394",",,S","  320",",,S","  362","H,,S"
"IRM00040845","2024-08-26","29.267","50.267","3.0","KHARG, IR","    0",",,S","  391",",,S","  324",",,S","  371","H,,S"
"IRM00040845","2024-08-27","29.267","50.267","3.0","KHARG, IR","    0",",,S","  406",",,S","  335",",,S","  372","H,,S"
"IRM00040845","2024-08-28","29.267","50.267","3.0","KHARG, IR","    0",",,S","  394",",,S","  334",",,S","  363","H,,S"
"IRM00040845","2024-08-29","29.267","50.267","3.0","KHARG, IR","    0",",,S","  393",",,S",,,"  364","H,,S"
"IRM00040845","2024-08-30","29.267","50.267","3.0","KHARG, IR","    0",",,S",,,"  349",",,S","  366","H,,S"
"IRM00040845","2024-08-31","29.267","50.267","3.0","KHARG, IR","    0",",,S","  375",",,S",,,"  357","H,,S"
"IRM00040845","2024-09-01","29.267","50.267","3.0","KHARG, IR","    0",",,S","  383",",,S","  293",",,S","  347","H,,S"
"IRM00040845","2024-09-02","29.267","50.267","3.0","KHARG, IR","    0",",,S","  384",",,S","  310",",,S","  358","H,,S"
"IRM00040845","2024-09-03","29.267","50.267","3.0","KHARG, IR","    0",",,S","  373",",,S","  302",",,S","  353","H,,S"
"IRM00040845","2024-09-04","29.267","50.267","3.0","KHARG, IR","    0",",,S","  374",",,S","  295",",,S","  347","H,,S"
"IRM00040845","2024-09-05","29.267","50.267","3.0","KHARG, IR","    0",",,S","  376",",,S",,,"  346","H,,S"
"IRM00040845","2024-09-06","29.267","50.267","3.0","KHARG, IR","    0",",,S","  379",",,S","  293",",,S","  355","H,,S"
"IRM00040845","2024-09-07","29.267","50.267","3.0","KHARG, IR","    0",",,S","  390",",,S","  280",",,S","  357","H,,S"
"IRM00040845","2024-09-08","29.267","50.267","3.0","KHARG, IR","    0",",,S","  390",",,S","  283",",,S","  353","H,,S"
"IRM00040845","2024-09-09","29.267","50.267","3.0","KHARG, IR","    0",",,S","  391",",,S","  274",",,S","  362","H,,S"
"IRM00040845","2024-09-10","29.267","50.267","3.0","KHARG, IR","    0",",,S","  393",",,S","  285",",,S","  351","H,,S"
"IRM00040845","2024-09-11","29.267","50.267","3.0","KHARG, IR","    0",",,S","  420",",,S","  309",",,S","  365","H,,S"
"IRM00040845","2024-09-12","29.267","50.267","3.0","KHARG, IR","    0",",,S","  383",",,S",,,"  351","H,,S"
"IRM00040845","2024-09-13","29.267","50.267","3.0","KHARG, IR","    0",",,S","  374",",,S","  337",",,S","  358","H,,S"
"IRM00040845","2024-09-14","29.267","50.267","3.0","KHARG, IR","    0",",,S","  370",",,S","  306",",,S","  354","H,,S"
"IRM00040845","2024-09-15","29.267","50.267","3.0","KHARG, IR","    0",",,S","  375",",,S","  314",",,S","  349","H,,S"
"IRM00040845","2024-09-16","29.267","50.267","3.0","KHARG, IR","    0",",,S",,,"  275",",,S","  350","H,,S"
"IRM00040845","2024-09-17","29.267","50.267","3.0","KHARG, IR","    0",",,S","  380",",,S","  275",",,S","  346","H,,S"
"IRM00040845","2024-09-18","29.267","50.267","3.0","KHARG, IR","    0",",,S","  364",",,S","  280",",,S","  341","H,,S"
"IRM00040845","2024-09-19","29.267","50.267","3.0","KHARG, IR","    0",",,S","  352",",,S","  320",",,S","  341","H,,S"
"IRM00040845","2024-09-20","29.267","50.267","3.0","KHARG, IR","    0",",,S","  364",",,S","  271",",,S","  342","H,,S"
"IRM00040845","2024-09-21","29.267","50.267","3.0","KHARG, IR","    0",",,S","  371",",,S","  287",",,S","  347","H,,S"
"IRM00040845","2024-09-22","29.267","50.267","3.0","KHARG, IR","    0",",,S","  370",",,S",,,"  343","H,,S"
"IRM00040845","2024-09-23","29.267","50.267","3.0","KHARG, IR","    0",",,S",,,"  280",",,S","  345","H,,S"
"IRM00040845","2024-09-24","29.267","50.267","3.0","KHARG, IR","    0",",,S","  384",",,S","  274",",,S","  339","H,,S"
"IRM00040845","2024-09-25","29.267","50.267","3.0","KHARG, IR","    0",",,S","  364",",,S","  293",",,S","  345","H,,S"
"IRM00040845","2024-09-26","29.267","50.267","3.0","KHARG, IR","    0",",,S","  354",",,S",,,"  317","H,,S"
"IRM00040845","2024-09-27","29.267","50.267","3.0","KHARG, IR","    0",",,S","  346",",,S",,,"  322","H,,S"
"IRM00040845","2024-09-28","29.267","50.267","3.0","KHARG, IR","    0",",,S","  347",",,S","  244",",,S","  317","H,,S"
"IRM00040845","2024-09-29","29.267","50.267","3.0","KHARG, IR","    0",",,S","  361",",,S","  256",",,S","  324","H,,S"
"IRM00040845","2024-09-30","29.267","50.267","3.0","KHARG, IR","    0",",,S",,,"  285",",,S","  337","H,,S"
"IRM00040845","2024-10-01","29.267","50.267","3.0","KHARG, IR","    0",",,S","  346",",,S","  304",",,S","  326","H,,S"
"IRM00040845","2024-10-02","29.267","50.267","3.0","KHARG, IR","    0",",,S","  353",",,S","  305",",,S","  332","H,,S"
"IRM00040845","2024-10-03","29.267","50.267","3.0","KHARG, IR","    0",",,S","  363",",,S","  284",",,S","  327","H,,S"
"IRM00040845","2024-10-04","29.267","50.267","3.0","KHARG, IR","    0",",,S","  332",",,S","  309",",,S","  322","H,,S"
"IRM00040845","2024-10-05","29.267","50.267","3.0","KHARG, IR","    0",",,S","  332",",,S","  288",",,S","  307","H,,S"
"IRM00040845","2024-10-06","29.267","50.267","3.0","KHARG, IR","    0",",,S","  331",",,S","  290",",,S","  314","H,,S"
"IRM00040845","2024-10-07","29.267","50.267","3.0","KHARG, IR","    0",",,S","  332",",,S","  214",",,S","  304","H,,S"
"IRM00040845","2024-10-08","29.267","50.267","3.0","KHARG, IR","    0",",,S","  344",",,S",,,"  308","H,,S"
"IRM00040845","2024-10-09","29.267","50.267","3.0","KHARG, IR","    0",",,S",,,"  240",",,S","  304","H,,S"
"IRM00040845","2024-10-10","29.267","50.267","3.0","KHARG, IR","    0",",,S",,,"  247",",,S","  310","H,,S"
"IRM00040845","2024-10-11","29.267","50.267","3.0","KHARG, IR","    0",",,S","  344",",,S","  238",",,S","  312","H,,S"
"IRM00040845","2024-10-12","29.267","50.267","3.0","KHARG, IR","    0",",,S","  333",",,S",,,"  304","H,,S"
"IRM00040845","2024-10-13","29.267","50.267","3.0","KHARG, IR","    0",",,S","  325",",,S","  243",",,S","  298","H,,S"
"IRM00040845","2024-10-14","29.267","50.267","3.0","KHARG, IR","    0",",,S","  335",",,S",,,"  310","H,,S"
"IRM00040845","2024-10-15","29.267","50.267","3.0","KHARG, IR","    0",",,S","  332",",,S","  234",",,S","  301","H,,S"
"IRM00040845","2024-10-16","29.267","50.267","3.0","KHARG, IR","    0",",,S","  334",",,S","  238",",,S","  312","H,,S"
"IRM00040845","2024-10-17","29.267","50.267","3.0","KHARG, IR","    0",",,S","  341",",,S","  239",",,S","  299","H,,S"
"IRM00040845","2024-10-18","29.267","50.267","3.0","KHARG, IR","    0",",,S","  342",",,S","  223",",,S","  313","H,,S"
"IRM00040845","2024-10-19","29.267","50.267","3.0","KHARG, IR","    0",",,S","  362",",,S","  255",",,S","  311","H,,S"
"IRM00040845","2024-10-20","29.267","50.267","3.0","KHARG, IR","    0",",,S",,,"  241",",,S","  298","H,,S"
"IRM00040845","2024-10-21","29.267","50.267","3.0","KHARG, IR","    0",",,S","  312",",,S","  275",",,S","  288","H,,S"
"IRM00040845","2024-10-22","29.267","50.267","3.0","KHARG, IR","    0",",,S","  296",",,S",,,"  266","H,,S"
"IRM00040845","2024-10-23","29.267","50.267","3.0","KHARG, IR","    3",",,S","  292",",,S","  257",",,S","  276","H,,S"
"IRM00040845","2024-10-24","29.267","50.267","3.0","KHARG, IR","  183",",,S","  277",",,S","  193",",,S","  247","H,,S"
"IRM00040845","2024-10-25","29.267","50.267","3.0","KHARG, IR","    0",",,S","  252",",,S","  232",",,S","  246","H,,S"
"IRM00040845","2024-10-26","29.267","50.267","3.0","KHARG, IR","    0",",,S","  260",",,S",,,"  251","H,,S"
"IRM00040845","2024-10-27","29.267","50.267","3.0","KHARG, IR","    0",",,S","  270",",,S","  240",",,S","  259","H,,S"
"IRM00040845","2024-10-28","29.267","50.267","3.0","KHARG, IR","    0",",,S","  281",",,S","  253",",,S","  268","H,,S"
"IRM00040845","2024-10-29","29.267","50.267","3.0","KHARG, IR","    0",",,S","  272",",,S","  236",",,S","  252","H,,S"
"IRM00040845","2024-10-30","29.267","50.267","3.0","KHARG, IR","    0",",,S",,,,,"  262","H,,S"
"IRM00040845","2024-10-31","29.267","50.267","3.0","KHARG, IR","    0",",,S","  273",",,S","  247",",,S","  257","H,,S"
"IRM00040845","2024-11-01","29.267","50.267","3.0","KHARG, IR","    0",",,S","  274",",,S","  244",",,S","  259","H,,S"
"IRM00040845","2024-11-02","29.267","50.267","3.0","KHARG, IR","    0",",,S",,,"  254",",,S","  280","H,,S"
"IRM00040845","2024-11-03","29.267","50.267","3.0","KHARG, IR","    0",",,S","  312",",,S","  255",",,S","  281","H,,S"
"IRM00040845","2024-11-04","29.267","50.267","3.0","KHARG, IR","    0",",,S","  311",",,S","  230",",,S","  284","H,,S"
"IRM00040845","2024-11-05","29.267","50.267","3.0","KHARG, IR","    0",",,S",,,"  214",",,S","  274","H,,S"
"IRM00040845","2024-11-06","29.267","50.267","3.0","KHARG, IR","    0",",,S","  291",",,S",,,"  274","H,,S"
"IRM00040845","2024-11-07","29.267","50.267","3.0","KHARG, IR","    0",",,S","  293",",,S","  248",",,S","  273","H,,S"
"IRM00040845","2024-11-08","29.267","50.267","3.0","KHARG, IR","    0",",,S","  283",",,S","  237",",,S","  259","H,,S"
"IRM00040845","2024-11-09","29.267","50.267","3.0","KHARG, IR","    0",",,S",,,"  234",",,S","  259","H,,S"
"IRM00040845","2024-11-10","29.267","50.267","3.0","KHARG, IR","    0",",,S","  296",",,S","  255",",,S","  277","H,,S"
"IRM00040845","2024-11-11","29.267","50.267","3.0","KHARG, IR","    0",",,S","  280",",,S","  244",",,S","  267","H,,S"
"IRM00040845","2024-11-12","29.267","50.267","3.0","KHARG, IR","    0",",,S","  290",",,S","  210",",,S","  268","H,,S"
"IRM00040845","2024-11-13","29.267","50.267","3.0","KHARG, IR","    0",",,S",,,"  240",",,S","  261","H,,S"
"IRM00040845","2024-11-14","29.267","50.267","3.0","KHARG, IR","    0",",,S","  250",",,S","  235",",,S","  241","H,,S"
"IRM00040845","2024-11-15","29.267","50.267","3.0","KHARG, IR","    0",",,S","  250",",,S","  228",",,S","  242","H,,S"
"IRM00040845","2024-11-16","29.267","50.267","3.0","KHARG, IR","    0",",,S","  260",",,S","  220",",,S","  243","H,,S"
"IRM00040845","2024-11-17","29.267","50.267","3.0","KHARG, IR","    0",",,S","  284",",,S",,,"  238","H,,S"
"IRM00040845","2024-11-22","29.267","50.267","3.0","KHARG, IR","    0",",,S","  272",",,S","  212",",,S","  256","H,,S"
"IRM00040845","2024-11-23","29.267","50.267","3.0","KHARG, IR","    0",",,S","  262",",,S",,,"  237","H,,S"
"IRM00040845","2024-11-24","29.267","50.267","3.0","KHARG, IR","    0",",,S","  250",",,S","  228",",,S","  239","H,,S"
"IRM00040845","2024-11-25","29.267","50.267","3.0","KHARG, IR","    0",",,S","  250",",,S","  202",",,S","  240","H,,S"
"IRM00040845","2024-11-26","29.267","50.267","3.0","KHARG, IR","    0",",,S","  268",",,S","  234",",,S","  249","H,,S"
"IRM00040845","2024-11-27","29.267","50.267","3.0","KHARG, IR","  221",",,S","  251",",,S","  200",",,S","  215","H,,S"
"IRM00040845","2024-11-28","29.267","50.267","3.0","KHARG, IR","    0",",,S","  214",",,S","  160",",,S","  171","H,,S"
"IRM00040845","2024-11-29","29.267","50.267","3.0","KHARG, IR","    0",",,S","  176",",,S","  156",",,S","  168","H,,S"
"IRM00040845","2024-11-30","29.267","50.267","3.0","KHARG, IR","    0",",,S","  190",",,S","  164",",,S","  183","H,,S"
"IRM00040845","2024-12-02","29.267","50.267","3.0","KHARG, IR","    0",",,S","  192",",,S","  166",",,S","  181","H,,S"
"IRM00040845","2024-12-03","29.267","50.267","3.0","KHARG, IR","    0",",,S","  204",",,S","  174",",,S","  193","H,,S"
"IRM00040845","2024-12-04","29.267","50.267","3.0","KHARG, IR","    0",",,S","  215",",,S","  164",",,S","  201","H,,S"
"IRM00040845","2024-12-05","29.267","50.267","3.0","KHARG, IR","    0",",,S","  234",",,S","  180",",,S","  217","H,,S"
"IRM00040845","2024-12-06","29.267","50.267","3.0","KHARG, IR","    0",",,S","  244",",,S","  192",",,S","  229","H,,S"
"IRM00040845","2024-12-07","29.267","50.267","3.0","KHARG, IR","    0",",,S","  242",",,S","  208",",,S","  228","H,,S"
"IRM00040845","2024-12-08","29.267","50.267","3.0","KHARG, IR","    0",",,S","  235",",,S","  196",",,S","  217","H,,S"
"IRM00040845","2024-12-09","29.267","50.267","3.0","KHARG, IR","    0",",,S","  240",",,S","  154",",,S","  219","H,,S"
"IRM00040845","2024-12-10","29.267","50.267","3.0","KHARG, IR","    0",",,S","  230",",,S","  178",",,S","  213","H,,S"
"IRM00040845","2024-12-11","29.267","50.267","3.0","KHARG, IR","    0",",,S","  224",",,S","  198",",,S","  213","H,,S"
"IRM00040845","2024-12-12","29.267","50.267","3.0","KHARG, IR","    0",",,S","  225",",,S","  140",",,S","  207","H,,S"
"IRM00040845","2024-12-13","29.267","50.267","3.0","KHARG, IR","    0",",,S","  220",",,S","  154",",,S","  204","H,,S"
"IRM00040845","2024-12-14","29.267","50.267","3.0","KHARG, IR","    0",",,S","  240",",,S","  188",",,S","  209","H,,S"
"IRM00040845","2024-12-15","29.267","50.267","3.0","KHARG, IR","    0",",,S","  192",",,S",,,"  142","H,,S"
"IRM00040845","2024-12-16","29.267","50.267","3.0","KHARG, IR","    0",",,S","  183",",,S","  135",",,S","  168","H,,S"
"IRM00040845","2024-12-17","29.267","50.267","3.0","KHARG, IR","    0",",,S",,,"  164",",,S","  186","H,,S"
"IRM00040845","2024-12-18","29.267","50.267","3.0","KHARG, IR","    0",",,S","  220",",,S",,,"  172","H,,S"
"IRM00040845","2024-12-19","29.267","50.267","3.0","KHARG, IR","    0",",,S","  184",",,S",,,"  171","H,,S"
"IRM00040845","2024-12-20","29.267","50.267","3.0","KHARG, IR","    0",",,S","  204",",,S","  118",",,S","  178","H,,S"
"IRM00040845","2024-12-21","29.267","50.267","3.0","KHARG, IR","    0",",,S","  222",",,S","  132",",,S","  192","H,,S"
"IRM00040845","2024-12-22","29.267","50.267","3.0","KHARG, IR","    0",",,S","  195",",,S",,,"  151","H,,S"
"IRM00040845","2024-12-23","29.267","50.267","3.0","KHARG, IR","    0",",,S","  186",",,S","  160",",,S","  175","H,,S"
"IRM00040845","2024-12-24","29.267","50.267","3.0","KHARG, IR","    0",",,S","  196",",,S","  160",",,S","  184","H,,S"
"IRM00040845","2024-12-25","29.267","50.267","3.0","KHARG, IR","    0",",,S","  210",",,S","  130",",,S","  189","H,,S"
"IRM00040845","2024-12-26","29.267","50.267","3.0","KHARG, IR","    0",",,S","  220",",,S","  156",",,S","  196","H,,S"
"IRM00040845","2024-12-27","29.267","50.267","3.0","KHARG, IR","    0",",,S",,,"  128",",,S","  203","H,,S"
"IRM00040845","2024-12-28","29.267","50.267","3.0","KHARG, IR","    3",",,S",,,"  190",",,S","  211","H,,S"
"IRM00040845","2024-12-29","29.267","50.267","3.0","KHARG, IR","    0",",,S","  214",",,S","  180",",,S","  198","H,,S"
"IRM00040845","2024-12-30","29.267","50.267","3.0","KHARG, IR","    8",",,S","  200",",,S","  180",",,S","  188","H,,S"
"IRM00040845","2024-12-31","29.267","50.267","3.0","KHARG, IR","    0",",,S","  230",",,S","  170",",,S","  189","H,,S"
"IRM00040845","2025-01-01","29.267","50.267","3.0","KHARG, IR",,,"  196",",,S","  160",",,S","  174","H,,S"
"IRM00040845","2025-01-02","29.267","50.267","3.0","KHARG, IR",,,"  190",",,S",,,"  167","H,,S"
"IRM00040845","2025-01-03","29.267","50.267","3.0","KHARG, IR",,,"  196",",,S","  156",",,S","  177","H,,S"
"IRM00040845","2025-01-04","29.267","50.267","3.0","KHARG, IR",,,"  196",",,S","  140",",,S","  170","H,,S"
"IRM00040845","2025-01-05","29.267","50.267","3.0","KHARG, IR",,,"  180",",,S","  154",",,S","  169","H,,S"
"IRM00040845","2025-01-06","29.267","50.267","3.0","KHARG, IR",,,"  202",",,S","   90",",,S","  169","H,,S"
"IRM00040845","2025-01-07","29.267","50.267","3.0","KHARG, IR",,,"  204",",,S","  152",",,S","  187","H,,S"
"IRM00040845","2025-01-08","29.267","50.267","3.0","KHARG, IR",,,"  220",",,S","  164",",,S","  189","H,,S"
"IRM00040845","2025-01-09","29.267","50.267","3.0","KHARG, IR",,,"  204",",,S","  162",",,S","  181","H,,S"
"IRM00040845","2025-01-10","29.267","50.267","3.0","KHARG, IR",,,"  224",",,S","  164",",,S","  183","H,,S"
"IRM00040845","2025-01-11","29.267","50.267","3.0","KHARG, IR",,,"  212",",,S","  110",",,S","  173","H,,S"
"IRM00040845","2025-01-12","29.267","50.267","3.0","KHARG, IR",,,"  214",",,S","  158",",,S","  188","H,,S"
"IRM00040845","2025-01-13","29.267","50.267","3.0","KHARG, IR",,,"  190",",,S","  154",",,S","  164","H,,S"
"IRM00040845","2025-01-14","29.267","50.267","3.0","KHARG, IR",,,,,"  154",",,S","  172","H,,S"
"IRM00040845","2025-01-15","29.267","50.267","3.0","KHARG, IR",,,"  192",",,S","  162",",,S","  182","H,,S"
"IRM00040845","2025-01-16","29.267","50.267","3.0","KHARG, IR",,,"  206",",,S","  146",",,S","  182","H,,S"
"IRM00040845","2025-01-17","29.267","50.267","3.0","KHARG, IR",,,"  211",",,S","  138",",,S","  192","H,,S"
"IRM00040845","2025-01-18","29.267","50.267","3.0","KHARG, IR",,,"  190",",,S","  150",",,S","  162","H,,S"
"IRM00040845","2025-01-19","29.267","50.267","3.0","KHARG, IR",,,"  186",",,S","  158",",,S","  173","H,,S"
"IRM00040845","2025-01-20","29.267","50.267","3.0","KHARG, IR",,,"  200",",,S","   95",",,S","  166","H,,S"
"IRM00040845","2025-01-21","29.267","50.267","3.0","KHARG, IR",,,"  190",",,S","   95",",,S","  164","H,,S"
"IRM00040845","2025-01-22","29.267","50.267","3.0","KHARG, IR",,,"  194",",,S","  164",",,S","  181","H,,S"
"IRM00040845","2025-01-23","29.267","50.267","3.0","KHARG, IR",,,"  210",",,S","   99",",,S","  176","H,,S"
"IRM00040845","2025-01-24","29.267","50.267","3.0","KHARG, IR",,,"  193",",,S","   88",",,S","  170","H,,S"
"IRM00040845","2025-01-25","29.267","50.267","3.0","KHARG, IR",,,"  202",",,S","  124",",,S","  178","H,,S"
"IRM00040845","2025-01-26","29.267","50.267","3.0","KHARG, IR",,,"  202",",,S","  165",",,S","  192","H,,S"
"IRM00040845","2025-01-27","29.267","50.267","3.0","KHARG, IR",,,"  190",",,S","  140",",,S","  170","H,,S"
"IRM00040845","2025-01-28","29.267","50.267","3.0","KHARG, IR",,,,,"  160",",,S","  177","H,,S"
"IRM00040845","2025-01-29","29.267","50.267","3.0","KHARG, IR",,,"  190",",,S","  160",",,S","  179","H,,S"
"IRM00040845","2025-01-30","29.267","50.267","3.0","KHARG, IR",,,"  184",",,S","  163",",,S","  176","H,,S"
"IRM00040845","2025-01-31","29.267","50.267","3.0","KHARG, IR",,,"  190",",,S","  160",",,S","  181","H,,S"
"IRM00040845","2025-02-01","29.267","50.267","3.0","KHARG, IR",,,,,,,"  177","H,,S"
"IRM00040845","2025-02-02","29.267","50.267","3.0","KHARG, IR",,,,,,,"  178","H,,S"
"IRM00040845","2025-02-03","29.267","50.267","3.0","KHARG, IR",,,"  190",",,S","  160",",,S","  177","H,,S"
"IRM00040845","2025-02-04","29.267","50.267","3.0","KHARG, IR",,,,,"  102",",,S","  171","H,,S"
"IRM00040845","2025-02-05","29.267","50.267","3.0","KHARG, IR",,,"  210",",,S","  100",",,S","  181","H,,S"
"IRM00040845","2025-02-06","29.267","50.267","3.0","KHARG, IR",,,"  220",",,S","  180",",,S","  203","H,,S"
"IRM00040845","2025-02-07","29.267","50.267","3.0","KHARG, IR",,,"  210",",,S","  170",",,S","  179","H,,S"
"IRM00040845","2025-02-08","29.267","50.267","3.0","KHARG, IR",,,"  180",",,S","  150",",,S","  166","H,,S"
"IRM00040845","2025-02-09","29.267","50.267","3.0","KHARG, IR",,,,,"  100",",,S","  154","H,,S"
"IRM00040845","2025-02-10","29.267","50.267","3.0","KHARG, IR",,,,,"  136",",,S","  157","H,,S"
"IRM00040845","2025-02-11","29.267","50.267","3.0","KHARG, IR",,,"  182",",,S","  154",",,S","  173","H,,S"
"IRM00040845","2025-02-12","29.267","50.267","3.0","KHARG, IR",,,,,"  158",",,S","  178","H,,S"
"IRM00040845","2025-02-13","29.267","50.267","3.0","KHARG, IR",,,,,"  170",",,S","  180","H,,S"
"IRM00040845","2025-02-14","29.267","50.267","3.0","KHARG, IR",,,,,"  170",",,S","  183","H,,S"
"IRM00040845","2025-02-15","29.267","50.267","3.0","KHARG, IR",,,"  182",",,S","  170",",,S","  174","H,,S"
"IRM00040845","2025-02-16","29.267","50.267","3.0","KHARG, IR",,,"  180",",,S","  146",",,S","  167","H,,S"
"IRM00040845","2025-02-17","29.267","50.267","3.0","KHARG, IR",,,"  190",",,S","  150",",,S","  178","H,,S"
"IRM00040845","2025-02-18","29.267","50.267","3.0","KHARG, IR",,,,,"  150",",,S","  176","H,,S"
"IRM00040845","2025-02-19","29.267","50.267","3.0","KHARG, IR",,,,,"  136",",,S","  181","H,,S"
"IRM00040845","2025-02-20","29.267","50.267","3.0","KHARG, IR",,,"  186",",,S","  138",",,S","  167","H,,S"
"IRM00040845","2025-02-21","29.267","50.267","3.0","KHARG, IR",,,,,"  150",",,S","  191","H,,S"
"IRM00040845","2025-02-22","29.267","50.267","3.0","KHARG, IR",,,"  224",",,S","  158",",,S","  196","H,,S"
"IRM00040845","2025-02-23","29.267","50.267","3.0","KHARG, IR",,,"  202",",,S","  170",",,S","  179","H,,S"
"IRM00040845","2025-02-24","29.267","50.267","3.0","KHARG, IR",,,"  185",",,S","  140",",,S","  154","H,,S"
"IRM00040845","2025-02-25","29.267","50.267","3.0","KHARG, IR",,,"  168",",,S","  100",",,S","  113","H,,S"
"IRM00040845","2025-02-26","29.267","50.267","3.0","KHARG, IR",,,,,"  108",",,S","  129","H,,S"
"IRM00040845","2025-02-27","29.267","50.267","3.0","KHARG, IR",,,"  160",",,S","  136",",,S","  146","H,,S"
"IRM00040845","2025-02-28","29.267","50.267","3.0","KHARG, IR",,,,,"  136",",,S","  149","H,,S"
"IRM00040845","2025-03-18","29.267","50.267","3.0","KHARG, IR",,,"  230","H,,2","  140","H,,2","  199","H,,2"
"IRM00040845","2025-03-23","29.267","50.267","3.0","KHARG, IR",,,"  200","H,,2","  190","H,,2","  192","H,,2"
"IRM00040845","2025-04-15","29.267","50.267","3.0","KHARG, IR",,,"  240","H,,2","  220","H,,2","  233","H,,2"
"IRM00040845","2025-04-22","29.267","50.267","3.0","KHARG, IR",,,"  330","H,,2","  240","H,,2","  290","H,,2"
"IRM00040845","2025-04-24","29.267","50.267","3.0","KHARG, IR",,,"  320","H,,2","  260","H,,2","  290","H,,2"
"IRM00040845","2025-04-25","29.267","50.267","3.0","KHARG, IR",,,"  330","H,,2","  263","H,,2","  303","H,,2"
"IRM00040845","2025-04-28","29.267","50.267","3.0","KHARG, IR",,,"  340","H,,2","  310","H,,2","  320","H,,2"
"IRM00040845","2025-05-04","29.267","50.267","3.0","KHARG, IR",,,"  430","H,,2","  270","H,,2","  351","H,,2"
"IRM00040845","2025-05-13","29.267","50.267","3.0","KHARG, IR",,,"  320","H,,2","  270","H,,2","  302","H,,2"
"IRM00040845","2025-05-14","29.267","50.267","3.0","KHARG, IR",,,"  350","H,,2","  240","H,,2","  308","H,,2"
"IRM00040845","2025-05-15","29.267","50.267","3.0","KHARG, IR",,,"  330","H,,2","  265","H,,2","  296","H,,2"
"IRM00040845","2025-05-16","29.267","50.267","3.0","KHARG, IR",,,"  310","H,,2","  283","H,,2","  301","H,,2"
"IRM00040845","2025-05-17","29.267","50.267","3.0","KHARG, IR",,,"  310","H,,2","  280","H,,2","  292","H,,2"
"IRM00040845","2025-05-18","29.267","50.267","3.0","KHARG, IR",,,"  320","H,,2","  244","H,,2","  291","H,,2"
"IRM00040845","2025-05-19","29.267","50.267","3.0","KHARG, IR",,,"  350","H,,2","  312","H,,2","  330","H,,2"
"IRM00040845","2025-05-20","29.267","50.267","3.0","KHARG, IR",,,"  380","H,,2","  260","H,,2","  335","H,,2"
"IRM00040845","2025-05-21","29.267","50.267","3.0","KHARG, IR",,,"  360","H,,2","  310","H,,2","  338","H,,2"
"IRM00040845","2025-05-22","29.267","50.267","3.0","KHARG, IR",,,"  390","H,,2","  309","H,,2","  347","H,,2"
"IRM00040845","2025-05-23","29.267","50.267","3.0","KHARG, IR",,,"  380","H,,2","  290","H,,2","  340","H,,2"
"IRM00040845","2025-05-24","29.267","50.267","3.0","KHARG, IR",,,"  360","H,,2","  278","H,,2","  335","H,,2"
"IRM00040845","2025-05-25","29.267","50.267","3.0","KHARG, IR",,,"  370","H,,2","  316","H,,2","  346","H,,2"
"IRM00040845","2025-05-26","29.267","50.267","3.0","KHARG, IR",,,"  360","H,,2","  319","H,,2","  340","H,,2"
"IRM00040845","2025-05-27","29.267","50.267","3.0","KHARG, IR",,,"  360","H,,2","  309","H,,2","  337","H,,2"
"IRM00040845","2025-05-28","29.267","50.267","3.0","KHARG, IR",,,"  360","H,,2","  303","H,,2","  346","H,,2"
"IRM00040845","2025-05-29","29.267","50.267","3.0","KHARG, IR",,,"  370","H,,2","  321","H,,2","  343","H,,2"
"IRM00040845","2025-05-30","29.267","50.267","3.0","KHARG, IR",,,"  340","H,,2","  310","H,,2","  320","H,,2"
"IRM00040845","2025-05-31","29.267","50.267","3.0","KHARG, IR",,,"  340","H,,2","  300","H,,2","  320","H,,2"
"IRM00040845","2025-06-01","29.267","50.267","3.0","KHARG, IR",,,"  360","H,,2","  300","H,,2","  327","H,,2"
"IRM00040845","2025-06-02","29.267","50.267","3.0","KHARG, IR",,,"  380","H,,2","  310","H,,2","  339","H,,2"
"IRM00040845","2025-06-03","29.267","50.267","3.0","KHARG, IR",,,"  340","H,,2","  300","H,,2","  320","H,,2"
"IRM00040845","2025-06-04","29.267","50.267","3.0","KHARG, IR",,,"  330","H,,2","  292","H,,2","  311","H,,2"
"IRM00040845","2025-06-05","29.267","50.267","3.0","KHARG, IR",,,"  330","H,,2","  288","H,,2","  312","H,,2"
"IRM00040845","2025-06-06","29.267","50.267","3.0","KHARG, IR",,,"  340","H,,2","  276","H,,2","  309","H,,2"
"IRM00040845","2025-06-07","29.267","50.267","3.0","KHARG, IR",,,"  360","H,,2","  273","H,,2","  311","H,,2"
"IRM00040845","2025-06-08","29.267","50.267","3.0","KHARG, IR",,,"  350","H,,2","  286","H,,2","  311","H,,2"
"IRM00040845","2025-06-09","29.267","50.267","3.0","KHARG, IR",,,"  360","H,,2","  291","H,,2","  320","H,,2"
"IRM00040845","2025-06-10","29.267","50.267","3.0","KHARG, IR",,,"  370","H,,2","  306","H,,2","  326","H,,2"
"IRM00040845","2025-06-11","29.267","50.267","3.0","KHARG, IR",,,"  390","H,,2","  318","H,,2","  350","H,,2"
"IRM00040845","2025-06-12","29.267","50.267","3.0","KHARG, IR",,,"  380","H,,2","  301","H,,2","  350","H,,2"
"IRM00040845","2025-07-01","29.267","50.267","3.0","KHARG, IR",,,"  370","H,,2","  334","H,,2","  356","H,,2"
"IRM00040845","2025-07-02","29.267","50.267","3.0","KHARG, IR",,,"  360","H,,2","  329","H,,2","  345","H,,2"
"IRM00040845","2025-07-03","29.267","50.267","3.0","KHARG, IR",,,"  370","H,,2","  325","H,,2","  344","H,,2"
"IRM00040845","2025-07-04","29.267","50.267","3.0","KHARG, IR",,,"  370","H,,2","  330","H,,2","  343","H,,2"
"IRM00040845","2025-07-05","29.267","50.267","3.0","KHARG, IR",,,"  350","H,,2","  328","H,,2","  340","H,,2"
"IRM00040845","2025-07-06","29.267","50.267","3.0","KHARG, IR",,,"  340","H,,2","  310","H,,2","  324","H,,2"
"IRM00040845","2025-07-07","29.267","50.267","3.0","KHARG, IR",,,"  340","H,,2","  293","H,,2","  323","H,,2"
"IRM00040845","2025-07-08","29.267","50.267","3.0","KHARG, IR",,,"  380","H,,2","  306","H,,2","  341","H,,2"
"IRM00040845","2025-07-09","29.267","50.267","3.0","KHARG, IR",,,"  360","H,,2","  296","H,,2","  336","H,,2"
"IRM00040845","2025-07-10","29.267","50.267","3.0","KHARG, IR",,,"  380","H,,2","  305","H,,2","  344","H,,2"
"IRM00040845","2025-07-11","29.267","50.267","3.0","KHARG, IR",,,"  380","H,,2","  312","H,,2","  340","H,,2"
"IRM00040845","2025-07-12","29.267","50.267","3.0","KHARG, IR",,,"  390","H,,2","  320","H,,2","  346","H,,2"
"IRM00040845","2025-07-13","29.267","50.267","3.0","KHARG, IR",,,"  390","H,,2","  319","H,,2","  350","H,,2"
"IRM00040845","2025-07-14","29.267","50.267","3.0","KHARG, IR",,,"  420","H,,2","  331","H,,2","  360","H,,2"
"IRM00040845","2025-07-15","29.267","50.267","3.0","KHARG, IR",,,"  390","H,,2","  340","H,,2","  363","H,,2"
"IRM00040845","2025-07-16","29.267","50.267","3.0","KHARG, IR",,,"  380","H,,2","  318","H,,2","  355","H,,2"
"IRM00040845","2025-07-17","29.267","50.267","3.0","KHARG, IR",,,"  400","H,,2","  334","H,,2","  364","H,,2"
"IRM00040845","2025-07-18","29.267","50.267","3.0","KHARG, IR",,,"  400","H,,2","  349","H,,2","  367","H,,2"
"IRM00040845","2025-07-19","29.267","50.267","3.0","KHARG, IR",,,"  370","H,,2","  340","H,,2","  358","H,,2"
"IRM00040845","2025-07-20","29.267","50.267","3.0","KHARG, IR",,,"  380","H,,2","  350","H,,2","  365","H,,2"
"IRM00040845","2025-07-21","29.267","50.267","3.0","KHARG, IR",,,"  380","H,,2","  350","H,,2","  362","H,,2"
"IRM00040845","2025-07-22","29.267","50.267","3.0","KHARG, IR",,,"  380","H,,2","  340","H,,2","  354","H,,2"
"IRM00040845","2025-07-23","29.267","50.267","3.0","KHARG, IR",,,"  390","H,,2","  321","H,,2","  355","H,,2"
"IRM00040845","2025-07-24","29.267","50.267","3.0","KHARG, IR",,,"  370","H,,2","  325","H,,2","  346","H,,2"
"IRM00040845","2025-07-25","29.267","50.267","3.0","KHARG, IR",,,"  370","H,,2","  319","H,,2","  342","H,,2"
"IRM00040845","2025-07-26","29.267","50.267","3.0","KHARG, IR",,,"  410","H,,2","  316","H,,2","  351","H,,2"
"IRM00040845","2025-07-27","29.267","50.267","3.0","KHARG, IR",,,"  400","H,,2","  310","H,,2","  351","H,,2"
"IRM00040845","2025-07-28","29.267","50.267","3.0","KHARG, IR",,,"  400","H,,2","  320","H,,2","  350","H,,2"
"IRM00040845","2025-07-29","29.267","50.267","3.0","KHARG, IR",,,"  400","H,,2","  300","H,,2","  346","H,,2"
"IRM00040845","2025-07-30","29.267","50.267","3.0","KHARG, IR",,,"  390","H,,2","  340","H,,2","  370","H,,2"
"IRM00040845","2025-07-31","29.267","50.267","3.0","KHARG, IR",,,"  390","H,,2","  352","H,,2","  370","H,,2"
"IRM00040845","2025-08-01","29.267","50.267","3.0","KHARG, IR",,,"  400","H,,2","  347","H,,2","  372","H,,2"
"IRM00040845","2025-08-02","29.267","50.267","3.0","KHARG, IR",,,"  400","H,,2","  343","H,,2","  373","H,,2"
"IRM00040845","2025-08-03","29.267","50.267","3.0","KHARG, IR",,,"  380","H,,2","  350","H,,2","  365","H,,2"
"IRM00040845","2025-08-04","29.267","50.267","3.0","KHARG, IR",,,"  380","H,,2","  329","H,,2","  350","H,,2"
"IRM00040845","2025-08-06","29.267","50.267","3.0","KHARG, IR",,,"  360","H,,2","  317","H,,2","  337","H,,2"
"IRM00040845","2025-08-07","29.267","50.267","3.0","KHARG, IR",,,"  390","H,,2","  329","H,,2","  352","H,,2"
"IRM00040845","2025-08-08","29.267","50.267","3.0","KHARG, IR",,,"  380","H,,2","  319","H,,2","  347","H,,2"
"IRM00040845","2025-08-09","29.267","50.267","3.0","KHARG, IR",,,"  390","H,,2","  331","H,,2","  358","H,,2"
"IRM00040845","2025-08-10","29.267","50.267","3.0","KHARG, IR",,,"  380","H,,2","  330","H,,2","  355","H,,2"
"IRM00040845","2025-08-11","29.267","50.267","3.0","KHARG, IR",,,"  400","H,,2","  331","H,,2","  360","H,,2"
"IRM00040845","2025-08-12","29.267","50.267","3.0","KHARG, IR",,,"  380","H,,2","  310","H,,2","  353","H,,2"
"IRM00040845","2025-08-13","29.267","50.267","3.0","KHARG, IR",,,"  380","H,,2","  360","H,,2","  372","H,,2"
"IRM00040845","2025-08-14","29.267","50.267","3.0","KHARG, IR",,,"  380","H,,2","  328","H,,2","  362","H,,2"
"IRM00040845","2025-08-15","29.267","50.267","3.0","KHARG, IR",,,"  410","H,,2","  346","H,,2","  369","H,,2"
"IRM00040845","2025-08-16","29.267","50.267","3.0","KHARG, IR",,,"  410","H,,2","  330","H,,2","  362","H,,2"
"IRM00040845","2025-08-17","29.267","50.267","3.0","KHARG, IR",,,"  380","H,,2","  320","H,,2","  347","H,,2"
"IRM00040845","2025-08-18","29.267","50.267","3.0","KHARG, IR",,,"  380","H,,2","  340","H,,2","  359","H,,2"
"IRM00040845","2025-08-19","29.267","50.267","3.0","KHARG, IR",,,"  390","H,,2","  333","H,,2","  361","H,,2"
"IRM00040845","2025-08-20","29.267","50.267","3.0","KHARG, IR",,,"  390","H,,2","  351","H,,2","  370","H,,2"
"IRM00040845","2025-08-21","29.267","50.267","3.0","KHARG, IR",,,"  380","H,,2","  315","H,,2","  351","H,,2"
"IRM00040845","2025-08-22","29.267","50.267","3.0","KHARG, IR",,,"  390","H,,2","  350","H,,2","  364","H,,2"
"IRM00040845","2025-08-23","29.267","50.267","3.0","KHARG, IR",,,"  380","H,,2","  332","H,,2","  355","H,,2"
"IRM00040845","2025-08-24","29.267","50.267","3.0","KHARG, IR",,,"  390","H,,2","  306","H,,2","  341","H,,2"
"IRM00040845","2025-08-25","29.267","50.267","3.0","KHARG, IR",,,"  380","H,,2","  312","H,,2","  345","H,,2"
"IRM00040845","2025-08-26","29.267","50.267","3.0","KHARG, IR",,,"  380","H,,2","  329","H,,2","  350","H,,2"
"IRM00040845","2025-08-27","29.267","50.267","3.0","KHARG, IR",,,"  380","H,,2","  333","H,,2","  351","H,,2"
"IRM00040845","2025-08-28","29.267","50.267","3.0","KHARG, IR",,,"  390","H,,2","  319","H,,2","  352","H,,2"
"IRM00040845","2025-08-29","29.267","50.267","3.0","KHARG, IR",,,"  380","H,,2","  336","H,,2","  354","H,,2"
"IRM00040845","2025-09-03","29.267","50.267","3.0","KHARG, IR",,,"  380","H,,2","  318","H,,2","  352","H,,2"
"IRM00040845","2025-09-04","29.267","50.267","3.0","KHARG, IR",,,"  360","H,,2","  307","H,,2","  334","H,,2"
"IRM00040845","2025-09-05","29.267","50.267","3.0","KHARG, IR",,,"  390","H,,2","  312","H,,2","  350","H,,2"
"IRM00040845","2025-09-07","29.267","50.267","3.0","KHARG, IR",,,"  370","H,,2","  300","H,,2","  353","H,,2"
"IRM00040845","2025-09-13","29.267","50.267","3.0","KHARG, IR",,,"  350","H,,2","  339","H,,2","  342","H,,2"
"IRM00040845","2025-09-14","29.267","50.267","3.0","KHARG, IR",,,"  370","H,,2","  268","H,,2","  330","H,,2"
"IRM00040845","2025-09-15","29.267","50.267","3.0","KHARG, IR",,,"  370","H,,2","  303","H,,2","  341","H,,2"
"IRM00040845","2025-09-16","29.267","50.267","3.0","KHARG, IR",,,"  360","H,,2","  268","H,,2","  325","H,,2"
"IRM00040845","2025-09-17","29.267","50.267","3.0","KHARG, IR",,,"  360","H,,2","  310","H,,2","  332","H,,2"
"IRM00040845","2025-09-18","29.267","50.267","3.0","KHARG, IR",,,"  370","H,,2","  328","H,,2","  352","H,,2"
"IRM00040845","2025-09-19","29.267","50.267","3.0","KHARG, IR",,,"  410","H,,2","  305","H,,2","  349","H,,2"
"IRM00040845","2025-09-20","29.267","50.267","3.0","KHARG, IR",,,"  350","H,,2","  344","H,,2","  349","H,,2"
"IRM00040845","2025-09-21","29.267","50.267","3.0","KHARG, IR",,,"  350","H,,2","  330","H,,2","  340","H,,2"
"IRM00040845","2025-09-22","29.267","50.267","3.0","KHARG, IR",,,"  370","H,,2","  330","H,,2","  345","H,,2"
"IRM00040845","2025-09-23","29.267","50.267","3.0","KHARG, IR",,,"  340","H,,2","  322","H,,2","  333","H,,2"
"IRM00040845","2025-09-24","29.267","50.267","3.0","KHARG, IR",,,"  330","H,,2","  310","H,,2","  321","H,,2"
"IRM00040845","2025-09-25","29.267","50.267","3.0","KHARG, IR",,,"  320","H,,2","  243","H,,2","  291","H,,2"
"IRM00040845","2025-09-26","29.267","50.267","3.0","KHARG, IR",,,"  340","H,,2","  266","H,,2","  304","H,,2"
"IRM00040845","2025-09-27","29.267","50.267","3.0","KHARG, IR",,,"  340","H,,2","  310","H,,2","  318","H,,2"
"IRM00040845","2025-09-28","29.267","50.267","3.0","KHARG, IR",,,"  360","H,,2","  309","H,,2","  328","H,,2"
"IRM00040845","2025-09-29","29.267","50.267","3.0","KHARG, IR",,,"  340","H,,2","  310","H,,2","  326","H,,2"
"IRM00040845","2025-09-30","29.267","50.267","3.0","KHARG, IR",,,"  320","H,,2","  284","H,,2","  309","H,,2"
"IRM00040845","2025-10-01","29.267","50.267","3.0","KHARG, IR",,,"  320","H,,2","  300","H,,2","  312","H,,2"
"IRM00040845","2025-10-02","29.267","50.267","3.0","KHARG, IR",,,"  320","H,,2","  291","H,,2","  305","H,,2"
"IRM00040845","2025-10-03","29.267","50.267","3.0","KHARG, IR",,,"  310","H,,2","  244","H,,2","  286","H,,2"
"IRM00040845","2025-10-04","29.267","50.267","3.0","KHARG, IR",,,"  320","H,,2","  250","H,,2","  296","H,,2"
"IRM00040845","2025-10-05","29.267","50.267","3.0","KHARG, IR",,,"  330","H,,2","  268","H,,2","  307","H,,2"
"IRM00040845","2025-10-06","29.267","50.267","3.0","KHARG, IR",,,"  340","H,,2","  267","H,,2","  304","H,,2"
"IRM00040845","2025-10-07","29.267","50.267","3.0","KHARG, IR",,,"  340","H,,2","  250","H,,2","  298","H,,2"
"IRM00040845","2025-10-08","29.267","50.267","3.0","KHARG, IR",,,"  340","H,,2","  210","H,,2","  289","H,,2"
"IRM00040845","2025-10-09","29.267","50.267","3.0","KHARG, IR",,,"  320","H,,2","  245","H,,2","  289","H,,2"
"IRM00040845","2025-10-10","29.267","50.267","3.0","KHARG, IR",,,"  330","H,,2","  300","H,,2","  310","H,,2"
"IRM00040845","2025-10-11","29.267","50.267","3.0","KHARG, IR",,,"  300","H,,2","  290","H,,2","  296","H,,2"
"IRM00040845","2025-10-12","29.267","50.267","3.0","KHARG, IR",,,"  310","H,,2","  254","H,,2","  284","H,,2"
"IRM00040845","2025-10-13","29.267","50.267","3.0","KHARG, IR",,,"  320","H,,2","  237","H,,2","  289","H,,2"
"IRM00040845","2025-10-14","29.267","50.267","3.0","KHARG, IR",,,"  320","H,,2","  290","H,,2","  302","H,,2"
"IRM00040845","2025-10-15","29.267","50.267","3.0","KHARG, IR",,,"  310","H,,2","  274","H,,2","  294","H,,2"
"IRM00040845","2025-10-16","29.267","50.267","3.0","KHARG, IR",,,"  310","H,,2","  288","H,,2","  294","H,,2"
"IRM00040845","2025-10-18","29.267","50.267","3.0","KHARG, IR",,,"  320","H,,2","  228","H,,2","  282","H,,2"
"IRM00040845","2025-10-19","29.267","50.267","3.0","KHARG, IR",,,"  320","H,,2","  230","H,,2","  285","H,,2"
"IRM00040845","2025-10-20","29.267","50.267","3.0","KHARG, IR",,,"  310","H,,2","  280","H,,2","  294","H,,2"
"IRM00040845","2025-10-21","29.267","50.267","3.0","KHARG, IR",,,"  300","H,,2","  270","H,,2","  290","H,,2"
"IRM00040845","2025-10-22","29.267","50.267","3.0","KHARG, IR",,,"  310","H,,2","  223","H,,2","  285","H,,2"
"IRM00040845","2025-10-23","29.267","50.267","3.0","KHARG, IR",,,"  300","H,,2","  280","H,,2","  289","H,,2"
"IRM00040845","2025-10-24","29.267","50.267","3.0","KHARG, IR",,,"  310","H,,2","  280","H,,2","  296","H,,2"
"IRM00040845","2025-10-25","29.267","50.267","3.0","KHARG, IR",,,"  310","H,,2","  275","H,,2","  291","H,,2"
"IRM00040845","2025-10-26","29.267","50.267","3.0","KHARG, IR",,,"  310","H,,2","  290","H,,2","  300","H,,2"
"IRM00040845","2025-10-27","29.267","50.267","3.0","KHARG, IR",,,"  300","H,,2","  288","H,,2","  292","H,,2"
"IRM00040845","2025-10-28","29.267","50.267","3.0","KHARG, IR",,,"  290","H,,2","  240","H,,2","  268","H,,2"
"IRM00040845","2025-10-29","29.267","50.267","3.0","KHARG, IR",,,"  300","H,,2","  210","H,,2","  262","H,,2"
"IRM00040845","2025-10-30","29.267","50.267","3.0","KHARG, IR",,,"  300","H,,2","  280","H,,2","  288","H,,2"
"IRM00040845","2025-10-31","29.267","50.267","3.0","KHARG, IR",,,"  300","H,,2","  255","H,,2","  276","H,,2"
"IRM00040845","2025-11-01","29.267","50.267","3.0","KHARG, IR",,,"  290","H,,2","  270","H,,2","  280","H,,2"
"IRM00040845","2025-11-02","29.267","50.267","3.0","KHARG, IR",,,"  280","H,,2","  270","H,,2","  273","H,,2"
"IRM00040845","2025-11-03","29.267","50.267","3.0","KHARG, IR",,,"  270","H,,2","  260","H,,2","  265","H,,2"
"IRM00040845","2025-11-04","29.267","50.267","3.0","KHARG, IR",,,"  280","H,,2","  192","H,,2","  251","H,,2"
"IRM00040845","2025-11-05","29.267","50.267","3.0","KHARG, IR",,,"  290","H,,2","  212","H,,2","  258","H,,2"
"IRM00040845","2025-11-06","29.267","50.267","3.0","KHARG, IR",,,"  280","H,,2","  188","H,,2","  242","H,,2"
"IRM00040845","2025-11-07","29.267","50.267","3.0","KHARG, IR",,,"  280","H,,2","  190","H,,2","  242","H,,2"
"IRM00040845","2025-11-08","29.267","50.267","3.0","KHARG, IR",,,"  280","H,,2","  189","H,,2","  240","H,,2"
"IRM00040845","2025-11-09","29.267","50.267","3.0","KHARG, IR",,,"  260","H,,2","  234","H,,2","  246","H,,2"
"IRM00040845","2025-11-10","29.267","50.267","3.0","KHARG, IR",,,"  280","H,,2","  250","H,,2","  262","H,,2"
"IRM00040845","2025-11-11","29.267","50.267","3.0","KHARG, IR",,,"  280","H,,2","  185","H,,2","  236","H,,2"
"IRM00040845","2025-11-12","29.267","50.267","3.0","KHARG, IR",,,"  290","H,,2","  224","H,,2","  254","H,,2"
"IRM00040845","2025-11-13","29.267","50.267","3.0","KHARG, IR",,,"  270","H,,2","  253","H,,2","  261","H,,2"
"IRM00040845","2025-11-15","29.267","50.267","3.0","KHARG, IR",,,"  280","H,,2","  250","H,,2","  259","H,,2"
"IRM00040845","2025-11-16","29.267","50.267","3.0","KHARG, IR",,,"  300","H,,2","  241","H,,2","  268","H,,2"
"IRM00040845","2025-11-17","29.267","50.267","3.0","KHARG, IR",,,"  280","H,,2","  250","H,,2","  266","H,,2"
"IRM00040845","2025-11-18","29.267","50.267","3.0","KHARG, IR",,,"  270","H,,2","  245","H,,2","  259","H,,2"
"IRM00040845","2025-11-19","29.267","50.267","3.0","KHARG, IR",,,"  250","H,,2","  220","H,,2","  237","H,,2"
"IRM00040845","2025-11-20","29.267","50.267","3.0","KHARG, IR",,,"  260","H,,2","  220","H,,2","  244","H,,2"
"IRM00040845","2025-11-21","29.267","50.267","3.0","KHARG, IR",,,"  240","H,,2","  220","H,,2","  234","H,,2"
"IRM00040845","2025-11-22","29.267","50.267","3.0","KHARG, IR",,,"  250","H,,2","  240","H,,2","  244","H,,2"
"IRM00040845","2025-11-23","29.267","50.267","3.0","KHARG, IR",,,"  260","H,,2","  248","H,,2","  254","H,,2"
"IRM00040845","2025-11-25","29.267","50.267","3.0","KHARG, IR",,,"  270","H,,2","  250","H,,2","  255","H,,2"
"IRM00040845","2025-11-26","29.267","50.267","3.0","KHARG, IR",,,"  250","H,,2","  230","H,,2","  241","H,,2"
"IRM00040845","2025-11-27","29.267","50.267","3.0","KHARG, IR",,,"  250","H,,2","  168","H,,2","  214","H,,2"
"IRM00040845","2025-11-28","29.267","50.267","3.0","KHARG, IR",,,"  250","H,,2","  210","H,,2","  233","H,,2"
"IRM00040845","2025-11-29","29.267","50.267","3.0","KHARG, IR",,,"  240","H,,2","  226","H,,2","  231","H,,2"
"IRM00040845","2025-11-30","29.267","50.267","3.0","KHARG, IR",,,"  250","H,,2","  165","H,,2","  216","H,,2"
"IRM00040845","2025-12-01","29.267","50.267","3.0","KHARG, IR",,,"  250","H,,2","  185","H,,2","  219","H,,2"
"IRM00040845","2025-12-02","29.267","50.267","3.0","KHARG, IR",,,"  250","H,,2","  205","H,,2","  221","H,,2"
"IRM00040845","2025-12-03","29.267","50.267","3.0","KHARG, IR",,,"  240","H,,2","  205","H,,2","  229","H,,2"
"IRM00040845","2025-12-04","29.267","50.267","3.0","KHARG, IR",,,"  250","H,,2","  233","H,,2","  243","H,,2"
"IRM00040845","2025-12-05","29.267","50.267","3.0","KHARG, IR",,,"  240","H,,2","  234","H,,2","  239","H,,2"
"IRM00040845","2025-12-06","29.267","50.267","3.0","KHARG, IR",,,"  250","H,,2","  230","H,,2","  235","H,,2"
"IRM00040845","2025-12-07","29.267","50.267","3.0","KHARG, IR",,,"  270","H,,2","  180","H,,2","  230","H,,2"
"IRM00040845","2025-12-08","29.267","50.267","3.0","KHARG, IR",,,"  260","H,,2","  213","H,,2","  233","H,,2"
"IRM00040845","2025-12-09","29.267","50.267","3.0","KHARG, IR",,,"  250","H,,2","  220","H,,2","  236","H,,2"
"IRM00040845","2025-12-10","29.267","50.267","3.0","KHARG, IR",,,"  260","H,,2","  221","H,,2","  240","H,,2"
"IRM00040845","2025-12-28","29.267","50.267","3.0","KHARG, IR",,,"  220","H,,2","  170","H,,2","  204","H,,2"
"IRM00040845","2026-01-04","29.267","50.267","3.0","KHARG, IR",,,"  160","H,,2","  150","H,,2","  152","H,,2"
