"STATION","DATE","LATITUDE","LONGITUDE","ELEVATION","NAME","PRCP","PRCP_ATTRIBUTES","SNWD","SNWD_ATTRIBUTES","TMAX","TMAX_ATTRIBUTES","TMIN","TMIN_ATTRIBUTES","TAVG","TAVG_ATTRIBUTES"
"IRM00040836","1991-11-01","30.667","51.583","1837.0","YASOGE, IR",,,,,,,,,"  185","H,,S"
"IRM00040836","1991-12-20","30.667","51.583","1837.0","YASOGE, IR","    0",",,S",,,,,"  -20",",,S","    1","H,,S"
"IRM00040836","1991-12-25","30.667","51.583","1837.0","YASOGE, IR","    5",",,S",,,,,"  -20",",,S","   22","H,,S"
"IRM00040836","1992-01-09","30.667","51.583","1837.0","YASOGE, IR",,,,,"   44",",,S","  -60",",,S","  -22","H,,S"
"IRM00040836","1992-01-19","30.667","51.583","1837.0","YASOGE, IR","    0",",,S",,,,,"  -72",",,S","  -29","H,,S"
"IRM00040836","1992-04-29","30.667","51.583","1837.0","YASOGE, IR",,,,,"  215",",,S","   60",",,S","  160","H,,S"
"IRM00040836","1992-06-07","30.667","51.583","1837.0","YASOGE, IR",,,,,"  300",",,S","  130",",,S","  218","H,,S"
"IRM00040836","1992-07-14","30.667","51.583","1837.0","YASOGE, IR",,,,,"  340",",,S",,,"  257","H,,S"
"IRM00040836","1992-07-15","30.667","51.583","1837.0","YASOGE, IR",,,,,"  340",",,S",,,"  305","H,,S"
"IRM00040836","1992-07-26","30.667","51.583","1837.0","YASOGE, IR",,,,,,,,,"  261","H,,S"
"IRM00040836","1992-07-29","30.667","51.583","1837.0","YASOGE, IR",,,,,,,,,"  287","H,,S"
"IRM00040836","1992-08-04","30.667","51.583","1837.0","YASOGE, IR",,,,,,,,,"  273","H,,S"
"IRM00040836","1992-09-04","30.667","51.583","1837.0","YASOGE, IR",,,,,,,,,"  208","H,,S"
"IRM00040836","1992-09-26","30.667","51.583","1837.0","YASOGE, IR",,,,,,,,,"  205","H,,S"
"IRM00040836","1992-10-22","30.667","51.583","1837.0","YASOGE, IR",,,,,,,,,"  148","H,,S"
"IRM00040836","1992-10-26","30.667","51.583","1837.0","YASOGE, IR",,,,,,,,,"  111","H,,S"
"IRM00040836","1992-10-27","30.667","51.583","1837.0","YASOGE, IR",,,,,,,,,"  127","H,,S"
"IRM00040836","1992-11-01","30.667","51.583","1837.0","YASOGE, IR",,,,,,,,,"  140","H,,S"
"IRM00040836","1992-11-02","30.667","51.583","1837.0","YASOGE, IR",,,,,,,"   56",",,S","  139","H,,S"
"IRM00040836","1992-11-04","30.667","51.583","1837.0","YASOGE, IR",,,,,,,,,"  135","H,,S"
"IRM00040836","1992-11-08","30.667","51.583","1837.0","YASOGE, IR",,,,,,,,,"  116","H,,S"
"IRM00040836","1992-11-09","30.667","51.583","1837.0","YASOGE, IR",,,,,,,,,"  121","H,,S"
"IRM00040836","1992-11-13","30.667","51.583","1837.0","YASOGE, IR",,,,,,,,,"  139","H,,S"
"IRM00040836","1992-11-14","30.667","51.583","1837.0","YASOGE, IR",,,,,,,,,"  133","H,,S"
"IRM00040836","1992-11-17","30.667","51.583","1837.0","YASOGE, IR",,,,,,,,,"   77","H,,S"
"IRM00040836","1992-11-18","30.667","51.583","1837.0","YASOGE, IR",,,,,,,,,"   84","H,,S"
"IRM00040836","1992-11-22","30.667","51.583","1837.0","YASOGE, IR",,,,,,,,,"  100","H,,S"
"IRM00040836","1992-11-23","30.667","51.583","1837.0","YASOGE, IR",,,,,,,,,"   83","H,,S"
"IRM00040836","1992-11-24","30.667","51.583","1837.0","YASOGE, IR",,,,,,,,,"   89","H,,S"
"IRM00040836","1992-11-26","30.667","51.583","1837.0","YASOGE, IR",,,,,,,,,"   56","H,,S"
"IRM00040836","1992-11-28","30.667","51.583","1837.0","YASOGE, IR",,,,,,,,,"   72","H,,S"
"IRM00040836","1992-11-29","30.667","51.583","1837.0","YASOGE, IR",,,,,,,,,"   65","H,,S"
"IRM00040836","1992-11-30","30.667","51.583","1837.0","YASOGE, IR",,,,,,,,,"   83","H,,S"
"IRM00040836","1992-12-01","30.667","51.583","1837.0","YASOGE, IR",,,,,,,,,"   40","H,,S"
"IRM00040836","1992-12-02","30.667","51.583","1837.0","YASOGE, IR",,,,,,,,,"   55","H,,S"
"IRM00040836","1992-12-03","30.667","51.583","1837.0","YASOGE, IR",,,,,,,,,"   64","H,,S"
"IRM00040836","1992-12-04","30.667","51.583","1837.0","YASOGE, IR",,,,,,,,,"   63","H,,S"
"IRM00040836","1992-12-07","30.667","51.583","1837.0","YASOGE, IR",,,,,,,,,"    7","H,,S"
"IRM00040836","1992-12-08","30.667","51.583","1837.0","YASOGE, IR",,,,,"  100",",,S",,,"   20","H,,S"
"IRM00040836","1992-12-11","30.667","51.583","1837.0","YASOGE, IR",,,,,,,,,"  -18","H,,S"
"IRM00040836","1992-12-13","30.667","51.583","1837.0","YASOGE, IR",,,,,,,,,"   44","H,,S"
"IRM00040836","1992-12-14","30.667","51.583","1837.0","YASOGE, IR",,,,,,,,,"   46","H,,S"
"IRM00040836","1992-12-15","30.667","51.583","1837.0","YASOGE, IR",,,,,,,,,"   33","H,,S"
"IRM00040836","1992-12-16","30.667","51.583","1837.0","YASOGE, IR",,,,,,,,,"   49","H,,S"
"IRM00040836","1992-12-17","30.667","51.583","1837.0","YASOGE, IR",,,,,,,,,"   39","H,,S"
"IRM00040836","1992-12-19","30.667","51.583","1837.0","YASOGE, IR",,,,,,,,,"   34","H,,S"
"IRM00040836","1992-12-20","30.667","51.583","1837.0","YASOGE, IR",,,,,,,,,"   24","H,,S"
"IRM00040836","1992-12-21","30.667","51.583","1837.0","YASOGE, IR",,,,,,,,,"   39","H,,S"
"IRM00040836","1992-12-25","30.667","51.583","1837.0","YASOGE, IR",,,,,,,,,"   26","H,,S"
"IRM00040836","1992-12-26","30.667","51.583","1837.0","YASOGE, IR",,,,,,,,,"   32","H,,S"
"IRM00040836","1992-12-27","30.667","51.583","1837.0","YASOGE, IR",,,,,,,,,"   37","H,,S"
"IRM00040836","1992-12-28","30.667","51.583","1837.0","YASOGE, IR",,,,,,,,,"   34","H,,S"
"IRM00040836","1992-12-29","30.667","51.583","1837.0","YASOGE, IR",,,,,,,,,"    4","H,,S"
"IRM00040836","1992-12-30","30.667","51.583","1837.0","YASOGE, IR",,,,,,,,,"   28","H,,S"
"IRM00040836","1992-12-31","30.667","51.583","1837.0","YASOGE, IR",,,,,,,,,"   33","H,,S"
"IRM00040836","1993-01-01","30.667","51.583","1837.0","YASOGE, IR",,,,,,,,,"    4","H,,S"
"IRM00040836","1993-01-03","30.667","51.583","1837.0","YASOGE, IR",,,,,,,,,"   23","H,,S"
"IRM00040836","1993-01-07","30.667","51.583","1837.0","YASOGE, IR",,,,,,,,,"   64","H,,S"
"IRM00040836","1993-01-08","30.667","51.583","1837.0","YASOGE, IR",,,,,,,,,"   74","H,,S"
"IRM00040836","1993-01-09","30.667","51.583","1837.0","YASOGE, IR",,,,,,,,,"   56","H,,S"
"IRM00040836","1993-01-10","30.667","51.583","1837.0","YASOGE, IR",,,,,,,,,"   34","H,,S"
"IRM00040836","1993-01-11","30.667","51.583","1837.0","YASOGE, IR",,,,,,,,,"   45","H,,S"
"IRM00040836","1993-01-12","30.667","51.583","1837.0","YASOGE, IR",,,,,,,,,"   34","H,,S"
"IRM00040836","1993-01-13","30.667","51.583","1837.0","YASOGE, IR",,,,,,,,,"   18","H,,S"
"IRM00040836","1993-01-14","30.667","51.583","1837.0","YASOGE, IR",,,,,,,,,"   -7","H,,S"
"IRM00040836","1993-01-15","30.667","51.583","1837.0","YASOGE, IR",,,,,,,,,"  -20","H,,S"
"IRM00040836","1993-01-16","30.667","51.583","1837.0","YASOGE, IR",,,,,,,,,"   -2","H,,S"
"IRM00040836","1993-01-17","30.667","51.583","1837.0","YASOGE, IR",,,,,,,,,"    9","H,,S"
"IRM00040836","1993-01-18","30.667","51.583","1837.0","YASOGE, IR",,,,,,,,,"    3","H,,S"
"IRM00040836","1993-01-19","30.667","51.583","1837.0","YASOGE, IR",,,,,,,,,"    8","H,,S"
"IRM00040836","1993-01-20","30.667","51.583","1837.0","YASOGE, IR",,,,,,,,,"    6","H,,S"
"IRM00040836","1993-01-21","30.667","51.583","1837.0","YASOGE, IR",,,,,,,,,"   -8","H,,S"
"IRM00040836","1993-01-22","30.667","51.583","1837.0","YASOGE, IR",,,,,,,,,"    5","H,,S"
"IRM00040836","1993-01-23","30.667","51.583","1837.0","YASOGE, IR","    0","D,,S",,,,,,,"   -4","H,,S"
"IRM00040836","1993-01-24","30.667","51.583","1837.0","YASOGE, IR","    0","D,,S",,,,,,,"    3","H,,S"
"IRM00040836","1993-01-26","30.667","51.583","1837.0","YASOGE, IR",,,,,,,,,"   30","H,,S"
"IRM00040836","1993-01-28","30.667","51.583","1837.0","YASOGE, IR",,,,,,,,,"   31","H,,S"
"IRM00040836","1993-01-29","30.667","51.583","1837.0","YASOGE, IR",,,,,,,,,"   47","H,,S"
"IRM00040836","1993-02-01","30.667","51.583","1837.0","YASOGE, IR",,,,,,,,,"   56","H,,S"
"IRM00040836","1993-02-03","30.667","51.583","1837.0","YASOGE, IR",,,,,,,,,"   32","H,,S"
"IRM00040836","1993-02-04","30.667","51.583","1837.0","YASOGE, IR",,,,,,,,,"   33","H,,S"
"IRM00040836","1993-02-05","30.667","51.583","1837.0","YASOGE, IR",,,,,,,,,"    5","H,,S"
"IRM00040836","1993-02-08","30.667","51.583","1837.0","YASOGE, IR",,,,,,,,,"    3","H,,S"
"IRM00040836","1993-02-09","30.667","51.583","1837.0","YASOGE, IR",,,,,,,,,"    3","H,,S"
"IRM00040836","1993-02-10","30.667","51.583","1837.0","YASOGE, IR",,,,,,,,,"   18","H,,S"
"IRM00040836","1993-02-11","30.667","51.583","1837.0","YASOGE, IR","    0","D,,S",,,,,,,"   48","H,,S"
"IRM00040836","1993-02-12","30.667","51.583","1837.0","YASOGE, IR",,,,,,,,,"   43","H,,S"
"IRM00040836","1993-02-13","30.667","51.583","1837.0","YASOGE, IR",,,,,,,,,"   51","H,,S"
"IRM00040836","1993-02-14","30.667","51.583","1837.0","YASOGE, IR",,,,,,,,,"   54","H,,S"
"IRM00040836","1993-02-17","30.667","51.583","1837.0","YASOGE, IR",,,,,,,,,"   25","H,,S"
"IRM00040836","1993-02-18","30.667","51.583","1837.0","YASOGE, IR",,,,,,,,,"   19","H,,S"
"IRM00040836","1993-02-19","30.667","51.583","1837.0","YASOGE, IR",,,,,,,,,"   57","H,,S"
"IRM00040836","1993-02-20","30.667","51.583","1837.0","YASOGE, IR",,,,,,,,,"   53","H,,S"
"IRM00040836","1993-02-21","30.667","51.583","1837.0","YASOGE, IR",,,,,,,,,"   61","H,,S"
"IRM00040836","1993-02-22","30.667","51.583","1837.0","YASOGE, IR",,,,,,,,,"   72","H,,S"
"IRM00040836","1993-02-23","30.667","51.583","1837.0","YASOGE, IR",,,,,,,,,"   52","H,,S"
"IRM00040836","1993-02-24","30.667","51.583","1837.0","YASOGE, IR",,,,,,,,,"   47","H,,S"
"IRM00040836","1993-02-25","30.667","51.583","1837.0","YASOGE, IR",,,,,,,,,"   59","H,,S"
"IRM00040836","1993-02-26","30.667","51.583","1837.0","YASOGE, IR",,,,,,,,,"  100","H,,S"
"IRM00040836","1993-02-27","30.667","51.583","1837.0","YASOGE, IR",,,,,,,,,"   68","H,,S"
"IRM00040836","1993-02-28","30.667","51.583","1837.0","YASOGE, IR",,,,,,,,,"   81","H,,S"
"IRM00040836","1993-03-01","30.667","51.583","1837.0","YASOGE, IR",,,,,,,,,"   94","H,,S"
"IRM00040836","1993-03-02","30.667","51.583","1837.0","YASOGE, IR",,,,,,,,,"   90","H,,S"
"IRM00040836","1993-03-03","30.667","51.583","1837.0","YASOGE, IR",,,,,,,,,"   69","H,,S"
"IRM00040836","1993-03-04","30.667","51.583","1837.0","YASOGE, IR",,,,,,,"   40",",,S","   93","H,,S"
"IRM00040836","1993-03-06","30.667","51.583","1837.0","YASOGE, IR",,,,,,,,,"   37","H,,S"
"IRM00040836","1993-03-09","30.667","51.583","1837.0","YASOGE, IR",,,,,,,,,"   73","H,,S"
"IRM00040836","1993-03-10","30.667","51.583","1837.0","YASOGE, IR",,,,,,,,,"   67","H,,S"
"IRM00040836","1993-03-22","30.667","51.583","1837.0","YASOGE, IR",,,,,,,,,"   37","H,,S"
"IRM00040836","1993-03-25","30.667","51.583","1837.0","YASOGE, IR",,,,,,,,,"  107","H,,S"
"IRM00040836","1993-03-26","30.667","51.583","1837.0","YASOGE, IR",,,,,,,,,"   67","H,,S"
"IRM00040836","1993-03-28","30.667","51.583","1837.0","YASOGE, IR",,,,,,,,,"   91","H,,S"
"IRM00040836","1993-03-30","30.667","51.583","1837.0","YASOGE, IR",,,,,,,,,"  102","H,,S"
"IRM00040836","1993-04-08","30.667","51.583","1837.0","YASOGE, IR",,,,,,,,,"  127","H,,S"
"IRM00040836","1993-04-10","30.667","51.583","1837.0","YASOGE, IR",,,,,,,,,"  147","H,,S"
"IRM00040836","1993-04-11","30.667","51.583","1837.0","YASOGE, IR",,,,,,,,,"  107","H,,S"
"IRM00040836","1993-04-16","30.667","51.583","1837.0","YASOGE, IR",,,,,,,,,"  158","H,,S"
"IRM00040836","1993-04-18","30.667","51.583","1837.0","YASOGE, IR",,,,,,,,,"  165","H,,S"
"IRM00040836","1993-04-21","30.667","51.583","1837.0","YASOGE, IR",,,,,,,,,"  157","H,,S"
"IRM00040836","1993-04-24","30.667","51.583","1837.0","YASOGE, IR",,,,,,,,,"  147","H,,S"
"IRM00040836","1993-04-29","30.667","51.583","1837.0","YASOGE, IR",,,,,,,,,"  127","H,,S"
"IRM00040836","1993-05-29","30.667","51.583","1837.0","YASOGE, IR","    0",",,S",,,,,,,"  190","H,,S"
"IRM00040836","1993-07-30","30.667","51.583","1837.0","YASOGE, IR",,,,,,,,,"  260","H,,S"
"IRM00040836","1993-07-31","30.667","51.583","1837.0","YASOGE, IR",,,,,"  340",",,S",,,"  260","H,,S"
"IRM00040836","1993-08-15","30.667","51.583","1837.0","YASOGE, IR",,,,,,,,,"  240","H,,S"
"IRM00040836","1993-08-24","30.667","51.583","1837.0","YASOGE, IR",,,,,,,"  152",",,S","  249","H,,S"
"IRM00040836","1993-08-28","30.667","51.583","1837.0","YASOGE, IR",,,,,,,,,"  239","H,,S"
"IRM00040836","1993-08-31","30.667","51.583","1837.0","YASOGE, IR",,,,,,,,,"  256","H,,S"
"IRM00040836","1993-09-12","30.667","51.583","1837.0","YASOGE, IR",,,,,,,,,"  308","H,,S"
"IRM00040836","1993-09-14","30.667","51.583","1837.0","YASOGE, IR",,,,,,,,,"  233","H,,S"
"IRM00040836","1993-09-23","30.667","51.583","1837.0","YASOGE, IR",,,,,,,,,"  204","H,,S"
"IRM00040836","1993-09-26","30.667","51.583","1837.0","YASOGE, IR",,,,,"  304",",,S",,,"  194","H,,S"
"IRM00040836","1993-09-28","30.667","51.583","1837.0","YASOGE, IR",,,,,,,,,"  189","H,,S"
"IRM00040836","1993-09-29","30.667","51.583","1837.0","YASOGE, IR",,,,,,,,,"  151","H,,S"
"IRM00040836","1993-09-30","30.667","51.583","1837.0","YASOGE, IR",,,,,,,,,"  188","H,,S"
"IRM00040836","1993-10-02","30.667","51.583","1837.0","YASOGE, IR",,,,,,,,,"  182","H,,S"
"IRM00040836","1993-10-15","30.667","51.583","1837.0","YASOGE, IR",,,,,,,,,"  166","H,,S"
"IRM00040836","1993-10-20","30.667","51.583","1837.0","YASOGE, IR",,,,,,,,,"  162","H,,S"
"IRM00040836","1993-10-22","30.667","51.583","1837.0","YASOGE, IR",,,,,,,,,"  161","H,,S"
"IRM00040836","1993-10-24","30.667","51.583","1837.0","YASOGE, IR",,,,,,,"   80",",,S","  152","H,,S"
"IRM00040836","1993-10-25","30.667","51.583","1837.0","YASOGE, IR",,,,,,,,,"  143","H,,S"
"IRM00040836","1993-10-27","30.667","51.583","1837.0","YASOGE, IR",,,,,,,,,"  130","H,,S"
"IRM00040836","1993-11-24","30.667","51.583","1837.0","YASOGE, IR",,,,,,,,,"  104","H,,S"
"IRM00040836","1993-11-25","30.667","51.583","1837.0","YASOGE, IR",,,,,,,,,"  104","H,,S"
"IRM00040836","1993-12-03","30.667","51.583","1837.0","YASOGE, IR",,,,,,,,,"   83","H,,S"
"IRM00040836","1993-12-10","30.667","51.583","1837.0","YASOGE, IR",,,,,,,,,"   47","H,,S"
"IRM00040836","1993-12-15","30.667","51.583","1837.0","YASOGE, IR",,,,,,,,,"   84","H,,S"
"IRM00040836","1994-01-04","30.667","51.583","1837.0","YASOGE, IR",,,,,,,,,"   98","H,,S"
"IRM00040836","1994-01-05","30.667","51.583","1837.0","YASOGE, IR",,,,,,,,,"   77","H,,S"
"IRM00040836","1994-01-06","30.667","51.583","1837.0","YASOGE, IR",,,,,,,,,"   47","H,,S"
"IRM00040836","1994-01-08","30.667","51.583","1837.0","YASOGE, IR",,,,,,,,,"   53","H,,S"
"IRM00040836","1994-01-22","30.667","51.583","1837.0","YASOGE, IR",,,,,,,,,"   33","H,,S"
"IRM00040836","1994-01-24","30.667","51.583","1837.0","YASOGE, IR",,,,,,,,,"    5","H,,S"
"IRM00040836","1994-01-30","30.667","51.583","1837.0","YASOGE, IR",,,,,,,,,"   39","H,,S"
"IRM00040836","1994-02-19","30.667","51.583","1837.0","YASOGE, IR",,,,,,,,,"   -2","H,,S"
"IRM00040836","1994-02-21","30.667","51.583","1837.0","YASOGE, IR",,,,,,,,,"   52","H,,S"
"IRM00040836","1994-02-22","30.667","51.583","1837.0","YASOGE, IR",,,,,,,,,"   62","H,,S"
"IRM00040836","1994-02-23","30.667","51.583","1837.0","YASOGE, IR",,,,,,,,,"   36","H,,S"
"IRM00040836","1994-02-25","30.667","51.583","1837.0","YASOGE, IR",,,,,,,,,"   50","H,,S"
"IRM00040836","1994-02-26","30.667","51.583","1837.0","YASOGE, IR",,,,,,,,,"   66","H,,S"
"IRM00040836","1994-02-28","30.667","51.583","1837.0","YASOGE, IR",,,,,,,,,"   88","H,,S"
"IRM00040836","1994-03-05","30.667","51.583","1837.0","YASOGE, IR",,,,,,,,,"   94","H,,S"
"IRM00040836","1994-03-06","30.667","51.583","1837.0","YASOGE, IR",,,,,,,,,"   82","H,,S"
"IRM00040836","1994-03-09","30.667","51.583","1837.0","YASOGE, IR",,,,,,,,,"  106","H,,S"
"IRM00040836","1994-03-10","30.667","51.583","1837.0","YASOGE, IR",,,,,,,,,"  104","H,,S"
"IRM00040836","1994-03-13","30.667","51.583","1837.0","YASOGE, IR",,,,,,,,,"   49","H,,S"
"IRM00040836","1994-03-14","30.667","51.583","1837.0","YASOGE, IR","    0","D,,S",,,,,,,"   73","H,,S"
"IRM00040836","1994-03-15","30.667","51.583","1837.0","YASOGE, IR","    0","D,,S",,,,,,,"  131","H,,S"
"IRM00040836","1994-03-17","30.667","51.583","1837.0","YASOGE, IR",,,,,,,,,"   73","H,,S"
"IRM00040836","1994-03-18","30.667","51.583","1837.0","YASOGE, IR",,,,,,,,,"  102","H,,S"
"IRM00040836","1994-03-20","30.667","51.583","1837.0","YASOGE, IR","    0","D,,S",,,,,,,"  114","H,,S"
"IRM00040836","1994-03-23","30.667","51.583","1837.0","YASOGE, IR",,,,,,,,,"   74","H,,S"
"IRM00040836","1994-03-24","30.667","51.583","1837.0","YASOGE, IR",,,,,,,,,"   48","H,,S"
"IRM00040836","1994-03-26","30.667","51.583","1837.0","YASOGE, IR",,,,,,,,,"   88","H,,S"
"IRM00040836","1994-03-27","30.667","51.583","1837.0","YASOGE, IR",,,,,,,,,"   91","H,,S"
"IRM00040836","1994-03-29","30.667","51.583","1837.0","YASOGE, IR",,,,,,,,,"  116","H,,S"
"IRM00040836","1994-03-30","30.667","51.583","1837.0","YASOGE, IR",,,,,,,,,"   96","H,,S"
"IRM00040836","1994-03-31","30.667","51.583","1837.0","YASOGE, IR","    0","D,,S",,,,,,,"  127","H,,S"
"IRM00040836","1994-04-01","30.667","51.583","1837.0","YASOGE, IR","   30","D,,S",,,,,,,"   97","H,,S"
"IRM00040836","1994-04-02","30.667","51.583","1837.0","YASOGE, IR",,,,,,,,,"  118","H,,S"
"IRM00040836","1994-04-03","30.667","51.583","1837.0","YASOGE, IR","    0","D,,S",,,,,,,"  117","H,,S"
"IRM00040836","1994-04-04","30.667","51.583","1837.0","YASOGE, IR","    0","D,,S",,,,,,,"   99","H,,S"
"IRM00040836","1994-04-05","30.667","51.583","1837.0","YASOGE, IR",,,,,,,,,"  119","H,,S"
"IRM00040836","1994-04-06","30.667","51.583","1837.0","YASOGE, IR",,,,,,,,,"  117","H,,S"
"IRM00040836","1994-04-07","30.667","51.583","1837.0","YASOGE, IR",,,,,,,,,"  135","H,,S"
"IRM00040836","1994-04-08","30.667","51.583","1837.0","YASOGE, IR",,,,,,,,,"  144","H,,S"
"IRM00040836","1994-04-09","30.667","51.583","1837.0","YASOGE, IR","    0","D,,S",,,,,,,"  144","H,,S"
"IRM00040836","1994-04-10","30.667","51.583","1837.0","YASOGE, IR","    0","D,,S",,,,,,,"  156","H,,S"
"IRM00040836","1994-04-11","30.667","51.583","1837.0","YASOGE, IR",,,,,,,,,"  135","H,,S"
"IRM00040836","1994-04-13","30.667","51.583","1837.0","YASOGE, IR",,,,,,,,,"   81","H,,S"
"IRM00040836","1994-04-14","30.667","51.583","1837.0","YASOGE, IR",,,,,,,,,"   95","H,,S"
"IRM00040836","1994-04-15","30.667","51.583","1837.0","YASOGE, IR",,,,,,,"   64",",,S","  148","H,,S"
"IRM00040836","1994-04-16","30.667","51.583","1837.0","YASOGE, IR",,,,,,,,,"  128","H,,S"
"IRM00040836","1994-04-17","30.667","51.583","1837.0","YASOGE, IR",,,,,,,,,"  107","H,,S"
"IRM00040836","1994-04-18","30.667","51.583","1837.0","YASOGE, IR",,,,,,,,,"  136","H,,S"
"IRM00040836","1994-04-19","30.667","51.583","1837.0","YASOGE, IR",,,,,,,,,"  134","H,,S"
"IRM00040836","1994-04-20","30.667","51.583","1837.0","YASOGE, IR",,,,,,,,,"  129","H,,S"
"IRM00040836","1994-04-22","30.667","51.583","1837.0","YASOGE, IR",,,,,,,,,"  159","H,,S"
"IRM00040836","1994-04-24","30.667","51.583","1837.0","YASOGE, IR",,,,,,,,,"  178","H,,S"
"IRM00040836","1994-04-25","30.667","51.583","1837.0","YASOGE, IR",,,,,,,,,"  167","H,,S"
"IRM00040836","1994-04-26","30.667","51.583","1837.0","YASOGE, IR",,,,,,,,,"  171","H,,S"
"IRM00040836","1994-04-29","30.667","51.583","1837.0","YASOGE, IR",,,,,,,,,"  183","H,,S"
"IRM00040836","1994-05-09","30.667","51.583","1837.0","YASOGE, IR",,,,,,,,,"  156","H,,S"
"IRM00040836","1994-05-11","30.667","51.583","1837.0","YASOGE, IR",,,,,,,,,"  144","H,,S"
"IRM00040836","1994-05-13","30.667","51.583","1837.0","YASOGE, IR",,,,,,,,,"  175","H,,S"
"IRM00040836","1994-05-14","30.667","51.583","1837.0","YASOGE, IR",,,,,,,,,"  180","H,,S"
"IRM00040836","1994-05-28","30.667","51.583","1837.0","YASOGE, IR",,,,,,,,,"  208","H,,S"
"IRM00040836","1994-05-31","30.667","51.583","1837.0","YASOGE, IR",,,,,,,,,"  224","H,,S"
"IRM00040836","1994-06-06","30.667","51.583","1837.0","YASOGE, IR",,,,,,,,,"  194","H,,S"
"IRM00040836","1994-06-07","30.667","51.583","1837.0","YASOGE, IR",,,,,,,,,"  214","H,,S"
"IRM00040836","1994-06-08","30.667","51.583","1837.0","YASOGE, IR",,,,,,,,,"  218","H,,S"
"IRM00040836","1994-06-12","30.667","51.583","1837.0","YASOGE, IR",,,,,,,,,"  248","H,,S"
"IRM00040836","1994-06-13","30.667","51.583","1837.0","YASOGE, IR","    0","D,,S",,,,,,,"  258","H,,S"
"IRM00040836","1994-06-14","30.667","51.583","1837.0","YASOGE, IR",,,,,,,,,"  264","H,,S"
"IRM00040836","1994-06-15","30.667","51.583","1837.0","YASOGE, IR","    0","D,,S",,,,,,,"  230","H,,S"
"IRM00040836","1994-06-17","30.667","51.583","1837.0","YASOGE, IR",,,,,,,,,"  253","H,,S"
"IRM00040836","1994-06-18","30.667","51.583","1837.0","YASOGE, IR",,,,,,,,,"  220","H,,S"
"IRM00040836","1994-06-19","30.667","51.583","1837.0","YASOGE, IR","    0","D,,S",,,,,,,"  240","H,,S"
"IRM00040836","1994-06-21","30.667","51.583","1837.0","YASOGE, IR",,,,,,,,,"  252","H,,S"
"IRM00040836","1994-06-25","30.667","51.583","1837.0","YASOGE, IR","    0","D,,S",,,,,,,"  241","H,,S"
"IRM00040836","1994-06-26","30.667","51.583","1837.0","YASOGE, IR",,,,,"  344",",,S",,,"  263","H,,S"
"IRM00040836","1994-06-27","30.667","51.583","1837.0","YASOGE, IR",,,,,,,,,"  211","H,,S"
"IRM00040836","1994-06-28","30.667","51.583","1837.0","YASOGE, IR",,,,,,,,,"  232","H,,S"
"IRM00040836","1994-06-29","30.667","51.583","1837.0","YASOGE, IR",,,,,"  292",",,S",,,"  242","H,,S"
"IRM00040836","1994-06-30","30.667","51.583","1837.0","YASOGE, IR",,,,,,,,,"  203","H,,S"
"IRM00040836","1994-07-01","30.667","51.583","1837.0","YASOGE, IR",,,,,,,,,"  229","H,,S"
"IRM00040836","1994-07-03","30.667","51.583","1837.0","YASOGE, IR","    0","D,,S",,,,,,,"  256","H,,S"
"IRM00040836","1994-07-04","30.667","51.583","1837.0","YASOGE, IR",,,,,,,,,"  257","H,,S"
"IRM00040836","1994-07-06","30.667","51.583","1837.0","YASOGE, IR",,,,,,,,,"  263","H,,S"
"IRM00040836","1994-07-08","30.667","51.583","1837.0","YASOGE, IR",,,,,,,,,"  249","H,,S"
"IRM00040836","1994-07-09","30.667","51.583","1837.0","YASOGE, IR",,,,,,,,,"  224","H,,S"
"IRM00040836","1994-07-10","30.667","51.583","1837.0","YASOGE, IR","    0","D,,S",,,,,,,"  277","H,,S"
"IRM00040836","1994-07-11","30.667","51.583","1837.0","YASOGE, IR",,,,,,,,,"  248","H,,S"
"IRM00040836","1994-07-14","30.667","51.583","1837.0","YASOGE, IR","    0","D,,S",,,,,,,"  257","H,,S"
"IRM00040836","1994-07-15","30.667","51.583","1837.0","YASOGE, IR","    0","D,,S",,,,,,,"  268","H,,S"
"IRM00040836","1994-07-16","30.667","51.583","1837.0","YASOGE, IR","    0","D,,S",,,,,,,"  254","H,,S"
"IRM00040836","1994-07-17","30.667","51.583","1837.0","YASOGE, IR",,,,,,,,,"  269","H,,S"
"IRM00040836","1994-07-18","30.667","51.583","1837.0","YASOGE, IR","    0","D,,S",,,,,,,"  254","H,,S"
"IRM00040836","1994-07-19","30.667","51.583","1837.0","YASOGE, IR","    0","D,,S",,,,,,,"  268","H,,S"
"IRM00040836","1994-07-20","30.667","51.583","1837.0","YASOGE, IR","    0","D,,S",,,,,,,"  282","H,,S"
"IRM00040836","1994-07-21","30.667","51.583","1837.0","YASOGE, IR","    0","D,,S",,,,,,,"  282","H,,S"
"IRM00040836","1994-07-22","30.667","51.583","1837.0","YASOGE, IR",,,,,,,,,"  294","H,,S"
"IRM00040836","1994-07-23","30.667","51.583","1837.0","YASOGE, IR",,,,,,,,,"  259","H,,S"
"IRM00040836","1994-07-24","30.667","51.583","1837.0","YASOGE, IR","    0","D,,S",,,,,,,"  264","H,,S"
"IRM00040836","1994-07-25","30.667","51.583","1837.0","YASOGE, IR","    0","D,,S",,,,,,,"  263","H,,S"
"IRM00040836","1994-07-26","30.667","51.583","1837.0","YASOGE, IR",,,,,,,,,"  311","H,,S"
"IRM00040836","1994-07-27","30.667","51.583","1837.0","YASOGE, IR",,,,,,,,,"  309","H,,S"
"IRM00040836","1994-07-28","30.667","51.583","1837.0","YASOGE, IR","    0","D,,S",,,,,,,"  288","H,,S"
"IRM00040836","1994-07-29","30.667","51.583","1837.0","YASOGE, IR",,,,,,,,,"  264","H,,S"
"IRM00040836","1994-07-30","30.667","51.583","1837.0","YASOGE, IR","    0","D,,S",,,,,,,"  316","H,,S"
"IRM00040836","1994-08-02","30.667","51.583","1837.0","YASOGE, IR","    0","D,,S",,,,,,,"  294","H,,S"
"IRM00040836","1994-08-05","30.667","51.583","1837.0","YASOGE, IR",,,,,,,,,"  303","H,,S"
"IRM00040836","1994-08-07","30.667","51.583","1837.0","YASOGE, IR","    0","D,,S",,,,,,,"  291","H,,S"
"IRM00040836","1994-08-08","30.667","51.583","1837.0","YASOGE, IR",,,,,,,,,"  294","H,,S"
"IRM00040836","1994-08-10","30.667","51.583","1837.0","YASOGE, IR",,,,,,,"  202",",,S","  262","H,,S"
"IRM00040836","1994-08-11","30.667","51.583","1837.0","YASOGE, IR","    0","D,,S",,,,,,,"  288","H,,S"
"IRM00040836","1994-08-13","30.667","51.583","1837.0","YASOGE, IR","    0","D,,S",,,,,,,"  282","H,,S"
"IRM00040836","1994-08-14","30.667","51.583","1837.0","YASOGE, IR","    0","D,,S",,,,,,,"  276","H,,S"
"IRM00040836","1994-08-15","30.667","51.583","1837.0","YASOGE, IR",,,,,,,,,"  282","H,,S"
"IRM00040836","1994-08-16","30.667","51.583","1837.0","YASOGE, IR",,,,,,,,,"  293","H,,S"
"IRM00040836","1994-08-17","30.667","51.583","1837.0","YASOGE, IR","    0","D,,S",,,,,,,"  280","H,,S"
"IRM00040836","1994-08-18","30.667","51.583","1837.0","YASOGE, IR",,,,,,,,,"  271","H,,S"
"IRM00040836","1994-08-19","30.667","51.583","1837.0","YASOGE, IR",,,,,,,,,"  276","H,,S"
"IRM00040836","1994-08-20","30.667","51.583","1837.0","YASOGE, IR",,,,,,,,,"  296","H,,S"
"IRM00040836","1994-08-21","30.667","51.583","1837.0","YASOGE, IR",,,,,,,,,"  245","H,,S"
"IRM00040836","1994-08-23","30.667","51.583","1837.0","YASOGE, IR",,,,,,,,,"  297","H,,S"
"IRM00040836","1994-08-25","30.667","51.583","1837.0","YASOGE, IR","    0","D,,S",,,,,,,"  250","H,,S"
"IRM00040836","1994-08-26","30.667","51.583","1837.0","YASOGE, IR","    0","D,,S",,,,,,,"  237","H,,S"
"IRM00040836","1994-08-27","30.667","51.583","1837.0","YASOGE, IR",,,,,,,,,"  268","H,,S"
"IRM00040836","1994-08-28","30.667","51.583","1837.0","YASOGE, IR",,,,,,,,,"  282","H,,S"
"IRM00040836","1994-08-29","30.667","51.583","1837.0","YASOGE, IR","    0","D,,S",,,,,,,"  249","H,,S"
"IRM00040836","1994-08-30","30.667","51.583","1837.0","YASOGE, IR","    0","D,,S",,,,,"  166",",,S","  243","H,,S"
"IRM00040836","1994-08-31","30.667","51.583","1837.0","YASOGE, IR","    0","D,,S",,,,,,,"  241","H,,S"
"IRM00040836","1994-09-01","30.667","51.583","1837.0","YASOGE, IR","    0","D,,S",,,,,,,"  251","H,,S"
"IRM00040836","1994-09-02","30.667","51.583","1837.0","YASOGE, IR",,,,,,,,,"  282","H,,S"
"IRM00040836","1994-09-03","30.667","51.583","1837.0","YASOGE, IR",,,,,,,,,"  257","H,,S"
"IRM00040836","1994-09-04","30.667","51.583","1837.0","YASOGE, IR",,,,,,,,,"  262","H,,S"
"IRM00040836","1994-09-05","30.667","51.583","1837.0","YASOGE, IR","    0",",,S",,,,,,,"  239","H,,S"
"IRM00040836","1994-09-06","30.667","51.583","1837.0","YASOGE, IR","    0","D,,S",,,,,,,"  220","H,,S"
"IRM00040836","1994-09-07","30.667","51.583","1837.0","YASOGE, IR","    0","D,,S",,,,,,,"  211","H,,S"
"IRM00040836","1994-09-08","30.667","51.583","1837.0","YASOGE, IR","    0","D,,S",,,,,,,"  221","H,,S"
"IRM00040836","1994-09-09","30.667","51.583","1837.0","YASOGE, IR","    0","D,,S",,,,,,,"  222","H,,S"
"IRM00040836","1994-09-10","30.667","51.583","1837.0","YASOGE, IR",,,,,,,,,"  236","H,,S"
"IRM00040836","1994-09-11","30.667","51.583","1837.0","YASOGE, IR","    0","D,,S",,,,,,,"  223","H,,S"
"IRM00040836","1994-09-12","30.667","51.583","1837.0","YASOGE, IR",,,,,,,,,"  217","H,,S"
"IRM00040836","1994-09-13","30.667","51.583","1837.0","YASOGE, IR",,,,,,,,,"  236","H,,S"
"IRM00040836","1994-09-14","30.667","51.583","1837.0","YASOGE, IR","    0","D,,S",,,,,,,"  210","H,,S"
"IRM00040836","1994-09-15","30.667","51.583","1837.0","YASOGE, IR",,,,,,,,,"  237","H,,S"
"IRM00040836","1994-09-16","30.667","51.583","1837.0","YASOGE, IR","    0","D,,S",,,,,,,"  208","H,,S"
"IRM00040836","1994-09-24","30.667","51.583","1837.0","YASOGE, IR","    0","D,,S",,,,,,,"  171","H,,S"
"IRM00040836","1994-09-26","30.667","51.583","1837.0","YASOGE, IR","    0","D,,S",,,,,,,"  188","H,,S"
"IRM00040836","1994-10-03","30.667","51.583","1837.0","YASOGE, IR","    0","D,,S",,,,,,,"  165","H,,S"
"IRM00040836","1994-10-09","30.667","51.583","1837.0","YASOGE, IR","    0","D,,S",,,,,,,"  157","H,,S"
"IRM00040836","1994-10-12","30.667","51.583","1837.0","YASOGE, IR","    0","D,,S",,,,,,,"  147","H,,S"
"IRM00040836","1994-10-13","30.667","51.583","1837.0","YASOGE, IR","    0","D,,S",,,,,,,"  162","H,,S"
"IRM00040836","1994-10-14","30.667","51.583","1837.0","YASOGE, IR","    0","D,,S",,,,,,,"  168","H,,S"
"IRM00040836","1994-10-15","30.667","51.583","1837.0","YASOGE, IR","    0","D,,S",,,,,,,"  163","H,,S"
"IRM00040836","1994-10-20","30.667","51.583","1837.0","YASOGE, IR","    0","D,,S",,,,,,,"  132","H,,S"
"IRM00040836","1994-10-21","30.667","51.583","1837.0","YASOGE, IR","    0","D,,S",,,,,,,"  148","H,,S"
"IRM00040836","1994-10-22","30.667","51.583","1837.0","YASOGE, IR","    0","D,,S",,,,,,,"  148","H,,S"
"IRM00040836","1994-10-24","30.667","51.583","1837.0","YASOGE, IR","    0","D,,S",,,,,,,"  126","H,,S"
"IRM00040836","1994-10-26","30.667","51.583","1837.0","YASOGE, IR",,,,,,,,,"  139","H,,S"
"IRM00040836","1994-10-27","30.667","51.583","1837.0","YASOGE, IR",,,,,,,,,"  139","H,,S"
"IRM00040836","1994-10-28","30.667","51.583","1837.0","YASOGE, IR",,,,,,,,,"  144","H,,S"
"IRM00040836","1994-10-29","30.667","51.583","1837.0","YASOGE, IR",,,,,,,,,"  135","H,,S"
"IRM00040836","1994-10-30","30.667","51.583","1837.0","YASOGE, IR",,,,,,,,,"  149","H,,S"
"IRM00040836","1994-10-31","30.667","51.583","1837.0","YASOGE, IR","    0","D,,S",,,,,,,"  119","H,,S"
"IRM00040836","1994-11-01","30.667","51.583","1837.0","YASOGE, IR",,,,,,,,,"  142","H,,S"
"IRM00040836","1994-11-02","30.667","51.583","1837.0","YASOGE, IR","    0","D,,S",,,,,,,"  127","H,,S"
"IRM00040836","1994-11-03","30.667","51.583","1837.0","YASOGE, IR",,,,,,,,,"  131","H,,S"
"IRM00040836","1994-11-04","30.667","51.583","1837.0","YASOGE, IR",,,,,,,,,"  145","H,,S"
"IRM00040836","1994-11-05","30.667","51.583","1837.0","YASOGE, IR",,,,,,,,,"  112","H,,S"
"IRM00040836","1994-11-06","30.667","51.583","1837.0","YASOGE, IR",,,,,,,,,"   90","H,,S"
"IRM00040836","1994-11-07","30.667","51.583","1837.0","YASOGE, IR",,,,,,,,,"  111","H,,S"
"IRM00040836","1994-11-08","30.667","51.583","1837.0","YASOGE, IR",,,,,,,,,"   98","H,,S"
"IRM00040836","1994-11-09","30.667","51.583","1837.0","YASOGE, IR",,,,,,,,,"  102","H,,S"
"IRM00040836","1994-11-10","30.667","51.583","1837.0","YASOGE, IR",,,,,,,,,"   91","H,,S"
"IRM00040836","1994-11-12","30.667","51.583","1837.0","YASOGE, IR","    0","D,,S",,,,,,,"   75","H,,S"
"IRM00040836","1994-11-13","30.667","51.583","1837.0","YASOGE, IR",,,,,,,,,"   83","H,,S"
"IRM00040836","1994-11-14","30.667","51.583","1837.0","YASOGE, IR",,,,,,,,,"   86","H,,S"
"IRM00040836","1994-11-15","30.667","51.583","1837.0","YASOGE, IR","    0","D,,S",,,,,,,"   93","H,,S"
"IRM00040836","1994-11-16","30.667","51.583","1837.0","YASOGE, IR",,,,,,,,,"   74","H,,S"
"IRM00040836","1994-11-17","30.667","51.583","1837.0","YASOGE, IR",,,,,,,,,"   74","H,,S"
"IRM00040836","1994-11-18","30.667","51.583","1837.0","YASOGE, IR",,,,,,,,,"   77","H,,S"
"IRM00040836","1994-11-19","30.667","51.583","1837.0","YASOGE, IR",,,,,,,,,"   63","H,,S"
"IRM00040836","1994-11-20","30.667","51.583","1837.0","YASOGE, IR","    0","D,,S",,,,,,,"   75","H,,S"
"IRM00040836","1994-11-21","30.667","51.583","1837.0","YASOGE, IR",,,,,,,,,"  110","H,,S"
"IRM00040836","1994-11-22","30.667","51.583","1837.0","YASOGE, IR",,,,,,,,,"   87","H,,S"
"IRM00040836","1994-11-23","30.667","51.583","1837.0","YASOGE, IR","   30","D,,S",,,,,,,"  109","H,,S"
"IRM00040836","1994-11-24","30.667","51.583","1837.0","YASOGE, IR",,,,,,,,,"   89","H,,S"
"IRM00040836","1994-12-01","30.667","51.583","1837.0","YASOGE, IR",,,,,,,,,"   82","H,,S"
"IRM00040836","1994-12-03","30.667","51.583","1837.0","YASOGE, IR",,,,,,,,,"   80","H,,S"
"IRM00040836","1994-12-05","30.667","51.583","1837.0","YASOGE, IR",,,,,,,,,"   -2","H,,S"
"IRM00040836","1994-12-06","30.667","51.583","1837.0","YASOGE, IR",,,,,,,,,"  -12","H,,S"
"IRM00040836","1994-12-07","30.667","51.583","1837.0","YASOGE, IR",,,,,,,,,"  -23","H,,S"
"IRM00040836","1994-12-08","30.667","51.583","1837.0","YASOGE, IR",,,,,,,,,"    9","H,,S"
"IRM00040836","1994-12-09","30.667","51.583","1837.0","YASOGE, IR",,,,,,,,,"   17","H,,S"
"IRM00040836","1994-12-10","30.667","51.583","1837.0","YASOGE, IR","    0","D,,S",,,,,,,"   11","H,,S"
"IRM00040836","1994-12-11","30.667","51.583","1837.0","YASOGE, IR","    0","D,,S",,,,,,,"   16","H,,S"
"IRM00040836","1994-12-12","30.667","51.583","1837.0","YASOGE, IR",,,,,,,,,"   45","H,,S"
"IRM00040836","1994-12-13","30.667","51.583","1837.0","YASOGE, IR",,,,,,,,,"   18","H,,S"
"IRM00040836","1994-12-14","30.667","51.583","1837.0","YASOGE, IR","    0","D,,S",,,,,,,"   37","H,,S"
"IRM00040836","1994-12-15","30.667","51.583","1837.0","YASOGE, IR",,,,,,,,,"   39","H,,S"
"IRM00040836","1994-12-16","30.667","51.583","1837.0","YASOGE, IR",,,,,,,,,"   60","H,,S"
"IRM00040836","1994-12-17","30.667","51.583","1837.0","YASOGE, IR","   10","D,,S",,,,,,,"   48","H,,S"
"IRM00040836","1994-12-18","30.667","51.583","1837.0","YASOGE, IR",,,,,,,,,"   69","H,,S"
"IRM00040836","1994-12-19","30.667","51.583","1837.0","YASOGE, IR",,,,,,,,,"   63","H,,S"
"IRM00040836","1994-12-20","30.667","51.583","1837.0","YASOGE, IR",,,,,,,,,"   59","H,,S"
"IRM00040836","1994-12-21","30.667","51.583","1837.0","YASOGE, IR",,,,,,,,,"   59","H,,S"
"IRM00040836","1994-12-22","30.667","51.583","1837.0","YASOGE, IR","    0","D,,S",,,,,,,"   39","H,,S"
"IRM00040836","1994-12-23","30.667","51.583","1837.0","YASOGE, IR","    0","D,,S",,,,,,,"   31","H,,S"
"IRM00040836","1994-12-24","30.667","51.583","1837.0","YASOGE, IR","    0","D,,S",,,,,,,"   34","H,,S"
"IRM00040836","1994-12-25","30.667","51.583","1837.0","YASOGE, IR","    0","D,,S",,,,,,,"   23","H,,S"
"IRM00040836","1994-12-26","30.667","51.583","1837.0","YASOGE, IR","    0","D,,S",,,,,,,"    4","H,,S"
"IRM00040836","1994-12-27","30.667","51.583","1837.0","YASOGE, IR","    0","D,,S",,,,,,,"   15","H,,S"
"IRM00040836","1994-12-28","30.667","51.583","1837.0","YASOGE, IR",,,,,,,,,"    6","H,,S"
"IRM00040836","1994-12-29","30.667","51.583","1837.0","YASOGE, IR",,,,,,,,,"   59","H,,S"
"IRM00040836","1994-12-30","30.667","51.583","1837.0","YASOGE, IR",,,,,,,,,"   66","H,,S"
"IRM00040836","1994-12-31","30.667","51.583","1837.0","YASOGE, IR",,,,,,,,,"   64","H,,S"
"IRM00040836","1995-01-01","30.667","51.583","1837.0","YASOGE, IR",,,,,,,,,"   34","H,,S"
"IRM00040836","1995-01-02","30.667","51.583","1837.0","YASOGE, IR",,,,,,,,,"   41","H,,S"
"IRM00040836","1995-01-03","30.667","51.583","1837.0","YASOGE, IR","    0","D,,S",,,,,,,"   32","H,,S"
"IRM00040836","1995-01-04","30.667","51.583","1837.0","YASOGE, IR",,,,,,,,,"   62","H,,S"
"IRM00040836","1995-01-05","30.667","51.583","1837.0","YASOGE, IR","    0","D,,S",,,,,,,"   47","H,,S"
"IRM00040836","1995-01-06","30.667","51.583","1837.0","YASOGE, IR","    0","D,,S",,,,,,,"   54","H,,S"
"IRM00040836","1995-01-07","30.667","51.583","1837.0","YASOGE, IR",,,,,,,,,"   66","H,,S"
"IRM00040836","1995-01-08","30.667","51.583","1837.0","YASOGE, IR",,,,,,,,,"   57","H,,S"
"IRM00040836","1995-01-09","30.667","51.583","1837.0","YASOGE, IR",,,,,,,,,"   54","H,,S"
"IRM00040836","1995-01-10","30.667","51.583","1837.0","YASOGE, IR","    0","D,,S",,,,,,,"   44","H,,S"
"IRM00040836","1995-01-11","30.667","51.583","1837.0","YASOGE, IR","    0","D,,S",,,,,,,"   81","H,,S"
"IRM00040836","1995-01-12","30.667","51.583","1837.0","YASOGE, IR",,,,,,,,,"   33","H,,S"
"IRM00040836","1995-01-14","30.667","51.583","1837.0","YASOGE, IR","    0","D,,S",,,,,,,"   19","H,,S"
"IRM00040836","1995-01-15","30.667","51.583","1837.0","YASOGE, IR","    0","D,,S",,,,,,,"   18","H,,S"
"IRM00040836","1995-01-16","30.667","51.583","1837.0","YASOGE, IR","    0","D,,S",,,,,,,"   46","H,,S"
"IRM00040836","1995-01-17","30.667","51.583","1837.0","YASOGE, IR",,,,,,,,,"   59","H,,S"
"IRM00040836","1995-01-19","30.667","51.583","1837.0","YASOGE, IR",,,,,,,,,"   69","H,,S"
"IRM00040836","1995-01-20","30.667","51.583","1837.0","YASOGE, IR",,,,,,,,,"   50","H,,S"
"IRM00040836","1995-01-21","30.667","51.583","1837.0","YASOGE, IR","    0","D,,S",,,,,,,"   39","H,,S"
"IRM00040836","1995-01-22","30.667","51.583","1837.0","YASOGE, IR",,,,,,,,,"   33","H,,S"
"IRM00040836","1995-01-23","30.667","51.583","1837.0","YASOGE, IR","    0","D,,S",,,,,,,"   10","H,,S"
"IRM00040836","1995-01-24","30.667","51.583","1837.0","YASOGE, IR",,,,,,,,,"   37","H,,S"
"IRM00040836","1995-01-25","30.667","51.583","1837.0","YASOGE, IR",,,,,,,,,"   18","H,,S"
"IRM00040836","1995-01-26","30.667","51.583","1837.0","YASOGE, IR",,,,,,,,,"   40","H,,S"
"IRM00040836","1995-01-27","30.667","51.583","1837.0","YASOGE, IR","    0","D,,S",,,,,,,"   31","H,,S"
"IRM00040836","1995-01-28","30.667","51.583","1837.0","YASOGE, IR",,,,,,,,,"   73","H,,S"
"IRM00040836","1995-01-29","30.667","51.583","1837.0","YASOGE, IR",,,,,,,,,"   60","H,,S"
"IRM00040836","1995-01-30","30.667","51.583","1837.0","YASOGE, IR",,,,,,,,,"   74","H,,S"
"IRM00040836","1995-01-31","30.667","51.583","1837.0","YASOGE, IR",,,,,,,,,"   64","H,,S"
"IRM00040836","1995-02-01","30.667","51.583","1837.0","YASOGE, IR",,,,,,,,,"   62","H,,S"
"IRM00040836","1995-02-02","30.667","51.583","1837.0","YASOGE, IR",,,,,,,"    0",",,S","   69","H,,S"
"IRM00040836","1995-02-03","30.667","51.583","1837.0","YASOGE, IR",,,,,,,,,"   93","H,,S"
"IRM00040836","1995-02-04","30.667","51.583","1837.0","YASOGE, IR",,,,,,,,,"   49","H,,S"
"IRM00040836","1995-02-05","30.667","51.583","1837.0","YASOGE, IR",,,,,,,,,"   36","H,,S"
"IRM00040836","1995-02-06","30.667","51.583","1837.0","YASOGE, IR",,,,,,,,,"   43","H,,S"
"IRM00040836","1995-02-07","30.667","51.583","1837.0","YASOGE, IR",,,,,,,,,"   39","H,,S"
"IRM00040836","1995-02-08","30.667","51.583","1837.0","YASOGE, IR",,,,,,,,,"   69","H,,S"
"IRM00040836","1995-02-09","30.667","51.583","1837.0","YASOGE, IR",,,,,,,,,"   35","H,,S"
"IRM00040836","1995-02-10","30.667","51.583","1837.0","YASOGE, IR","    0","D,,S",,,,,,,"   14","H,,S"
"IRM00040836","1995-02-11","30.667","51.583","1837.0","YASOGE, IR",,,,,,,,,"   34","H,,S"
"IRM00040836","1995-02-12","30.667","51.583","1837.0","YASOGE, IR",,,,,,,,,"   45","H,,S"
"IRM00040836","1995-02-13","30.667","51.583","1837.0","YASOGE, IR",,,,,,,,,"   57","H,,S"
"IRM00040836","1995-02-14","30.667","51.583","1837.0","YASOGE, IR",,,,,,,,,"   -1","H,,S"
"IRM00040836","1995-02-15","30.667","51.583","1837.0","YASOGE, IR",,,,,,,,,"   28","H,,S"
"IRM00040836","1995-02-16","30.667","51.583","1837.0","YASOGE, IR",,,,,,,,,"   49","H,,S"
"IRM00040836","1995-02-17","30.667","51.583","1837.0","YASOGE, IR",,,,,,,,,"   58","H,,S"
"IRM00040836","1995-02-18","30.667","51.583","1837.0","YASOGE, IR",,,,,,,,,"   70","H,,S"
"IRM00040836","1995-02-19","30.667","51.583","1837.0","YASOGE, IR",,,,,,,,,"   84","H,,S"
"IRM00040836","1995-02-20","30.667","51.583","1837.0","YASOGE, IR",,,,,,,,,"   61","H,,S"
"IRM00040836","1995-02-21","30.667","51.583","1837.0","YASOGE, IR",,,,,,,,,"   64","H,,S"
"IRM00040836","1995-02-22","30.667","51.583","1837.0","YASOGE, IR","   30","D,,S",,,,,,,"   66","H,,S"
"IRM00040836","1995-02-23","30.667","51.583","1837.0","YASOGE, IR",,,,,,,,,"   48","H,,S"
"IRM00040836","1995-02-24","30.667","51.583","1837.0","YASOGE, IR",,,,,,,,,"   40","H,,S"
"IRM00040836","1995-02-25","30.667","51.583","1837.0","YASOGE, IR","    0","D,,S",,,,,,,"   35","H,,S"
"IRM00040836","1995-02-26","30.667","51.583","1837.0","YASOGE, IR",,,,,,,,,"   46","H,,S"
"IRM00040836","1995-02-27","30.667","51.583","1837.0","YASOGE, IR",,,,,,,,,"   49","H,,S"
"IRM00040836","1995-02-28","30.667","51.583","1837.0","YASOGE, IR","    0","D,,S",,,,,,,"   55","H,,S"
"IRM00040836","1995-03-01","30.667","51.583","1837.0","YASOGE, IR",,,,,,,,,"   62","H,,S"
"IRM00040836","1995-03-02","30.667","51.583","1837.0","YASOGE, IR","    0","D,,S",,,,,,,"   77","H,,S"
"IRM00040836","1995-03-03","30.667","51.583","1837.0","YASOGE, IR","    0","D,,S",,,"  146",",,S",,,"   72","H,,S"
"IRM00040836","1995-03-04","30.667","51.583","1837.0","YASOGE, IR",,,,,,,,,"   67","H,,S"
"IRM00040836","1995-03-05","30.667","51.583","1837.0","YASOGE, IR","    0","D,,S",,,,,,,"   64","H,,S"
"IRM00040836","1995-03-06","30.667","51.583","1837.0","YASOGE, IR",,,,,,,,,"   49","H,,S"
"IRM00040836","1995-03-07","30.667","51.583","1837.0","YASOGE, IR",,,,,,,,,"   48","H,,S"
"IRM00040836","1995-03-08","30.667","51.583","1837.0","YASOGE, IR",,,,,,,,,"   49","H,,S"
"IRM00040836","1995-03-09","30.667","51.583","1837.0","YASOGE, IR",,,,,,,,,"   71","H,,S"
"IRM00040836","1995-03-11","30.667","51.583","1837.0","YASOGE, IR",,,,,,,,,"   82","H,,S"
"IRM00040836","1995-03-12","30.667","51.583","1837.0","YASOGE, IR",,,,,,,,,"   78","H,,S"
"IRM00040836","1995-03-13","30.667","51.583","1837.0","YASOGE, IR",,,,,,,,,"   84","H,,S"
"IRM00040836","1995-03-14","30.667","51.583","1837.0","YASOGE, IR",,,,,,,,,"   85","H,,S"
"IRM00040836","1995-03-15","30.667","51.583","1837.0","YASOGE, IR",,,,,,,,,"   97","H,,S"
"IRM00040836","1995-03-16","30.667","51.583","1837.0","YASOGE, IR",,,,,,,,,"  112","H,,S"
"IRM00040836","1995-03-17","30.667","51.583","1837.0","YASOGE, IR",,,,,,,,,"   79","H,,S"
"IRM00040836","1995-03-18","30.667","51.583","1837.0","YASOGE, IR",,,,,,,,,"   91","H,,S"
"IRM00040836","1995-03-19","30.667","51.583","1837.0","YASOGE, IR",,,,,,,,,"   98","H,,S"
"IRM00040836","1995-03-20","30.667","51.583","1837.0","YASOGE, IR",,,,,,,,,"   67","H,,S"
"IRM00040836","1995-03-21","30.667","51.583","1837.0","YASOGE, IR",,,,,,,,,"   76","H,,S"
"IRM00040836","1995-03-22","30.667","51.583","1837.0","YASOGE, IR",,,,,,,,,"   92","H,,S"
"IRM00040836","1995-03-23","30.667","51.583","1837.0","YASOGE, IR",,,,,,,,,"   94","H,,S"
"IRM00040836","1995-03-24","30.667","51.583","1837.0","YASOGE, IR","    0","D,,S",,,,,,,"  112","H,,S"
"IRM00040836","1995-03-25","30.667","51.583","1837.0","YASOGE, IR",,,,,,,,,"  114","H,,S"
"IRM00040836","1995-03-26","30.667","51.583","1837.0","YASOGE, IR",,,,,,,,,"  103","H,,S"
"IRM00040836","1995-03-27","30.667","51.583","1837.0","YASOGE, IR",,,,,,,,,"   69","H,,S"
"IRM00040836","1995-03-28","30.667","51.583","1837.0","YASOGE, IR",,,,,,,,,"   73","H,,S"
"IRM00040836","1995-03-29","30.667","51.583","1837.0","YASOGE, IR",,,,,,,,,"  101","H,,S"
"IRM00040836","1995-03-30","30.667","51.583","1837.0","YASOGE, IR",,,,,,,,,"  126","H,,S"
"IRM00040836","1995-03-31","30.667","51.583","1837.0","YASOGE, IR",,,,,,,,,"  112","H,,S"
"IRM00040836","1995-04-01","30.667","51.583","1837.0","YASOGE, IR",,,,,,,,,"  151","H,,S"
"IRM00040836","1995-04-02","30.667","51.583","1837.0","YASOGE, IR","    0","D,,S",,,,,,,"  143","H,,S"
"IRM00040836","1995-04-03","30.667","51.583","1837.0","YASOGE, IR",,,,,,,,,"  146","H,,S"
"IRM00040836","1995-04-04","30.667","51.583","1837.0","YASOGE, IR","    0","D,,S",,,,,,,"  140","H,,S"
"IRM00040836","1995-04-05","30.667","51.583","1837.0","YASOGE, IR",,,,,,,,,"  109","H,,S"
"IRM00040836","1995-04-06","30.667","51.583","1837.0","YASOGE, IR",,,,,,,,,"  109","H,,S"
"IRM00040836","1995-04-07","30.667","51.583","1837.0","YASOGE, IR",,,,,,,,,"   93","H,,S"
"IRM00040836","1995-04-08","30.667","51.583","1837.0","YASOGE, IR",,,,,,,,,"   86","H,,S"
"IRM00040836","1995-04-09","30.667","51.583","1837.0","YASOGE, IR",,,,,,,,,"  119","H,,S"
"IRM00040836","1995-04-14","30.667","51.583","1837.0","YASOGE, IR",,,,,,,,,"  143","H,,S"
"IRM00040836","1995-04-15","30.667","51.583","1837.0","YASOGE, IR",,,,,,,,,"   98","H,,S"
"IRM00040836","1995-04-17","30.667","51.583","1837.0","YASOGE, IR",,,,,,,,,"  142","H,,S"
"IRM00040836","1995-04-18","30.667","51.583","1837.0","YASOGE, IR","    0","D,,S",,,,,,,"  139","H,,S"
"IRM00040836","1995-04-19","30.667","51.583","1837.0","YASOGE, IR","    0","D,,S",,,,,,,"  158","H,,S"
"IRM00040836","1995-04-23","30.667","51.583","1837.0","YASOGE, IR",,,,,,,,,"   77","H,,S"
"IRM00040836","1995-04-24","30.667","51.583","1837.0","YASOGE, IR",,,,,,,,,"  103","H,,S"
"IRM00040836","1995-04-25","30.667","51.583","1837.0","YASOGE, IR",,,,,,,,,"  121","H,,S"
"IRM00040836","1995-04-28","30.667","51.583","1837.0","YASOGE, IR",,,,,,,,,"  144","H,,S"
"IRM00040836","1995-04-29","30.667","51.583","1837.0","YASOGE, IR",,,,,,,,,"  141","H,,S"
"IRM00040836","1995-04-30","30.667","51.583","1837.0","YASOGE, IR",,,,,,,,,"  136","H,,S"
"IRM00040836","1995-05-01","30.667","51.583","1837.0","YASOGE, IR",,,,,,,,,"  181","H,,S"
"IRM00040836","1995-05-04","30.667","51.583","1837.0","YASOGE, IR",,,,,,,,,"  183","H,,S"
"IRM00040836","1995-05-05","30.667","51.583","1837.0","YASOGE, IR",,,,,,,,,"  187","H,,S"
"IRM00040836","1995-05-07","30.667","51.583","1837.0","YASOGE, IR",,,,,,,,,"  196","H,,S"
"IRM00040836","1995-05-08","30.667","51.583","1837.0","YASOGE, IR",,,,,,,,,"  181","H,,S"
"IRM00040836","1995-05-09","30.667","51.583","1837.0","YASOGE, IR","    0","D,,S",,,,,,,"  168","H,,S"
"IRM00040836","1995-05-10","30.667","51.583","1837.0","YASOGE, IR",,,,,,,,,"  144","H,,S"
"IRM00040836","1995-05-11","30.667","51.583","1837.0","YASOGE, IR","    0","D,,S",,,,,,,"  162","H,,S"
"IRM00040836","1995-05-12","30.667","51.583","1837.0","YASOGE, IR",,,,,,,,,"  172","H,,S"
"IRM00040836","1995-05-13","30.667","51.583","1837.0","YASOGE, IR","    0","D,,S",,,,,,,"  158","H,,S"
"IRM00040836","1995-05-14","30.667","51.583","1837.0","YASOGE, IR",,,,,,,,,"  198","H,,S"
"IRM00040836","1995-05-16","30.667","51.583","1837.0","YASOGE, IR",,,,,,,,,"  191","H,,S"
"IRM00040836","1995-05-18","30.667","51.583","1837.0","YASOGE, IR",,,,,,,,,"  252","H,,S"
"IRM00040836","1995-05-19","30.667","51.583","1837.0","YASOGE, IR",,,,,,,,,"  194","H,,S"
"IRM00040836","1995-05-20","30.667","51.583","1837.0","YASOGE, IR","    0","D,,S",,,,,,,"  194","H,,S"
"IRM00040836","1995-05-21","30.667","51.583","1837.0","YASOGE, IR",,,,,,,,,"  238","H,,S"
"IRM00040836","1995-05-22","30.667","51.583","1837.0","YASOGE, IR",,,,,,,,,"  203","H,,S"
"IRM00040836","1995-05-23","30.667","51.583","1837.0","YASOGE, IR","    0","D,,S",,,,,,,"  234","H,,S"
"IRM00040836","1995-05-28","30.667","51.583","1837.0","YASOGE, IR",,,,,,,,,"  191","H,,S"
"IRM00040836","1995-05-29","30.667","51.583","1837.0","YASOGE, IR",,,,,,,,,"  187","H,,S"
"IRM00040836","1995-05-30","30.667","51.583","1837.0","YASOGE, IR",,,,,,,,,"  151","H,,S"
"IRM00040836","1995-05-31","30.667","51.583","1837.0","YASOGE, IR",,,,,,,,,"  178","H,,S"
"IRM00040836","1995-06-01","30.667","51.583","1837.0","YASOGE, IR","    0","D,,S",,,,,,,"  181","H,,S"
"IRM00040836","1995-06-02","30.667","51.583","1837.0","YASOGE, IR",,,,,,,,,"  181","H,,S"
"IRM00040836","1995-06-03","30.667","51.583","1837.0","YASOGE, IR",,,,,,,,,"  176","H,,S"
"IRM00040836","1995-06-04","30.667","51.583","1837.0","YASOGE, IR",,,,,,,"  102",",,S","  189","H,,S"
"IRM00040836","1995-06-05","30.667","51.583","1837.0","YASOGE, IR",,,,,,,,,"  191","H,,S"
"IRM00040836","1995-06-06","30.667","51.583","1837.0","YASOGE, IR",,,,,,,,,"  196","H,,S"
"IRM00040836","1995-06-07","30.667","51.583","1837.0","YASOGE, IR",,,,,,,,,"  214","H,,S"
"IRM00040836","1995-06-08","30.667","51.583","1837.0","YASOGE, IR",,,,,,,,,"  231","H,,S"
"IRM00040836","1995-06-09","30.667","51.583","1837.0","YASOGE, IR","    0","D,,S",,,,,,,"  239","H,,S"
"IRM00040836","1995-06-10","30.667","51.583","1837.0","YASOGE, IR","    0","D,,S",,,,,"  134",",,S","  240","H,,S"
"IRM00040836","1995-06-11","30.667","51.583","1837.0","YASOGE, IR","    0","D,,S",,,,,,,"  232","H,,S"
"IRM00040836","1995-06-12","30.667","51.583","1837.0","YASOGE, IR","    0","D,,S",,,"  338",",,S",,,"  227","H,,S"
"IRM00040836","1995-06-16","30.667","51.583","1837.0","YASOGE, IR",,,,,,,,,"  247","H,,S"
"IRM00040836","1995-06-17","30.667","51.583","1837.0","YASOGE, IR",,,,,,,,,"  226","H,,S"
"IRM00040836","1995-06-18","30.667","51.583","1837.0","YASOGE, IR",,,,,,,,,"  241","H,,S"
"IRM00040836","1995-06-19","30.667","51.583","1837.0","YASOGE, IR",,,,,,,,,"  244","H,,S"
"IRM00040836","1995-06-20","30.667","51.583","1837.0","YASOGE, IR","    0","D,,S",,,,,,,"  258","H,,S"
"IRM00040836","1995-06-21","30.667","51.583","1837.0","YASOGE, IR",,,,,,,,,"  274","H,,S"
"IRM00040836","1995-06-22","30.667","51.583","1837.0","YASOGE, IR",,,,,,,,,"  265","H,,S"
"IRM00040836","1995-06-25","30.667","51.583","1837.0","YASOGE, IR",,,,,,,,,"  246","H,,S"
"IRM00040836","1995-06-26","30.667","51.583","1837.0","YASOGE, IR",,,,,,,,,"  223","H,,S"
"IRM00040836","1995-06-27","30.667","51.583","1837.0","YASOGE, IR","    0","D,,S",,,,,,,"  238","H,,S"
"IRM00040836","1995-06-28","30.667","51.583","1837.0","YASOGE, IR",,,,,,,,,"  241","H,,S"
"IRM00040836","1995-06-29","30.667","51.583","1837.0","YASOGE, IR","    0","D,,S",,,,,,,"  242","H,,S"
"IRM00040836","1995-06-30","30.667","51.583","1837.0","YASOGE, IR",,,,,,,,,"  231","H,,S"
"IRM00040836","1995-07-01","30.667","51.583","1837.0","YASOGE, IR",,,,,,,,,"  252","H,,S"
"IRM00040836","1995-07-02","30.667","51.583","1837.0","YASOGE, IR",,,,,,,,,"  267","H,,S"
"IRM00040836","1995-07-06","30.667","51.583","1837.0","YASOGE, IR",,,,,,,,,"  250","H,,S"
"IRM00040836","1995-07-07","30.667","51.583","1837.0","YASOGE, IR",,,,,,,,,"  249","H,,S"
"IRM00040836","1995-07-08","30.667","51.583","1837.0","YASOGE, IR",,,,,,,,,"  258","H,,S"
"IRM00040836","1995-07-09","30.667","51.583","1837.0","YASOGE, IR",,,,,,,,,"  263","H,,S"
"IRM00040836","1995-07-10","30.667","51.583","1837.0","YASOGE, IR",,,,,,,,,"  268","H,,S"
"IRM00040836","1995-07-11","30.667","51.583","1837.0","YASOGE, IR",,,,,,,,,"  253","H,,S"
"IRM00040836","1995-07-12","30.667","51.583","1837.0","YASOGE, IR",,,,,,,,,"  252","H,,S"
"IRM00040836","1995-07-13","30.667","51.583","1837.0","YASOGE, IR",,,,,,,,,"  247","H,,S"
"IRM00040836","1995-07-14","30.667","51.583","1837.0","YASOGE, IR","    0","D,,S",,,,,,,"  274","H,,S"
"IRM00040836","1995-07-15","30.667","51.583","1837.0","YASOGE, IR",,,,,,,,,"  273","H,,S"
"IRM00040836","1995-07-16","30.667","51.583","1837.0","YASOGE, IR","    0",",,S",,,,,,,"  288","H,,S"
"IRM00040836","1995-07-17","30.667","51.583","1837.0","YASOGE, IR","    0",",,S",,,,,,,"  274","H,,S"
"IRM00040836","1995-07-18","30.667","51.583","1837.0","YASOGE, IR","    0",",,S",,,,,,,"  274","H,,S"
"IRM00040836","1995-07-19","30.667","51.583","1837.0","YASOGE, IR","    0",",,S",,,,,,,"  302","H,,S"
"IRM00040836","1995-07-20","30.667","51.583","1837.0","YASOGE, IR",,,,,,,,,"  307","H,,S"
"IRM00040836","1995-07-22","30.667","51.583","1837.0","YASOGE, IR","    0",",,S",,,,,,,"  284","H,,S"
"IRM00040836","1995-07-23","30.667","51.583","1837.0","YASOGE, IR","    0",",,S",,,"  372",",,S",,,"  278","H,,S"
"IRM00040836","1995-07-24","30.667","51.583","1837.0","YASOGE, IR","    0",",,S",,,,,,,"  291","H,,S"
"IRM00040836","1995-07-25","30.667","51.583","1837.0","YASOGE, IR",,,,,,,,,"  287","H,,S"
"IRM00040836","1995-07-26","30.667","51.583","1837.0","YASOGE, IR","    0","D,,S",,,,,,,"  275","H,,S"
"IRM00040836","1995-07-27","30.667","51.583","1837.0","YASOGE, IR","    0",",,S",,,,,,,"  297","H,,S"
"IRM00040836","1995-07-28","30.667","51.583","1837.0","YASOGE, IR","    0",",,S",,,,,,,"  278","H,,S"
"IRM00040836","1995-07-29","30.667","51.583","1837.0","YASOGE, IR","    0",",,S",,,,,,,"  277","H,,S"
"IRM00040836","1995-07-30","30.667","51.583","1837.0","YASOGE, IR",,,,,,,,,"  286","H,,S"
"IRM00040836","1995-07-31","30.667","51.583","1837.0","YASOGE, IR",,,,,,,,,"  298","H,,S"
"IRM00040836","1995-08-01","30.667","51.583","1837.0","YASOGE, IR","    0",",,S",,,,,,,"  289","H,,S"
"IRM00040836","1995-08-02","30.667","51.583","1837.0","YASOGE, IR",,,,,,,,,"  305","H,,S"
"IRM00040836","1995-08-03","30.667","51.583","1837.0","YASOGE, IR",,,,,,,,,"  302","H,,S"
"IRM00040836","1995-08-04","30.667","51.583","1837.0","YASOGE, IR",,,,,,,,,"  291","H,,S"
"IRM00040836","1995-08-06","30.667","51.583","1837.0","YASOGE, IR","    0","D,,S",,,,,,,"  296","H,,S"
"IRM00040836","1995-08-07","30.667","51.583","1837.0","YASOGE, IR",,,,,,,,,"  300","H,,S"
"IRM00040836","1995-08-08","30.667","51.583","1837.0","YASOGE, IR","    0","D,,S",,,,,,,"  286","H,,S"
"IRM00040836","1995-08-09","30.667","51.583","1837.0","YASOGE, IR","    0","D,,S",,,,,,,"  273","H,,S"
"IRM00040836","1995-08-10","30.667","51.583","1837.0","YASOGE, IR","    0","D,,S",,,,,,,"  271","H,,S"
"IRM00040836","1995-08-11","30.667","51.583","1837.0","YASOGE, IR","    0","D,,S",,,,,,,"  260","H,,S"
"IRM00040836","1995-08-12","30.667","51.583","1837.0","YASOGE, IR",,,,,,,,,"  269","H,,S"
"IRM00040836","1995-08-13","30.667","51.583","1837.0","YASOGE, IR","    0",",,S",,,,,,,"  269","H,,S"
"IRM00040836","1995-08-14","30.667","51.583","1837.0","YASOGE, IR","    0","D,,S",,,,,,,"  296","H,,S"
"IRM00040836","1995-08-15","30.667","51.583","1837.0","YASOGE, IR",,,,,,,,,"  289","H,,S"
"IRM00040836","1995-08-16","30.667","51.583","1837.0","YASOGE, IR","    0","D,,S",,,"  348",",,S",,,"  275","H,,S"
"IRM00040836","1995-08-17","30.667","51.583","1837.0","YASOGE, IR",,,,,,,,,"  253","H,,S"
"IRM00040836","1995-08-18","30.667","51.583","1837.0","YASOGE, IR","    0","D,,S",,,,,,,"  261","H,,S"
"IRM00040836","1995-08-19","30.667","51.583","1837.0","YASOGE, IR","    0","D,,S",,,,,,,"  256","H,,S"
"IRM00040836","1995-08-20","30.667","51.583","1837.0","YASOGE, IR",,,,,"  350",",,S",,,"  263","H,,S"
"IRM00040836","1995-08-23","30.667","51.583","1837.0","YASOGE, IR",,,,,,,,,"  258","H,,S"
"IRM00040836","1995-08-26","30.667","51.583","1837.0","YASOGE, IR",,,,,,,,,"  293","H,,S"
"IRM00040836","1995-08-30","30.667","51.583","1837.0","YASOGE, IR",,,,,,,,,"  281","H,,S"
"IRM00040836","1995-09-01","30.667","51.583","1837.0","YASOGE, IR",,,,,,,,,"  251","H,,S"
"IRM00040836","1995-09-02","30.667","51.583","1837.0","YASOGE, IR",,,,,,,,,"  251","H,,S"
"IRM00040836","1995-09-03","30.667","51.583","1837.0","YASOGE, IR",,,,,,,,,"  261","H,,S"
"IRM00040836","1995-09-04","30.667","51.583","1837.0","YASOGE, IR","    0","D,,S",,,,,,,"  238","H,,S"
"IRM00040836","1995-09-05","30.667","51.583","1837.0","YASOGE, IR",,,,,,,,,"  237","H,,S"
"IRM00040836","1995-09-06","30.667","51.583","1837.0","YASOGE, IR","    0","D,,S",,,,,,,"  229","H,,S"
"IRM00040836","1995-09-07","30.667","51.583","1837.0","YASOGE, IR","    0","D,,S",,,,,,,"  231","H,,S"
"IRM00040836","1995-09-08","30.667","51.583","1837.0","YASOGE, IR","    0","D,,S",,,,,,,"  233","H,,S"
"IRM00040836","1995-09-09","30.667","51.583","1837.0","YASOGE, IR","    0",",,S",,,,,,,"  191","H,,S"
"IRM00040836","1995-09-10","30.667","51.583","1837.0","YASOGE, IR",,,,,,,,,"  280","H,,S"
"IRM00040836","1995-09-11","30.667","51.583","1837.0","YASOGE, IR",,,,,,,,,"  229","H,,S"
"IRM00040836","1995-09-12","30.667","51.583","1837.0","YASOGE, IR","    0","D,,S",,,,,,,"  231","H,,S"
"IRM00040836","1995-09-13","30.667","51.583","1837.0","YASOGE, IR",,,,,,,,,"  242","H,,S"
"IRM00040836","1995-09-14","30.667","51.583","1837.0","YASOGE, IR","    0","D,,S",,,,,,,"  233","H,,S"
"IRM00040836","1995-09-15","30.667","51.583","1837.0","YASOGE, IR","    0","D,,S",,,,,,,"  236","H,,S"
"IRM00040836","1995-09-16","30.667","51.583","1837.0","YASOGE, IR",,,,,,,,,"  228","H,,S"
"IRM00040836","1995-09-17","30.667","51.583","1837.0","YASOGE, IR",,,,,,,,,"  259","H,,S"
"IRM00040836","1995-09-18","30.667","51.583","1837.0","YASOGE, IR",,,,,,,,,"  228","H,,S"
"IRM00040836","1995-09-19","30.667","51.583","1837.0","YASOGE, IR",,,,,"  290",",,S",,,"  200","H,,S"
"IRM00040836","1995-09-20","30.667","51.583","1837.0","YASOGE, IR","    0","D,,S",,,,,,,"  209","H,,S"
"IRM00040836","1995-09-21","30.667","51.583","1837.0","YASOGE, IR","    0","D,,S",,,,,,,"  216","H,,S"
"IRM00040836","1995-09-22","30.667","51.583","1837.0","YASOGE, IR","    0","D,,S",,,,,,,"  203","H,,S"
"IRM00040836","1995-09-23","30.667","51.583","1837.0","YASOGE, IR",,,,,,,,,"  224","H,,S"
"IRM00040836","1995-09-24","30.667","51.583","1837.0","YASOGE, IR",,,,,,,,,"  199","H,,S"
"IRM00040836","1995-09-25","30.667","51.583","1837.0","YASOGE, IR","    0","D,,S",,,,,,,"  213","H,,S"
"IRM00040836","1995-09-26","30.667","51.583","1837.0","YASOGE, IR","    0","D,,S",,,,,,,"  190","H,,S"
"IRM00040836","1995-09-27","30.667","51.583","1837.0","YASOGE, IR",,,,,,,,,"  200","H,,S"
"IRM00040836","1995-09-28","30.667","51.583","1837.0","YASOGE, IR","    0","D,,S",,,,,,,"  189","H,,S"
"IRM00040836","1995-09-29","30.667","51.583","1837.0","YASOGE, IR","    0","D,,S",,,,,,,"  195","H,,S"
"IRM00040836","1995-09-30","30.667","51.583","1837.0","YASOGE, IR","    0","D,,S",,,,,,,"  185","H,,S"
"IRM00040836","1995-10-01","30.667","51.583","1837.0","YASOGE, IR",,,,,,,,,"  206","H,,S"
"IRM00040836","1995-10-02","30.667","51.583","1837.0","YASOGE, IR","    0","D,,S",,,,,,,"  188","H,,S"
"IRM00040836","1995-10-03","30.667","51.583","1837.0","YASOGE, IR",,,,,,,,,"  233","H,,S"
"IRM00040836","1995-10-04","30.667","51.583","1837.0","YASOGE, IR",,,,,,,,,"  188","H,,S"
"IRM00040836","1995-10-05","30.667","51.583","1837.0","YASOGE, IR",,,,,,,,,"  171","H,,S"
"IRM00040836","1995-10-06","30.667","51.583","1837.0","YASOGE, IR","    0","D,,S",,,,,,,"  181","H,,S"
"IRM00040836","1995-10-07","30.667","51.583","1837.0","YASOGE, IR",,,,,,,,,"  179","H,,S"
"IRM00040836","1995-10-08","30.667","51.583","1837.0","YASOGE, IR",,,,,,,,,"  184","H,,S"
"IRM00040836","1995-10-09","30.667","51.583","1837.0","YASOGE, IR",,,,,,,,,"  174","H,,S"
"IRM00040836","1995-10-10","30.667","51.583","1837.0","YASOGE, IR","    0","D,,S",,,,,,,"  175","H,,S"
"IRM00040836","1995-10-11","30.667","51.583","1837.0","YASOGE, IR",,,,,,,,,"  184","H,,S"
"IRM00040836","1995-10-12","30.667","51.583","1837.0","YASOGE, IR",,,,,,,,,"  185","H,,S"
"IRM00040836","1995-10-13","30.667","51.583","1837.0","YASOGE, IR","    0","D,,S",,,,,,,"  184","H,,S"
"IRM00040836","1995-10-14","30.667","51.583","1837.0","YASOGE, IR","    0","D,,S",,,,,,,"  158","H,,S"
"IRM00040836","1995-10-15","30.667","51.583","1837.0","YASOGE, IR",,,,,,,,,"  131","H,,S"
"IRM00040836","1995-10-16","30.667","51.583","1837.0","YASOGE, IR",,,,,,,,,"  152","H,,S"
"IRM00040836","1995-10-17","30.667","51.583","1837.0","YASOGE, IR",,,,,,,,,"  161","H,,S"
"IRM00040836","1995-10-18","30.667","51.583","1837.0","YASOGE, IR","    0","D,,S",,,,,,,"  164","H,,S"
"IRM00040836","1995-10-19","30.667","51.583","1837.0","YASOGE, IR","    0","D,,S",,,,,,,"  159","H,,S"
"IRM00040836","1995-10-20","30.667","51.583","1837.0","YASOGE, IR","    0","D,,S",,,,,,,"  143","H,,S"
"IRM00040836","1995-10-21","30.667","51.583","1837.0","YASOGE, IR",,,,,,,,,"  125","H,,S"
"IRM00040836","1995-10-22","30.667","51.583","1837.0","YASOGE, IR",,,,,,,,,"  111","H,,S"
"IRM00040836","1995-10-23","30.667","51.583","1837.0","YASOGE, IR","    0","D,,S",,,,,,,"  123","H,,S"
"IRM00040836","1995-10-24","30.667","51.583","1837.0","YASOGE, IR",,,,,,,,,"  124","H,,S"
"IRM00040836","1995-10-25","30.667","51.583","1837.0","YASOGE, IR",,,,,,,,,"  151","H,,S"
"IRM00040836","1995-10-26","30.667","51.583","1837.0","YASOGE, IR",,,,,,,,,"  176","H,,S"
"IRM00040836","1995-10-27","30.667","51.583","1837.0","YASOGE, IR",,,,,,,,,"  146","H,,S"
"IRM00040836","1995-10-28","30.667","51.583","1837.0","YASOGE, IR",,,,,,,,,"  141","H,,S"
"IRM00040836","1995-10-29","30.667","51.583","1837.0","YASOGE, IR","    0","D,,S",,,,,,,"  143","H,,S"
"IRM00040836","1995-10-30","30.667","51.583","1837.0","YASOGE, IR","    0","D,,S",,,,,,,"  143","H,,S"
"IRM00040836","1995-10-31","30.667","51.583","1837.0","YASOGE, IR","    0","D,,S",,,,,,,"  116","H,,S"
"IRM00040836","1995-11-01","30.667","51.583","1837.0","YASOGE, IR","    0","D,,S",,,,,,,"  122","H,,S"
"IRM00040836","1995-11-02","30.667","51.583","1837.0","YASOGE, IR","    0","D,,S",,,,,,,"  131","H,,S"
"IRM00040836","1995-11-03","30.667","51.583","1837.0","YASOGE, IR",,,,,,,,,"  123","H,,S"
"IRM00040836","1995-11-04","30.667","51.583","1837.0","YASOGE, IR",,,,,,,,,"  148","H,,S"
"IRM00040836","1995-11-05","30.667","51.583","1837.0","YASOGE, IR","    0","D,,S",,,,,,,"  126","H,,S"
"IRM00040836","1995-11-06","30.667","51.583","1837.0","YASOGE, IR",,,,,,,,,"  131","H,,S"
"IRM00040836","1995-11-07","30.667","51.583","1837.0","YASOGE, IR",,,,,,,,,"  135","H,,S"
"IRM00040836","1995-11-08","30.667","51.583","1837.0","YASOGE, IR",,,,,,,,,"  143","H,,S"
"IRM00040836","1995-11-09","30.667","51.583","1837.0","YASOGE, IR","    0","D,,S",,,,,,,"  129","H,,S"
"IRM00040836","1995-11-10","30.667","51.583","1837.0","YASOGE, IR",,,,,,,,,"  117","H,,S"
"IRM00040836","1995-11-11","30.667","51.583","1837.0","YASOGE, IR","    0","D,,S",,,,,,,"  124","H,,S"
"IRM00040836","1995-11-12","30.667","51.583","1837.0","YASOGE, IR","    0","D,,S",,,,,,,"  119","H,,S"
"IRM00040836","1995-11-13","30.667","51.583","1837.0","YASOGE, IR","    0","D,,S",,,,,,,"  109","H,,S"
"IRM00040836","1995-11-14","30.667","51.583","1837.0","YASOGE, IR","    0","D,,S",,,,,,,"  110","H,,S"
"IRM00040836","1995-11-15","30.667","51.583","1837.0","YASOGE, IR","    0","D,,S",,,,,,,"  123","H,,S"
"IRM00040836","1995-11-16","30.667","51.583","1837.0","YASOGE, IR",,,,,,,,,"  116","H,,S"
"IRM00040836","1995-11-18","30.667","51.583","1837.0","YASOGE, IR",,,,,,,,,"  123","H,,S"
"IRM00040836","1995-11-19","30.667","51.583","1837.0","YASOGE, IR","    0","D,,S",,,,,,,"  111","H,,S"
"IRM00040836","1995-11-20","30.667","51.583","1837.0","YASOGE, IR",,,,,,,,,"  101","H,,S"
"IRM00040836","1995-11-21","30.667","51.583","1837.0","YASOGE, IR","    0","D,,S",,,,,,,"  103","H,,S"
"IRM00040836","1995-11-22","30.667","51.583","1837.0","YASOGE, IR","    0","D,,S",,,,,,,"  108","H,,S"
"IRM00040836","1995-11-23","30.667","51.583","1837.0","YASOGE, IR",,,,,,,,,"   92","H,,S"
"IRM00040836","1995-11-24","30.667","51.583","1837.0","YASOGE, IR","    0","D,,S",,,,,,,"   96","H,,S"
"IRM00040836","1995-11-25","30.667","51.583","1837.0","YASOGE, IR",,,,,,,,,"   85","H,,S"
"IRM00040836","1995-11-26","30.667","51.583","1837.0","YASOGE, IR",,,,,,,,,"   44","H,,S"
"IRM00040836","1995-11-27","30.667","51.583","1837.0","YASOGE, IR","    0","D,,S",,,,,,,"   40","H,,S"
"IRM00040836","1995-11-28","30.667","51.583","1837.0","YASOGE, IR","    0","D,,S",,,,,,,"   43","H,,S"
"IRM00040836","1995-11-29","30.667","51.583","1837.0","YASOGE, IR",,,,,,,,,"   31","H,,S"
"IRM00040836","1995-11-30","30.667","51.583","1837.0","YASOGE, IR",,,,,,,,,"   37","H,,S"
"IRM00040836","1995-12-01","30.667","51.583","1837.0","YASOGE, IR","    0","D,,S",,,,,,,"   79","H,,S"
"IRM00040836","1995-12-02","30.667","51.583","1837.0","YASOGE, IR",,,,,,,,,"   76","H,,S"
"IRM00040836","1995-12-03","30.667","51.583","1837.0","YASOGE, IR",,,,,,,,,"   62","H,,S"
"IRM00040836","1995-12-04","30.667","51.583","1837.0","YASOGE, IR",,,,,,,,,"   41","H,,S"
"IRM00040836","1995-12-05","30.667","51.583","1837.0","YASOGE, IR",,,,,,,,,"   42","H,,S"
"IRM00040836","1995-12-07","30.667","51.583","1837.0","YASOGE, IR",,,,,,,,,"   66","H,,S"
"IRM00040836","1995-12-08","30.667","51.583","1837.0","YASOGE, IR","    0","D,,S",,,,,,,"   52","H,,S"
"IRM00040836","1995-12-09","30.667","51.583","1837.0","YASOGE, IR",,,,,,,,,"   38","H,,S"
"IRM00040836","1995-12-10","30.667","51.583","1837.0","YASOGE, IR","    0","D,,S",,,,,,,"   35","H,,S"
"IRM00040836","1995-12-11","30.667","51.583","1837.0","YASOGE, IR",,,,,,,,,"   40","H,,S"
"IRM00040836","1995-12-12","30.667","51.583","1837.0","YASOGE, IR",,,,,,,,,"   64","H,,S"
"IRM00040836","1995-12-13","30.667","51.583","1837.0","YASOGE, IR","    0","D,,S",,,,,,,"   39","H,,S"
"IRM00040836","1995-12-14","30.667","51.583","1837.0","YASOGE, IR","    0","D,,S",,,,,,,"   30","H,,S"
"IRM00040836","1995-12-15","30.667","51.583","1837.0","YASOGE, IR","    0","D,,S",,,,,,,"   19","H,,S"
"IRM00040836","1995-12-16","30.667","51.583","1837.0","YASOGE, IR",,,,,,,,,"   25","H,,S"
"IRM00040836","1995-12-17","30.667","51.583","1837.0","YASOGE, IR","    0","D,,S",,,,,,,"   36","H,,S"
"IRM00040836","1995-12-18","30.667","51.583","1837.0","YASOGE, IR",,,,,,,,,"   12","H,,S"
"IRM00040836","1995-12-19","30.667","51.583","1837.0","YASOGE, IR","    0","D,,S",,,,,,,"   32","H,,S"
"IRM00040836","1995-12-20","30.667","51.583","1837.0","YASOGE, IR",,,,,,,,,"   26","H,,S"
"IRM00040836","1995-12-21","30.667","51.583","1837.0","YASOGE, IR","    0","D,,S",,,,,,,"   52","H,,S"
"IRM00040836","1995-12-22","30.667","51.583","1837.0","YASOGE, IR",,,,,,,,,"   38","H,,S"
"IRM00040836","1995-12-25","30.667","51.583","1837.0","YASOGE, IR",,,,,,,,,"   11","H,,S"
"IRM00040836","1995-12-26","30.667","51.583","1837.0","YASOGE, IR","    0","D,,S",,,,,,,"   39","H,,S"
"IRM00040836","1995-12-27","30.667","51.583","1837.0","YASOGE, IR",,,,,,,,,"   31","H,,S"
"IRM00040836","1995-12-28","30.667","51.583","1837.0","YASOGE, IR",,,,,,,,,"   29","H,,S"
"IRM00040836","1995-12-29","30.667","51.583","1837.0","YASOGE, IR",,,,,,,,,"   14","H,,S"
"IRM00040836","1995-12-30","30.667","51.583","1837.0","YASOGE, IR",,,,,,,,,"   44","H,,S"
"IRM00040836","1995-12-31","30.667","51.583","1837.0","YASOGE, IR","    0","D,,S",,,,,,,"   39","H,,S"
"IRM00040836","1996-01-01","30.667","51.583","1837.0","YASOGE, IR",,,,,,,,,"   54","H,,S"
"IRM00040836","1996-01-02","30.667","51.583","1837.0","YASOGE, IR",,,,,,,,,"   26","H,,S"
"IRM00040836","1996-01-03","30.667","51.583","1837.0","YASOGE, IR",,,,,,,,,"   37","H,,S"
"IRM00040836","1996-01-04","30.667","51.583","1837.0","YASOGE, IR",,,,,,,,,"   48","H,,S"
"IRM00040836","1996-01-05","30.667","51.583","1837.0","YASOGE, IR",,,,,,,,,"   45","H,,S"
"IRM00040836","1996-01-06","30.667","51.583","1837.0","YASOGE, IR",,,,,,,,,"   31","H,,S"
"IRM00040836","1996-01-07","30.667","51.583","1837.0","YASOGE, IR",,,,,,,,,"   41","H,,S"
"IRM00040836","1996-01-08","30.667","51.583","1837.0","YASOGE, IR",,,,,,,,,"   46","H,,S"
"IRM00040836","1996-01-09","30.667","51.583","1837.0","YASOGE, IR",,,,,,,,,"   29","H,,S"
"IRM00040836","1996-01-10","30.667","51.583","1837.0","YASOGE, IR",,,,,"   90",",,S",,,"   40","H,,S"
"IRM00040836","1996-01-11","30.667","51.583","1837.0","YASOGE, IR","   94","D,,S",,,,,,,"   17","H,,S"
"IRM00040836","1996-01-12","30.667","51.583","1837.0","YASOGE, IR",,,,,,,,,"  -16","H,,S"
"IRM00040836","1996-01-13","30.667","51.583","1837.0","YASOGE, IR","   30","D,,S",,,,,,,"  -13","H,,S"
"IRM00040836","1996-01-14","30.667","51.583","1837.0","YASOGE, IR","    0","D,,S",,,,,,,"  -57","H,,S"
"IRM00040836","1996-01-15","30.667","51.583","1837.0","YASOGE, IR","    0","D,,S",,,,,,,"  -98","H,,S"
"IRM00040836","1996-01-16","30.667","51.583","1837.0","YASOGE, IR",,,,,,,,,"  -56","H,,S"
"IRM00040836","1996-01-17","30.667","51.583","1837.0","YASOGE, IR",,,,,,,,,"   -2","H,,S"
"IRM00040836","1996-01-18","30.667","51.583","1837.0","YASOGE, IR",,,,,,,,,"   14","H,,S"
"IRM00040836","1996-01-19","30.667","51.583","1837.0","YASOGE, IR",,,,,,,,,"    7","H,,S"
"IRM00040836","1996-01-20","30.667","51.583","1837.0","YASOGE, IR",,,,,,,,,"   13","H,,S"
"IRM00040836","1996-01-21","30.667","51.583","1837.0","YASOGE, IR",,,,,,,,,"  -31","H,,S"
"IRM00040836","1996-01-22","30.667","51.583","1837.0","YASOGE, IR",,,,,,,,,"  -27","H,,S"
"IRM00040836","1996-01-23","30.667","51.583","1837.0","YASOGE, IR",,,,,,,,,"    7","H,,S"
"IRM00040836","1996-01-24","30.667","51.583","1837.0","YASOGE, IR",,,,,,,,,"  -17","H,,S"
"IRM00040836","1996-01-28","30.667","51.583","1837.0","YASOGE, IR",,,,,,,,,"  -22","H,,S"
"IRM00040836","1996-01-29","30.667","51.583","1837.0","YASOGE, IR",,,,,,,,,"   39","H,,S"
"IRM00040836","1996-01-30","30.667","51.583","1837.0","YASOGE, IR",,,,,,,,,"   54","H,,S"
"IRM00040836","1996-01-31","30.667","51.583","1837.0","YASOGE, IR","    0","D,,S",,,,,,,"   36","H,,S"
"IRM00040836","1996-02-01","30.667","51.583","1837.0","YASOGE, IR","    0","D,,S",,,,,,,"   35","H,,S"
"IRM00040836","1996-02-02","30.667","51.583","1837.0","YASOGE, IR",,,,,,,,,"   48","H,,S"
"IRM00040836","1996-02-03","30.667","51.583","1837.0","YASOGE, IR",,,,,,,,,"   25","H,,S"
"IRM00040836","1996-02-04","30.667","51.583","1837.0","YASOGE, IR",,,,,,,,,"   38","H,,S"
"IRM00040836","1996-02-05","30.667","51.583","1837.0","YASOGE, IR",,,,,,,,,"   15","H,,S"
"IRM00040836","1996-02-06","30.667","51.583","1837.0","YASOGE, IR",,,,,,,,,"  -41","H,,S"
"IRM00040836","1996-02-07","30.667","51.583","1837.0","YASOGE, IR","    0","D,,S",,,,,,,"   26","H,,S"
"IRM00040836","1996-02-08","30.667","51.583","1837.0","YASOGE, IR",,,,,,,,,"   51","H,,S"
"IRM00040836","1996-02-09","30.667","51.583","1837.0","YASOGE, IR",,,,,,,,,"   92","H,,S"
"IRM00040836","1996-02-10","30.667","51.583","1837.0","YASOGE, IR","    0","D,,S",,,,,,,"   86","H,,S"
"IRM00040836","1996-02-11","30.667","51.583","1837.0","YASOGE, IR",,,,,,,,,"   69","H,,S"
"IRM00040836","1996-02-19","30.667","51.583","1837.0","YASOGE, IR",,,,,,,"   36",",,S","   78","H,,S"
"IRM00040836","1996-02-27","30.667","51.583","1837.0","YASOGE, IR",,,,,,,,,"   73","H,,S"
"IRM00040836","1996-02-29","30.667","51.583","1837.0","YASOGE, IR",,,,,,,,,"   46","H,,S"
"IRM00040836","1996-03-01","30.667","51.583","1837.0","YASOGE, IR","    0","D,,S",,,,,,,"   67","H,,S"
"IRM00040836","1996-03-02","30.667","51.583","1837.0","YASOGE, IR",,,,,,,,,"   58","H,,S"
"IRM00040836","1996-03-03","30.667","51.583","1837.0","YASOGE, IR",,,,,,,,,"   72","H,,S"
"IRM00040836","1996-03-04","30.667","51.583","1837.0","YASOGE, IR",,,,,,,,,"   67","H,,S"
"IRM00040836","1996-03-05","30.667","51.583","1837.0","YASOGE, IR",,,,,,,,,"   55","H,,S"
"IRM00040836","1996-03-06","30.667","51.583","1837.0","YASOGE, IR","    0","D,,S",,,,,,,"   97","H,,S"
"IRM00040836","1996-03-07","30.667","51.583","1837.0","YASOGE, IR",,,,,,,,,"   87","H,,S"
"IRM00040836","1996-03-08","30.667","51.583","1837.0","YASOGE, IR",,,,,,,,,"   69","H,,S"
"IRM00040836","1996-03-09","30.667","51.583","1837.0","YASOGE, IR","    0","D,,S",,,,,,,"   64","H,,S"
"IRM00040836","1996-03-10","30.667","51.583","1837.0","YASOGE, IR",,,,,,,,,"   66","H,,S"
"IRM00040836","1996-03-12","30.667","51.583","1837.0","YASOGE, IR",,,,,,,,,"   63","H,,S"
"IRM00040836","1996-03-13","30.667","51.583","1837.0","YASOGE, IR",,,,,,,,,"   37","H,,S"
"IRM00040836","1996-03-14","30.667","51.583","1837.0","YASOGE, IR",,,,,,,,,"   69","H,,S"
"IRM00040836","1996-03-15","30.667","51.583","1837.0","YASOGE, IR",,,,,,,,,"   41","H,,S"
"IRM00040836","1996-03-16","30.667","51.583","1837.0","YASOGE, IR","    0","D,,S",,,,,,,"   68","H,,S"
"IRM00040836","1996-03-18","30.667","51.583","1837.0","YASOGE, IR",,,,,,,,,"   81","H,,S"
"IRM00040836","1996-03-19","30.667","51.583","1837.0","YASOGE, IR",,,,,,,,,"   89","H,,S"
"IRM00040836","1996-03-20","30.667","51.583","1837.0","YASOGE, IR",,,,,,,,,"   98","H,,S"
"IRM00040836","1996-03-21","30.667","51.583","1837.0","YASOGE, IR",,,,,,,,,"  106","H,,S"
"IRM00040836","1996-03-22","30.667","51.583","1837.0","YASOGE, IR",,,,,,,,,"   68","H,,S"
"IRM00040836","1996-03-23","30.667","51.583","1837.0","YASOGE, IR",,,,,,,,,"   83","H,,S"
"IRM00040836","1996-03-26","30.667","51.583","1837.0","YASOGE, IR",,,,,,,,,"   88","H,,S"
"IRM00040836","1996-03-27","30.667","51.583","1837.0","YASOGE, IR","    0","D,,S",,,,,,,"   61","H,,S"
"IRM00040836","1996-03-28","30.667","51.583","1837.0","YASOGE, IR","    0","D,,S",,,,,,,"   58","H,,S"
"IRM00040836","1996-03-29","30.667","51.583","1837.0","YASOGE, IR","    0","D,,S",,,,,,,"   94","H,,S"
"IRM00040836","1996-03-30","30.667","51.583","1837.0","YASOGE, IR","    0","D,,S",,,,,,,"  118","H,,S"
"IRM00040836","1996-03-31","30.667","51.583","1837.0","YASOGE, IR","    0","D,,S",,,,,,,"  121","H,,S"
"IRM00040836","1996-04-01","30.667","51.583","1837.0","YASOGE, IR",,,,,,,,,"  148","H,,S"
"IRM00040836","1996-04-02","30.667","51.583","1837.0","YASOGE, IR","    0","D,,S",,,,,,,"  145","H,,S"
"IRM00040836","1996-04-03","30.667","51.583","1837.0","YASOGE, IR","    5","D,,S",,,,,,,"  138","H,,S"
"IRM00040836","1996-04-04","30.667","51.583","1837.0","YASOGE, IR","    0","D,,S",,,,,,,"  120","H,,S"
"IRM00040836","1996-04-05","30.667","51.583","1837.0","YASOGE, IR","    0","D,,S",,,,,,,"  113","H,,S"
"IRM00040836","1996-04-06","30.667","51.583","1837.0","YASOGE, IR","    0","D,,S",,,,,,,"  119","H,,S"
"IRM00040836","1996-04-07","30.667","51.583","1837.0","YASOGE, IR",,,,,,,,,"  137","H,,S"
"IRM00040836","1996-04-08","30.667","51.583","1837.0","YASOGE, IR","    0","D,,S",,,,,,,"  129","H,,S"
"IRM00040836","1996-04-09","30.667","51.583","1837.0","YASOGE, IR",,,,,,,,,"  154","H,,S"
"IRM00040836","1996-04-10","30.667","51.583","1837.0","YASOGE, IR",,,,,,,,,"  161","H,,S"
"IRM00040836","1996-04-11","30.667","51.583","1837.0","YASOGE, IR",,,,,,,,,"  119","H,,S"
"IRM00040836","1996-04-12","30.667","51.583","1837.0","YASOGE, IR",,,,,,,,,"  154","H,,S"
"IRM00040836","1996-04-13","30.667","51.583","1837.0","YASOGE, IR",,,,,,,,,"   94","H,,S"
"IRM00040836","1996-04-14","30.667","51.583","1837.0","YASOGE, IR",,,,,,,,,"  102","H,,S"
"IRM00040836","1996-04-15","30.667","51.583","1837.0","YASOGE, IR",,,,,,,,,"  120","H,,S"
"IRM00040836","1996-04-16","30.667","51.583","1837.0","YASOGE, IR","   10","D,,S",,,,,,,"  101","H,,S"
"IRM00040836","1996-04-17","30.667","51.583","1837.0","YASOGE, IR","    0","D,,S",,,,,,,"  117","H,,S"
"IRM00040836","1996-04-18","30.667","51.583","1837.0","YASOGE, IR",,,,,,,,,"  117","H,,S"
"IRM00040836","1996-04-19","30.667","51.583","1837.0","YASOGE, IR",,,,,,,,,"  154","H,,S"
"IRM00040836","1996-04-20","30.667","51.583","1837.0","YASOGE, IR","    0","D,,S",,,,,,,"  148","H,,S"
"IRM00040836","1996-04-21","30.667","51.583","1837.0","YASOGE, IR","    0","D,,S",,,,,,,"  158","H,,S"
"IRM00040836","1996-04-22","30.667","51.583","1837.0","YASOGE, IR",,,,,,,,,"  145","H,,S"
"IRM00040836","1996-04-24","30.667","51.583","1837.0","YASOGE, IR",,,,,,,,,"  184","H,,S"
"IRM00040836","1996-04-25","30.667","51.583","1837.0","YASOGE, IR",,,,,,,,,"  168","H,,S"
"IRM00040836","1996-04-26","30.667","51.583","1837.0","YASOGE, IR","    0","D,,S",,,,,,,"  173","H,,S"
"IRM00040836","1996-04-27","30.667","51.583","1837.0","YASOGE, IR","    0","D,,S",,,,,,,"  166","H,,S"
"IRM00040836","1996-04-28","30.667","51.583","1837.0","YASOGE, IR","    0","D,,S",,,,,,,"  142","H,,S"
"IRM00040836","1996-04-29","30.667","51.583","1837.0","YASOGE, IR","    0","D,,S",,,,,,,"  147","H,,S"
"IRM00040836","1996-04-30","30.667","51.583","1837.0","YASOGE, IR","    0","D,,S",,,,,,,"  165","H,,S"
"IRM00040836","1996-05-01","30.667","51.583","1837.0","YASOGE, IR","    0","D,,S",,,,,,,"  175","H,,S"
"IRM00040836","1996-05-02","30.667","51.583","1837.0","YASOGE, IR",,,,,,,,,"  207","H,,S"
"IRM00040836","1996-05-03","30.667","51.583","1837.0","YASOGE, IR",,,,,,,,,"  168","H,,S"
"IRM00040836","1996-05-04","30.667","51.583","1837.0","YASOGE, IR",,,,,,,,,"  209","H,,S"
"IRM00040836","1996-05-05","30.667","51.583","1837.0","YASOGE, IR",,,,,,,,,"  188","H,,S"
"IRM00040836","1996-05-06","30.667","51.583","1837.0","YASOGE, IR",,,,,,,,,"  154","H,,S"
"IRM00040836","1996-05-07","30.667","51.583","1837.0","YASOGE, IR",,,,,,,,,"  172","H,,S"
"IRM00040836","1996-05-08","30.667","51.583","1837.0","YASOGE, IR",,,,,,,,,"  182","H,,S"
"IRM00040836","1996-05-09","30.667","51.583","1837.0","YASOGE, IR",,,,,,,,,"  211","H,,S"
"IRM00040836","1996-05-10","30.667","51.583","1837.0","YASOGE, IR","    0","D,,S",,,,,,,"  214","H,,S"
"IRM00040836","1996-05-11","30.667","51.583","1837.0","YASOGE, IR",,,,,,,,,"  157","H,,S"
"IRM00040836","1996-05-12","30.667","51.583","1837.0","YASOGE, IR",,,,,,,,,"  164","H,,S"
"IRM00040836","1996-05-13","30.667","51.583","1837.0","YASOGE, IR","    0","D,,S",,,,,,,"  159","H,,S"
"IRM00040836","1996-05-14","30.667","51.583","1837.0","YASOGE, IR",,,,,,,,,"  159","H,,S"
"IRM00040836","1996-05-15","30.667","51.583","1837.0","YASOGE, IR",,,,,,,,,"  211","H,,S"
"IRM00040836","1996-05-16","30.667","51.583","1837.0","YASOGE, IR","    0","D,,S",,,,,,,"  202","H,,S"
"IRM00040836","1996-05-17","30.667","51.583","1837.0","YASOGE, IR","    0","D,,S",,,,,,,"  214","H,,S"
"IRM00040836","1996-05-18","30.667","51.583","1837.0","YASOGE, IR",,,,,,,,,"  213","H,,S"
"IRM00040836","1996-05-19","30.667","51.583","1837.0","YASOGE, IR","    0","D,,S",,,,,,,"  224","H,,S"
"IRM00040836","1996-05-20","30.667","51.583","1837.0","YASOGE, IR","    0","D,,S",,,,,,,"  215","H,,S"
"IRM00040836","1996-05-21","30.667","51.583","1837.0","YASOGE, IR","    0","D,,S",,,,,,,"  211","H,,S"
"IRM00040836","1996-05-22","30.667","51.583","1837.0","YASOGE, IR","    0","D,,S",,,,,,,"  186","H,,S"
"IRM00040836","1996-05-23","30.667","51.583","1837.0","YASOGE, IR","    0","D,,S",,,,,,,"  203","H,,S"
"IRM00040836","1996-05-24","30.667","51.583","1837.0","YASOGE, IR","    0","D,,S",,,,,,,"  202","H,,S"
"IRM00040836","1996-05-25","30.667","51.583","1837.0","YASOGE, IR",,,,,,,,,"  199","H,,S"
"IRM00040836","1996-05-26","30.667","51.583","1837.0","YASOGE, IR","    0","D,,S",,,,,,,"  203","H,,S"
"IRM00040836","1996-05-27","30.667","51.583","1837.0","YASOGE, IR","    0","D,,S",,,,,,,"  218","H,,S"
"IRM00040836","1996-05-28","30.667","51.583","1837.0","YASOGE, IR","    0","D,,S",,,,,,,"  231","H,,S"
"IRM00040836","1996-05-29","30.667","51.583","1837.0","YASOGE, IR",,,,,,,,,"  220","H,,S"
"IRM00040836","1996-05-30","30.667","51.583","1837.0","YASOGE, IR","    0","D,,S",,,,,,,"  226","H,,S"
"IRM00040836","1996-05-31","30.667","51.583","1837.0","YASOGE, IR","    0","D,,S",,,,,,,"  241","H,,S"
"IRM00040836","1996-06-01","30.667","51.583","1837.0","YASOGE, IR",,,,,,,,,"  241","H,,S"
"IRM00040836","1996-06-02","30.667","51.583","1837.0","YASOGE, IR","    0","D,,S",,,,,,,"  251","H,,S"
"IRM00040836","1996-06-03","30.667","51.583","1837.0","YASOGE, IR","    0","D,,S",,,,,,,"  244","H,,S"
"IRM00040836","1996-06-04","30.667","51.583","1837.0","YASOGE, IR",,,,,,,,,"  241","H,,S"
"IRM00040836","1996-06-05","30.667","51.583","1837.0","YASOGE, IR","    0","D,,S",,,,,,,"  245","H,,S"
"IRM00040836","1996-06-06","30.667","51.583","1837.0","YASOGE, IR","    0","D,,S",,,,,,,"  244","H,,S"
"IRM00040836","1996-06-07","30.667","51.583","1837.0","YASOGE, IR","    0","D,,S",,,,,,,"  227","H,,S"
"IRM00040836","1996-06-08","30.667","51.583","1837.0","YASOGE, IR",,,,,,,,,"  244","H,,S"
"IRM00040836","1996-06-09","30.667","51.583","1837.0","YASOGE, IR",,,,,,,,,"  252","H,,S"
"IRM00040836","1996-06-10","30.667","51.583","1837.0","YASOGE, IR",,,,,,,,,"  205","H,,S"
"IRM00040836","1996-06-11","30.667","51.583","1837.0","YASOGE, IR",,,,,,,,,"  215","H,,S"
"IRM00040836","1996-06-12","30.667","51.583","1837.0","YASOGE, IR",,,,,,,,,"  277","H,,S"
"IRM00040836","1996-06-13","30.667","51.583","1837.0","YASOGE, IR","    0","D,,S",,,,,,,"  248","H,,S"
"IRM00040836","1996-06-14","30.667","51.583","1837.0","YASOGE, IR",,,,,,,,,"  252","H,,S"
"IRM00040836","1996-06-15","30.667","51.583","1837.0","YASOGE, IR","    0","D,,S",,,,,,,"  239","H,,S"
"IRM00040836","1996-06-16","30.667","51.583","1837.0","YASOGE, IR",,,,,,,,,"  244","H,,S"
"IRM00040836","1996-06-17","30.667","51.583","1837.0","YASOGE, IR",,,,,,,,,"  227","H,,S"
"IRM00040836","1996-06-18","30.667","51.583","1837.0","YASOGE, IR","    0","D,,S",,,,,,,"  251","H,,S"
"IRM00040836","1996-06-19","30.667","51.583","1837.0","YASOGE, IR",,,,,,,,,"  211","H,,S"
"IRM00040836","1996-06-20","30.667","51.583","1837.0","YASOGE, IR",,,,,,,,,"  238","H,,S"
"IRM00040836","1996-06-21","30.667","51.583","1837.0","YASOGE, IR","    0","D,,S",,,,,,,"  256","H,,S"
"IRM00040836","1996-06-22","30.667","51.583","1837.0","YASOGE, IR",,,,,,,,,"  228","H,,S"
"IRM00040836","1996-06-23","30.667","51.583","1837.0","YASOGE, IR","    0","D,,S",,,,,,,"  252","H,,S"
"IRM00040836","1996-06-24","30.667","51.583","1837.0","YASOGE, IR",,,,,,,,,"  253","H,,S"
"IRM00040836","1996-06-25","30.667","51.583","1837.0","YASOGE, IR",,,,,,,,,"  244","H,,S"
"IRM00040836","1996-06-26","30.667","51.583","1837.0","YASOGE, IR","    0","D,,S",,,,,,,"  251","H,,S"
"IRM00040836","1996-06-27","30.667","51.583","1837.0","YASOGE, IR","    0","D,,S",,,,,,,"  251","H,,S"
"IRM00040836","1996-06-28","30.667","51.583","1837.0","YASOGE, IR",,,,,,,,,"  249","H,,S"
"IRM00040836","1996-06-29","30.667","51.583","1837.0","YASOGE, IR",,,,,,,,,"  264","H,,S"
"IRM00040836","1996-06-30","30.667","51.583","1837.0","YASOGE, IR","    0","D,,S",,,,,,,"  269","H,,S"
"IRM00040836","1996-07-01","30.667","51.583","1837.0","YASOGE, IR",,,,,,,,,"  287","H,,S"
"IRM00040836","1996-07-02","30.667","51.583","1837.0","YASOGE, IR","    0",",,S",,,,,,,"  274","H,,S"
"IRM00040836","1996-07-03","30.667","51.583","1837.0","YASOGE, IR","    0","D,,S",,,,,,,"  267","H,,S"
"IRM00040836","1996-07-04","30.667","51.583","1837.0","YASOGE, IR","    0","D,,S",,,,,,,"  274","H,,S"
"IRM00040836","1996-07-05","30.667","51.583","1837.0","YASOGE, IR",,,,,,,,,"  258","H,,S"
"IRM00040836","1996-07-06","30.667","51.583","1837.0","YASOGE, IR","  991","D,,S",,,"  330",",,S",,,"  237","H,,S"
"IRM00040836","1996-07-07","30.667","51.583","1837.0","YASOGE, IR",,,,,,,,,"  244","H,,S"
"IRM00040836","1996-07-08","30.667","51.583","1837.0","YASOGE, IR","    0","D,,S",,,,,,,"  247","H,,S"
"IRM00040836","1996-07-09","30.667","51.583","1837.0","YASOGE, IR",,,,,,,,,"  290","H,,S"
"IRM00040836","1996-07-10","30.667","51.583","1837.0","YASOGE, IR","    0","D,,S",,,,,,,"  271","H,,S"
"IRM00040836","1996-07-11","30.667","51.583","1837.0","YASOGE, IR","    0","D,,S",,,,,,,"  266","H,,S"
"IRM00040836","1996-07-12","30.667","51.583","1837.0","YASOGE, IR",,,,,,,,,"  250","H,,S"
"IRM00040836","1996-07-13","30.667","51.583","1837.0","YASOGE, IR","    0","D,,S",,,,,,,"  274","H,,S"
"IRM00040836","1996-07-14","30.667","51.583","1837.0","YASOGE, IR",,,,,,,,,"  274","H,,S"
"IRM00040836","1996-07-15","30.667","51.583","1837.0","YASOGE, IR",,,,,,,,,"  258","H,,S"
"IRM00040836","1996-07-16","30.667","51.583","1837.0","YASOGE, IR",,,,,,,,,"  233","H,,S"
"IRM00040836","1996-07-17","30.667","51.583","1837.0","YASOGE, IR","    0","D,,S",,,,,,,"  233","H,,S"
"IRM00040836","1996-07-18","30.667","51.583","1837.0","YASOGE, IR","    0","D,,S",,,,,,,"  264","H,,S"
"IRM00040836","1996-07-19","30.667","51.583","1837.0","YASOGE, IR","    0","D,,S",,,,,,,"  269","H,,S"
"IRM00040836","1996-07-20","30.667","51.583","1837.0","YASOGE, IR",,,,,,,,,"  271","H,,S"
"IRM00040836","1996-07-21","30.667","51.583","1837.0","YASOGE, IR",,,,,,,,,"  281","H,,S"
"IRM00040836","1996-07-22","30.667","51.583","1837.0","YASOGE, IR",,,,,,,,,"  279","H,,S"
"IRM00040836","1996-07-23","30.667","51.583","1837.0","YASOGE, IR","    0","D,,S",,,"  330",",,S",,,"  284","H,,S"
"IRM00040836","1996-07-24","30.667","51.583","1837.0","YASOGE, IR","    0","D,,S",,,,,,,"  286","H,,S"
"IRM00040836","1996-07-25","30.667","51.583","1837.0","YASOGE, IR","    0","D,,S",,,,,,,"  291","H,,S"
"IRM00040836","1996-07-26","30.667","51.583","1837.0","YASOGE, IR","    0","D,,S",,,,,,,"  284","H,,S"
"IRM00040836","1996-07-27","30.667","51.583","1837.0","YASOGE, IR","    0","D,,S",,,,,,,"  303","H,,S"
"IRM00040836","1996-07-28","30.667","51.583","1837.0","YASOGE, IR","    0","D,,S",,,,,,,"  276","H,,S"
"IRM00040836","1996-07-29","30.667","51.583","1837.0","YASOGE, IR","    0","D,,S",,,,,,,"  274","H,,S"
"IRM00040836","1996-07-30","30.667","51.583","1837.0","YASOGE, IR",,,,,,,,,"  285","H,,S"
"IRM00040836","1996-07-31","30.667","51.583","1837.0","YASOGE, IR","    0","D,,S",,,,,,,"  287","H,,S"
"IRM00040836","1996-08-01","30.667","51.583","1837.0","YASOGE, IR","    0","D,,S",,,,,,,"  279","H,,S"
"IRM00040836","1996-08-02","30.667","51.583","1837.0","YASOGE, IR","    0","D,,S",,,,,,,"  283","H,,S"
"IRM00040836","1996-08-03","30.667","51.583","1837.0","YASOGE, IR","    0","D,,S",,,,,,,"  268","H,,S"
"IRM00040836","1996-08-04","30.667","51.583","1837.0","YASOGE, IR",,,,,,,,,"  258","H,,S"
"IRM00040836","1996-08-05","30.667","51.583","1837.0","YASOGE, IR","    0","D,,S",,,,,,,"  258","H,,S"
"IRM00040836","1996-08-07","30.667","51.583","1837.0","YASOGE, IR","    0","D,,S",,,,,,,"  269","H,,S"
"IRM00040836","1996-08-08","30.667","51.583","1837.0","YASOGE, IR","    0","D,,S",,,,,,,"  258","H,,S"
"IRM00040836","1996-08-10","30.667","51.583","1837.0","YASOGE, IR","    0","D,,S",,,,,,,"  263","H,,S"
"IRM00040836","1996-08-11","30.667","51.583","1837.0","YASOGE, IR","    0","D,,S",,,"  354",",,S",,,"  271","H,,S"
"IRM00040836","1996-08-12","30.667","51.583","1837.0","YASOGE, IR","    0","D,,S",,,,,,,"  298","H,,S"
"IRM00040836","1996-08-13","30.667","51.583","1837.0","YASOGE, IR","    0","D,,S",,,,,,,"  285","H,,S"
"IRM00040836","1996-08-14","30.667","51.583","1837.0","YASOGE, IR",,,,,,,,,"  286","H,,S"
"IRM00040836","1996-08-15","30.667","51.583","1837.0","YASOGE, IR",,,,,,,,,"  289","H,,S"
"IRM00040836","1996-08-16","30.667","51.583","1837.0","YASOGE, IR",,,,,,,,,"  289","H,,S"
"IRM00040836","1996-08-17","30.667","51.583","1837.0","YASOGE, IR","    0","D,,S",,,,,,,"  284","H,,S"
"IRM00040836","1996-08-18","30.667","51.583","1837.0","YASOGE, IR","    0","D,,S",,,,,,,"  273","H,,S"
"IRM00040836","1996-08-19","30.667","51.583","1837.0","YASOGE, IR","    0",",,S",,,,,,,"  247","H,,S"
"IRM00040836","1996-08-20","30.667","51.583","1837.0","YASOGE, IR","    0","D,,S",,,,,,,"  262","H,,S"
"IRM00040836","1996-08-21","30.667","51.583","1837.0","YASOGE, IR","    0","D,,S",,,,,,,"  257","H,,S"
"IRM00040836","1996-08-22","30.667","51.583","1837.0","YASOGE, IR",,,,,,,,,"  245","H,,S"
"IRM00040836","1996-08-23","30.667","51.583","1837.0","YASOGE, IR","    0","D,,S",,,,,,,"  274","H,,S"
"IRM00040836","1996-08-24","30.667","51.583","1837.0","YASOGE, IR","    0","D,,S",,,,,,,"  261","H,,S"
"IRM00040836","1996-08-25","30.667","51.583","1837.0","YASOGE, IR",,,,,,,,,"  253","H,,S"
"IRM00040836","1996-08-27","30.667","51.583","1837.0","YASOGE, IR","    0","D,,S",,,,,,,"  231","H,,S"
"IRM00040836","1996-08-28","30.667","51.583","1837.0","YASOGE, IR","    0","D,,S",,,,,,,"  253","H,,S"
"IRM00040836","1996-08-29","30.667","51.583","1837.0","YASOGE, IR",,,,,,,,,"  251","H,,S"
"IRM00040836","1996-08-30","30.667","51.583","1837.0","YASOGE, IR","    0","D,,S",,,,,,,"  249","H,,S"
"IRM00040836","1996-08-31","30.667","51.583","1837.0","YASOGE, IR","    0","D,,S",,,,,,,"  250","H,,S"
"IRM00040836","1996-09-01","30.667","51.583","1837.0","YASOGE, IR","    0","D,,S",,,,,,,"  249","H,,S"
"IRM00040836","1996-09-02","30.667","51.583","1837.0","YASOGE, IR",,,,,,,,,"  263","H,,S"
"IRM00040836","1996-09-03","30.667","51.583","1837.0","YASOGE, IR","    0","D,,S",,,,,"  160",",,S","  246","H,,S"
"IRM00040836","1996-09-04","30.667","51.583","1837.0","YASOGE, IR","    0","D,,S",,,,,,,"  246","H,,S"
"IRM00040836","1996-09-05","30.667","51.583","1837.0","YASOGE, IR","    0","D,,S",,,,,,,"  234","H,,S"
"IRM00040836","1996-09-06","30.667","51.583","1837.0","YASOGE, IR","    0","D,,S",,,,,,,"  226","H,,S"
"IRM00040836","1996-09-07","30.667","51.583","1837.0","YASOGE, IR","    0","D,,S",,,,,,,"  231","H,,S"
"IRM00040836","1996-09-08","30.667","51.583","1837.0","YASOGE, IR","    0","D,,S",,,,,,,"  243","H,,S"
"IRM00040836","1996-09-09","30.667","51.583","1837.0","YASOGE, IR",,,,,,,,,"  230","H,,S"
"IRM00040836","1996-09-10","30.667","51.583","1837.0","YASOGE, IR","    0","D,,S",,,,,,,"  244","H,,S"
"IRM00040836","1996-09-11","30.667","51.583","1837.0","YASOGE, IR","    0","D,,S",,,,,,,"  263","H,,S"
"IRM00040836","1996-09-12","30.667","51.583","1837.0","YASOGE, IR","    0","D,,S",,,,,,,"  253","H,,S"
"IRM00040836","1996-09-13","30.667","51.583","1837.0","YASOGE, IR","    0","D,,S",,,,,,,"  236","H,,S"
"IRM00040836","1996-09-15","30.667","51.583","1837.0","YASOGE, IR","    0","D,,S",,,,,,,"  247","H,,S"
"IRM00040836","1996-09-16","30.667","51.583","1837.0","YASOGE, IR","    0","D,,S",,,,,,,"  256","H,,S"
"IRM00040836","1996-09-17","30.667","51.583","1837.0","YASOGE, IR",,,,,,,,,"  243","H,,S"
"IRM00040836","1996-09-18","30.667","51.583","1837.0","YASOGE, IR","    0","D,,S",,,,,,,"  231","H,,S"
"IRM00040836","1996-09-19","30.667","51.583","1837.0","YASOGE, IR","    0","D,,S",,,,,,,"  222","H,,S"
"IRM00040836","1996-09-20","30.667","51.583","1837.0","YASOGE, IR",,,,,,,,,"  214","H,,S"
"IRM00040836","1996-09-21","30.667","51.583","1837.0","YASOGE, IR","    0","D,,S",,,,,,,"  193","H,,S"
"IRM00040836","1996-09-22","30.667","51.583","1837.0","YASOGE, IR","    0","D,,S",,,,,,,"  195","H,,S"
"IRM00040836","1996-09-23","30.667","51.583","1837.0","YASOGE, IR","    0","D,,S",,,,,,,"  196","H,,S"
"IRM00040836","1996-09-24","30.667","51.583","1837.0","YASOGE, IR","    0","D,,S",,,,,,,"  201","H,,S"
"IRM00040836","1996-09-25","30.667","51.583","1837.0","YASOGE, IR",,,,,,,,,"  201","H,,S"
"IRM00040836","1996-09-26","30.667","51.583","1837.0","YASOGE, IR","    0",",,S",,,,,,,"  211","H,,S"
"IRM00040836","1996-09-27","30.667","51.583","1837.0","YASOGE, IR","    0","D,,S",,,,,,,"  214","H,,S"
"IRM00040836","1996-09-28","30.667","51.583","1837.0","YASOGE, IR",,,,,,,,,"  218","H,,S"
"IRM00040836","1996-09-29","30.667","51.583","1837.0","YASOGE, IR","    0","D,,S",,,,,,,"  197","H,,S"
"IRM00040836","1996-09-30","30.667","51.583","1837.0","YASOGE, IR","    0","D,,S",,,"  306",",,S",,,"  179","H,,S"
"IRM00040836","1996-10-01","30.667","51.583","1837.0","YASOGE, IR","    0","D,,S",,,,,,,"  209","H,,S"
"IRM00040836","1996-10-02","30.667","51.583","1837.0","YASOGE, IR",,,,,,,,,"  211","H,,S"
"IRM00040836","1996-10-03","30.667","51.583","1837.0","YASOGE, IR","    0","D,,S",,,,,,,"  207","H,,S"
"IRM00040836","1996-10-04","30.667","51.583","1837.0","YASOGE, IR",,,,,,,,,"  206","H,,S"
"IRM00040836","1996-10-05","30.667","51.583","1837.0","YASOGE, IR","    0","D,,S",,,,,,,"  185","H,,S"
"IRM00040836","1996-10-06","30.667","51.583","1837.0","YASOGE, IR",,,,,,,,,"  164","H,,S"
"IRM00040836","1996-10-07","30.667","51.583","1837.0","YASOGE, IR","    0","D,,S",,,,,,,"  171","H,,S"
"IRM00040836","1996-10-08","30.667","51.583","1837.0","YASOGE, IR","    0","D,,S",,,,,,,"  171","H,,S"
"IRM00040836","1996-10-09","30.667","51.583","1837.0","YASOGE, IR",,,,,,,,,"  154","H,,S"
"IRM00040836","1996-10-10","30.667","51.583","1837.0","YASOGE, IR","   10","D,,S",,,,,,,"  147","H,,S"
"IRM00040836","1996-10-11","30.667","51.583","1837.0","YASOGE, IR",,,,,,,,,"  154","H,,S"
"IRM00040836","1996-10-12","30.667","51.583","1837.0","YASOGE, IR","    0","D,,S",,,,,,,"  153","H,,S"
"IRM00040836","1996-10-13","30.667","51.583","1837.0","YASOGE, IR","    0","D,,S",,,,,,,"  175","H,,S"
"IRM00040836","1996-10-14","30.667","51.583","1837.0","YASOGE, IR",,,,,,,,,"  178","H,,S"
"IRM00040836","1996-10-15","30.667","51.583","1837.0","YASOGE, IR","    0","D,,S",,,"  230",",,S",,,"  174","H,,S"
"IRM00040836","1996-10-16","30.667","51.583","1837.0","YASOGE, IR",,,,,,,,,"  157","H,,S"
"IRM00040836","1996-10-17","30.667","51.583","1837.0","YASOGE, IR",,,,,,,,,"  107","H,,S"
"IRM00040836","1996-10-18","30.667","51.583","1837.0","YASOGE, IR","    0","D,,S",,,,,,,"  113","H,,S"
"IRM00040836","1996-10-19","30.667","51.583","1837.0","YASOGE, IR","    0","D,,S",,,,,,,"  122","H,,S"
"IRM00040836","1996-10-20","30.667","51.583","1837.0","YASOGE, IR","    0","D,,S",,,,,,,"  131","H,,S"
"IRM00040836","1996-10-21","30.667","51.583","1837.0","YASOGE, IR","    0","D,,S",,,,,,,"  148","H,,S"
"IRM00040836","1996-10-22","30.667","51.583","1837.0","YASOGE, IR",,,,,,,,,"  149","H,,S"
"IRM00040836","1996-10-23","30.667","51.583","1837.0","YASOGE, IR","    0","D,,S",,,,,,,"  151","H,,S"
"IRM00040836","1996-10-24","30.667","51.583","1837.0","YASOGE, IR","    0","D,,S",,,,,,,"  141","H,,S"
"IRM00040836","1996-10-25","30.667","51.583","1837.0","YASOGE, IR",,,,,,,,,"  154","H,,S"
"IRM00040836","1996-10-26","30.667","51.583","1837.0","YASOGE, IR",,,,,,,,,"  117","H,,S"
"IRM00040836","1996-10-28","30.667","51.583","1837.0","YASOGE, IR","    0","D,,S",,,,,"   66",",,S","  145","H,,S"
"IRM00040836","1996-10-29","30.667","51.583","1837.0","YASOGE, IR","    0","D,,S",,,,,,,"  158","H,,S"
"IRM00040836","1996-10-30","30.667","51.583","1837.0","YASOGE, IR","    0",",,S",,,,,,,"  145","H,,S"
"IRM00040836","1996-10-31","30.667","51.583","1837.0","YASOGE, IR",,,,,,,,,"  156","H,,S"
"IRM00040836","1996-11-01","30.667","51.583","1837.0","YASOGE, IR","    0","D,,S",,,,,,,"  124","H,,S"
"IRM00040836","1996-11-02","30.667","51.583","1837.0","YASOGE, IR","    0","D,,S",,,,,,,"  125","H,,S"
"IRM00040836","1996-11-03","30.667","51.583","1837.0","YASOGE, IR",,,,,,,,,"  122","H,,S"
"IRM00040836","1996-11-04","30.667","51.583","1837.0","YASOGE, IR","    0","D,,S",,,,,,,"  128","H,,S"
"IRM00040836","1996-11-05","30.667","51.583","1837.0","YASOGE, IR",,,,,,,,,"  111","H,,S"
"IRM00040836","1996-11-06","30.667","51.583","1837.0","YASOGE, IR","    0","D,,S",,,,,,,"  125","H,,S"
"IRM00040836","1996-11-07","30.667","51.583","1837.0","YASOGE, IR",,,,,"  210",",,S",,,"  121","H,,S"
"IRM00040836","1996-11-08","30.667","51.583","1837.0","YASOGE, IR","    0","D,,S",,,,,,,"  127","H,,S"
"IRM00040836","1996-11-09","30.667","51.583","1837.0","YASOGE, IR","    0","D,,S",,,,,,,"  100","H,,S"
"IRM00040836","1996-11-10","30.667","51.583","1837.0","YASOGE, IR","    0","D,,S",,,,,,,"   92","H,,S"
"IRM00040836","1996-11-11","30.667","51.583","1837.0","YASOGE, IR","    0","D,,S",,,,,,,"   89","H,,S"
"IRM00040836","1996-11-12","30.667","51.583","1837.0","YASOGE, IR","    0","D,,S",,,,,,,"   77","H,,S"
"IRM00040836","1996-11-13","30.667","51.583","1837.0","YASOGE, IR","    0","D,,S",,,,,,,"   86","H,,S"
"IRM00040836","1996-11-14","30.667","51.583","1837.0","YASOGE, IR","    0","D,,S",,,,,,,"  106","H,,S"
"IRM00040836","1996-11-15","30.667","51.583","1837.0","YASOGE, IR","    0","D,,S",,,,,,,"   82","H,,S"
"IRM00040836","1996-11-16","30.667","51.583","1837.0","YASOGE, IR","    0","D,,S",,,,,,,"   83","H,,S"
"IRM00040836","1996-11-17","30.667","51.583","1837.0","YASOGE, IR",,,,,,,,,"  104","H,,S"
"IRM00040836","1996-11-18","30.667","51.583","1837.0","YASOGE, IR","    0","D,,S",,,,,,,"   96","H,,S"
"IRM00040836","1996-11-19","30.667","51.583","1837.0","YASOGE, IR",,,,,,,,,"   92","H,,S"
"IRM00040836","1996-11-20","30.667","51.583","1837.0","YASOGE, IR","   25","D,,S",,,,,,,"  110","H,,S"
"IRM00040836","1996-11-21","30.667","51.583","1837.0","YASOGE, IR",,,,,,,,,"  115","H,,S"
"IRM00040836","1996-11-22","30.667","51.583","1837.0","YASOGE, IR",,,,,,,,,"   74","H,,S"
"IRM00040836","1996-11-23","30.667","51.583","1837.0","YASOGE, IR",,,,,,,,,"   94","H,,S"
"IRM00040836","1996-11-24","30.667","51.583","1837.0","YASOGE, IR","    0","D,,S",,,,,,,"   95","H,,S"
"IRM00040836","1996-11-25","30.667","51.583","1837.0","YASOGE, IR","    0","D,,S",,,,,,,"   91","H,,S"
"IRM00040836","1996-11-26","30.667","51.583","1837.0","YASOGE, IR","    0","D,,S",,,,,,,"   97","H,,S"
"IRM00040836","1996-11-27","30.667","51.583","1837.0","YASOGE, IR","    0","D,,S",,,,,,,"   95","H,,S"
"IRM00040836","1996-11-28","30.667","51.583","1837.0","YASOGE, IR",,,,,,,,,"   78","H,,S"
"IRM00040836","1996-11-29","30.667","51.583","1837.0","YASOGE, IR",,,,,,,,,"   62","H,,S"
"IRM00040836","1996-11-30","30.667","51.583","1837.0","YASOGE, IR","    0","D,,S",,,,,,,"   69","H,,S"
"IRM00040836","1996-12-01","30.667","51.583","1837.0","YASOGE, IR","    0","D,,S",,,,,,,"   83","H,,S"
"IRM00040836","1996-12-02","30.667","51.583","1837.0","YASOGE, IR","    0","D,,S",,,,,,,"   51","H,,S"
"IRM00040836","1996-12-03","30.667","51.583","1837.0","YASOGE, IR",,,,,,,"    0",",,S","   84","H,,S"
"IRM00040836","1996-12-04","30.667","51.583","1837.0","YASOGE, IR","    0","D,,S",,,,,,,"   72","H,,S"
"IRM00040836","1996-12-05","30.667","51.583","1837.0","YASOGE, IR","    0","D,,S",,,,,,,"   78","H,,S"
"IRM00040836","1996-12-06","30.667","51.583","1837.0","YASOGE, IR",,,,,,,,,"   73","H,,S"
"IRM00040836","1996-12-07","30.667","51.583","1837.0","YASOGE, IR",,,,,,,,,"   72","H,,S"
"IRM00040836","1996-12-08","30.667","51.583","1837.0","YASOGE, IR","    0","D,,S",,,,,,,"   82","H,,S"
"IRM00040836","1996-12-09","30.667","51.583","1837.0","YASOGE, IR","    0","D,,S",,,,,,,"   81","H,,S"
"IRM00040836","1996-12-10","30.667","51.583","1837.0","YASOGE, IR","    0","D,,S",,,,,,,"   74","H,,S"
"IRM00040836","1996-12-11","30.667","51.583","1837.0","YASOGE, IR",,,,,,,,,"   76","H,,S"
"IRM00040836","1996-12-12","30.667","51.583","1837.0","YASOGE, IR","    0","D,,S",,,,,,,"   65","H,,S"
"IRM00040836","1996-12-13","30.667","51.583","1837.0","YASOGE, IR","    0","D,,S",,,,,"    0",",,S","   71","H,,S"
"IRM00040836","1996-12-14","30.667","51.583","1837.0","YASOGE, IR",,,,,,,,,"   74","H,,S"
"IRM00040836","1996-12-15","30.667","51.583","1837.0","YASOGE, IR",,,,,,,,,"   61","H,,S"
"IRM00040836","1996-12-16","30.667","51.583","1837.0","YASOGE, IR","    0","D,,S",,,,,,,"   43","H,,S"
"IRM00040836","1996-12-17","30.667","51.583","1837.0","YASOGE, IR","    0","D,,S",,,,,,,"   68","H,,S"
"IRM00040836","1996-12-18","30.667","51.583","1837.0","YASOGE, IR",,,,,,,,,"   75","H,,S"
"IRM00040836","1996-12-19","30.667","51.583","1837.0","YASOGE, IR","    0","D,,S",,,,,"   20",",,S","   72","H,,S"
"IRM00040836","1996-12-21","30.667","51.583","1837.0","YASOGE, IR",,,,,,,,,"   62","H,,S"
"IRM00040836","1996-12-23","30.667","51.583","1837.0","YASOGE, IR",,,,,,,,,"   48","H,,S"
"IRM00040836","1996-12-24","30.667","51.583","1837.0","YASOGE, IR","    0","D,,S",,,,,,,"   41","H,,S"
"IRM00040836","1996-12-25","30.667","51.583","1837.0","YASOGE, IR",,,,,,,,,"   48","H,,S"
"IRM00040836","1996-12-27","30.667","51.583","1837.0","YASOGE, IR",,,,,,,,,"   74","H,,S"
"IRM00040836","1996-12-28","30.667","51.583","1837.0","YASOGE, IR",,,,,,,,,"   94","H,,S"
"IRM00040836","1996-12-29","30.667","51.583","1837.0","YASOGE, IR","    0","D,,S",,,,,,,"   83","H,,S"
"IRM00040836","1996-12-30","30.667","51.583","1837.0","YASOGE, IR",,,,,,,,,"  100","H,,S"
"IRM00040836","1996-12-31","30.667","51.583","1837.0","YASOGE, IR",,,,,,,,,"   83","H,,S"
"IRM00040836","1997-01-01","30.667","51.583","1837.0","YASOGE, IR","    0","D,,S",,,,,,,"   59","H,,S"
"IRM00040836","1997-01-02","30.667","51.583","1837.0","YASOGE, IR","    3","D,,S",,,,,,,"   42","H,,S"
"IRM00040836","1997-01-03","30.667","51.583","1837.0","YASOGE, IR","    0","D,,S",,,,,,,"   29","H,,S"
"IRM00040836","1997-01-04","30.667","51.583","1837.0","YASOGE, IR","    0","D,,S",,,,,,,"   31","H,,S"
"IRM00040836","1997-01-05","30.667","51.583","1837.0","YASOGE, IR",,,,,,,,,"   52","H,,S"
"IRM00040836","1997-01-06","30.667","51.583","1837.0","YASOGE, IR",,,,,,,,,"   10","H,,S"
"IRM00040836","1997-01-09","30.667","51.583","1837.0","YASOGE, IR",,,,,,,,,"   27","H,,S"
"IRM00040836","1997-01-10","30.667","51.583","1837.0","YASOGE, IR",,,,,,,,,"   51","H,,S"
"IRM00040836","1997-01-16","30.667","51.583","1837.0","YASOGE, IR",,,,,,,,,"  -51","H,,S"
"IRM00040836","1997-01-17","30.667","51.583","1837.0","YASOGE, IR",,,,,,,,,"   13","H,,S"
"IRM00040836","1997-01-18","30.667","51.583","1837.0","YASOGE, IR","    0","D,,S",,,,,,,"    3","H,,S"
"IRM00040836","1997-01-19","30.667","51.583","1837.0","YASOGE, IR","    0","D,,S",,,,,,,"  -16","H,,S"
"IRM00040836","1997-01-20","30.667","51.583","1837.0","YASOGE, IR","    0","D,,S",,,,,,,"  -12","H,,S"
"IRM00040836","1997-01-22","30.667","51.583","1837.0","YASOGE, IR",,,,,,,,,"   10","H,,S"
"IRM00040836","1997-01-23","30.667","51.583","1837.0","YASOGE, IR","    0","D,,S",,,,,,,"   -9","H,,S"
"IRM00040836","1997-01-24","30.667","51.583","1837.0","YASOGE, IR","    0","D,,S",,,,,"  -46",",,S","    6","H,,S"
"IRM00040836","1997-01-25","30.667","51.583","1837.0","YASOGE, IR",,,,,,,,,"    6","H,,S"
"IRM00040836","1997-01-26","30.667","51.583","1837.0","YASOGE, IR",,,,,,,,,"   21","H,,S"
"IRM00040836","1997-01-27","30.667","51.583","1837.0","YASOGE, IR","    0","D,,S",,,,,,,"   24","H,,S"
"IRM00040836","1997-01-28","30.667","51.583","1837.0","YASOGE, IR",,,,,,,,,"   17","H,,S"
"IRM00040836","1997-01-29","30.667","51.583","1837.0","YASOGE, IR",,,,,,,,,"   33","H,,S"
"IRM00040836","1997-01-30","30.667","51.583","1837.0","YASOGE, IR",,,,,,,,,"   41","H,,S"
"IRM00040836","1997-01-31","30.667","51.583","1837.0","YASOGE, IR",,,,,,,,,"   40","H,,S"
"IRM00040836","1997-02-01","30.667","51.583","1837.0","YASOGE, IR","    5",",,S",,,,,,,"   12","H,,S"
"IRM00040836","1997-02-02","30.667","51.583","1837.0","YASOGE, IR","    0",",,S",,,,,,,"   16","H,,S"
"IRM00040836","1997-02-03","30.667","51.583","1837.0","YASOGE, IR",,,,,,,,,"   24","H,,S"
"IRM00040836","1997-02-04","30.667","51.583","1837.0","YASOGE, IR",,,,,,,,,"   65","H,,S"
"IRM00040836","1997-02-05","30.667","51.583","1837.0","YASOGE, IR",,,,,,,,,"   31","H,,S"
"IRM00040836","1997-02-06","30.667","51.583","1837.0","YASOGE, IR","    0","D,,S",,,,,,,"   11","H,,S"
"IRM00040836","1997-02-07","30.667","51.583","1837.0","YASOGE, IR",,,,,,,,,"   -1","H,,S"
"IRM00040836","1997-02-08","30.667","51.583","1837.0","YASOGE, IR",,,,,,,,,"   18","H,,S"
"IRM00040836","1997-02-09","30.667","51.583","1837.0","YASOGE, IR","    0","D,,S",,,,,,,"   18","H,,S"
"IRM00040836","1997-02-10","30.667","51.583","1837.0","YASOGE, IR",,,,,,,,,"   28","H,,S"
"IRM00040836","1997-02-11","30.667","51.583","1837.0","YASOGE, IR","    0","D,,S",,,,,,,"   32","H,,S"
"IRM00040836","1997-02-12","30.667","51.583","1837.0","YASOGE, IR",,,,,,,,,"   14","H,,S"
"IRM00040836","1997-02-13","30.667","51.583","1837.0","YASOGE, IR","    0","D,,S",,,,,,,"   31","H,,S"
"IRM00040836","1997-02-14","30.667","51.583","1837.0","YASOGE, IR",,,,,,,,,"   38","H,,S"
"IRM00040836","1997-02-15","30.667","51.583","1837.0","YASOGE, IR",,,,,,,,,"   23","H,,S"
"IRM00040836","1997-02-16","30.667","51.583","1837.0","YASOGE, IR",,,,,,,,,"   57","H,,S"
"IRM00040836","1997-02-17","30.667","51.583","1837.0","YASOGE, IR",,,,,,,,,"   74","H,,S"
"IRM00040836","1997-02-18","30.667","51.583","1837.0","YASOGE, IR",,,,,,,,,"   87","H,,S"
"IRM00040836","1997-02-19","30.667","51.583","1837.0","YASOGE, IR","   20","D,,S",,,,,,,"   68","H,,S"
"IRM00040836","1997-02-20","30.667","51.583","1837.0","YASOGE, IR","    0","D,,S",,,,,,,"   80","H,,S"
"IRM00040836","1997-02-21","30.667","51.583","1837.0","YASOGE, IR","    0","D,,S",,,"  170",",,S",,,"  113","H,,S"
"IRM00040836","1997-02-22","30.667","51.583","1837.0","YASOGE, IR",,,,,,,,,"  108","H,,S"
"IRM00040836","1997-02-23","30.667","51.583","1837.0","YASOGE, IR","    0","D,,S",,,,,,,"   90","H,,S"
"IRM00040836","1997-02-24","30.667","51.583","1837.0","YASOGE, IR",,,,,,,,,"   86","H,,S"
"IRM00040836","1997-02-25","30.667","51.583","1837.0","YASOGE, IR","    0","D,,S",,,"  160",",,S",,,"   71","H,,S"
"IRM00040836","1997-02-26","30.667","51.583","1837.0","YASOGE, IR",,,,,,,,,"   68","H,,S"
"IRM00040836","1997-02-27","30.667","51.583","1837.0","YASOGE, IR",,,,,,,,,"   41","H,,S"
"IRM00040836","1997-02-28","30.667","51.583","1837.0","YASOGE, IR","    0","D,,S",,,,,,,"   20","H,,S"
"IRM00040836","1997-03-01","30.667","51.583","1837.0","YASOGE, IR",,,,,,,,,"   66","H,,S"
"IRM00040836","1997-03-02","30.667","51.583","1837.0","YASOGE, IR",,,,,,,,,"   84","H,,S"
"IRM00040836","1997-03-03","30.667","51.583","1837.0","YASOGE, IR","   30","D,,S",,,,,,,"   89","H,,S"
"IRM00040836","1997-03-04","30.667","51.583","1837.0","YASOGE, IR","  119",",,S",,,,,,,"   87","H,,S"
"IRM00040836","1997-03-05","30.667","51.583","1837.0","YASOGE, IR","    0",",,S",,,,,,,"   53","H,,S"
"IRM00040836","1997-03-06","30.667","51.583","1837.0","YASOGE, IR",,,,,,,,,"   40","H,,S"
"IRM00040836","1997-03-07","30.667","51.583","1837.0","YASOGE, IR",,,,,,,,,"   54","H,,S"
"IRM00040836","1997-03-08","30.667","51.583","1837.0","YASOGE, IR",,,,,,,,,"   63","H,,S"
"IRM00040836","1997-03-09","30.667","51.583","1837.0","YASOGE, IR","   20","D,,S",,,,,,,"   34","H,,S"
"IRM00040836","1997-03-10","30.667","51.583","1837.0","YASOGE, IR","    0","D,,S",,,,,,,"   56","H,,S"
"IRM00040836","1997-03-11","30.667","51.583","1837.0","YASOGE, IR",,,,,,,,,"   76","H,,S"
"IRM00040836","1997-03-12","30.667","51.583","1837.0","YASOGE, IR","  119","D,,S",,,,,,,"   67","H,,S"
"IRM00040836","1997-03-13","30.667","51.583","1837.0","YASOGE, IR",,,,,,,,,"   81","H,,S"
"IRM00040836","1997-03-14","30.667","51.583","1837.0","YASOGE, IR",,,,,,,,,"   72","H,,S"
"IRM00040836","1997-03-15","30.667","51.583","1837.0","YASOGE, IR",,,,,,,,,"   53","H,,S"
"IRM00040836","1997-03-16","30.667","51.583","1837.0","YASOGE, IR",,,,,,,,,"   41","H,,S"
"IRM00040836","1997-03-17","30.667","51.583","1837.0","YASOGE, IR","   10","D,,S",,,,,,,"   67","H,,S"
"IRM00040836","1997-03-18","30.667","51.583","1837.0","YASOGE, IR",,,,,,,,,"   29","H,,S"
"IRM00040836","1997-03-19","30.667","51.583","1837.0","YASOGE, IR","    0","D,,S",,,,,,,"   61","H,,S"
"IRM00040836","1997-03-22","30.667","51.583","1837.0","YASOGE, IR",,,,,,,,,"   79","H,,S"
"IRM00040836","1997-03-23","30.667","51.583","1837.0","YASOGE, IR","   20",",,S",,,,,,,"   80","H,,S"
"IRM00040836","1997-03-24","30.667","51.583","1837.0","YASOGE, IR","    0",",,S",,,,,,,"   66","H,,S"
"IRM00040836","1997-03-25","30.667","51.583","1837.0","YASOGE, IR",,,,,,,,,"   28","H,,S"
"IRM00040836","1997-03-26","30.667","51.583","1837.0","YASOGE, IR",,,,,,,,,"   33","H,,S"
"IRM00040836","1997-03-27","30.667","51.583","1837.0","YASOGE, IR","    0","D,,S",,,,,,,"   58","H,,S"
"IRM00040836","1997-03-28","30.667","51.583","1837.0","YASOGE, IR",,,,,,,,,"   47","H,,S"
"IRM00040836","1997-03-29","30.667","51.583","1837.0","YASOGE, IR","  739","D,,S",,,,,,,"   39","H,,S"
"IRM00040836","1997-03-30","30.667","51.583","1837.0","YASOGE, IR",,,,,,,,,"   59","H,,S"
"IRM00040836","1997-03-31","30.667","51.583","1837.0","YASOGE, IR","    0","D,,S",,,,,,,"   79","H,,S"
"IRM00040836","1997-04-01","30.667","51.583","1837.0","YASOGE, IR",,,,,,,,,"  101","H,,S"
"IRM00040836","1997-04-02","30.667","51.583","1837.0","YASOGE, IR","    0","D,,S",,,,,,,"  131","H,,S"
"IRM00040836","1997-04-03","30.667","51.583","1837.0","YASOGE, IR","    0","D,,S",,,,,,,"  117","H,,S"
"IRM00040836","1997-04-04","30.667","51.583","1837.0","YASOGE, IR",,,,,,,,,"  109","H,,S"
"IRM00040836","1997-04-05","30.667","51.583","1837.0","YASOGE, IR",,,,,,,,,"   81","H,,S"
"IRM00040836","1997-04-06","30.667","51.583","1837.0","YASOGE, IR",,,,,,,,,"   88","H,,S"
"IRM00040836","1997-04-07","30.667","51.583","1837.0","YASOGE, IR",,,,,,,,,"   92","H,,S"
"IRM00040836","1997-04-10","30.667","51.583","1837.0","YASOGE, IR",,,,,,,,,"  131","H,,S"
"IRM00040836","1997-04-12","30.667","51.583","1837.0","YASOGE, IR",,,,,,,,,"   74","H,,S"
"IRM00040836","1997-04-13","30.667","51.583","1837.0","YASOGE, IR",,,,,,,,,"  126","H,,S"
"IRM00040836","1997-04-14","30.667","51.583","1837.0","YASOGE, IR",,,,,,,,,"  132","H,,S"
"IRM00040836","1997-04-15","30.667","51.583","1837.0","YASOGE, IR","    0","D,,S",,,,,,,"  150","H,,S"
"IRM00040836","1997-04-16","30.667","51.583","1837.0","YASOGE, IR",,,,,,,,,"  137","H,,S"
"IRM00040836","1997-04-17","30.667","51.583","1837.0","YASOGE, IR",,,,,,,,,"  121","H,,S"
"IRM00040836","1997-04-19","30.667","51.583","1837.0","YASOGE, IR",,,,,,,,,"  121","H,,S"
"IRM00040836","1997-04-20","30.667","51.583","1837.0","YASOGE, IR","    0","D,,S",,,,,,,"  143","H,,S"
"IRM00040836","1997-04-21","30.667","51.583","1837.0","YASOGE, IR","    0","D,,S",,,"  202",",,S",,,"  141","H,,S"
"IRM00040836","1997-04-22","30.667","51.583","1837.0","YASOGE, IR",,,,,,,,,"  126","H,,S"
"IRM00040836","1997-04-23","30.667","51.583","1837.0","YASOGE, IR","    0","D,,S",,,,,,,"  151","H,,S"
"IRM00040836","1997-04-24","30.667","51.583","1837.0","YASOGE, IR",,,,,,,,,"  124","H,,S"
"IRM00040836","1997-04-25","30.667","51.583","1837.0","YASOGE, IR","    0","D,,S",,,,,,,"  147","H,,S"
"IRM00040836","1997-04-26","30.667","51.583","1837.0","YASOGE, IR",,,,,,,,,"  182","H,,S"
"IRM00040836","1997-04-27","30.667","51.583","1837.0","YASOGE, IR",,,,,,,,,"  167","H,,S"
"IRM00040836","1997-04-28","30.667","51.583","1837.0","YASOGE, IR",,,,,,,,,"  162","H,,S"
"IRM00040836","1997-04-30","30.667","51.583","1837.0","YASOGE, IR",,,,,,,,,"  169","H,,S"
"IRM00040836","1997-05-01","30.667","51.583","1837.0","YASOGE, IR",,,,,,,,,"  154","H,,S"
"IRM00040836","1997-05-02","30.667","51.583","1837.0","YASOGE, IR",,,,,,,,,"  167","H,,S"
"IRM00040836","1997-05-03","30.667","51.583","1837.0","YASOGE, IR","    0","D,,S",,,,,,,"  160","H,,S"
"IRM00040836","1997-05-04","30.667","51.583","1837.0","YASOGE, IR","    0","D,,S",,,,,,,"  171","H,,S"
"IRM00040836","1997-05-05","30.667","51.583","1837.0","YASOGE, IR",,,,,,,,,"   97","H,,S"
"IRM00040836","1997-05-06","30.667","51.583","1837.0","YASOGE, IR",,,,,,,,,"  104","H,,S"
"IRM00040836","1997-05-07","30.667","51.583","1837.0","YASOGE, IR",,,,,,,,,"  137","H,,S"
"IRM00040836","1997-05-08","30.667","51.583","1837.0","YASOGE, IR",,,,,,,,,"  185","H,,S"
"IRM00040836","1997-05-09","30.667","51.583","1837.0","YASOGE, IR",,,,,,,,,"  116","H,,S"
"IRM00040836","1997-05-12","30.667","51.583","1837.0","YASOGE, IR",,,,,,,,,"  136","H,,S"
"IRM00040836","1997-05-13","30.667","51.583","1837.0","YASOGE, IR",,,,,,,,,"  152","H,,S"
"IRM00040836","1997-05-14","30.667","51.583","1837.0","YASOGE, IR","    0","D,,S",,,,,,,"  182","H,,S"
"IRM00040836","1997-05-15","30.667","51.583","1837.0","YASOGE, IR","    0","D,,S",,,,,,,"  179","H,,S"
"IRM00040836","1997-05-16","30.667","51.583","1837.0","YASOGE, IR","    0","D,,S",,,,,,,"  191","H,,S"
"IRM00040836","1997-05-17","30.667","51.583","1837.0","YASOGE, IR",,,,,,,,,"  149","H,,S"
"IRM00040836","1997-05-18","30.667","51.583","1837.0","YASOGE, IR","    0","D,,S",,,,,,,"  181","H,,S"
"IRM00040836","1997-05-19","30.667","51.583","1837.0","YASOGE, IR","   20","D,,S",,,,,,,"  155","H,,S"
"IRM00040836","1997-05-20","30.667","51.583","1837.0","YASOGE, IR",,,,,,,"   88",",,S","  193","H,,S"
"IRM00040836","1997-05-21","30.667","51.583","1837.0","YASOGE, IR","    0","D,,S",,,,,,,"  197","H,,S"
"IRM00040836","1997-05-22","30.667","51.583","1837.0","YASOGE, IR","    0","D,,S",,,,,,,"  207","H,,S"
"IRM00040836","1997-05-23","30.667","51.583","1837.0","YASOGE, IR",,,,,,,,,"  188","H,,S"
"IRM00040836","1997-05-24","30.667","51.583","1837.0","YASOGE, IR",,,,,,,,,"  154","H,,S"
"IRM00040836","1997-05-25","30.667","51.583","1837.0","YASOGE, IR","    0","D,,S",,,,,,,"  200","H,,S"
"IRM00040836","1997-05-26","30.667","51.583","1837.0","YASOGE, IR",,,,,,,,,"  189","H,,S"
"IRM00040836","1997-05-27","30.667","51.583","1837.0","YASOGE, IR","    0","D,,S",,,,,,,"  204","H,,S"
"IRM00040836","1997-05-28","30.667","51.583","1837.0","YASOGE, IR",,,,,,,,,"  232","H,,S"
"IRM00040836","1997-05-29","30.667","51.583","1837.0","YASOGE, IR",,,,,,,,,"  204","H,,S"
"IRM00040836","1997-05-30","30.667","51.583","1837.0","YASOGE, IR","    0","D,,S",,,,,,,"  222","H,,S"
"IRM00040836","1997-05-31","30.667","51.583","1837.0","YASOGE, IR",,,,,,,,,"  228","H,,S"
"IRM00040836","1997-06-01","30.667","51.583","1837.0","YASOGE, IR","   20","D,,S",,,,,,,"  213","H,,S"
"IRM00040836","1997-06-03","30.667","51.583","1837.0","YASOGE, IR",,,,,,,,,"  233","H,,S"
"IRM00040836","1997-06-04","30.667","51.583","1837.0","YASOGE, IR","    0","D,,S",,,,,,,"  209","H,,S"
"IRM00040836","1997-06-05","30.667","51.583","1837.0","YASOGE, IR","    0","D,,S",,,,,,,"  207","H,,S"
"IRM00040836","1997-06-06","30.667","51.583","1837.0","YASOGE, IR",,,,,,,,,"  227","H,,S"
"IRM00040836","1997-06-07","30.667","51.583","1837.0","YASOGE, IR",,,,,,,,,"  217","H,,S"
"IRM00040836","1997-06-08","30.667","51.583","1837.0","YASOGE, IR",,,,,,,,,"  237","H,,S"
"IRM00040836","1997-06-09","30.667","51.583","1837.0","YASOGE, IR","    0","D,,S",,,,,,,"  241","H,,S"
"IRM00040836","1997-06-10","30.667","51.583","1837.0","YASOGE, IR",,,,,,,,,"  264","H,,S"
"IRM00040836","1997-06-13","30.667","51.583","1837.0","YASOGE, IR",,,,,,,,,"  281","H,,S"
"IRM00040836","1997-06-14","30.667","51.583","1837.0","YASOGE, IR",,,,,,,,,"  264","H,,S"
"IRM00040836","1997-06-15","30.667","51.583","1837.0","YASOGE, IR","    0","D,,S",,,,,,,"  257","H,,S"
"IRM00040836","1997-06-18","30.667","51.583","1837.0","YASOGE, IR",,,,,,,,,"  226","H,,S"
"IRM00040836","1997-06-19","30.667","51.583","1837.0","YASOGE, IR",,,,,,,,,"  212","H,,S"
"IRM00040836","1997-06-20","30.667","51.583","1837.0","YASOGE, IR",,,,,,,,,"  233","H,,S"
"IRM00040836","1997-07-05","30.667","51.583","1837.0","YASOGE, IR",,,,,,,,,"  258","H,,S"
"IRM00040836","1997-07-10","30.667","51.583","1837.0","YASOGE, IR",,,,,,,,,"  306","H,,S"
"IRM00040836","1997-07-11","30.667","51.583","1837.0","YASOGE, IR",,,,,,,,,"  294","H,,S"
"IRM00040836","1997-07-15","30.667","51.583","1837.0","YASOGE, IR",,,,,,,,,"  280","H,,S"
"IRM00040836","1997-07-22","30.667","51.583","1837.0","YASOGE, IR",,,,,,,,,"  292","H,,S"
"IRM00040836","1997-07-23","30.667","51.583","1837.0","YASOGE, IR","    0","D,,S",,,,,,,"  296","H,,S"
"IRM00040836","1997-07-24","30.667","51.583","1837.0","YASOGE, IR","    0","D,,S",,,,,,,"  295","H,,S"
"IRM00040836","1997-07-25","30.667","51.583","1837.0","YASOGE, IR",,,,,,,,,"  271","H,,S"
"IRM00040836","1997-07-26","30.667","51.583","1837.0","YASOGE, IR",,,,,,,,,"  293","H,,S"
"IRM00040836","1997-07-27","30.667","51.583","1837.0","YASOGE, IR",,,,,,,,,"  278","H,,S"
"IRM00040836","1997-07-28","30.667","51.583","1837.0","YASOGE, IR",,,,,,,,,"  303","H,,S"
"IRM00040836","1997-07-29","30.667","51.583","1837.0","YASOGE, IR","    0","D,,S",,,,,,,"  278","H,,S"
"IRM00040836","1997-07-30","30.667","51.583","1837.0","YASOGE, IR",,,,,,,,,"  312","H,,S"
"IRM00040836","1997-07-31","30.667","51.583","1837.0","YASOGE, IR",,,,,,,,,"  332","H,,S"
"IRM00040836","1997-08-01","30.667","51.583","1837.0","YASOGE, IR","    0","D,,S",,,,,,,"  287","H,,S"
"IRM00040836","1997-08-02","30.667","51.583","1837.0","YASOGE, IR",,,,,,,,,"  305","H,,S"
"IRM00040836","1997-08-03","30.667","51.583","1837.0","YASOGE, IR","    0","D,,S",,,,,,,"  283","H,,S"
"IRM00040836","1997-08-04","30.667","51.583","1837.0","YASOGE, IR",,,,,,,,,"  277","H,,S"
"IRM00040836","1997-08-06","30.667","51.583","1837.0","YASOGE, IR","    0","D,,S",,,,,,,"  278","H,,S"
"IRM00040836","1997-08-07","30.667","51.583","1837.0","YASOGE, IR","    0","D,,S",,,,,,,"  259","H,,S"
"IRM00040836","1997-08-08","30.667","51.583","1837.0","YASOGE, IR","    0","D,,S",,,,,,,"  256","H,,S"
"IRM00040836","1997-08-09","30.667","51.583","1837.0","YASOGE, IR","    0","D,,S",,,,,,,"  264","H,,S"
"IRM00040836","1997-08-10","30.667","51.583","1837.0","YASOGE, IR",,,,,,,,,"  258","H,,S"
"IRM00040836","1997-08-12","30.667","51.583","1837.0","YASOGE, IR","    0","D,,S",,,,,,,"  290","H,,S"
"IRM00040836","1997-08-13","30.667","51.583","1837.0","YASOGE, IR",,,,,,,,,"  305","H,,S"
"IRM00040836","1997-08-14","30.667","51.583","1837.0","YASOGE, IR",,,,,,,,,"  279","H,,S"
"IRM00040836","1997-08-15","30.667","51.583","1837.0","YASOGE, IR",,,,,,,,,"  298","H,,S"
"IRM00040836","1997-08-17","30.667","51.583","1837.0","YASOGE, IR",,,,,,,,,"  304","H,,S"
"IRM00040836","1997-08-18","30.667","51.583","1837.0","YASOGE, IR","    0","D,,S",,,,,,,"  274","H,,S"
"IRM00040836","1997-08-19","30.667","51.583","1837.0","YASOGE, IR",,,,,,,,,"  278","H,,S"
"IRM00040836","1997-08-20","30.667","51.583","1837.0","YASOGE, IR",,,,,,,,,"  259","H,,S"
"IRM00040836","1997-08-21","30.667","51.583","1837.0","YASOGE, IR","    0","D,,S",,,,,,,"  271","H,,S"
"IRM00040836","1997-08-22","30.667","51.583","1837.0","YASOGE, IR",,,,,,,,,"  273","H,,S"
"IRM00040836","1997-08-23","30.667","51.583","1837.0","YASOGE, IR",,,,,,,,,"  277","H,,S"
"IRM00040836","1997-08-24","30.667","51.583","1837.0","YASOGE, IR",,,,,,,,,"  293","H,,S"
"IRM00040836","1997-08-25","30.667","51.583","1837.0","YASOGE, IR",,,,,,,,,"  289","H,,S"
"IRM00040836","1997-08-26","30.667","51.583","1837.0","YASOGE, IR","    0","D,,S",,,,,,,"  239","H,,S"
"IRM00040836","1997-08-27","30.667","51.583","1837.0","YASOGE, IR",,,,,,,,,"  271","H,,S"
"IRM00040836","1997-08-28","30.667","51.583","1837.0","YASOGE, IR",,,,,,,,,"  279","H,,S"
"IRM00040836","1997-08-29","30.667","51.583","1837.0","YASOGE, IR",,,,,,,,,"  244","H,,S"
"IRM00040836","1997-08-30","30.667","51.583","1837.0","YASOGE, IR",,,,,,,,,"  248","H,,S"
"IRM00040836","1997-08-31","30.667","51.583","1837.0","YASOGE, IR",,,,,,,,,"  261","H,,S"
"IRM00040836","1997-09-01","30.667","51.583","1837.0","YASOGE, IR",,,,,,,,,"  249","H,,S"
"IRM00040836","1997-09-02","30.667","51.583","1837.0","YASOGE, IR",,,,,,,,,"  239","H,,S"
"IRM00040836","1997-09-03","30.667","51.583","1837.0","YASOGE, IR","    0","D,,S",,,,,,,"  246","H,,S"
"IRM00040836","1997-09-04","30.667","51.583","1837.0","YASOGE, IR",,,,,,,,,"  256","H,,S"
"IRM00040836","1997-09-05","30.667","51.583","1837.0","YASOGE, IR","    0","D,,S",,,,,,,"  228","H,,S"
"IRM00040836","1997-09-06","30.667","51.583","1837.0","YASOGE, IR","    0","D,,S",,,,,,,"  239","H,,S"
"IRM00040836","1997-09-07","30.667","51.583","1837.0","YASOGE, IR","    0","D,,S",,,,,,,"  235","H,,S"
"IRM00040836","1997-09-08","30.667","51.583","1837.0","YASOGE, IR","    0","D,,S",,,,,,,"  223","H,,S"
"IRM00040836","1997-09-09","30.667","51.583","1837.0","YASOGE, IR",,,,,,,,,"  212","H,,S"
"IRM00040836","1997-09-10","30.667","51.583","1837.0","YASOGE, IR",,,,,,,,,"  211","H,,S"
"IRM00040836","1997-09-11","30.667","51.583","1837.0","YASOGE, IR",,,,,,,,,"  207","H,,S"
"IRM00040836","1997-09-12","30.667","51.583","1837.0","YASOGE, IR",,,,,,,,,"  223","H,,S"
"IRM00040836","1997-09-13","30.667","51.583","1837.0","YASOGE, IR",,,,,,,,,"  202","H,,S"
"IRM00040836","1997-09-14","30.667","51.583","1837.0","YASOGE, IR",,,,,,,,,"  226","H,,S"
"IRM00040836","1997-09-15","30.667","51.583","1837.0","YASOGE, IR","    0","D,,S",,,,,,,"  208","H,,S"
"IRM00040836","1997-09-16","30.667","51.583","1837.0","YASOGE, IR",,,,,,,,,"  209","H,,S"
"IRM00040836","1997-09-17","30.667","51.583","1837.0","YASOGE, IR","    0","D,,S",,,,,,,"  220","H,,S"
"IRM00040836","1997-09-18","30.667","51.583","1837.0","YASOGE, IR","    0","D,,S",,,,,,,"  227","H,,S"
"IRM00040836","1997-09-19","30.667","51.583","1837.0","YASOGE, IR",,,,,,,,,"  218","H,,S"
"IRM00040836","1997-09-20","30.667","51.583","1837.0","YASOGE, IR",,,,,,,,,"  238","H,,S"
"IRM00040836","1997-09-21","30.667","51.583","1837.0","YASOGE, IR",,,,,,,,,"  239","H,,S"
"IRM00040836","1997-09-22","30.667","51.583","1837.0","YASOGE, IR",,,,,,,,,"  237","H,,S"
"IRM00040836","1997-09-23","30.667","51.583","1837.0","YASOGE, IR",,,,,,,,,"  215","H,,S"
"IRM00040836","1997-09-24","30.667","51.583","1837.0","YASOGE, IR","    0","D,,S",,,,,,,"  219","H,,S"
"IRM00040836","1997-09-25","30.667","51.583","1837.0","YASOGE, IR",,,,,,,,,"  217","H,,S"
"IRM00040836","1997-09-26","30.667","51.583","1837.0","YASOGE, IR",,,,,,,,,"  221","H,,S"
"IRM00040836","1997-09-27","30.667","51.583","1837.0","YASOGE, IR",,,,,,,,,"  223","H,,S"
"IRM00040836","1997-09-28","30.667","51.583","1837.0","YASOGE, IR",,,,,,,,,"  243","H,,S"
"IRM00040836","1997-09-29","30.667","51.583","1837.0","YASOGE, IR",,,,,,,,,"  220","H,,S"
"IRM00040836","1997-09-30","30.667","51.583","1837.0","YASOGE, IR","    0","D,,S",,,"  285",",,S",,,"  197","H,,S"
"IRM00040836","1997-10-01","30.667","51.583","1837.0","YASOGE, IR","    0",",,S",,,,,,,"  211","H,,S"
"IRM00040836","1997-10-02","30.667","51.583","1837.0","YASOGE, IR",,,,,,,,,"  212","H,,S"
"IRM00040836","1997-10-03","30.667","51.583","1837.0","YASOGE, IR",,,,,,,,,"  211","H,,S"
"IRM00040836","1997-10-04","30.667","51.583","1837.0","YASOGE, IR","    0","D,,S",,,,,,,"  211","H,,S"
"IRM00040836","1997-10-05","30.667","51.583","1837.0","YASOGE, IR","    0","D,,S",,,,,,,"  215","H,,S"
"IRM00040836","1997-10-06","30.667","51.583","1837.0","YASOGE, IR",,,,,,,,,"  224","H,,S"
"IRM00040836","1997-10-07","30.667","51.583","1837.0","YASOGE, IR",,,,,,,,,"  243","H,,S"
"IRM00040836","1997-10-08","30.667","51.583","1837.0","YASOGE, IR",,,,,,,,,"  204","H,,S"
"IRM00040836","1997-10-09","30.667","51.583","1837.0","YASOGE, IR",,,,,,,,,"  206","H,,S"
"IRM00040836","1997-10-11","30.667","51.583","1837.0","YASOGE, IR",,,,,,,,,"  192","H,,S"
"IRM00040836","1997-10-12","30.667","51.583","1837.0","YASOGE, IR","    0","D,,S",,,,,,,"  198","H,,S"
"IRM00040836","1997-10-13","30.667","51.583","1837.0","YASOGE, IR","    0","D,,S",,,,,,,"  183","H,,S"
"IRM00040836","1997-10-14","30.667","51.583","1837.0","YASOGE, IR",,,,,,,,,"  166","H,,S"
"IRM00040836","1997-10-15","30.667","51.583","1837.0","YASOGE, IR",,,,,,,,,"  211","H,,S"
"IRM00040836","1997-10-16","30.667","51.583","1837.0","YASOGE, IR","    0","D,,S",,,,,,,"  183","H,,S"
"IRM00040836","1997-10-17","30.667","51.583","1837.0","YASOGE, IR","    0","D,,S",,,,,,,"  179","H,,S"
"IRM00040836","1997-10-18","30.667","51.583","1837.0","YASOGE, IR",,,,,,,,,"  174","H,,S"
"IRM00040836","1997-10-19","30.667","51.583","1837.0","YASOGE, IR","    0","D,,S",,,,,,,"  158","H,,S"
"IRM00040836","1997-10-20","30.667","51.583","1837.0","YASOGE, IR",,,,,,,,,"  178","H,,S"
"IRM00040836","1997-10-21","30.667","51.583","1837.0","YASOGE, IR",,,,,,,,,"  145","H,,S"
"IRM00040836","1997-10-22","30.667","51.583","1837.0","YASOGE, IR",,,,,,,,,"  158","H,,S"
"IRM00040836","1997-10-23","30.667","51.583","1837.0","YASOGE, IR",,,,,,,,,"  134","H,,S"
"IRM00040836","1997-10-24","30.667","51.583","1837.0","YASOGE, IR","    0","D,,S",,,,,,,"  128","H,,S"
"IRM00040836","1997-10-25","30.667","51.583","1837.0","YASOGE, IR",,,,,,,,,"  134","H,,S"
"IRM00040836","1997-10-26","30.667","51.583","1837.0","YASOGE, IR",,,,,,,,,"  136","H,,S"
"IRM00040836","1997-10-27","30.667","51.583","1837.0","YASOGE, IR","    0","D,,S",,,,,,,"  133","H,,S"
"IRM00040836","1997-10-28","30.667","51.583","1837.0","YASOGE, IR",,,,,,,,,"  149","H,,S"
"IRM00040836","1997-10-29","30.667","51.583","1837.0","YASOGE, IR",,,,,,,,,"  128","H,,S"
"IRM00040836","1997-10-31","30.667","51.583","1837.0","YASOGE, IR",,,,,,,,,"  119","H,,S"
"IRM00040836","1997-11-01","30.667","51.583","1837.0","YASOGE, IR",,,,,,,,,"  128","H,,S"
"IRM00040836","1997-11-02","30.667","51.583","1837.0","YASOGE, IR",,,,,,,,,"  119","H,,S"
"IRM00040836","1997-11-03","30.667","51.583","1837.0","YASOGE, IR",,,,,,,,,"   91","H,,S"
"IRM00040836","1997-11-04","30.667","51.583","1837.0","YASOGE, IR","    0","D,,S",,,,,,,"  104","H,,S"
"IRM00040836","1997-11-05","30.667","51.583","1837.0","YASOGE, IR",,,,,,,,,"   80","H,,S"
"IRM00040836","1997-11-06","30.667","51.583","1837.0","YASOGE, IR",,,,,,,,,"  146","H,,S"
"IRM00040836","1997-11-07","30.667","51.583","1837.0","YASOGE, IR",,,,,,,,,"  104","H,,S"
"IRM00040836","1997-11-08","30.667","51.583","1837.0","YASOGE, IR","    0","D,,S",,,,,,,"  123","H,,S"
"IRM00040836","1997-11-09","30.667","51.583","1837.0","YASOGE, IR","    5","D,,S",,,,,,,"   90","H,,S"
"IRM00040836","1997-11-10","30.667","51.583","1837.0","YASOGE, IR","    5","D,,S",,,,,,,"  104","H,,S"
"IRM00040836","1997-11-11","30.667","51.583","1837.0","YASOGE, IR","   30","D,,S",,,,,,,"  108","H,,S"
"IRM00040836","1997-11-12","30.667","51.583","1837.0","YASOGE, IR",,,,,,,,,"   88","H,,S"
"IRM00040836","1997-11-13","30.667","51.583","1837.0","YASOGE, IR",,,,,,,,,"   96","H,,S"
"IRM00040836","1997-11-14","30.667","51.583","1837.0","YASOGE, IR",,,,,,,,,"   88","H,,S"
"IRM00040836","1997-11-15","30.667","51.583","1837.0","YASOGE, IR",,,,,,,,,"   91","H,,S"
"IRM00040836","1997-11-16","30.667","51.583","1837.0","YASOGE, IR","    0","D,,S",,,,,,,"   96","H,,S"
"IRM00040836","1997-11-17","30.667","51.583","1837.0","YASOGE, IR",,,,,,,,,"  111","H,,S"
"IRM00040836","1997-11-18","30.667","51.583","1837.0","YASOGE, IR",,,,,,,,,"  109","H,,S"
"IRM00040836","1997-11-19","30.667","51.583","1837.0","YASOGE, IR","    0","D,,S",,,,,,,"   72","H,,S"
"IRM00040836","1997-11-20","30.667","51.583","1837.0","YASOGE, IR",,,,,,,,,"   70","H,,S"
"IRM00040836","1997-11-21","30.667","51.583","1837.0","YASOGE, IR",,,,,,,,,"   82","H,,S"
"IRM00040836","1997-11-22","30.667","51.583","1837.0","YASOGE, IR",,,,,,,,,"   62","H,,S"
"IRM00040836","1997-11-23","30.667","51.583","1837.0","YASOGE, IR","    0","D,,S",,,,,,,"   77","H,,S"
"IRM00040836","1997-11-24","30.667","51.583","1837.0","YASOGE, IR","    0","D,,S",,,,,,,"   79","H,,S"
"IRM00040836","1997-11-25","30.667","51.583","1837.0","YASOGE, IR",,,,,,,,,"   47","H,,S"
"IRM00040836","1997-11-26","30.667","51.583","1837.0","YASOGE, IR",,,,,,,,,"   45","H,,S"
"IRM00040836","1997-11-27","30.667","51.583","1837.0","YASOGE, IR",,,,,,,,,"   24","H,,S"
"IRM00040836","1997-11-29","30.667","51.583","1837.0","YASOGE, IR","    0","D,,S",,,,,,,"   53","H,,S"
"IRM00040836","1997-11-30","30.667","51.583","1837.0","YASOGE, IR","   71","D,,S",,,,,,,"   53","H,,S"
"IRM00040836","1997-12-01","30.667","51.583","1837.0","YASOGE, IR",,,,,,,,,"   56","H,,S"
"IRM00040836","1997-12-02","30.667","51.583","1837.0","YASOGE, IR",,,,,,,,,"   75","H,,S"
"IRM00040836","1997-12-03","30.667","51.583","1837.0","YASOGE, IR","    0","D,,S",,,,,,,"   61","H,,S"
"IRM00040836","1997-12-04","30.667","51.583","1837.0","YASOGE, IR",,,,,,,,,"   93","H,,S"
"IRM00040836","1997-12-05","30.667","51.583","1837.0","YASOGE, IR","    0","D,,S",,,,,,,"   46","H,,S"
"IRM00040836","1997-12-06","30.667","51.583","1837.0","YASOGE, IR",,,,,,,,,"   76","H,,S"
"IRM00040836","1997-12-08","30.667","51.583","1837.0","YASOGE, IR",,,,,,,,,"   46","H,,S"
"IRM00040836","1997-12-10","30.667","51.583","1837.0","YASOGE, IR",,,,,,,,,"   34","H,,S"
"IRM00040836","1997-12-11","30.667","51.583","1837.0","YASOGE, IR",,,,,,,,,"   31","H,,S"
"IRM00040836","1997-12-20","30.667","51.583","1837.0","YASOGE, IR",,,,,,,,,"   32","H,,S"
"IRM00040836","1997-12-21","30.667","51.583","1837.0","YASOGE, IR",,,,,,,,,"   37","H,,S"
"IRM00040836","1997-12-22","30.667","51.583","1837.0","YASOGE, IR",,,,,"   92",",,S",,,"   31","H,,S"
"IRM00040836","1997-12-23","30.667","51.583","1837.0","YASOGE, IR",,,,,,,,,"   37","H,,S"
"IRM00040836","1997-12-24","30.667","51.583","1837.0","YASOGE, IR","    0","D,,S",,,,,,,"   37","H,,S"
"IRM00040836","1997-12-25","30.667","51.583","1837.0","YASOGE, IR",,,,,,,,,"   87","H,,S"
"IRM00040836","1997-12-26","30.667","51.583","1837.0","YASOGE, IR",,,,,,,,,"   39","H,,S"
"IRM00040836","1997-12-27","30.667","51.583","1837.0","YASOGE, IR",,,,,,,,,"   28","H,,S"
"IRM00040836","1997-12-28","30.667","51.583","1837.0","YASOGE, IR",,,,,,,,,"   27","H,,S"
"IRM00040836","1997-12-29","30.667","51.583","1837.0","YASOGE, IR",,,,,,,,,"   29","H,,S"
"IRM00040836","1997-12-30","30.667","51.583","1837.0","YASOGE, IR","    0","D,,S",,,,,,,"   38","H,,S"
"IRM00040836","1997-12-31","30.667","51.583","1837.0","YASOGE, IR",,,,,,,,,"   55","H,,S"
"IRM00040836","1998-01-01","30.667","51.583","1837.0","YASOGE, IR",,,,,,,,,"   48","H,,S"
"IRM00040836","1998-01-02","30.667","51.583","1837.0","YASOGE, IR",,,,,,,,,"   41","H,,S"
"IRM00040836","1998-01-03","30.667","51.583","1837.0","YASOGE, IR",,,,,,,,,"   46","H,,S"
"IRM00040836","1998-01-05","30.667","51.583","1837.0","YASOGE, IR",,,,,,,,,"   65","H,,S"
"IRM00040836","1998-01-06","30.667","51.583","1837.0","YASOGE, IR","  193","D,,S",,,,,,,"   46","H,,S"
"IRM00040836","1998-01-07","30.667","51.583","1837.0","YASOGE, IR",,,,,,,,,"   38","H,,S"
"IRM00040836","1998-01-08","30.667","51.583","1837.0","YASOGE, IR",,,,,,,,,"   24","H,,S"
"IRM00040836","1998-01-09","30.667","51.583","1837.0","YASOGE, IR",,,,,,,,,"   29","H,,S"
"IRM00040836","1998-01-10","30.667","51.583","1837.0","YASOGE, IR","    0","D,,S",,,,,,,"   16","H,,S"
"IRM00040836","1998-01-11","30.667","51.583","1837.0","YASOGE, IR","    0","D,,S",,,,,,,"   13","H,,S"
"IRM00040836","1998-01-12","30.667","51.583","1837.0","YASOGE, IR",,,,,,,,,"   29","H,,S"
"IRM00040836","1998-01-14","30.667","51.583","1837.0","YASOGE, IR",,,,,,,,," -109","H,,S"
"IRM00040836","1998-01-15","30.667","51.583","1837.0","YASOGE, IR","    0","D,,S",,,,,,," -114","H,,S"
"IRM00040836","1998-01-16","30.667","51.583","1837.0","YASOGE, IR",,,,,,,,,"  -54","H,,S"
"IRM00040836","1998-01-18","30.667","51.583","1837.0","YASOGE, IR",,,,,,,,,"  -23","H,,S"
"IRM00040836","1998-01-19","30.667","51.583","1837.0","YASOGE, IR",,,,,,,,,"   10","H,,S"
"IRM00040836","1998-01-20","30.667","51.583","1837.0","YASOGE, IR",,,,,,,,,"   26","H,,S"
"IRM00040836","1998-01-22","30.667","51.583","1837.0","YASOGE, IR",,,,,,,,,"   -9","H,,S"
"IRM00040836","1998-01-24","30.667","51.583","1837.0","YASOGE, IR",,,,,,,,,"   37","H,,S"
"IRM00040836","1998-01-25","30.667","51.583","1837.0","YASOGE, IR","   99","D,,S",,,,,,,"   25","H,,S"
"IRM00040836","1998-01-26","30.667","51.583","1837.0","YASOGE, IR",,,,,,,,,"   36","H,,S"
"IRM00040836","1998-01-27","30.667","51.583","1837.0","YASOGE, IR","    0","D,,S",,,,,,,"   39","H,,S"
"IRM00040836","1998-01-28","30.667","51.583","1837.0","YASOGE, IR",,,,,,,,,"   12","H,,S"
"IRM00040836","1998-01-29","30.667","51.583","1837.0","YASOGE, IR",,,,,,,,,"   67","H,,S"
"IRM00040836","1998-01-31","30.667","51.583","1837.0","YASOGE, IR",,,,,,,,,"   50","H,,S"
"IRM00040836","1998-02-01","30.667","51.583","1837.0","YASOGE, IR","   15","D,,S",,,,,,,"   28","H,,S"
"IRM00040836","1998-02-02","30.667","51.583","1837.0","YASOGE, IR",,,,,,,,,"   42","H,,S"
"IRM00040836","1998-02-03","30.667","51.583","1837.0","YASOGE, IR",,,,,,,,,"   53","H,,S"
"IRM00040836","1998-02-04","30.667","51.583","1837.0","YASOGE, IR",,,,,,,,,"   59","H,,S"
"IRM00040836","1998-02-18","30.667","51.583","1837.0","YASOGE, IR",,,,,,,,,"   58","H,,S"
"IRM00040836","1998-02-21","30.667","51.583","1837.0","YASOGE, IR",,,,,,,,,"   62","H,,S"
"IRM00040836","1998-02-23","30.667","51.583","1837.0","YASOGE, IR",,,,,,,,,"   23","H,,S"
"IRM00040836","1998-02-26","30.667","51.583","1837.0","YASOGE, IR",,,,,,,,,"   55","H,,S"
"IRM00040836","1998-03-05","30.667","51.583","1837.0","YASOGE, IR",,,,,,,,,"   48","H,,S"
"IRM00040836","1998-03-15","30.667","51.583","1837.0","YASOGE, IR",,,,,,,,,"   88","H,,S"
"IRM00040836","1998-04-28","30.667","51.583","1837.0","YASOGE, IR",,,,,,,,,"  163","H,,S"
"IRM00040836","1998-04-29","30.667","51.583","1837.0","YASOGE, IR",,,,,,,,,"  165","H,,S"
"IRM00040836","1998-05-19","30.667","51.583","1837.0","YASOGE, IR",,,,,,,,,"  203","H,,S"
"IRM00040836","1998-05-20","30.667","51.583","1837.0","YASOGE, IR",,,,,,,,,"  208","H,,S"
"IRM00040836","1998-06-01","30.667","51.583","1837.0","YASOGE, IR",,,,,,,,,"  217","H,,S"
"IRM00040836","1998-06-02","30.667","51.583","1837.0","YASOGE, IR",,,,,,,,,"  217","H,,S"
"IRM00040836","1998-06-03","30.667","51.583","1837.0","YASOGE, IR",,,,,,,,,"  233","H,,S"
"IRM00040836","1998-06-12","30.667","51.583","1837.0","YASOGE, IR",,,,,,,,,"  259","H,,S"
"IRM00040836","1998-06-16","30.667","51.583","1837.0","YASOGE, IR",,,,,,,,,"  241","H,,S"
"IRM00040836","1998-06-17","30.667","51.583","1837.0","YASOGE, IR",,,,,,,,,"  239","H,,S"
"IRM00040836","1998-06-18","30.667","51.583","1837.0","YASOGE, IR",,,,,,,,,"  238","H,,S"
"IRM00040836","1998-06-19","30.667","51.583","1837.0","YASOGE, IR",,,,,,,,,"  234","H,,S"
"IRM00040836","1998-06-24","30.667","51.583","1837.0","YASOGE, IR",,,,,,,,,"  273","H,,S"
"IRM00040836","1998-06-27","30.667","51.583","1837.0","YASOGE, IR",,,,,,,,,"  282","H,,S"
"IRM00040836","1998-06-28","30.667","51.583","1837.0","YASOGE, IR",,,,,,,,,"  287","H,,S"
"IRM00040836","1998-06-30","30.667","51.583","1837.0","YASOGE, IR",,,,,,,,,"  274","H,,S"
"IRM00040836","1998-07-05","30.667","51.583","1837.0","YASOGE, IR",,,,,,,,,"  253","H,,S"
"IRM00040836","1998-07-06","30.667","51.583","1837.0","YASOGE, IR",,,,,,,,,"  257","H,,S"
"IRM00040836","1998-07-10","30.667","51.583","1837.0","YASOGE, IR",,,,,,,,,"  299","H,,S"
"IRM00040836","1998-07-12","30.667","51.583","1837.0","YASOGE, IR",,,,,,,,,"  293","H,,S"
"IRM00040836","1998-07-14","30.667","51.583","1837.0","YASOGE, IR",,,,,,,,,"  287","H,,S"
"IRM00040836","1998-07-17","30.667","51.583","1837.0","YASOGE, IR",,,,,,,,,"  277","H,,S"
"IRM00040836","1998-07-18","30.667","51.583","1837.0","YASOGE, IR",,,,,,,,,"  269","H,,S"
"IRM00040836","1998-07-21","30.667","51.583","1837.0","YASOGE, IR",,,,,,,,,"  267","H,,S"
"IRM00040836","1998-07-24","30.667","51.583","1837.0","YASOGE, IR",,,,,,,,,"  276","H,,S"
"IRM00040836","1998-08-05","30.667","51.583","1837.0","YASOGE, IR",,,,,,,,,"  253","H,,S"
"IRM00040836","1998-08-07","30.667","51.583","1837.0","YASOGE, IR",,,,,,,,,"  257","H,,S"
"IRM00040836","1998-08-09","30.667","51.583","1837.0","YASOGE, IR",,,,,,,,,"  269","H,,S"
"IRM00040836","1998-08-23","30.667","51.583","1837.0","YASOGE, IR",,,,,,,,,"  250","H,,S"
"IRM00040836","1998-08-25","30.667","51.583","1837.0","YASOGE, IR",,,,,,,,,"  257","H,,S"
"IRM00040836","1998-09-01","30.667","51.583","1837.0","YASOGE, IR",,,,,,,,,"  258","H,,S"
"IRM00040836","1998-10-09","30.667","51.583","1837.0","YASOGE, IR",,,,,,,,,"  177","H,,S"
"IRM00040836","1998-10-10","30.667","51.583","1837.0","YASOGE, IR",,,,,,,,,"  169","H,,S"
"IRM00040836","1998-10-11","30.667","51.583","1837.0","YASOGE, IR",,,,,,,,,"  157","H,,S"
"IRM00040836","1998-10-12","30.667","51.583","1837.0","YASOGE, IR",,,,,,,,,"  158","H,,S"
"IRM00040836","1998-10-14","30.667","51.583","1837.0","YASOGE, IR",,,,,,,,,"  148","H,,S"
"IRM00040836","1998-10-15","30.667","51.583","1837.0","YASOGE, IR",,,,,,,,,"  149","H,,S"
"IRM00040836","1998-10-17","30.667","51.583","1837.0","YASOGE, IR",,,,,,,,,"  154","H,,S"
"IRM00040836","1998-10-27","30.667","51.583","1837.0","YASOGE, IR",,,,,,,,,"  147","H,,S"
"IRM00040836","1998-10-29","30.667","51.583","1837.0","YASOGE, IR",,,,,,,,,"  144","H,,S"
"IRM00040836","1998-11-02","30.667","51.583","1837.0","YASOGE, IR",,,,,,,,,"  116","H,,S"
"IRM00040836","1998-11-06","30.667","51.583","1837.0","YASOGE, IR",,,,,,,,,"  163","H,,S"
"IRM00040836","1998-11-14","30.667","51.583","1837.0","YASOGE, IR",,,,,,,,,"  124","H,,S"
"IRM00040836","1998-11-24","30.667","51.583","1837.0","YASOGE, IR",,,,,,,,,"  115","H,,S"
"IRM00040836","1998-11-27","30.667","51.583","1837.0","YASOGE, IR",,,,,,,,,"   98","H,,S"
"IRM00040836","1998-12-01","30.667","51.583","1837.0","YASOGE, IR",,,,,,,,,"  125","H,,S"
"IRM00040836","1998-12-03","30.667","51.583","1837.0","YASOGE, IR",,,,,,,,,"  108","H,,S"
"IRM00040836","1998-12-08","30.667","51.583","1837.0","YASOGE, IR",,,,,,,,,"   72","H,,S"
"IRM00040836","1998-12-10","30.667","51.583","1837.0","YASOGE, IR",,,,,,,,,"  103","H,,S"
"IRM00040836","1998-12-19","30.667","51.583","1837.0","YASOGE, IR",,,,,,,,,"   91","H,,S"
"IRM00040836","1998-12-21","30.667","51.583","1837.0","YASOGE, IR",,,,,,,,,"   94","H,,S"
"IRM00040836","1998-12-22","30.667","51.583","1837.0","YASOGE, IR",,,,,,,,,"   90","H,,S"
"IRM00040836","1998-12-24","30.667","51.583","1837.0","YASOGE, IR",,,,,,,,,"   98","H,,S"
"IRM00040836","1999-01-08","30.667","51.583","1837.0","YASOGE, IR",,,,,,,,,"   59","H,,S"
"IRM00040836","1999-01-09","30.667","51.583","1837.0","YASOGE, IR",,,,,,,,,"   33","H,,S"
"IRM00040836","1999-01-16","30.667","51.583","1837.0","YASOGE, IR",,,,,,,,,"   39","H,,S"
"IRM00040836","1999-01-20","30.667","51.583","1837.0","YASOGE, IR",,,,,,,,,"   31","H,,S"
"IRM00040836","1999-01-23","30.667","51.583","1837.0","YASOGE, IR",,,,,,,,,"   16","H,,S"
"IRM00040836","1999-01-24","30.667","51.583","1837.0","YASOGE, IR",,,,,,,,,"   29","H,,S"
"IRM00040836","1999-01-27","30.667","51.583","1837.0","YASOGE, IR",,,,,,,,,"    5","H,,S"
"IRM00040836","1999-02-04","30.667","51.583","1837.0","YASOGE, IR",,,,,,,,,"   30","H,,S"
"IRM00040836","1999-02-09","30.667","51.583","1837.0","YASOGE, IR",,,,,,,,,"   91","H,,S"
"IRM00040836","1999-02-16","30.667","51.583","1837.0","YASOGE, IR",,,,,,,,,"   59","H,,S"
"IRM00040836","1999-02-17","30.667","51.583","1837.0","YASOGE, IR",,,,,,,,,"   53","H,,S"
"IRM00040836","1999-02-19","30.667","51.583","1837.0","YASOGE, IR",,,,,,,,,"   57","H,,S"
"IRM00040836","1999-02-21","30.667","51.583","1837.0","YASOGE, IR",,,,,,,,,"   52","H,,S"
"IRM00040836","1999-02-23","30.667","51.583","1837.0","YASOGE, IR",,,,,,,,,"   67","H,,S"
"IRM00040836","1999-02-24","30.667","51.583","1837.0","YASOGE, IR",,,,,,,,,"   54","H,,S"
"IRM00040836","1999-03-02","30.667","51.583","1837.0","YASOGE, IR",,,,,,,,,"   49","H,,S"
"IRM00040836","1999-03-03","30.667","51.583","1837.0","YASOGE, IR",,,,,,,,,"   41","H,,S"
"IRM00040836","1999-03-04","30.667","51.583","1837.0","YASOGE, IR",,,,,,,,,"   53","H,,S"
"IRM00040836","1999-03-07","30.667","51.583","1837.0","YASOGE, IR",,,,,,,,,"   28","H,,S"
"IRM00040836","1999-03-08","30.667","51.583","1837.0","YASOGE, IR",,,,,,,,,"   63","H,,S"
"IRM00040836","1999-03-09","30.667","51.583","1837.0","YASOGE, IR",,,,,,,,,"   71","H,,S"
"IRM00040836","1999-03-10","30.667","51.583","1837.0","YASOGE, IR",,,,,,,,,"   73","H,,S"
"IRM00040836","1999-03-18","30.667","51.583","1837.0","YASOGE, IR",,,,,,,,,"   63","H,,S"
"IRM00040836","1999-03-20","30.667","51.583","1837.0","YASOGE, IR",,,,,,,,,"  109","H,,S"
"IRM00040836","1999-03-22","30.667","51.583","1837.0","YASOGE, IR",,,,,,,,,"   89","H,,S"
"IRM00040836","1999-03-29","30.667","51.583","1837.0","YASOGE, IR",,,,,,,,,"  116","H,,S"
"IRM00040836","1999-03-30","30.667","51.583","1837.0","YASOGE, IR",,,,,,,,,"  134","H,,S"
"IRM00040836","1999-04-01","30.667","51.583","1837.0","YASOGE, IR",,,,,,,,,"  162","H,,S"
"IRM00040836","1999-04-05","30.667","51.583","1837.0","YASOGE, IR",,,,,,,,,"  128","H,,S"
"IRM00040836","1999-04-10","30.667","51.583","1837.0","YASOGE, IR",,,,,,,,,"   78","H,,S"
"IRM00040836","1999-04-22","30.667","51.583","1837.0","YASOGE, IR",,,,,,,,,"  158","H,,S"
"IRM00040836","1999-04-25","30.667","51.583","1837.0","YASOGE, IR",,,,,,,,,"  163","H,,S"
"IRM00040836","1999-04-30","30.667","51.583","1837.0","YASOGE, IR",,,,,,,,,"  183","H,,S"
"IRM00040836","1999-05-01","30.667","51.583","1837.0","YASOGE, IR",,,,,,,,,"  185","H,,S"
"IRM00040836","1999-05-09","30.667","51.583","1837.0","YASOGE, IR",,,,,,,,,"  202","H,,S"
"IRM00040836","1999-05-12","30.667","51.583","1837.0","YASOGE, IR",,,,,,,,,"  208","H,,S"
"IRM00040836","1999-05-15","30.667","51.583","1837.0","YASOGE, IR",,,,,,,,,"  192","H,,S"
"IRM00040836","1999-05-21","30.667","51.583","1837.0","YASOGE, IR",,,,,,,,,"  202","H,,S"
"IRM00040836","1999-05-23","30.667","51.583","1837.0","YASOGE, IR",,,,,,,,,"  209","H,,S"
"IRM00040836","1999-05-26","30.667","51.583","1837.0","YASOGE, IR",,,,,,,,,"  189","H,,S"
"IRM00040836","1999-05-28","30.667","51.583","1837.0","YASOGE, IR",,,,,,,,,"  241","H,,S"
"IRM00040836","1999-05-30","30.667","51.583","1837.0","YASOGE, IR",,,,,,,,,"  252","H,,S"
"IRM00040836","1999-06-01","30.667","51.583","1837.0","YASOGE, IR",,,,,,,,,"  254","H,,S"
"IRM00040836","1999-06-02","30.667","51.583","1837.0","YASOGE, IR",,,,,,,,,"  292","H,,S"
"IRM00040836","1999-06-03","30.667","51.583","1837.0","YASOGE, IR",,,,,,,,,"  279","H,,S"
"IRM00040836","1999-06-04","30.667","51.583","1837.0","YASOGE, IR",,,,,,,,,"  259","H,,S"
"IRM00040836","1999-06-11","30.667","51.583","1837.0","YASOGE, IR",,,,,,,,,"  253","H,,S"
"IRM00040836","1999-06-12","30.667","51.583","1837.0","YASOGE, IR",,,,,,,,,"  269","H,,S"
"IRM00040836","1999-06-13","30.667","51.583","1837.0","YASOGE, IR",,,,,,,,,"  258","H,,S"
"IRM00040836","1999-06-14","30.667","51.583","1837.0","YASOGE, IR",,,,,,,,,"  223","H,,S"
"IRM00040836","1999-06-15","30.667","51.583","1837.0","YASOGE, IR",,,,,,,,,"  241","H,,S"
"IRM00040836","1999-06-17","30.667","51.583","1837.0","YASOGE, IR",,,,,,,,,"  259","H,,S"
"IRM00040836","1999-06-20","30.667","51.583","1837.0","YASOGE, IR",,,,,,,,,"  270","H,,S"
"IRM00040836","1999-06-22","30.667","51.583","1837.0","YASOGE, IR",,,,,,,,,"  281","H,,S"
"IRM00040836","1999-06-23","30.667","51.583","1837.0","YASOGE, IR",,,,,,,,,"  272","H,,S"
"IRM00040836","1999-06-24","30.667","51.583","1837.0","YASOGE, IR",,,,,,,,,"  256","H,,S"
"IRM00040836","1999-06-26","30.667","51.583","1837.0","YASOGE, IR",,,,,,,,,"  238","H,,S"
"IRM00040836","1999-06-27","30.667","51.583","1837.0","YASOGE, IR",,,,,,,,,"  271","H,,S"
"IRM00040836","1999-06-28","30.667","51.583","1837.0","YASOGE, IR",,,,,,,,,"  252","H,,S"
"IRM00040836","1999-06-29","30.667","51.583","1837.0","YASOGE, IR",,,,,,,,,"  271","H,,S"
"IRM00040836","1999-06-30","30.667","51.583","1837.0","YASOGE, IR",,,,,,,,,"  272","H,,S"
"IRM00040836","1999-07-01","30.667","51.583","1837.0","YASOGE, IR",,,,,,,,,"  283","H,,S"
"IRM00040836","1999-07-02","30.667","51.583","1837.0","YASOGE, IR",,,,,,,,,"  272","H,,S"
"IRM00040836","1999-07-03","30.667","51.583","1837.0","YASOGE, IR",,,,,,,,,"  279","H,,S"
"IRM00040836","1999-07-04","30.667","51.583","1837.0","YASOGE, IR",,,,,,,,,"  303","H,,S"
"IRM00040836","1999-07-05","30.667","51.583","1837.0","YASOGE, IR",,,,,,,,,"  291","H,,S"
"IRM00040836","1999-07-06","30.667","51.583","1837.0","YASOGE, IR",,,,,,,,,"  273","H,,S"
"IRM00040836","1999-07-07","30.667","51.583","1837.0","YASOGE, IR",,,,,,,,,"  279","H,,S"
"IRM00040836","1999-07-08","30.667","51.583","1837.0","YASOGE, IR",,,,,,,,,"  276","H,,S"
"IRM00040836","1999-07-09","30.667","51.583","1837.0","YASOGE, IR",,,,,,,,,"  296","H,,S"
"IRM00040836","1999-07-10","30.667","51.583","1837.0","YASOGE, IR",,,,,,,,,"  282","H,,S"
"IRM00040836","1999-07-11","30.667","51.583","1837.0","YASOGE, IR",,,,,,,,,"  251","H,,S"
"IRM00040836","1999-07-12","30.667","51.583","1837.0","YASOGE, IR",,,,,,,,,"  263","H,,S"
"IRM00040836","1999-07-13","30.667","51.583","1837.0","YASOGE, IR",,,,,,,,,"  238","H,,S"
"IRM00040836","1999-07-14","30.667","51.583","1837.0","YASOGE, IR",,,,,,,,,"  248","H,,S"
"IRM00040836","1999-07-15","30.667","51.583","1837.0","YASOGE, IR",,,,,,,,,"  261","H,,S"
"IRM00040836","1999-07-16","30.667","51.583","1837.0","YASOGE, IR",,,,,,,,,"  282","H,,S"
"IRM00040836","1999-07-17","30.667","51.583","1837.0","YASOGE, IR",,,,,,,,,"  265","H,,S"
"IRM00040836","1999-07-18","30.667","51.583","1837.0","YASOGE, IR",,,,,,,,,"  286","H,,S"
"IRM00040836","1999-07-19","30.667","51.583","1837.0","YASOGE, IR",,,,,,,,,"  298","H,,S"
"IRM00040836","1999-07-20","30.667","51.583","1837.0","YASOGE, IR",,,,,,,,,"  298","H,,S"
"IRM00040836","1999-07-21","30.667","51.583","1837.0","YASOGE, IR",,,,,,,,,"  274","H,,S"
"IRM00040836","1999-07-22","30.667","51.583","1837.0","YASOGE, IR",,,,,,,,,"  287","H,,S"
"IRM00040836","1999-07-23","30.667","51.583","1837.0","YASOGE, IR",,,,,,,,,"  297","H,,S"
"IRM00040836","1999-07-24","30.667","51.583","1837.0","YASOGE, IR",,,,,,,,,"  286","H,,S"
"IRM00040836","1999-07-25","30.667","51.583","1837.0","YASOGE, IR",,,,,,,,,"  256","H,,S"
"IRM00040836","1999-07-26","30.667","51.583","1837.0","YASOGE, IR",,,,,,,,,"  271","H,,S"
"IRM00040836","1999-07-27","30.667","51.583","1837.0","YASOGE, IR",,,,,,,,,"  264","H,,S"
"IRM00040836","1999-07-28","30.667","51.583","1837.0","YASOGE, IR",,,,,,,,,"  261","H,,S"
"IRM00040836","1999-07-29","30.667","51.583","1837.0","YASOGE, IR",,,,,,,,,"  257","H,,S"
"IRM00040836","1999-07-30","30.667","51.583","1837.0","YASOGE, IR",,,,,,,,,"  267","H,,S"
"IRM00040836","1999-07-31","30.667","51.583","1837.0","YASOGE, IR",,,,,,,,,"  281","H,,S"
"IRM00040836","1999-08-01","30.667","51.583","1837.0","YASOGE, IR",,,,,,,,,"  272","H,,S"
"IRM00040836","1999-08-02","30.667","51.583","1837.0","YASOGE, IR",,,,,,,,,"  283","H,,S"
"IRM00040836","1999-08-03","30.667","51.583","1837.0","YASOGE, IR",,,,,,,,,"  299","H,,S"
"IRM00040836","1999-08-05","30.667","51.583","1837.0","YASOGE, IR",,,,,,,,,"  251","H,,S"
"IRM00040836","1999-08-06","30.667","51.583","1837.0","YASOGE, IR",,,,,,,,,"  291","H,,S"
"IRM00040836","1999-08-07","30.667","51.583","1837.0","YASOGE, IR",,,,,,,,,"  309","H,,S"
"IRM00040836","1999-08-08","30.667","51.583","1837.0","YASOGE, IR",,,,,,,,,"  287","H,,S"
"IRM00040836","1999-08-09","30.667","51.583","1837.0","YASOGE, IR",,,,,,,,,"  281","H,,S"
"IRM00040836","1999-08-10","30.667","51.583","1837.0","YASOGE, IR",,,,,,,,,"  291","H,,S"
"IRM00040836","1999-08-11","30.667","51.583","1837.0","YASOGE, IR",,,,,,,,,"  274","H,,S"
"IRM00040836","1999-08-12","30.667","51.583","1837.0","YASOGE, IR",,,,,,,,,"  288","H,,S"
"IRM00040836","1999-08-13","30.667","51.583","1837.0","YASOGE, IR",,,,,,,,,"  283","H,,S"
"IRM00040836","1999-08-14","30.667","51.583","1837.0","YASOGE, IR",,,,,,,,,"  279","H,,S"
"IRM00040836","1999-08-15","30.667","51.583","1837.0","YASOGE, IR",,,,,,,,,"  248","H,,S"
"IRM00040836","1999-08-16","30.667","51.583","1837.0","YASOGE, IR",,,,,,,,,"  276","H,,S"
"IRM00040836","1999-08-17","30.667","51.583","1837.0","YASOGE, IR",,,,,,,,,"  248","H,,S"
"IRM00040836","1999-08-18","30.667","51.583","1837.0","YASOGE, IR",,,,,,,,,"  268","H,,S"
"IRM00040836","1999-08-19","30.667","51.583","1837.0","YASOGE, IR",,,,,,,,,"  262","H,,S"
"IRM00040836","1999-08-20","30.667","51.583","1837.0","YASOGE, IR",,,,,,,,,"  277","H,,S"
"IRM00040836","1999-08-21","30.667","51.583","1837.0","YASOGE, IR",,,,,,,,,"  262","H,,S"
"IRM00040836","1999-08-22","30.667","51.583","1837.0","YASOGE, IR",,,,,,,,,"  276","H,,S"
"IRM00040836","1999-08-23","30.667","51.583","1837.0","YASOGE, IR",,,,,,,,,"  263","H,,S"
"IRM00040836","1999-08-24","30.667","51.583","1837.0","YASOGE, IR",,,,,,,,,"  262","H,,S"
"IRM00040836","1999-08-25","30.667","51.583","1837.0","YASOGE, IR",,,,,,,,,"  286","H,,S"
"IRM00040836","1999-08-26","30.667","51.583","1837.0","YASOGE, IR",,,,,,,,,"  284","H,,S"
"IRM00040836","1999-08-27","30.667","51.583","1837.0","YASOGE, IR",,,,,,,,,"  320","H,,S"
"IRM00040836","1999-08-28","30.667","51.583","1837.0","YASOGE, IR",,,,,,,,,"  261","H,,S"
"IRM00040836","1999-08-29","30.667","51.583","1837.0","YASOGE, IR",,,,,,,,,"  244","H,,S"
"IRM00040836","1999-08-30","30.667","51.583","1837.0","YASOGE, IR",,,,,,,,,"  262","H,,S"
"IRM00040836","1999-08-31","30.667","51.583","1837.0","YASOGE, IR",,,,,,,,,"  269","H,,S"
"IRM00040836","1999-09-01","30.667","51.583","1837.0","YASOGE, IR",,,,,,,,,"  271","H,,S"
"IRM00040836","1999-09-02","30.667","51.583","1837.0","YASOGE, IR",,,,,,,,,"  254","H,,S"
"IRM00040836","1999-09-03","30.667","51.583","1837.0","YASOGE, IR",,,,,,,,,"  264","H,,S"
"IRM00040836","1999-09-04","30.667","51.583","1837.0","YASOGE, IR",,,,,,,,,"  261","H,,S"
"IRM00040836","1999-09-05","30.667","51.583","1837.0","YASOGE, IR",,,,,,,,,"  268","H,,S"
"IRM00040836","1999-09-06","30.667","51.583","1837.0","YASOGE, IR",,,,,,,,,"  271","H,,S"
"IRM00040836","1999-09-07","30.667","51.583","1837.0","YASOGE, IR",,,,,,,,,"  256","H,,S"
"IRM00040836","1999-09-08","30.667","51.583","1837.0","YASOGE, IR",,,,,,,,,"  236","H,,S"
"IRM00040836","1999-09-09","30.667","51.583","1837.0","YASOGE, IR",,,,,,,,,"  260","H,,S"
"IRM00040836","1999-09-10","30.667","51.583","1837.0","YASOGE, IR",,,,,,,,,"  261","H,,S"
"IRM00040836","1999-09-11","30.667","51.583","1837.0","YASOGE, IR",,,,,,,,,"  257","H,,S"
"IRM00040836","1999-09-12","30.667","51.583","1837.0","YASOGE, IR",,,,,,,,,"  236","H,,S"
"IRM00040836","1999-09-13","30.667","51.583","1837.0","YASOGE, IR",,,,,,,,,"  202","H,,S"
"IRM00040836","1999-09-14","30.667","51.583","1837.0","YASOGE, IR",,,,,,,,,"  235","H,,S"
"IRM00040836","1999-09-15","30.667","51.583","1837.0","YASOGE, IR",,,,,,,,,"  246","H,,S"
"IRM00040836","1999-09-16","30.667","51.583","1837.0","YASOGE, IR",,,,,,,,,"  219","H,,S"
"IRM00040836","1999-09-17","30.667","51.583","1837.0","YASOGE, IR",,,,,,,,,"  247","H,,S"
"IRM00040836","1999-09-18","30.667","51.583","1837.0","YASOGE, IR",,,,,,,,,"  252","H,,S"
"IRM00040836","1999-09-19","30.667","51.583","1837.0","YASOGE, IR",,,,,,,,,"  255","H,,S"
"IRM00040836","1999-09-20","30.667","51.583","1837.0","YASOGE, IR",,,,,,,,,"  217","H,,S"
"IRM00040836","1999-09-21","30.667","51.583","1837.0","YASOGE, IR",,,,,,,,,"  193","H,,S"
"IRM00040836","1999-09-22","30.667","51.583","1837.0","YASOGE, IR",,,,,,,,,"  207","H,,S"
"IRM00040836","1999-09-23","30.667","51.583","1837.0","YASOGE, IR",,,,,,,,,"  215","H,,S"
"IRM00040836","1999-09-24","30.667","51.583","1837.0","YASOGE, IR",,,,,,,,,"  213","H,,S"
"IRM00040836","1999-09-25","30.667","51.583","1837.0","YASOGE, IR",,,,,,,,,"  206","H,,S"
"IRM00040836","1999-09-26","30.667","51.583","1837.0","YASOGE, IR",,,,,,,,,"  189","H,,S"
"IRM00040836","1999-09-27","30.667","51.583","1837.0","YASOGE, IR",,,,,,,,,"  208","H,,S"
"IRM00040836","1999-09-30","30.667","51.583","1837.0","YASOGE, IR",,,,,,,"  130",",,S","  204","H,,S"
"IRM00040836","1999-10-01","30.667","51.583","1837.0","YASOGE, IR",,,,,"  290",",,S",,,"  242","H,,S"
"IRM00040836","1999-10-02","30.667","51.583","1837.0","YASOGE, IR",,,,,,,,,"  229","H,,S"
"IRM00040836","1999-10-03","30.667","51.583","1837.0","YASOGE, IR",,,,,,,"  110",",,S","  194","H,,S"
"IRM00040836","1999-10-05","30.667","51.583","1837.0","YASOGE, IR",,,,,"  288",",,S","  122",",,S","  218","H,,S"
"IRM00040836","1999-10-07","30.667","51.583","1837.0","YASOGE, IR",,,,,,,"  120",",,S","  205","H,,S"
"IRM00040836","1999-10-09","30.667","51.583","1837.0","YASOGE, IR",,,,,"  266",",,S","  104",",,S","  202","H,,S"
"IRM00040836","1999-10-10","30.667","51.583","1837.0","YASOGE, IR",,,,,"  276",",,S","  104",",,S","  204","H,,S"
"IRM00040836","1999-10-11","30.667","51.583","1837.0","YASOGE, IR",,,,,"  280",",,S","  114",",,S","  204","H,,S"
"IRM00040836","1999-10-13","30.667","51.583","1837.0","YASOGE, IR",,,,,"  260",",,S","  108",",,S","  174","H,,S"
"IRM00040836","1999-10-14","30.667","51.583","1837.0","YASOGE, IR",,,,,"  252",",,S","  104",",,S","  166","H,,S"
"IRM00040836","1999-10-15","30.667","51.583","1837.0","YASOGE, IR",,,,,"  260",",,S",,,"  193","H,,S"
"IRM00040836","1999-10-19","30.667","51.583","1837.0","YASOGE, IR",,,,,"  264",",,S",,,"  182","H,,S"
"IRM00040836","1999-10-20","30.667","51.583","1837.0","YASOGE, IR",,,,,,,"   88",",,S","  176","H,,S"
"IRM00040836","1999-10-21","30.667","51.583","1837.0","YASOGE, IR",,,,,"  256",",,S","   70",",,S","  152","H,,S"
"IRM00040836","1999-10-22","30.667","51.583","1837.0","YASOGE, IR",,,,,"  244",",,S","   66",",,S","  172","H,,S"
"IRM00040836","1999-10-23","30.667","51.583","1837.0","YASOGE, IR",,,,,"  236",",,S","   54",",,S","  128","H,,S"
"IRM00040836","1999-10-24","30.667","51.583","1837.0","YASOGE, IR",,,,,"  240",",,S",,,"  183","H,,S"
"IRM00040836","1999-10-25","30.667","51.583","1837.0","YASOGE, IR","    0","D,,S",,,"  232",",,S","   70",",,S","  156","H,,S"
"IRM00040836","1999-10-26","30.667","51.583","1837.0","YASOGE, IR",,,,,"  226",",,S","   94",",,S","  158","H,,S"
"IRM00040836","1999-10-28","30.667","51.583","1837.0","YASOGE, IR",,,,,"  222",",,S","   60",",,S","  150","H,,S"
"IRM00040836","1999-10-29","30.667","51.583","1837.0","YASOGE, IR",,,,,,,"   80",",,S","  141","H,,S"
"IRM00040836","1999-10-31","30.667","51.583","1837.0","YASOGE, IR",,,,,"  220",",,S","   94",",,S","  156","H,,S"
"IRM00040836","1999-11-01","30.667","51.583","1837.0","YASOGE, IR",,,,,"  122",",,S",,,"  110","H,,S"
"IRM00040836","1999-11-02","30.667","51.583","1837.0","YASOGE, IR",,,,,"  180",",,S",,,"  123","H,,S"
"IRM00040836","1999-11-03","30.667","51.583","1837.0","YASOGE, IR",,,,,"  196",",,S","   76",",,S","  122","H,,S"
"IRM00040836","1999-11-04","30.667","51.583","1837.0","YASOGE, IR",,,,,,,"   32",",,S","  112","H,,S"
"IRM00040836","1999-11-06","30.667","51.583","1837.0","YASOGE, IR",,,,,"  166",",,S",,,"  127","H,,S"
"IRM00040836","1999-11-07","30.667","51.583","1837.0","YASOGE, IR",,,,,"  174",",,S","   82",",,S","  140","H,,S"
"IRM00040836","1999-11-08","30.667","51.583","1837.0","YASOGE, IR",,,,,,,"   84",",,S","  127","H,,S"
"IRM00040836","1999-11-09","30.667","51.583","1837.0","YASOGE, IR",,,,,"  196",",,S","  100",",,S","  137","H,,S"
"IRM00040836","1999-11-10","30.667","51.583","1837.0","YASOGE, IR",,,,,"  200",",,S",,,"  142","H,,S"
"IRM00040836","1999-11-11","30.667","51.583","1837.0","YASOGE, IR",,,,,"  136",",,S",,,"  108","H,,S"
"IRM00040836","1999-11-12","30.667","51.583","1837.0","YASOGE, IR",,,,,,,,,"  121","H,,S"
"IRM00040836","1999-11-13","30.667","51.583","1837.0","YASOGE, IR",,,,,,,"   28",",,S","   84","H,,S"
"IRM00040836","1999-11-14","30.667","51.583","1837.0","YASOGE, IR",,,,,,,"    0",",,S","   54","H,,S"
"IRM00040836","1999-11-15","30.667","51.583","1837.0","YASOGE, IR",,,,,"  140",",,S","   34",",,S","   92","H,,S"
"IRM00040836","1999-11-16","30.667","51.583","1837.0","YASOGE, IR",,,,,"  170",",,S",,,"  125","H,,S"
"IRM00040836","1999-11-17","30.667","51.583","1837.0","YASOGE, IR",,,,,,,"   30",",,S","  103","H,,S"
"IRM00040836","1999-11-18","30.667","51.583","1837.0","YASOGE, IR",,,,,,,"   20",",,S","  107","H,,S"
"IRM00040836","1999-11-19","30.667","51.583","1837.0","YASOGE, IR","    0","D,,S",,,"  206",",,S","   20",",,S","  100","H,,S"
"IRM00040836","1999-11-20","30.667","51.583","1837.0","YASOGE, IR",,,,,"  200",",,S","   34",",,S","  127","H,,S"
"IRM00040836","1999-11-21","30.667","51.583","1837.0","YASOGE, IR",,,,,"  182",",,S",,,"  117","H,,S"
"IRM00040836","1999-11-22","30.667","51.583","1837.0","YASOGE, IR",,,,,"  180",",,S",,,"  124","H,,S"
"IRM00040836","1999-11-23","30.667","51.583","1837.0","YASOGE, IR",,,,,"  170",",,S","   50",",,S","   97","H,,S"
"IRM00040836","1999-11-24","30.667","51.583","1837.0","YASOGE, IR",,,,,"  180",",,S",,,"  110","H,,S"
"IRM00040836","1999-11-25","30.667","51.583","1837.0","YASOGE, IR",,,,,,,"   34",",,S","   93","H,,S"
"IRM00040836","1999-11-26","30.667","51.583","1837.0","YASOGE, IR",,,,,,,,,"  131","H,,S"
"IRM00040836","1999-11-27","30.667","51.583","1837.0","YASOGE, IR",,,,,,,"   30",",,S","   98","H,,S"
"IRM00040836","1999-11-28","30.667","51.583","1837.0","YASOGE, IR",,,,,"  126",",,S","   60",",,S","   94","H,,S"
"IRM00040836","1999-11-29","30.667","51.583","1837.0","YASOGE, IR",,,,,,,,,"   78","H,,S"
"IRM00040836","1999-12-01","30.667","51.583","1837.0","YASOGE, IR","    0","D,,S",,,"  140",",,S","   -8",",,S","   70","H,,S"
"IRM00040836","1999-12-02","30.667","51.583","1837.0","YASOGE, IR",,,,,,,"   60",",,S","   74","H,,S"
"IRM00040836","1999-12-03","30.667","51.583","1837.0","YASOGE, IR","   56","D,,S",,,,,,,"   89","H,,S"
"IRM00040836","1999-12-06","30.667","51.583","1837.0","YASOGE, IR","    0","D,,S",,,,,,,"   63","H,,S"
"IRM00040836","1999-12-08","30.667","51.583","1837.0","YASOGE, IR",,,,,"  190",",,S",,,"  112","H,,S"
"IRM00040836","1999-12-09","30.667","51.583","1837.0","YASOGE, IR",,,,,"  200",",,S",,,"  120","H,,S"
"IRM00040836","1999-12-10","30.667","51.583","1837.0","YASOGE, IR",,,,,"  160",",,S",,,"  122","H,,S"
"IRM00040836","1999-12-11","30.667","51.583","1837.0","YASOGE, IR",,,,,,,,,"   54","H,,S"
"IRM00040836","1999-12-15","30.667","51.583","1837.0","YASOGE, IR",,,,,"  134",",,S",,,"   79","H,,S"
"IRM00040836","1999-12-16","30.667","51.583","1837.0","YASOGE, IR",,,,,"  130",",,S","    4",",,S","   68","H,,S"
"IRM00040836","1999-12-17","30.667","51.583","1837.0","YASOGE, IR",,,,,"  104",",,S","  -14",",,S","   53","H,,S"
"IRM00040836","1999-12-18","30.667","51.583","1837.0","YASOGE, IR",,,,,"  120",",,S",,,"   56","H,,S"
"IRM00040836","1999-12-19","30.667","51.583","1837.0","YASOGE, IR",,,,,,,"  -28",",,S","   43","H,,S"
"IRM00040836","1999-12-21","30.667","51.583","1837.0","YASOGE, IR",,,,,"  130",",,S","  -10",",,S","   61","H,,S"
"IRM00040836","1999-12-22","30.667","51.583","1837.0","YASOGE, IR",,,,,"  150",",,S",,,"   59","H,,S"
"IRM00040836","1999-12-23","30.667","51.583","1837.0","YASOGE, IR",,,,,"  156",",,S","  -16",",,S","   54","H,,S"
"IRM00040836","1999-12-24","30.667","51.583","1837.0","YASOGE, IR",,,,,,,,,"   86","H,,S"
"IRM00040836","1999-12-27","30.667","51.583","1837.0","YASOGE, IR",,,,,"  162",",,S",,,"   78","H,,S"
"IRM00040836","2000-01-04","30.667","51.583","1837.0","YASOGE, IR",,,,,"  146",",,S","   -4",",,S","   71","H,,S"
"IRM00040836","2000-01-10","30.667","51.583","1837.0","YASOGE, IR",,,,,"   80",",,S",,,"   36","H,,S"
"IRM00040836","2000-01-11","30.667","51.583","1837.0","YASOGE, IR",,,,,"   80",",,S","  -20",",,S","   19","H,,S"
"IRM00040836","2000-01-12","30.667","51.583","1837.0","YASOGE, IR",,,,,"   94",",,S",,,"   38","H,,S"
"IRM00040836","2000-02-10","30.667","51.583","1837.0","YASOGE, IR",,,,,"   96",",,S","  -50",",,S","   12","H,,S"
"IRM00040836","2000-02-12","30.667","51.583","1837.0","YASOGE, IR",,,,,,,"  -12",",,S","   48","H,,S"
"IRM00040836","2000-02-19","30.667","51.583","1837.0","YASOGE, IR",,,,,,,"  -40",",,S","   60","H,,S"
"IRM00040836","2000-02-20","30.667","51.583","1837.0","YASOGE, IR","    0",",,S",,,"  144",",,S",,,"   78","H,,S"
"IRM00040836","2000-02-22","30.667","51.583","1837.0","YASOGE, IR","    0",",,S",,,,,"  -16",",,S","   65","H,,S"
"IRM00040836","2000-02-23","30.667","51.583","1837.0","YASOGE, IR","    0",",,S",,,"  142",",,S","   14",",,S","   74","H,,S"
"IRM00040836","2000-02-24","30.667","51.583","1837.0","YASOGE, IR","    0",",,S",,,"  168",",,S",,,"  102","H,,S"
"IRM00040836","2000-02-25","30.667","51.583","1837.0","YASOGE, IR",,,,,,,"   50",",,S","   65","H,,S"
"IRM00040836","2000-02-26","30.667","51.583","1837.0","YASOGE, IR","  112",",,S",,,,,,,"  103","H,,S"
"IRM00040836","2000-02-27","30.667","51.583","1837.0","YASOGE, IR","    0",",,S",,,,,,,"   56","H,,S"
"IRM00040836","2000-02-28","30.667","51.583","1837.0","YASOGE, IR",,,,,,,"   40",",,S","   99","H,,S"
"IRM00040836","2000-03-01","30.667","51.583","1837.0","YASOGE, IR","    0",",,S",,,,,"  -12",",,S","   60","H,,S"
"IRM00040836","2000-03-02","30.667","51.583","1837.0","YASOGE, IR","    0",",,S",,,,,,,"   65","H,,S"
"IRM00040836","2000-03-03","30.667","51.583","1837.0","YASOGE, IR","    0",",,S",,,,,"  -30",",,S","   47","H,,S"
"IRM00040836","2000-03-04","30.667","51.583","1837.0","YASOGE, IR","    0",",,S",,,,,,,"   71","H,,S"
"IRM00040836","2000-03-05","30.667","51.583","1837.0","YASOGE, IR","    0",",,S",,,"  116",",,S",,,"   56","H,,S"
"IRM00040836","2000-03-06","30.667","51.583","1837.0","YASOGE, IR","    0",",,S",,,"  140",",,S",,,"   79","H,,S"
"IRM00040836","2000-03-07","30.667","51.583","1837.0","YASOGE, IR","    0",",,S",,,,,"    0",",,S","   79","H,,S"
"IRM00040836","2000-03-08","30.667","51.583","1837.0","YASOGE, IR",,,,,"  110",",,S","   30",",,S","   83","H,,S"
"IRM00040836","2000-03-09","30.667","51.583","1837.0","YASOGE, IR","    0",",,S",,,,,,,"   72","H,,S"
"IRM00040836","2000-03-10","30.667","51.583","1837.0","YASOGE, IR","    0",",,S",,,,,,,"   87","H,,S"
"IRM00040836","2000-03-11","30.667","51.583","1837.0","YASOGE, IR","    0",",,S",,,"  144",",,S",,,"   83","H,,S"
"IRM00040836","2000-03-12","30.667","51.583","1837.0","YASOGE, IR","    0",",,S",,,"  170",",,S",,,"  109","H,,S"
"IRM00040836","2000-03-13","30.667","51.583","1837.0","YASOGE, IR","    0",",,S",,,,,"   -6",",,S","   86","H,,S"
"IRM00040836","2000-03-14","30.667","51.583","1837.0","YASOGE, IR","    0",",,S",,,"  170",",,S","    4",",,S","   76","H,,S"
"IRM00040836","2000-03-15","30.667","51.583","1837.0","YASOGE, IR","    0",",,S",,,"  142",",,S","   10",",,S","   69","H,,S"
"IRM00040836","2000-03-17","30.667","51.583","1837.0","YASOGE, IR","    0",",,S",,,,,,,"   89","H,,S"
"IRM00040836","2000-03-18","30.667","51.583","1837.0","YASOGE, IR",,,,,,,,,"  149","H,,S"
"IRM00040836","2000-03-28","30.667","51.583","1837.0","YASOGE, IR",,,,,"  166",",,S",,,"   59","H,,S"
"IRM00040836","2000-03-29","30.667","51.583","1837.0","YASOGE, IR","    0",",,S",,,"  168",",,S","   32",",,S","   88","H,,S"
"IRM00040836","2000-04-05","30.667","51.583","1837.0","YASOGE, IR","    0",",,S",,,,,,,"  178","H,,S"
"IRM00040836","2000-04-06","30.667","51.583","1837.0","YASOGE, IR","    0",",,S",,,"  208",",,S",,,"  162","H,,S"
"IRM00040836","2000-04-08","30.667","51.583","1837.0","YASOGE, IR","    0",",,S",,,,,,,"  198","H,,S"
"IRM00040836","2000-04-09","30.667","51.583","1837.0","YASOGE, IR","    0",",,S",,,"  230",",,S",,,"  197","H,,S"
"IRM00040836","2000-04-10","30.667","51.583","1837.0","YASOGE, IR","    0",",,S",,,,,,,"  179","H,,S"
"IRM00040836","2000-04-11","30.667","51.583","1837.0","YASOGE, IR","    0",",,S",,,,,,,"  182","H,,S"
"IRM00040836","2000-04-12","30.667","51.583","1837.0","YASOGE, IR","    0",",,S",,,,,,,"  192","H,,S"
"IRM00040836","2000-04-15","30.667","51.583","1837.0","YASOGE, IR","    0",",,S",,,,,,,"  218","H,,S"
"IRM00040836","2000-04-16","30.667","51.583","1837.0","YASOGE, IR","    0",",,S",,,"  272",",,S",,,"  237","H,,S"
"IRM00040836","2000-04-17","30.667","51.583","1837.0","YASOGE, IR","    0",",,S",,,,,"  116",",,S","  183","H,,S"
"IRM00040836","2000-04-19","30.667","51.583","1837.0","YASOGE, IR","    0",",,S",,,,,,,"  208","H,,S"
"IRM00040836","2000-04-22","30.667","51.583","1837.0","YASOGE, IR","    0",",,S",,,"  264",",,S",,,"  189","H,,S"
"IRM00040836","2000-04-23","30.667","51.583","1837.0","YASOGE, IR","    0",",,S",,,"  250",",,S",,,"  212","H,,S"
"IRM00040836","2000-04-30","30.667","51.583","1837.0","YASOGE, IR","    0",",,S",,,"  262",",,S","  108",",,S","  191","H,,S"
"IRM00040836","2000-05-01","30.667","51.583","1837.0","YASOGE, IR","    0",",,S",,,"  260",",,S","  110",",,S","  182","H,,S"
"IRM00040836","2000-05-03","30.667","51.583","1837.0","YASOGE, IR",,,,,"  270",",,S",,,"  206","H,,S"
"IRM00040836","2000-05-06","30.667","51.583","1837.0","YASOGE, IR",,,,,"  310",",,S",,,"  263","H,,S"
"IRM00040836","2000-05-07","30.667","51.583","1837.0","YASOGE, IR",,,,,,,,,"  232","H,,S"
"IRM00040836","2000-05-08","30.667","51.583","1837.0","YASOGE, IR","    0",",,S",,,,,"  134",",,S","  215","H,,S"
"IRM00040836","2000-05-09","30.667","51.583","1837.0","YASOGE, IR","    0",",,S",,,"  288",",,S","  142",",,S","  213","H,,S"
"IRM00040836","2000-05-10","30.667","51.583","1837.0","YASOGE, IR","    0",",,S",,,"  292",",,S","  144",",,S","  225","H,,S"
"IRM00040836","2000-05-11","30.667","51.583","1837.0","YASOGE, IR","    0",",,S",,,,,"  116",",,S","  187","H,,S"
"IRM00040836","2000-05-13","30.667","51.583","1837.0","YASOGE, IR","    0",",,S",,,"  290",",,S","   82",",,S","  198","H,,S"
"IRM00040836","2000-05-14","30.667","51.583","1837.0","YASOGE, IR","    0",",,S",,,"  304",",,S","  104",",,S","  218","H,,S"
"IRM00040836","2000-05-15","30.667","51.583","1837.0","YASOGE, IR","    0",",,S",,,"  296",",,S",,,"  218","H,,S"
"IRM00040836","2000-05-16","30.667","51.583","1837.0","YASOGE, IR","    0",",,S",,,"  286",",,S","  106",",,S","  211","H,,S"
"IRM00040836","2000-05-17","30.667","51.583","1837.0","YASOGE, IR",,,,,"  290",",,S",,,"  232","H,,S"
"IRM00040836","2000-05-18","30.667","51.583","1837.0","YASOGE, IR","    0",",,S",,,,,"  108",",,S","  184","H,,S"
"IRM00040836","2000-05-19","30.667","51.583","1837.0","YASOGE, IR",,,,,"  298",",,S","  106",",,S","  209","H,,S"
"IRM00040836","2000-05-23","30.667","51.583","1837.0","YASOGE, IR",,,,,"  296",",,S","  104",",,S","  178","H,,S"
"IRM00040836","2000-05-24","30.667","51.583","1837.0","YASOGE, IR",,,,,"  300",",,S","  104",",,S","  232","H,,S"
"IRM00040836","2000-05-28","30.667","51.583","1837.0","YASOGE, IR",,,,,,,"  140",",,S","  233","H,,S"
"IRM00040836","2000-05-29","30.667","51.583","1837.0","YASOGE, IR",,,,,"  324",",,S",,,"  237","H,,S"
"IRM00040836","2000-06-01","30.667","51.583","1837.0","YASOGE, IR",,,,,"  320",",,S",,,"  273","H,,S"
"IRM00040836","2000-06-02","30.667","51.583","1837.0","YASOGE, IR",,,,,"  336",",,S","  132",",,S","  225","H,,S"
"IRM00040836","2000-06-03","30.667","51.583","1837.0","YASOGE, IR","    0",",,S",,,"  342",",,S",,,"  277","H,,S"
"IRM00040836","2000-06-04","30.667","51.583","1837.0","YASOGE, IR","    0",",,S",,,"  336",",,S",,,"  251","H,,S"
"IRM00040836","2000-06-05","30.667","51.583","1837.0","YASOGE, IR","    0",",,S",,,"  344",",,S","  156",",,S","  268","H,,S"
"IRM00040836","2000-06-06","30.667","51.583","1837.0","YASOGE, IR","    0",",,S",,,"  330",",,S","  170",",,S","  251","H,,S"
"IRM00040836","2000-06-08","30.667","51.583","1837.0","YASOGE, IR","    0",",,S",,,,,"  152",",,S","  239","H,,S"
"IRM00040836","2000-06-09","30.667","51.583","1837.0","YASOGE, IR",,,,,"  340",",,S","  148",",,S","  244","H,,S"
"IRM00040836","2000-06-10","30.667","51.583","1837.0","YASOGE, IR","    0",",,S",,,,,"  154",",,S","  242","H,,S"
"IRM00040836","2000-06-11","30.667","51.583","1837.0","YASOGE, IR",,,,,"  320",",,S","  150",",,S","  231","H,,S"
"IRM00040836","2000-06-12","30.667","51.583","1837.0","YASOGE, IR","    0",",,S",,,"  322",",,S","  152",",,S","  251","H,,S"
"IRM00040836","2000-06-13","30.667","51.583","1837.0","YASOGE, IR",,,,,"  300",",,S",,,"  261","H,,S"
"IRM00040836","2000-06-15","30.667","51.583","1837.0","YASOGE, IR","    0",",,S",,,"  280",",,S",,,"  242","H,,S"
"IRM00040836","2000-06-16","30.667","51.583","1837.0","YASOGE, IR","    0",",,S",,,"  294",",,S","  140",",,S","  226","H,,S"
"IRM00040836","2000-06-17","30.667","51.583","1837.0","YASOGE, IR","    0",",,S",,,,,"  152",",,S","  199","H,,S"
"IRM00040836","2000-06-18","30.667","51.583","1837.0","YASOGE, IR","    0",",,S",,,"  310",",,S","  154",",,S","  249","H,,S"
"IRM00040836","2000-06-19","30.667","51.583","1837.0","YASOGE, IR","    0",",,S",,,,,"  152",",,S","  238","H,,S"
"IRM00040836","2000-06-20","30.667","51.583","1837.0","YASOGE, IR",,,,,"  336",",,S","  152",",,S","  251","H,,S"
"IRM00040836","2000-06-21","30.667","51.583","1837.0","YASOGE, IR",,,,,"  366",",,S","  162",",,S","  266","H,,S"
"IRM00040836","2000-06-22","30.667","51.583","1837.0","YASOGE, IR","    0",",,S",,,"  370",",,S","  172",",,S","  301","H,,S"
"IRM00040836","2000-06-23","30.667","51.583","1837.0","YASOGE, IR","    0",",,S",,,,,"  174",",,S","  242","H,,S"
"IRM00040836","2000-06-24","30.667","51.583","1837.0","YASOGE, IR",,,,,"  346",",,S",,,"  246","H,,S"
"IRM00040836","2000-06-26","30.667","51.583","1837.0","YASOGE, IR","    0",",,S",,,"  302",",,S","  154",",,S","  244","H,,S"
"IRM00040836","2000-06-27","30.667","51.583","1837.0","YASOGE, IR","    0",",,S",,,"  324",",,S","  140",",,S","  246","H,,S"
"IRM00040836","2000-06-28","30.667","51.583","1837.0","YASOGE, IR","    0",",,S",,,"  336",",,S",,,"  269","H,,S"
"IRM00040836","2000-06-29","30.667","51.583","1837.0","YASOGE, IR","    0",",,S",,,"  354",",,S",,,"  303","H,,S"
"IRM00040836","2000-06-30","30.667","51.583","1837.0","YASOGE, IR","    0",",,S",,,"  374",",,S",,,"  337","H,,S"
"IRM00040836","2000-07-01","30.667","51.583","1837.0","YASOGE, IR","    0",",,S",,,,,"  246",",,S","  329","H,,S"
"IRM00040836","2000-07-02","30.667","51.583","1837.0","YASOGE, IR","    0",",,S",,,"  360",",,S","  214",",,S","  293","H,,S"
"IRM00040836","2000-07-03","30.667","51.583","1837.0","YASOGE, IR",,,,,"  364",",,S","  206",",,S","  313","H,,S"
"IRM00040836","2000-07-04","30.667","51.583","1837.0","YASOGE, IR","    0",",,S",,,"  362",",,S","  216",",,S","  293","H,,S"
"IRM00040836","2000-07-05","30.667","51.583","1837.0","YASOGE, IR","    0",",,S",,,"  360",",,S","  218",",,S","  272","H,,S"
"IRM00040836","2000-07-06","30.667","51.583","1837.0","YASOGE, IR","    0",",,S",,,"  334",",,S","  192",",,S","  264","H,,S"
"IRM00040836","2000-07-07","30.667","51.583","1837.0","YASOGE, IR","    0",",,S",,,"  346",",,S",,,"  299","H,,S"
"IRM00040836","2000-07-08","30.667","51.583","1837.0","YASOGE, IR","    0",",,S",,,"  346",",,S",,,"  273","H,,S"
"IRM00040836","2000-07-09","30.667","51.583","1837.0","YASOGE, IR","    0",",,S",,,,,"  186",",,S","  273","H,,S"
"IRM00040836","2000-07-10","30.667","51.583","1837.0","YASOGE, IR","    0",",,S",,,,,"  198",",,S","  284","H,,S"
"IRM00040836","2000-07-11","30.667","51.583","1837.0","YASOGE, IR","    0",",,S",,,"  364",",,S","  210",",,S","  296","H,,S"
"IRM00040836","2000-07-12","30.667","51.583","1837.0","YASOGE, IR","    0",",,S",,,"  362",",,S",,,"  301","H,,S"
"IRM00040836","2000-07-13","30.667","51.583","1837.0","YASOGE, IR",,,,,"  364",",,S",,,"  285","H,,S"
"IRM00040836","2000-07-14","30.667","51.583","1837.0","YASOGE, IR","    0",",,S",,,"  346",",,S","  206",",,S","  284","H,,S"
"IRM00040836","2000-07-15","30.667","51.583","1837.0","YASOGE, IR","    0",",,S",,,"  350",",,S","  218",",,S","  256","H,,S"
"IRM00040836","2000-07-16","30.667","51.583","1837.0","YASOGE, IR","    0",",,S",,,"  364",",,S",,,"  259","H,,S"
"IRM00040836","2000-07-17","30.667","51.583","1837.0","YASOGE, IR","    0",",,S",,,,,"  212",",,S","  280","H,,S"
"IRM00040836","2000-07-19","30.667","51.583","1837.0","YASOGE, IR",,,,,"  344",",,S",,,"  303","H,,S"
"IRM00040836","2000-07-20","30.667","51.583","1837.0","YASOGE, IR","    0",",,S",,,"  344",",,S","  180",",,S","  267","H,,S"
"IRM00040836","2000-07-24","30.667","51.583","1837.0","YASOGE, IR","    0",",,S",,,"  336",",,S",,,"  282","H,,S"
"IRM00040836","2000-07-25","30.667","51.583","1837.0","YASOGE, IR","    0",",,S",,,,,"  176",",,S","  262","H,,S"
"IRM00040836","2000-07-26","30.667","51.583","1837.0","YASOGE, IR",,,,,,,,,"  282","H,,S"
"IRM00040836","2000-07-27","30.667","51.583","1837.0","YASOGE, IR","    0",",,S",,,"  340",",,S","  168",",,S","  259","H,,S"
"IRM00040836","2000-07-28","30.667","51.583","1837.0","YASOGE, IR","    0",",,S",,,"  340",",,S","  182",",,S","  267","H,,S"
"IRM00040836","2000-07-29","30.667","51.583","1837.0","YASOGE, IR",,,,,"  336",",,S","  184",",,S","  274","H,,S"
"IRM00040836","2000-07-30","30.667","51.583","1837.0","YASOGE, IR","    0",",,S",,,"  326",",,S","  216",",,S","  268","H,,S"
"IRM00040836","2000-08-03","30.667","51.583","1837.0","YASOGE, IR","    0",",,S",,,"  364",",,S","  180",",,S","  261","H,,S"
"IRM00040836","2000-08-04","30.667","51.583","1837.0","YASOGE, IR","    0",",,S",,,"  360",",,S","  186",",,S","  283","H,,S"
"IRM00040836","2000-08-05","30.667","51.583","1837.0","YASOGE, IR",,,,,"  356",",,S",,,"  287","H,,S"
"IRM00040836","2000-08-06","30.667","51.583","1837.0","YASOGE, IR",,,,,"  350",",,S","  172",",,S","  262","H,,S"
"IRM00040836","2000-08-07","30.667","51.583","1837.0","YASOGE, IR","    0",",,S",,,"  360",",,S","  186",",,S","  276","H,,S"
"IRM00040836","2000-08-09","30.667","51.583","1837.0","YASOGE, IR","    0",",,S",,,,,"  182",",,S","  283","H,,S"
"IRM00040836","2000-08-10","30.667","51.583","1837.0","YASOGE, IR","    0",",,S",,,,,,,"  286","H,,S"
"IRM00040836","2000-08-11","30.667","51.583","1837.0","YASOGE, IR","    0",",,S",,,,,"  228",",,S","  301","H,,S"
"IRM00040836","2000-08-12","30.667","51.583","1837.0","YASOGE, IR","    0",",,S",,,"  340",",,S","  236",",,S","  273","H,,S"
"IRM00040836","2000-08-13","30.667","51.583","1837.0","YASOGE, IR","    0",",,S",,,"  334",",,S",,,"  281","H,,S"
"IRM00040836","2000-08-14","30.667","51.583","1837.0","YASOGE, IR","    0",",,S",,,,,"  190",",,S","  267","H,,S"
"IRM00040836","2000-08-15","30.667","51.583","1837.0","YASOGE, IR",,,,,,,"  188",",,S","  264","H,,S"
"IRM00040836","2000-08-16","30.667","51.583","1837.0","YASOGE, IR","    0",",,S",,,"  356",",,S","  184",",,S","  273","H,,S"
"IRM00040836","2000-08-17","30.667","51.583","1837.0","YASOGE, IR","    0",",,S",,,"  352",",,S","  194",",,S","  266","H,,S"
"IRM00040836","2000-08-18","30.667","51.583","1837.0","YASOGE, IR","   10",",,S",,,,,"  180",",,S","  264","H,,S"
"IRM00040836","2000-08-19","30.667","51.583","1837.0","YASOGE, IR","    0",",,S",,,"  336",",,S","  190",",,S","  283","H,,S"
"IRM00040836","2000-08-20","30.667","51.583","1837.0","YASOGE, IR","    0",",,S",,,"  338",",,S","  194",",,S","  268","H,,S"
"IRM00040836","2000-08-21","30.667","51.583","1837.0","YASOGE, IR","    0",",,S",,,"  328",",,S","  172",",,S","  258","H,,S"
"IRM00040836","2000-08-22","30.667","51.583","1837.0","YASOGE, IR","    0",",,S",,,,,"  184",",,S","  264","H,,S"
"IRM00040836","2000-08-23","30.667","51.583","1837.0","YASOGE, IR","    0",",,S",,,,,"  188",",,S","  261","H,,S"
"IRM00040836","2000-08-24","30.667","51.583","1837.0","YASOGE, IR","    0",",,S",,,"  348",",,S","  176",",,S","  261","H,,S"
"IRM00040836","2000-08-25","30.667","51.583","1837.0","YASOGE, IR","    0",",,S",,,"  348",",,S","  184",",,S","  286","H,,S"
"IRM00040836","2000-08-26","30.667","51.583","1837.0","YASOGE, IR","    0",",,S",,,,,,,"  277","H,,S"
"IRM00040836","2000-08-27","30.667","51.583","1837.0","YASOGE, IR","    0",",,S",,,,,"  180",",,S","  277","H,,S"
"IRM00040836","2000-08-28","30.667","51.583","1837.0","YASOGE, IR","    0",",,S",,,,,"  190",",,S","  262","H,,S"
"IRM00040836","2000-08-29","30.667","51.583","1837.0","YASOGE, IR","    0",",,S",,,"  346",",,S","  198",",,S","  267","H,,S"
"IRM00040836","2000-08-30","30.667","51.583","1837.0","YASOGE, IR","    0",",,S",,,"  334",",,S",,,"  247","H,,S"
"IRM00040836","2000-08-31","30.667","51.583","1837.0","YASOGE, IR","    0",",,S",,,,,"  144",",,S","  187","H,,S"
"IRM00040836","2000-09-01","30.667","51.583","1837.0","YASOGE, IR",,,,,"  320",",,S","  128",",,S","  208","H,,S"
"IRM00040836","2000-09-02","30.667","51.583","1837.0","YASOGE, IR","    0",",,S",,,"  324",",,S",,,"  231","H,,S"
"IRM00040836","2000-09-03","30.667","51.583","1837.0","YASOGE, IR","    0",",,S",,,"  304",",,S",,,"  219","H,,S"
"IRM00040836","2000-09-04","30.667","51.583","1837.0","YASOGE, IR","    0",",,S",,,"  306",",,S","  136",",,S","  221","H,,S"
"IRM00040836","2000-09-05","30.667","51.583","1837.0","YASOGE, IR","    0",",,S",,,"  312",",,S",,,"  244","H,,S"
"IRM00040836","2000-09-06","30.667","51.583","1837.0","YASOGE, IR","    0",",,S",,,"  322",",,S","  166",",,S","  231","H,,S"
"IRM00040836","2000-09-07","30.667","51.583","1837.0","YASOGE, IR","    0",",,S",,,"  324",",,S",,,"  264","H,,S"
"IRM00040836","2000-09-08","30.667","51.583","1837.0","YASOGE, IR","    0",",,S",,,,,,,"  259","H,,S"
"IRM00040836","2000-09-09","30.667","51.583","1837.0","YASOGE, IR","    0",",,S",,,"  350",",,S",,,"  290","H,,S"
"IRM00040836","2000-09-10","30.667","51.583","1837.0","YASOGE, IR","    0",",,S",,,"  340",",,S","  164",",,S","  263","H,,S"
"IRM00040836","2000-09-11","30.667","51.583","1837.0","YASOGE, IR","    0",",,S",,,"  332",",,S","  166",",,S","  239","H,,S"
"IRM00040836","2000-09-12","30.667","51.583","1837.0","YASOGE, IR","    0",",,S",,,"  300",",,S","  148",",,S","  224","H,,S"
"IRM00040836","2000-09-13","30.667","51.583","1837.0","YASOGE, IR","    0",",,S",,,,,"  154",",,S","  212","H,,S"
"IRM00040836","2000-09-15","30.667","51.583","1837.0","YASOGE, IR","    0",",,S",,,"  310",",,S",,,"  236","H,,S"
"IRM00040836","2000-09-16","30.667","51.583","1837.0","YASOGE, IR",,,,,"  302",",,S",,,"  254","H,,S"
"IRM00040836","2000-09-17","30.667","51.583","1837.0","YASOGE, IR","    0",",,S",,,"  302",",,S","  120",",,S","  209","H,,S"
"IRM00040836","2000-09-18","30.667","51.583","1837.0","YASOGE, IR","    0",",,S",,,"  304",",,S","  124",",,S","  201","H,,S"
"IRM00040836","2000-09-19","30.667","51.583","1837.0","YASOGE, IR",,,,,,,,,"  219","H,,S"
"IRM00040836","2000-09-20","30.667","51.583","1837.0","YASOGE, IR",,,,,"  302",",,S","  142",",,S","  231","H,,S"
"IRM00040836","2000-09-21","30.667","51.583","1837.0","YASOGE, IR","    0",",,S",,,"  286",",,S","  146",",,S","  212","H,,S"
"IRM00040836","2000-09-22","30.667","51.583","1837.0","YASOGE, IR","    0",",,S",,,,,"  130",",,S","  194","H,,S"
"IRM00040836","2000-09-23","30.667","51.583","1837.0","YASOGE, IR","    0",",,S",,,"  294",",,S","  120",",,S","  179","H,,S"
"IRM00040836","2000-09-24","30.667","51.583","1837.0","YASOGE, IR",,,,,"  290",",,S","  136",",,S","  211","H,,S"
"IRM00040836","2000-09-25","30.667","51.583","1837.0","YASOGE, IR","    0",",,S",,,"  286",",,S",,,"  221","H,,S"
"IRM00040836","2000-09-26","30.667","51.583","1837.0","YASOGE, IR","    0",",,S",,,,,"  128",",,S","  184","H,,S"
"IRM00040836","2000-09-27","30.667","51.583","1837.0","YASOGE, IR",,,,,"  290",",,S","  118",",,S","  193","H,,S"
"IRM00040836","2000-09-28","30.667","51.583","1837.0","YASOGE, IR","    0",",,S",,,,,,,"  214","H,,S"
"IRM00040836","2000-09-29","30.667","51.583","1837.0","YASOGE, IR",,,,,,,"  142",",,S","  219","H,,S"
"IRM00040836","2000-09-30","30.667","51.583","1837.0","YASOGE, IR","    0",",,S",,,"  290",",,S","  138",",,S","  217","H,,S"
"IRM00040836","2000-10-01","30.667","51.583","1837.0","YASOGE, IR",,,,,"  280",",,S","  134",",,S","  196","H,,S"
"IRM00040836","2000-10-02","30.667","51.583","1837.0","YASOGE, IR",,,,,,,"  110",",,S","  182","H,,S"
"IRM00040836","2000-10-03","30.667","51.583","1837.0","YASOGE, IR",,,,,"  160",",,S",,,"  128","H,,S"
"IRM00040836","2000-10-04","30.667","51.583","1837.0","YASOGE, IR",,,,,"  204",",,S","   98",",,S","  146","H,,S"
"IRM00040836","2000-10-05","30.667","51.583","1837.0","YASOGE, IR","    0",",,S",,,"  210",",,S",,,"  153","H,,S"
"IRM00040836","2000-10-06","30.667","51.583","1837.0","YASOGE, IR",,,,,"  230",",,S","   88",",,S","  146","H,,S"
"IRM00040836","2000-10-07","30.667","51.583","1837.0","YASOGE, IR","    0",",,S",,,"  236",",,S","   90",",,S","  173","H,,S"
"IRM00040836","2000-10-08","30.667","51.583","1837.0","YASOGE, IR","    0",",,S",,,"  244",",,S","   92",",,S","  167","H,,S"
"IRM00040836","2000-10-09","30.667","51.583","1837.0","YASOGE, IR","    0",",,S",,,"  238",",,S","   88",",,S","  162","H,,S"
"IRM00040836","2000-10-10","30.667","51.583","1837.0","YASOGE, IR",,,,,"  240",",,S","   76",",,S","  159","H,,S"
"IRM00040836","2000-10-11","30.667","51.583","1837.0","YASOGE, IR","    0",",,S",,,,,"   78",",,S","  173","H,,S"
"IRM00040836","2000-10-12","30.667","51.583","1837.0","YASOGE, IR","    0",",,S",,,,,"   98",",,S","  173","H,,S"
"IRM00040836","2000-10-13","30.667","51.583","1837.0","YASOGE, IR","    0",",,S",,,"  256",",,S",,,"  175","H,,S"
"IRM00040836","2000-10-14","30.667","51.583","1837.0","YASOGE, IR","    0",",,S",,,"  260",",,S",,,"  185","H,,S"
"IRM00040836","2000-10-15","30.667","51.583","1837.0","YASOGE, IR",,,,,"  244",",,S","  112",",,S","  188","H,,S"
"IRM00040836","2000-10-16","30.667","51.583","1837.0","YASOGE, IR",,,,,,,"  130",",,S","  177","H,,S"
"IRM00040836","2000-10-17","30.667","51.583","1837.0","YASOGE, IR","    0",",,S",,,"  240",",,S","  122",",,S","  168","H,,S"
"IRM00040836","2000-10-18","30.667","51.583","1837.0","YASOGE, IR",,,,,,,"  100",",,S","  156","H,,S"
"IRM00040836","2000-10-19","30.667","51.583","1837.0","YASOGE, IR",,,,,"  256",",,S","   76",",,S","  157","H,,S"
"IRM00040836","2000-10-20","30.667","51.583","1837.0","YASOGE, IR","    0",",,S",,,"  254",",,S","   80",",,S","  164","H,,S"
"IRM00040836","2000-10-21","30.667","51.583","1837.0","YASOGE, IR","    0",",,S",,,,,"   86",",,S","  126","H,,S"
"IRM00040836","2000-10-22","30.667","51.583","1837.0","YASOGE, IR","    0",",,S",,,,,,,"  166","H,,S"
"IRM00040836","2000-10-23","30.667","51.583","1837.0","YASOGE, IR","    0",",,S",,,"  234",",,S","   90",",,S","  149","H,,S"
"IRM00040836","2000-10-24","30.667","51.583","1837.0","YASOGE, IR","    0",",,S",,,"  234",",,S","   82",",,S","  157","H,,S"
"IRM00040836","2000-10-25","30.667","51.583","1837.0","YASOGE, IR","    0",",,S",,,"  256",",,S","   70",",,S","  135","H,,S"
"IRM00040836","2000-10-26","30.667","51.583","1837.0","YASOGE, IR","    0",",,S",,,"  240",",,S","   86",",,S","  159","H,,S"
"IRM00040836","2000-10-27","30.667","51.583","1837.0","YASOGE, IR","    0",",,S",,,"  244",",,S","   90",",,S","  156","H,,S"
"IRM00040836","2000-10-28","30.667","51.583","1837.0","YASOGE, IR","    0",",,S",,,"  236",",,S","  100",",,S","  158","H,,S"
"IRM00040836","2000-10-29","30.667","51.583","1837.0","YASOGE, IR",,,,,"  232",",,S",,,"  164","H,,S"
"IRM00040836","2000-10-30","30.667","51.583","1837.0","YASOGE, IR","    0",",,S",,,"  244",",,S","   74",",,S","  157","H,,S"
"IRM00040836","2000-10-31","30.667","51.583","1837.0","YASOGE, IR","    0",",,S",,,"  210",",,S","   86",",,S","  136","H,,S"
"IRM00040836","2000-11-01","30.667","51.583","1837.0","YASOGE, IR","    3",",,S",,,"  304",",,S","  100",",,S","  188","H,,S"
"IRM00040836","2000-11-02","30.667","51.583","1837.0","YASOGE, IR","    0",",,S",,,"  204",",,S","   92",",,S","  138","H,,S"
"IRM00040836","2000-11-03","30.667","51.583","1837.0","YASOGE, IR","    0",",,S",,,,,"   70",",,S","  107","H,,S"
"IRM00040836","2000-11-04","30.667","51.583","1837.0","YASOGE, IR","    5",",,S",,,,,,,"  110","H,,S"
"IRM00040836","2000-11-05","30.667","51.583","1837.0","YASOGE, IR","    0",",,S",,,,,,,"   97","H,,S"
"IRM00040836","2000-11-06","30.667","51.583","1837.0","YASOGE, IR",,,,,"  134",",,S",,,"   86","H,,S"
"IRM00040836","2000-11-07","30.667","51.583","1837.0","YASOGE, IR","    0",",,S",,,"  150",",,S","   44",",,S","   91","H,,S"
"IRM00040836","2000-11-08","30.667","51.583","1837.0","YASOGE, IR","    0",",,S",,,"  140",",,S",,,"  101","H,,S"
"IRM00040836","2000-11-09","30.667","51.583","1837.0","YASOGE, IR",,,,,"   80",",,S",,,"   69","H,,S"
"IRM00040836","2000-11-10","30.667","51.583","1837.0","YASOGE, IR",,,,,"  142",",,S","   54",",,S","   86","H,,S"
"IRM00040836","2000-11-11","30.667","51.583","1837.0","YASOGE, IR","    0",",,S",,,"  150",",,S",,,"   92","H,,S"
"IRM00040836","2000-11-12","30.667","51.583","1837.0","YASOGE, IR","    0",",,S",,,"  162",",,S","   26",",,S","   78","H,,S"
"IRM00040836","2000-11-13","30.667","51.583","1837.0","YASOGE, IR","    0",",,S",,,,,"   24",",,S","   89","H,,S"
"IRM00040836","2000-11-14","30.667","51.583","1837.0","YASOGE, IR","    0",",,S",,,"  160",",,S",,,"   91","H,,S"
"IRM00040836","2000-11-19","30.667","51.583","1837.0","YASOGE, IR",,,,,"  130",",,S",,,"   91","H,,S"
"IRM00040836","2000-11-20","30.667","51.583","1837.0","YASOGE, IR",,,,,,,"   40",",,S","   83","H,,S"
"IRM00040836","2000-11-21","30.667","51.583","1837.0","YASOGE, IR","    0",",,S",,,"  136",",,S","   20",",,S","   77","H,,S"
"IRM00040836","2000-11-22","30.667","51.583","1837.0","YASOGE, IR","    0",",,S",,,"  130",",,S","   20",",,S","   62","H,,S"
"IRM00040836","2000-11-23","30.667","51.583","1837.0","YASOGE, IR",,,,,"  134",",,S","   -2",",,S","   61","H,,S"
"IRM00040836","2000-11-24","30.667","51.583","1837.0","YASOGE, IR","    0",",,S",,,"  122",",,S","   -8",",,S","   47","H,,S"
"IRM00040836","2000-11-25","30.667","51.583","1837.0","YASOGE, IR",,,,,"  140",",,S","   14",",,S","   64","H,,S"
"IRM00040836","2000-11-26","30.667","51.583","1837.0","YASOGE, IR","    0",",,S",,,"  148",",,S",,,"   75","H,,S"
"IRM00040836","2000-11-27","30.667","51.583","1837.0","YASOGE, IR","    0",",,S",,,,,"   -2",",,S","   59","H,,S"
"IRM00040836","2000-11-28","30.667","51.583","1837.0","YASOGE, IR","    0",",,S",,,"  134",",,S","   12",",,S","   69","H,,S"
"IRM00040836","2000-11-29","30.667","51.583","1837.0","YASOGE, IR","    0",",,S",,,"  164",",,S","    0",",,S","   61","H,,S"
"IRM00040836","2000-11-30","30.667","51.583","1837.0","YASOGE, IR","    0",",,S",,,,,,,"   87","H,,S"
"IRM00040836","2000-12-01","30.667","51.583","1837.0","YASOGE, IR","    0",",,S",,,,,,,"  116","H,,S"
"IRM00040836","2000-12-02","30.667","51.583","1837.0","YASOGE, IR",,,,,"  144",",,S",,,"   99","H,,S"
"IRM00040836","2000-12-03","30.667","51.583","1837.0","YASOGE, IR",,,,,,,,,"   49","H,,S"
"IRM00040836","2000-12-04","30.667","51.583","1837.0","YASOGE, IR",,,,,"  150",",,S","   50",",,S","   94","H,,S"
"IRM00040836","2000-12-05","30.667","51.583","1837.0","YASOGE, IR",,,,,"  124",",,S",,,"  102","H,,S"
"IRM00040836","2000-12-06","30.667","51.583","1837.0","YASOGE, IR","   41",",,S",,,"  120",",,S",,,"   78","H,,S"
"IRM00040836","2000-12-07","30.667","51.583","1837.0","YASOGE, IR","    0",",,S",,,"  132",",,S","   -6",",,S","   56","H,,S"
"IRM00040836","2000-12-08","30.667","51.583","1837.0","YASOGE, IR","    0",",,S",,,"  100",",,S","   26",",,S","   68","H,,S"
"IRM00040836","2000-12-09","30.667","51.583","1837.0","YASOGE, IR",,,,,"   76",",,S",,,"   48","H,,S"
"IRM00040836","2000-12-10","30.667","51.583","1837.0","YASOGE, IR","  312","D,,S",,,,,,,"   59","H,,S"
"IRM00040836","2000-12-11","30.667","51.583","1837.0","YASOGE, IR",,,,,"   80",",,S","   14",",,S","   35","H,,S"
"IRM00040836","2000-12-12","30.667","51.583","1837.0","YASOGE, IR",,,,,"   80",",,S","    0",",,S","   24","H,,S"
"IRM00040836","2000-12-13","30.667","51.583","1837.0","YASOGE, IR",,,,,,,"  -10",",,S","   27","H,,S"
"IRM00040836","2000-12-14","30.667","51.583","1837.0","YASOGE, IR","    0",",,S",,,"   62",",,S","    0",",,S","   22","H,,S"
"IRM00040836","2000-12-15","30.667","51.583","1837.0","YASOGE, IR",,,"  399",",,S","   56",",,S","    0",",,S","   29","H,,S"
"IRM00040836","2000-12-16","30.667","51.583","1837.0","YASOGE, IR","    0",",,S",,,"   64",",,S","  -14",",,S","   13","H,,S"
"IRM00040836","2000-12-17","30.667","51.583","1837.0","YASOGE, IR","    0",",,S",,,"   82",",,S","  -40",",,S","   13","H,,S"
"IRM00040836","2000-12-18","30.667","51.583","1837.0","YASOGE, IR","    0",",,S",,,"  104",",,S","  -28",",,S","   27","H,,S"
"IRM00040836","2000-12-19","30.667","51.583","1837.0","YASOGE, IR","    0",",,S",,,"  130",",,S","  -24",",,S","   45","H,,S"
"IRM00040836","2000-12-20","30.667","51.583","1837.0","YASOGE, IR","    0",",,S",,,,,"   20",",,S","   44","H,,S"
"IRM00040836","2000-12-21","30.667","51.583","1837.0","YASOGE, IR","   18",",,S",,,"  130",",,S","   12",",,S","   70","H,,S"
"IRM00040836","2000-12-22","30.667","51.583","1837.0","YASOGE, IR","    0",",,S",,,"  126",",,S",,,"   73","H,,S"
"IRM00040836","2000-12-23","30.667","51.583","1837.0","YASOGE, IR",,,,,"   72",",,S","    6",",,S","   41","H,,S"
"IRM00040836","2000-12-24","30.667","51.583","1837.0","YASOGE, IR",,,,,"  112",",,S","   38",",,S","   68","H,,S"
"IRM00040836","2000-12-25","30.667","51.583","1837.0","YASOGE, IR","    0",",,S",,,"  120",",,S","   48",",,S","   81","H,,S"
"IRM00040836","2000-12-26","30.667","51.583","1837.0","YASOGE, IR","   56","D,,S",,,,,,,"   52","H,,S"
"IRM00040836","2000-12-27","30.667","51.583","1837.0","YASOGE, IR",,,,,"   94",",,S","  -10",",,S","   32","H,,S"
"IRM00040836","2000-12-28","30.667","51.583","1837.0","YASOGE, IR","    0",",,S",,,"  114",",,S","  -22",",,S","   36","H,,S"
"IRM00040836","2000-12-29","30.667","51.583","1837.0","YASOGE, IR","    0",",,S",,,,,,,"   32","H,,S"
"IRM00040836","2000-12-30","30.667","51.583","1837.0","YASOGE, IR","    0",",,S",,,,,"  -24",",,S","   34","H,,S"
"IRM00040836","2000-12-31","30.667","51.583","1837.0","YASOGE, IR",,,,,,,"  -20",",,S","   66","H,,S"
"IRM00040836","2001-01-01","30.667","51.583","1837.0","YASOGE, IR","    0",",,S",,,"  146",",,S","  -10",",,S","   57","H,,S"
"IRM00040836","2001-01-02","30.667","51.583","1837.0","YASOGE, IR","    0",",,S",,,"  154",",,S",,,"   73","H,,S"
"IRM00040836","2001-01-03","30.667","51.583","1837.0","YASOGE, IR","    0",",,S",,,"  160",",,S","   20",",,S","   79","H,,S"
"IRM00040836","2001-01-04","30.667","51.583","1837.0","YASOGE, IR","  213","D,,S",,,"   70",",,S","   12",",,S","   24","H,,S"
"IRM00040836","2001-01-05","30.667","51.583","1837.0","YASOGE, IR",,,,,"   70",",,S","  -18",",,S","   17","H,,S"
"IRM00040836","2001-01-06","30.667","51.583","1837.0","YASOGE, IR",,,,,"   80",",,S","  -40",",,S","   14","H,,S"
"IRM00040836","2001-01-07","30.667","51.583","1837.0","YASOGE, IR","    0",",,S",,,"  104",",,S","  -46",",,S","   21","H,,S"
"IRM00040836","2001-01-08","30.667","51.583","1837.0","YASOGE, IR",,,"   30",",,S","   26",",,S","    0",",,S","    9","H,,S"
"IRM00040836","2001-01-09","30.667","51.583","1837.0","YASOGE, IR",,,,,"   56",",,S",,,"   23","H,,S"
"IRM00040836","2001-01-10","30.667","51.583","1837.0","YASOGE, IR","    0",",,S",,,,,"  -40",",,S","   11","H,,S"
"IRM00040836","2001-01-11","30.667","51.583","1837.0","YASOGE, IR","    0",",,S",,,,,,,"   32","H,,S"
"IRM00040836","2001-01-12","30.667","51.583","1837.0","YASOGE, IR","    0",",,S",,,,,,,"   41","H,,S"
"IRM00040836","2001-01-13","30.667","51.583","1837.0","YASOGE, IR","    0",",,S",,,"  136",",,S",,,"   49","H,,S"
"IRM00040836","2001-01-14","30.667","51.583","1837.0","YASOGE, IR","    0",",,S",,,"  130",",,S","  -20",",,S","   46","H,,S"
"IRM00040836","2001-01-22","30.667","51.583","1837.0","YASOGE, IR","    0",",,S",,,,,,,"   38","H,,S"
"IRM00040836","2001-01-25","30.667","51.583","1837.0","YASOGE, IR","    0",",,S",,,,,,,"   26","H,,S"
"IRM00040836","2001-01-26","30.667","51.583","1837.0","YASOGE, IR","    0",",,S",,,,,,,"   21","H,,S"
"IRM00040836","2001-01-28","30.667","51.583","1837.0","YASOGE, IR","   51",",,S","  201",",,S",,,,,"  -36","H,,S"
"IRM00040836","2001-01-30","30.667","51.583","1837.0","YASOGE, IR","    0",",,S",,,,,"  -70",",,S","   -7","H,,S"
"IRM00040836","2001-01-31","30.667","51.583","1837.0","YASOGE, IR","    0",",,S",,,"  114",",,S",,,"   37","H,,S"
"IRM00040836","2001-02-01","30.667","51.583","1837.0","YASOGE, IR","    0",",,S",,,"  136",",,S","  -20",",,S","   55","H,,S"
"IRM00040836","2001-02-02","30.667","51.583","1837.0","YASOGE, IR","    0",",,S",,,"  126",",,S","   -4",",,S","   42","H,,S"
"IRM00040836","2001-02-03","30.667","51.583","1837.0","YASOGE, IR","    0",",,S",,,"  132",",,S","  -24",",,S","   47","H,,S"
"IRM00040836","2001-02-04","30.667","51.583","1837.0","YASOGE, IR","    0",",,S",,,"  112",",,S","    6",",,S","   54","H,,S"
"IRM00040836","2001-02-05","30.667","51.583","1837.0","YASOGE, IR","    0",",,S",,,"  104",",,S","  -10",",,S","   40","H,,S"
"IRM00040836","2001-02-06","30.667","51.583","1837.0","YASOGE, IR","    0",",,S",,,"  100",",,S","  -22",",,S","   36","H,,S"
"IRM00040836","2001-02-07","30.667","51.583","1837.0","YASOGE, IR","    0",",,S",,,"  112",",,S","  -26",",,S","   43","H,,S"
"IRM00040836","2001-02-08","30.667","51.583","1837.0","YASOGE, IR","    0",",,S",,,,,,,"   53","H,,S"
"IRM00040836","2001-02-09","30.667","51.583","1837.0","YASOGE, IR","    0",",,S",,,"  146",",,S","  -10",",,S","   71","H,,S"
"IRM00040836","2001-02-10","30.667","51.583","1837.0","YASOGE, IR",,,,,,,,,"   51","H,,S"
"IRM00040836","2001-02-11","30.667","51.583","1837.0","YASOGE, IR",,,,,"   92",",,S",,,"   37","H,,S"
"IRM00040836","2001-02-12","30.667","51.583","1837.0","YASOGE, IR","  185",",,S","   20",",,S","   64",",,S","  -26",",,S","   14","H,,S"
"IRM00040836","2001-02-13","30.667","51.583","1837.0","YASOGE, IR","    0",",,S",,,"  114",",,S","  -28",",,S","   42","H,,S"
"IRM00040836","2001-02-14","30.667","51.583","1837.0","YASOGE, IR","    0",",,S",,,"  134",",,S","    0",",,S","   61","H,,S"
"IRM00040836","2001-02-15","30.667","51.583","1837.0","YASOGE, IR",,,,,"   84",",,S",,,"   41","H,,S"
"IRM00040836","2001-02-16","30.667","51.583","1837.0","YASOGE, IR",,,,,"  114",",,S","  -22",",,S","   40","H,,S"
"IRM00040836","2001-02-17","30.667","51.583","1837.0","YASOGE, IR","    0",",,S",,,"  126",",,S","  -12",",,S","   57","H,,S"
"IRM00040836","2001-02-18","30.667","51.583","1837.0","YASOGE, IR",,,,,"   74",",,S","   38",",,S","   53","H,,S"
"IRM00040836","2001-02-19","30.667","51.583","1837.0","YASOGE, IR",,,,,,,"   -2",",,S","   57","H,,S"
"IRM00040836","2001-02-20","30.667","51.583","1837.0","YASOGE, IR",,,,,"  146",",,S","   10",",,S","   79","H,,S"
"IRM00040836","2001-02-21","30.667","51.583","1837.0","YASOGE, IR","  328","D,,S",,,"   80",",,S",,,"   41","H,,S"
"IRM00040836","2001-02-22","30.667","51.583","1837.0","YASOGE, IR",,,,,"   90",",,S",,,"   36","H,,S"
"IRM00040836","2001-02-23","30.667","51.583","1837.0","YASOGE, IR","    0",",,S",,,"  102",",,S","  -26",",,S","   23","H,,S"
"IRM00040836","2001-02-24","30.667","51.583","1837.0","YASOGE, IR","    0",",,S",,,"  128",",,S","  -16",",,S","   49","H,,S"
"IRM00040836","2001-02-25","30.667","51.583","1837.0","YASOGE, IR","    0",",,S",,,"  144",",,S","  -16",",,S","   58","H,,S"
"IRM00040836","2001-02-26","30.667","51.583","1837.0","YASOGE, IR","    0",",,S",,,"  150",",,S","  -12",",,S","   66","H,,S"
"IRM00040836","2001-02-27","30.667","51.583","1837.0","YASOGE, IR","    0",",,S",,,"  174",",,S","   -4",",,S","   86","H,,S"
"IRM00040836","2001-02-28","30.667","51.583","1837.0","YASOGE, IR","    0",",,S",,,,,,,"  103","H,,S"
"IRM00040836","2001-03-01","30.667","51.583","1837.0","YASOGE, IR","    0",",,S",,,"  186",",,S","   30",",,S","  106","H,,S"
"IRM00040836","2001-03-02","30.667","51.583","1837.0","YASOGE, IR","    0",",,S",,,"  184",",,S","   20",",,S","   97","H,,S"
"IRM00040836","2001-03-03","30.667","51.583","1837.0","YASOGE, IR","    0",",,S",,,"  184",",,S","   20",",,S","  108","H,,S"
"IRM00040836","2001-03-04","30.667","51.583","1837.0","YASOGE, IR","    0",",,S",,,"  188",",,S","   40",",,S","  111","H,,S"
"IRM00040836","2001-03-05","30.667","51.583","1837.0","YASOGE, IR","    0",",,S",,,"  200",",,S",,,"  112","H,,S"
"IRM00040836","2001-03-06","30.667","51.583","1837.0","YASOGE, IR","    0",",,S",,,"  208",",,S","   34",",,S","  112","H,,S"
"IRM00040836","2001-03-07","30.667","51.583","1837.0","YASOGE, IR","    0",",,S",,,,,"   40",",,S","   91","H,,S"
"IRM00040836","2001-03-08","30.667","51.583","1837.0","YASOGE, IR","    0",",,S",,,"  174",",,S",,,"  114","H,,S"
"IRM00040836","2001-03-09","30.667","51.583","1837.0","YASOGE, IR","   10",",,S",,,"  172",",,S","   64",",,S","  121","H,,S"
"IRM00040836","2001-03-10","30.667","51.583","1837.0","YASOGE, IR","    0",",,S",,,"  118",",,S",,,"   69","H,,S"
"IRM00040836","2001-03-11","30.667","51.583","1837.0","YASOGE, IR","  178",",,S",,,"  130",",,S","   22",",,S","   71","H,,S"
"IRM00040836","2001-03-12","30.667","51.583","1837.0","YASOGE, IR","    0",",,S",,,"  170",",,S",,,"   99","H,,S"
"IRM00040836","2001-03-13","30.667","51.583","1837.0","YASOGE, IR","    0",",,S",,,"  168",",,S","   36",",,S","  115","H,,S"
"IRM00040836","2001-03-14","30.667","51.583","1837.0","YASOGE, IR","    0",",,S",,,"  174",",,S","   40",",,S","  101","H,,S"
"IRM00040836","2001-03-15","30.667","51.583","1837.0","YASOGE, IR","  142","D,,S",,,"  136",",,S","   42",",,S","   86","H,,S"
"IRM00040836","2001-03-16","30.667","51.583","1837.0","YASOGE, IR",,,,,"  164",",,S","   32",",,S","   98","H,,S"
"IRM00040836","2001-03-17","30.667","51.583","1837.0","YASOGE, IR","    0",",,S",,,"  176",",,S","   46",",,S","  108","H,,S"
"IRM00040836","2001-03-18","30.667","51.583","1837.0","YASOGE, IR",,,,,"  188",",,S","   30",",,S","  102","H,,S"
"IRM00040836","2001-03-19","30.667","51.583","1837.0","YASOGE, IR","    0",",,S",,,,,"   36",",,S","   71","H,,S"
"IRM00040836","2001-03-20","30.667","51.583","1837.0","YASOGE, IR","    0",",,S",,,"  194",",,S",,,"  123","H,,S"
"IRM00040836","2001-03-21","30.667","51.583","1837.0","YASOGE, IR","    0",",,S",,,"  194",",,S","   32",",,S","  113","H,,S"
"IRM00040836","2001-03-22","30.667","51.583","1837.0","YASOGE, IR","    0",",,S",,,"  174",",,S","   44",",,S","  112","H,,S"
"IRM00040836","2001-03-23","30.667","51.583","1837.0","YASOGE, IR",,,,,,,"   66",",,S","  118","H,,S"
"IRM00040836","2001-03-24","30.667","51.583","1837.0","YASOGE, IR","    0",",,S",,,"  180",",,S",,,"  110","H,,S"
"IRM00040836","2001-03-25","30.667","51.583","1837.0","YASOGE, IR",,,,,"  106",",,S",,,"   72","H,,S"
"IRM00040836","2001-03-27","30.667","51.583","1837.0","YASOGE, IR",,,,,"  150",",,S","    8",",,S","   79","H,,S"
"IRM00040836","2001-03-28","30.667","51.583","1837.0","YASOGE, IR",,,,,"  204",",,S","   34",",,S","  107","H,,S"
"IRM00040836","2001-03-30","30.667","51.583","1837.0","YASOGE, IR","    0",",,S",,,"  222",",,S","   70",",,S","  152","H,,S"
"IRM00040836","2001-03-31","30.667","51.583","1837.0","YASOGE, IR","    0",",,S",,,"  230",",,S","   70",",,S","  153","H,,S"
"IRM00040836","2001-04-01","30.667","51.583","1837.0","YASOGE, IR","    0",",,S",,,"  242",",,S",,,"  162","H,,S"
"IRM00040836","2001-04-02","30.667","51.583","1837.0","YASOGE, IR","    0",",,S",,,"  250",",,S","   76",",,S","  166","H,,S"
"IRM00040836","2001-04-03","30.667","51.583","1837.0","YASOGE, IR","    0",",,S",,,"  250",",,S","   84",",,S","  168","H,,S"
"IRM00040836","2001-04-04","30.667","51.583","1837.0","YASOGE, IR",,,,,"  250",",,S","   90",",,S","  144","H,,S"
"IRM00040836","2001-04-05","30.667","51.583","1837.0","YASOGE, IR",,,,,"  246",",,S",,,"  182","H,,S"
"IRM00040836","2001-04-06","30.667","51.583","1837.0","YASOGE, IR","    0",",,S",,,,,,,"  183","H,,S"
"IRM00040836","2001-04-07","30.667","51.583","1837.0","YASOGE, IR","    0",",,S",,,,,"   96",",,S","  142","H,,S"
"IRM00040836","2001-04-08","30.667","51.583","1837.0","YASOGE, IR","    0",",,S",,,,,"   90",",,S","  127","H,,S"
"IRM00040836","2001-04-09","30.667","51.583","1837.0","YASOGE, IR","    0",",,S",,,"  206",",,S","   80",",,S","  147","H,,S"
"IRM00040836","2001-04-10","30.667","51.583","1837.0","YASOGE, IR","    0",",,S",,,"  216",",,S","   62",",,S","  128","H,,S"
"IRM00040836","2001-04-11","30.667","51.583","1837.0","YASOGE, IR","    0",",,S",,,,,"   50",",,S","  124","H,,S"
"IRM00040836","2001-04-12","30.667","51.583","1837.0","YASOGE, IR","    0",",,S",,,"  222",",,S","   62",",,S","  163","H,,S"
"IRM00040836","2001-04-13","30.667","51.583","1837.0","YASOGE, IR","    0",",,S",,,"  220",",,S","   60",",,S","  142","H,,S"
"IRM00040836","2001-04-14","30.667","51.583","1837.0","YASOGE, IR","    0",",,S",,,"  236",",,S","   40",",,S","  138","H,,S"
"IRM00040836","2001-04-15","30.667","51.583","1837.0","YASOGE, IR","    0",",,S",,,,,"   54",",,S","  136","H,,S"
"IRM00040836","2001-04-16","30.667","51.583","1837.0","YASOGE, IR",,,,,"  232",",,S","   66",",,S","  149","H,,S"
"IRM00040836","2001-04-17","30.667","51.583","1837.0","YASOGE, IR",,,,,"  228",",,S","   86",",,S","  147","H,,S"
"IRM00040836","2001-04-18","30.667","51.583","1837.0","YASOGE, IR","    0",",,S",,,"  234",",,S","   38",",,S","  127","H,,S"
"IRM00040836","2001-04-19","30.667","51.583","1837.0","YASOGE, IR","    0",",,S",,,"  230",",,S","   84",",,S","  151","H,,S"
"IRM00040836","2001-04-20","30.667","51.583","1837.0","YASOGE, IR","    0",",,S",,,"  240",",,S","   64",",,S","  153","H,,S"
"IRM00040836","2001-04-21","30.667","51.583","1837.0","YASOGE, IR","    0",",,S",,,,,"  104",",,S","  151","H,,S"
"IRM00040836","2001-04-22","30.667","51.583","1837.0","YASOGE, IR","    8",",,S",,,"  232",",,S","   74",",,S","  154","H,,S"
"IRM00040836","2001-04-23","30.667","51.583","1837.0","YASOGE, IR","    0",",,S",,,"  250",",,S","   68",",,S","  160","H,,S"
"IRM00040836","2001-04-24","30.667","51.583","1837.0","YASOGE, IR","    0",",,S",,,"  256",",,S",,,"  189","H,,S"
"IRM00040836","2001-04-25","30.667","51.583","1837.0","YASOGE, IR","    0",",,S",,,,,"  100",",,S","  164","H,,S"
"IRM00040836","2001-05-17","30.667","51.583","1837.0","YASOGE, IR","    0",",,S",,,"  326",",,S",,,"  266","H,,S"
"IRM00040836","2001-05-18","30.667","51.583","1837.0","YASOGE, IR","    0",",,S",,,"  312",",,S","  150",",,S","  243","H,,S"
"IRM00040836","2001-05-20","30.667","51.583","1837.0","YASOGE, IR","    0",",,S",,,,,"  134",",,S","  198","H,,S"
"IRM00040836","2001-05-26","30.667","51.583","1837.0","YASOGE, IR",,,,,"  290",",,S",,,"  231","H,,S"
"IRM00040836","2001-05-27","30.667","51.583","1837.0","YASOGE, IR","    0",",,S",,,"  308",",,S","  120",",,S","  222","H,,S"
"IRM00040836","2001-05-28","30.667","51.583","1837.0","YASOGE, IR","    0",",,S",,,"  314",",,S","  162",",,S","  238","H,,S"
"IRM00040836","2001-05-29","30.667","51.583","1837.0","YASOGE, IR",,,,,"  310",",,S","  156",",,S","  208","H,,S"
"IRM00040836","2001-05-31","30.667","51.583","1837.0","YASOGE, IR",,,,,"  292",",,S",,,"  246","H,,S"
"IRM00040836","2001-06-01","30.667","51.583","1837.0","YASOGE, IR","    0",",,S",,,"  306",",,S","  132",",,S","  244","H,,S"
"IRM00040836","2001-06-04","30.667","51.583","1837.0","YASOGE, IR","    0",",,S",,,"  344",",,S",,,"  292","H,,S"
"IRM00040836","2001-06-05","30.667","51.583","1837.0","YASOGE, IR","    0",",,S",,,,,"  176",",,S","  243","H,,S"
"IRM00040836","2001-06-06","30.667","51.583","1837.0","YASOGE, IR","    0",",,S",,,"  326",",,S",,,"  272","H,,S"
"IRM00040836","2001-06-07","30.667","51.583","1837.0","YASOGE, IR","    0",",,S",,,"  334",",,S","  166",",,S","  244","H,,S"
"IRM00040836","2001-06-09","30.667","51.583","1837.0","YASOGE, IR","    0",",,S",,,"  336",",,S","  160",",,S","  261","H,,S"
"IRM00040836","2001-06-10","30.667","51.583","1837.0","YASOGE, IR","    0",",,S",,,"  328",",,S","  142",",,S","  237","H,,S"
"IRM00040836","2001-06-11","30.667","51.583","1837.0","YASOGE, IR","    0",",,S",,,"  310",",,S","  140",",,S","  224","H,,S"
"IRM00040836","2001-06-12","30.667","51.583","1837.0","YASOGE, IR","    0",",,S",,,"  290",",,S","  136",",,S","  211","H,,S"
"IRM00040836","2001-06-13","30.667","51.583","1837.0","YASOGE, IR","    0",",,S",,,"  296",",,S","  148",",,S","  221","H,,S"
"IRM00040836","2001-06-14","30.667","51.583","1837.0","YASOGE, IR","    0",",,S",,,"  306",",,S","  128",",,S","  252","H,,S"
"IRM00040836","2001-06-15","30.667","51.583","1837.0","YASOGE, IR","    0",",,S",,,,,"  178",",,S","  243","H,,S"
"IRM00040836","2001-06-16","30.667","51.583","1837.0","YASOGE, IR","    0",",,S",,,,,,,"  233","H,,S"
"IRM00040836","2001-06-17","30.667","51.583","1837.0","YASOGE, IR","    8",",,S",,,"  312",",,S",,,"  248","H,,S"
"IRM00040836","2001-06-18","30.667","51.583","1837.0","YASOGE, IR","    0",",,S",,,"  306",",,S",,,"  256","H,,S"
"IRM00040836","2001-06-19","30.667","51.583","1837.0","YASOGE, IR","    0",",,S",,,"  318",",,S",,,"  245","H,,S"
"IRM00040836","2001-06-22","30.667","51.583","1837.0","YASOGE, IR",,,,,,,,,"  302","H,,S"
"IRM00040836","2001-06-23","30.667","51.583","1837.0","YASOGE, IR",,,,,,,"  188",",,S","  283","H,,S"
"IRM00040836","2001-06-24","30.667","51.583","1837.0","YASOGE, IR",,,,,"  358",",,S","  190",",,S","  259","H,,S"
"IRM00040836","2001-06-25","30.667","51.583","1837.0","YASOGE, IR",,,,,"  364",",,S","  174",",,S","  274","H,,S"
"IRM00040836","2001-06-26","30.667","51.583","1837.0","YASOGE, IR",,,,,"  356",",,S","  174",",,S","  298","H,,S"
"IRM00040836","2001-06-27","30.667","51.583","1837.0","YASOGE, IR","    0",",,S",,,"  354",",,S",,,"  273","H,,S"
"IRM00040836","2001-06-28","30.667","51.583","1837.0","YASOGE, IR",,,,,,,"  180",",,S","  248","H,,S"
"IRM00040836","2001-06-29","30.667","51.583","1837.0","YASOGE, IR","    0",",,S",,,"  362",",,S","  172",",,S","  269","H,,S"
"IRM00040836","2001-06-30","30.667","51.583","1837.0","YASOGE, IR","    0",",,S",,,"  350",",,S","  184",",,S","  257","H,,S"
"IRM00040836","2001-07-01","30.667","51.583","1837.0","YASOGE, IR","    0",",,S",,,"  346",",,S","  182",",,S","  273","H,,S"
"IRM00040836","2001-07-02","30.667","51.583","1837.0","YASOGE, IR","    0",",,S",,,"  350",",,S","  176",",,S","  279","H,,S"
"IRM00040836","2001-07-03","30.667","51.583","1837.0","YASOGE, IR",,,,,"  364",",,S","  186",",,S","  289","H,,S"
"IRM00040836","2001-07-04","30.667","51.583","1837.0","YASOGE, IR","    0",",,S",,,"  370",",,S",,,"  311","H,,S"
"IRM00040836","2001-07-06","30.667","51.583","1837.0","YASOGE, IR","    0",",,S",,,"  368",",,S","  206",",,S","  279","H,,S"
"IRM00040836","2001-07-07","30.667","51.583","1837.0","YASOGE, IR","    0",",,S",,,,,,,"  249","H,,S"
"IRM00040836","2001-07-08","30.667","51.583","1837.0","YASOGE, IR","    0",",,S",,,"  362",",,S",,,"  282","H,,S"
"IRM00040836","2001-07-09","30.667","51.583","1837.0","YASOGE, IR","    0",",,S",,,,,,,"  272","H,,S"
"IRM00040836","2001-07-10","30.667","51.583","1837.0","YASOGE, IR","    0",",,S",,,"  364",",,S","  200",",,S","  279","H,,S"
"IRM00040836","2001-07-11","30.667","51.583","1837.0","YASOGE, IR",,,,,"  362",",,S","  190",",,S","  259","H,,S"
"IRM00040836","2001-07-12","30.667","51.583","1837.0","YASOGE, IR","    0",",,S",,,"  368",",,S","  194",",,S","  283","H,,S"
"IRM00040836","2001-07-14","30.667","51.583","1837.0","YASOGE, IR","    0",",,S",,,"  350",",,S",,,"  289","H,,S"
"IRM00040836","2001-07-15","30.667","51.583","1837.0","YASOGE, IR","    0",",,S",,,,,"  220",",,S","  281","H,,S"
"IRM00040836","2001-07-16","30.667","51.583","1837.0","YASOGE, IR","    0",",,S",,,"  360",",,S","  208",",,S","  286","H,,S"
"IRM00040836","2001-07-17","30.667","51.583","1837.0","YASOGE, IR","    0",",,S",,,"  326",",,S",,,"  292","H,,S"
"IRM00040836","2001-07-18","30.667","51.583","1837.0","YASOGE, IR","    0",",,S",,,"  308",",,S","  178",",,S","  258","H,,S"
"IRM00040836","2001-07-19","30.667","51.583","1837.0","YASOGE, IR","    0",",,S",,,,,"  176",",,S","  246","H,,S"
"IRM00040836","2001-07-20","30.667","51.583","1837.0","YASOGE, IR","    0",",,S",,,"  346",",,S","  180",",,S","  258","H,,S"
"IRM00040836","2001-07-21","30.667","51.583","1837.0","YASOGE, IR",,,,,"  336",",,S","  188",",,S","  278","H,,S"
"IRM00040836","2001-07-22","30.667","51.583","1837.0","YASOGE, IR",,,,,"  344",",,S","  188",",,S","  272","H,,S"
"IRM00040836","2001-07-23","30.667","51.583","1837.0","YASOGE, IR","    0",",,S",,,"  368",",,S","  188",",,S","  285","H,,S"
"IRM00040836","2001-07-24","30.667","51.583","1837.0","YASOGE, IR","    0",",,S",,,"  374",",,S","  206",",,S","  285","H,,S"
"IRM00040836","2001-07-25","30.667","51.583","1837.0","YASOGE, IR",,,,,"  362",",,S","  220",",,S","  306","H,,S"
"IRM00040836","2001-07-26","30.667","51.583","1837.0","YASOGE, IR","    0",",,S",,,"  354",",,S","  224",",,S","  298","H,,S"
"IRM00040836","2001-07-27","30.667","51.583","1837.0","YASOGE, IR","    0",",,S",,,"  336",",,S","  200",",,S","  282","H,,S"
"IRM00040836","2001-07-28","30.667","51.583","1837.0","YASOGE, IR","    0",",,S",,,"  334",",,S",,,"  284","H,,S"
"IRM00040836","2001-07-29","30.667","51.583","1837.0","YASOGE, IR","    0",",,S",,,,,"  240",",,S","  265","H,,S"
"IRM00040836","2001-07-30","30.667","51.583","1837.0","YASOGE, IR","    0",",,S",,,,,"  200",",,S","  274","H,,S"
"IRM00040836","2001-07-31","30.667","51.583","1837.0","YASOGE, IR","    0",",,S",,,"  338",",,S","  166",",,S","  267","H,,S"
"IRM00040836","2001-08-01","30.667","51.583","1837.0","YASOGE, IR","    0",",,S",,,"  346",",,S","  152",",,S","  269","H,,S"
"IRM00040836","2001-08-02","30.667","51.583","1837.0","YASOGE, IR","    0",",,S",,,"  354",",,S","  174",",,S","  267","H,,S"
"IRM00040836","2001-08-04","30.667","51.583","1837.0","YASOGE, IR","    0",",,S",,,"  360",",,S","  226",",,S","  318","H,,S"
"IRM00040836","2001-08-05","30.667","51.583","1837.0","YASOGE, IR","    0",",,S",,,"  364",",,S","  230",",,S","  309","H,,S"
"IRM00040836","2001-08-06","30.667","51.583","1837.0","YASOGE, IR","    0",",,S",,,"  360",",,S","  206",",,S","  291","H,,S"
"IRM00040836","2001-08-07","30.667","51.583","1837.0","YASOGE, IR",,,,,"  362",",,S","  200",",,S","  282","H,,S"
"IRM00040836","2001-08-08","30.667","51.583","1837.0","YASOGE, IR",,,,,"  360",",,S","  204",",,S","  285","H,,S"
"IRM00040836","2001-08-09","30.667","51.583","1837.0","YASOGE, IR","    0",",,S",,,"  366",",,S",,,"  282","H,,S"
"IRM00040836","2001-08-10","30.667","51.583","1837.0","YASOGE, IR","    0",",,S",,,,,"  194",",,S","  279","H,,S"
"IRM00040836","2001-08-11","30.667","51.583","1837.0","YASOGE, IR","    0",",,S",,,,,"  224",",,S","  261","H,,S"
"IRM00040836","2001-08-12","30.667","51.583","1837.0","YASOGE, IR","    0",",,S",,,"  348",",,S","  182",",,S","  272","H,,S"
"IRM00040836","2001-08-13","30.667","51.583","1837.0","YASOGE, IR","    0",",,S",,,"  332",",,S","  206",",,S","  266","H,,S"
"IRM00040836","2001-08-14","30.667","51.583","1837.0","YASOGE, IR","    0",",,S",,,"  344",",,S","  182",",,S","  274","H,,S"
"IRM00040836","2001-08-15","30.667","51.583","1837.0","YASOGE, IR",,,,,"  354",",,S","  184",",,S","  268","H,,S"
"IRM00040836","2001-08-16","30.667","51.583","1837.0","YASOGE, IR","    0",",,S",,,"  348",",,S","  178",",,S","  263","H,,S"
"IRM00040836","2001-08-17","30.667","51.583","1837.0","YASOGE, IR","    0",",,S",,,"  346",",,S","  162",",,S","  261","H,,S"
"IRM00040836","2001-08-18","30.667","51.583","1837.0","YASOGE, IR","    0",",,S",,,"  344",",,S","  170",",,S","  243","H,,S"
"IRM00040836","2001-08-19","30.667","51.583","1837.0","YASOGE, IR","    0",",,S",,,"  344",",,S","  172",",,S","  274","H,,S"
"IRM00040836","2001-08-20","30.667","51.583","1837.0","YASOGE, IR",,,,,"  364",",,S","  174",",,S","  263","H,,S"
"IRM00040836","2001-08-21","30.667","51.583","1837.0","YASOGE, IR","    0",",,S",,,"  362",",,S","  186",",,S","  269","H,,S"
"IRM00040836","2001-08-22","30.667","51.583","1837.0","YASOGE, IR",,,,,"  354",",,S","  180",",,S","  273","H,,S"
"IRM00040836","2001-08-24","30.667","51.583","1837.0","YASOGE, IR",,,,,"  352",",,S","  186",",,S","  246","H,,S"
"IRM00040836","2001-08-25","30.667","51.583","1837.0","YASOGE, IR",,,,,"  344",",,S","  184",",,S","  232","H,,S"
"IRM00040836","2001-08-26","30.667","51.583","1837.0","YASOGE, IR",,,,,"  336",",,S","  180",",,S","  250","H,,S"
"IRM00040836","2001-08-28","30.667","51.583","1837.0","YASOGE, IR",,,,,"  344",",,S","  168",",,S","  267","H,,S"
"IRM00040836","2001-08-29","30.667","51.583","1837.0","YASOGE, IR","    0",",,S",,,"  346",",,S","  186",",,S","  262","H,,S"
"IRM00040836","2001-08-30","30.667","51.583","1837.0","YASOGE, IR","    0",",,S",,,"  346",",,S","  182",",,S","  262","H,,S"
"IRM00040836","2001-08-31","30.667","51.583","1837.0","YASOGE, IR","    0",",,S",,,"  342",",,S","  170",",,S","  257","H,,S"
"IRM00040836","2001-09-01","30.667","51.583","1837.0","YASOGE, IR","    0",",,S",,,"  332",",,S","  160",",,S","  244","H,,S"
"IRM00040836","2001-09-02","30.667","51.583","1837.0","YASOGE, IR","    0",",,S",,,"  334",",,S","  132",",,S","  233","H,,S"
"IRM00040836","2001-09-03","30.667","51.583","1837.0","YASOGE, IR","    0",",,S",,,"  336",",,S","  150",",,S","  248","H,,S"
"IRM00040836","2001-09-04","30.667","51.583","1837.0","YASOGE, IR",,,,,"  336",",,S",,,"  253","H,,S"
"IRM00040836","2001-09-05","30.667","51.583","1837.0","YASOGE, IR","    0",",,S",,,"  324",",,S","  158",",,S","  242","H,,S"
"IRM00040836","2001-09-06","30.667","51.583","1837.0","YASOGE, IR","    0",",,S",,,"  324",",,S","  152",",,S","  237","H,,S"
"IRM00040836","2001-09-07","30.667","51.583","1837.0","YASOGE, IR","    0",",,S",,,"  308",",,S","  146",",,S","  216","H,,S"
"IRM00040836","2001-09-08","30.667","51.583","1837.0","YASOGE, IR","    0",",,S",,,"  304",",,S","  126",",,S","  214","H,,S"
"IRM00040836","2001-09-09","30.667","51.583","1837.0","YASOGE, IR","    0",",,S",,,"  330",",,S","  130",",,S","  228","H,,S"
"IRM00040836","2001-09-10","30.667","51.583","1837.0","YASOGE, IR","    0",",,S",,,"  330",",,S","  150",",,S","  254","H,,S"
"IRM00040836","2001-09-11","30.667","51.583","1837.0","YASOGE, IR","    0",",,S",,,"  326",",,S","  154",",,S","  242","H,,S"
"IRM00040836","2001-09-12","30.667","51.583","1837.0","YASOGE, IR","    0",",,S",,,"  322",",,S","  152",",,S","  238","H,,S"
"IRM00040836","2001-09-13","30.667","51.583","1837.0","YASOGE, IR",,,,,"  320",",,S","  150",",,S","  232","H,,S"
"IRM00040836","2001-09-14","30.667","51.583","1837.0","YASOGE, IR","    0",",,S",,,"  314",",,S","  146",",,S","  232","H,,S"
"IRM00040836","2001-09-15","30.667","51.583","1837.0","YASOGE, IR","    0",",,S",,,"  314",",,S","  152",",,S","  231","H,,S"
"IRM00040836","2001-09-16","30.667","51.583","1837.0","YASOGE, IR","    0",",,S",,,"  310",",,S","  144",",,S","  231","H,,S"
"IRM00040836","2001-09-17","30.667","51.583","1837.0","YASOGE, IR","    0",",,S",,,"  312",",,S","  144",",,S","  227","H,,S"
"IRM00040836","2001-09-18","30.667","51.583","1837.0","YASOGE, IR",,,,,"  314",",,S","  148",",,S","  218","H,,S"
"IRM00040836","2001-09-19","30.667","51.583","1837.0","YASOGE, IR","    0",",,S",,,"  300",",,S","  140",",,S","  224","H,,S"
"IRM00040836","2001-09-21","30.667","51.583","1837.0","YASOGE, IR","    0",",,S",,,"  268",",,S",,,"  219","H,,S"
"IRM00040836","2001-09-22","30.667","51.583","1837.0","YASOGE, IR","    0",",,S",,,,,,,"  197","H,,S"
"IRM00040836","2001-09-23","30.667","51.583","1837.0","YASOGE, IR","    0",",,S",,,,,,,"  216","H,,S"
"IRM00040836","2001-09-24","30.667","51.583","1837.0","YASOGE, IR","    0",",,S",,,,,,,"  213","H,,S"
"IRM00040836","2001-09-25","30.667","51.583","1837.0","YASOGE, IR","    0",",,S",,,,,,,"  228","H,,S"
"IRM00040836","2001-09-26","30.667","51.583","1837.0","YASOGE, IR",,,,,"  276",",,S",,,"  227","H,,S"
"IRM00040836","2001-09-27","30.667","51.583","1837.0","YASOGE, IR","    0",",,S",,,"  296",",,S","  120",",,S","  216","H,,S"
"IRM00040836","2001-09-28","30.667","51.583","1837.0","YASOGE, IR","    0",",,S",,,"  304",",,S","  124",",,S","  209","H,,S"
"IRM00040836","2001-09-29","30.667","51.583","1837.0","YASOGE, IR","    0",",,S",,,,,,,"  232","H,,S"
"IRM00040836","2001-10-01","30.667","51.583","1837.0","YASOGE, IR",,,,,"  298",",,S",,,"  230","H,,S"
"IRM00040836","2001-10-02","30.667","51.583","1837.0","YASOGE, IR","    0",",,S",,,"  278",",,S","  132",",,S","  192","H,,S"
"IRM00040836","2001-10-03","30.667","51.583","1837.0","YASOGE, IR","    0",",,S",,,"  278",",,S","  100",",,S","  178","H,,S"
"IRM00040836","2001-10-04","30.667","51.583","1837.0","YASOGE, IR","    0",",,S",,,"  286",",,S","   96",",,S","  192","H,,S"
"IRM00040836","2001-10-05","30.667","51.583","1837.0","YASOGE, IR","    0",",,S",,,,,"  106",",,S","  193","H,,S"
"IRM00040836","2001-10-08","30.667","51.583","1837.0","YASOGE, IR",,,,,"  274",",,S",,,"  232","H,,S"
"IRM00040836","2001-10-09","30.667","51.583","1837.0","YASOGE, IR","    0",",,S",,,"  290",",,S","  102",",,S","  164","H,,S"
"IRM00040836","2001-10-10","30.667","51.583","1837.0","YASOGE, IR","    0",",,S",,,"  282",",,S","  104",",,S","  193","H,,S"
"IRM00040836","2001-10-11","30.667","51.583","1837.0","YASOGE, IR","    0",",,S",,,"  282",",,S","  108",",,S","  189","H,,S"
"IRM00040836","2001-10-12","30.667","51.583","1837.0","YASOGE, IR","    0",",,S",,,"  270",",,S","  102",",,S","  188","H,,S"
"IRM00040836","2001-10-13","30.667","51.583","1837.0","YASOGE, IR","    0",",,S",,,"  254",",,S",,,"  183","H,,S"
"IRM00040836","2001-10-14","30.667","51.583","1837.0","YASOGE, IR","    0",",,S",,,"  256",",,S","   86",",,S","  167","H,,S"
"IRM00040836","2001-10-15","30.667","51.583","1837.0","YASOGE, IR","    0",",,S",,,"  262",",,S","   86",",,S","  156","H,,S"
"IRM00040836","2001-10-16","30.667","51.583","1837.0","YASOGE, IR","    0",",,S",,,,,,,"  190","H,,S"
"IRM00040836","2001-10-17","30.667","51.583","1837.0","YASOGE, IR","    0",",,S",,,"  264",",,S","   96",",,S","  186","H,,S"
"IRM00040836","2001-10-18","30.667","51.583","1837.0","YASOGE, IR",,,,,"  262",",,S",,,"  197","H,,S"
"IRM00040836","2001-10-19","30.667","51.583","1837.0","YASOGE, IR","    0",",,S",,,"  250",",,S","   98",",,S","  169","H,,S"
"IRM00040836","2001-10-20","30.667","51.583","1837.0","YASOGE, IR","    0",",,S",,,"  244",",,S","   96",",,S","  173","H,,S"
"IRM00040836","2001-10-21","30.667","51.583","1837.0","YASOGE, IR","    0",",,S",,,,,"   90",",,S","  171","H,,S"
"IRM00040836","2001-10-22","30.667","51.583","1837.0","YASOGE, IR","    0",",,S",,,"  252",",,S","  112",",,S","  177","H,,S"
"IRM00040836","2001-10-23","30.667","51.583","1837.0","YASOGE, IR",,,,,"  234",",,S","  100",",,S","  176","H,,S"
"IRM00040836","2001-10-24","30.667","51.583","1837.0","YASOGE, IR","    0",",,S",,,"  252",",,S","  106",",,S","  174","H,,S"
"IRM00040836","2001-10-25","30.667","51.583","1837.0","YASOGE, IR","    0",",,S",,,,,"  108",",,S","  172","H,,S"
"IRM00040836","2001-10-26","30.667","51.583","1837.0","YASOGE, IR","    0",",,S",,,"  238",",,S","  114",",,S","  176","H,,S"
"IRM00040836","2001-10-27","30.667","51.583","1837.0","YASOGE, IR",,,,,"  242",",,S","   90",",,S","  163","H,,S"
"IRM00040836","2001-10-28","30.667","51.583","1837.0","YASOGE, IR",,,,,"  224",",,S",,,"  171","H,,S"
"IRM00040836","2001-10-29","30.667","51.583","1837.0","YASOGE, IR",,,,,"  234",",,S","  120",",,S","  170","H,,S"
"IRM00040836","2001-10-30","30.667","51.583","1837.0","YASOGE, IR","    0",",,S",,,"  238",",,S","  100",",,S","  171","H,,S"
"IRM00040836","2001-10-31","30.667","51.583","1837.0","YASOGE, IR",,,,,"  224",",,S","   98",",,S","  158","H,,S"
"IRM00040836","2001-11-01","30.667","51.583","1837.0","YASOGE, IR","    0",",,S",,,"  216",",,S",,,"  127","H,,S"
"IRM00040836","2001-11-02","30.667","51.583","1837.0","YASOGE, IR","    0",",,S",,,"  218",",,S","   10",",,S","  113","H,,S"
"IRM00040836","2001-11-03","30.667","51.583","1837.0","YASOGE, IR","    0",",,S",,,,,"   16",",,S","  118","H,,S"
"IRM00040836","2001-11-04","30.667","51.583","1837.0","YASOGE, IR","    0",",,S",,,"  248",",,S",,,"  158","H,,S"
"IRM00040836","2001-11-05","30.667","51.583","1837.0","YASOGE, IR","    0",",,S",,,"  250",",,S",,,"  158","H,,S"
"IRM00040836","2001-11-06","30.667","51.583","1837.0","YASOGE, IR","    0",",,S",,,"  236",",,S",,,"  156","H,,S"
"IRM00040836","2001-11-07","30.667","51.583","1837.0","YASOGE, IR","    0",",,S",,,"  228",",,S","   50",",,S","  141","H,,S"
"IRM00040836","2001-11-08","30.667","51.583","1837.0","YASOGE, IR","    0",",,S",,,"  204",",,S","   60",",,S","  129","H,,S"
"IRM00040836","2001-11-09","30.667","51.583","1837.0","YASOGE, IR","    0",",,S",,,"  226",",,S","   42",",,S","  138","H,,S"
"IRM00040836","2001-11-10","30.667","51.583","1837.0","YASOGE, IR","    0",",,S",,,"  234",",,S","   32",",,S","  137","H,,S"
"IRM00040836","2001-11-11","30.667","51.583","1837.0","YASOGE, IR","    0",",,S",,,"  198",",,S",,,"  115","H,,S"
"IRM00040836","2001-11-12","30.667","51.583","1837.0","YASOGE, IR",,,,,"  132",",,S",,,"   98","H,,S"
"IRM00040836","2001-11-13","30.667","51.583","1837.0","YASOGE, IR","    5",",,S",,,"  130",",,S","   50",",,S","   79","H,,S"
"IRM00040836","2001-11-14","30.667","51.583","1837.0","YASOGE, IR","  124",",,S",,,"  120",",,S","   28",",,S","   62","H,,S"
"IRM00040836","2001-11-15","30.667","51.583","1837.0","YASOGE, IR","    0",",,S",,,"  178",",,S","   16",",,S","   73","H,,S"
"IRM00040836","2001-11-16","30.667","51.583","1837.0","YASOGE, IR","    0",",,S",,,"  166",",,S","   28",",,S","   92","H,,S"
"IRM00040836","2001-11-17","30.667","51.583","1837.0","YASOGE, IR","    0",",,S",,,"  150",",,S","   40",",,S","   88","H,,S"
"IRM00040836","2001-11-18","30.667","51.583","1837.0","YASOGE, IR","    0",",,S",,,"  120",",,S","   40",",,S","   71","H,,S"
"IRM00040836","2001-11-19","30.667","51.583","1837.0","YASOGE, IR",,,,,"  108",",,S",,,"   67","H,,S"
"IRM00040836","2001-11-20","30.667","51.583","1837.0","YASOGE, IR",,,,,"  134",",,S","  -20",",,S","   42","H,,S"
"IRM00040836","2001-11-21","30.667","51.583","1837.0","YASOGE, IR","    0",",,S",,,"  166",",,S","  -24",",,S","   63","H,,S"
"IRM00040836","2001-11-22","30.667","51.583","1837.0","YASOGE, IR","    0",",,S",,,"  160",",,S","   18",",,S","   72","H,,S"
"IRM00040836","2001-11-23","30.667","51.583","1837.0","YASOGE, IR","    0",",,S",,,"  124",",,S","   24",",,S","   67","H,,S"
"IRM00040836","2001-11-24","30.667","51.583","1837.0","YASOGE, IR",,,,,"  122",",,S",,,"   77","H,,S"
"IRM00040836","2001-11-25","30.667","51.583","1837.0","YASOGE, IR","    0",",,S",,,"  154",",,S","    0",",,S","   57","H,,S"
"IRM00040836","2001-11-26","30.667","51.583","1837.0","YASOGE, IR","    0",",,S",,,"  174",",,S","   -2",",,S","   81","H,,S"
"IRM00040836","2001-11-27","30.667","51.583","1837.0","YASOGE, IR",,,,,"  178",",,S",,,"  127","H,,S"
"IRM00040836","2001-11-28","30.667","51.583","1837.0","YASOGE, IR","    0",",,S",,,"  150",",,S",,,"   96","H,,S"
"IRM00040836","2001-11-29","30.667","51.583","1837.0","YASOGE, IR",,,,,"   82",",,S","   32",",,S","   51","H,,S"
"IRM00040836","2001-11-30","30.667","51.583","1837.0","YASOGE, IR",,,,,"   94",",,S",,,"   48","H,,S"
"IRM00040836","2001-12-01","30.667","51.583","1837.0","YASOGE, IR","  229","B,,S",,,"   74",",,S",,,"   61","H,,S"
"IRM00040836","2001-12-02","30.667","51.583","1837.0","YASOGE, IR","  770","D,,S",,,,,,,"   46","H,,S"
"IRM00040836","2001-12-03","30.667","51.583","1837.0","YASOGE, IR",,,,,"   54",",,S","    0",",,S","   18","H,,S"
"IRM00040836","2001-12-04","30.667","51.583","1837.0","YASOGE, IR",,,,,,,"    2",",,S","   57","H,,S"
"IRM00040836","2001-12-05","30.667","51.583","1837.0","YASOGE, IR",,,,,"   86",",,S",,,"   73","H,,S"
"IRM00040836","2001-12-06","30.667","51.583","1837.0","YASOGE, IR","  117","D,,S",,,"  126",",,S",,,"   92","H,,S"
"IRM00040836","2001-12-07","30.667","51.583","1837.0","YASOGE, IR",,,,,,,"   56",",,S","   71","H,,S"
"IRM00040836","2001-12-08","30.667","51.583","1837.0","YASOGE, IR",,,,,"   80",",,S",,,"   57","H,,S"
"IRM00040836","2001-12-09","30.667","51.583","1837.0","YASOGE, IR",,,,,,,,,"  121","H,,S"
"IRM00040836","2001-12-11","30.667","51.583","1837.0","YASOGE, IR","    0",",,S",,,,,,,"   76","H,,S"
"IRM00040836","2001-12-12","30.667","51.583","1837.0","YASOGE, IR","  681","D,,S",,,,,,,"   59","H,,S"
"IRM00040836","2001-12-13","30.667","51.583","1837.0","YASOGE, IR","  424","D,,S",,,,,,,"   70","H,,S"
"IRM00040836","2001-12-14","30.667","51.583","1837.0","YASOGE, IR",,,,,,,,,"   81","H,,S"
"IRM00040836","2001-12-17","30.667","51.583","1837.0","YASOGE, IR","    0",",,S",,,"  102",",,S",,,"   40","H,,S"
"IRM00040836","2001-12-18","30.667","51.583","1837.0","YASOGE, IR","    0",",,S",,,"  124",",,S","  -10",",,S","   47","H,,S"
"IRM00040836","2001-12-19","30.667","51.583","1837.0","YASOGE, IR","    8",",,S",,,"  128",",,S","   50",",,S","   86","H,,S"
"IRM00040836","2001-12-20","30.667","51.583","1837.0","YASOGE, IR","    0",",,S",,,"   88",",,S",,,"   74","H,,S"
"IRM00040836","2001-12-21","30.667","51.583","1837.0","YASOGE, IR",,,,,"   76",",,S",,,"   57","H,,S"
"IRM00040836","2001-12-22","30.667","51.583","1837.0","YASOGE, IR",,,,,"  122",",,S","    8",",,S","   48","H,,S"
"IRM00040836","2001-12-23","30.667","51.583","1837.0","YASOGE, IR","    0",",,S",,,"  128",",,S","  -12",",,S","   51","H,,S"
"IRM00040836","2001-12-24","30.667","51.583","1837.0","YASOGE, IR","    0",",,S",,,"  146",",,S","   10",",,S","   76","H,,S"
"IRM00040836","2001-12-25","30.667","51.583","1837.0","YASOGE, IR",,,,,"  136",",,S","   18",",,S","   66","H,,S"
"IRM00040836","2001-12-26","30.667","51.583","1837.0","YASOGE, IR","    0",",,S",,,"  152",",,S","   12",",,S","   68","H,,S"
"IRM00040836","2001-12-27","30.667","51.583","1837.0","YASOGE, IR","    0",",,S",,,"  146",",,S","    0",",,S","   63","H,,S"
"IRM00040836","2001-12-28","30.667","51.583","1837.0","YASOGE, IR","    0",",,S",,,"  150",",,S","    4",",,S","   73","H,,S"
"IRM00040836","2001-12-29","30.667","51.583","1837.0","YASOGE, IR","    0",",,S",,,"  166",",,S","    4",",,S","   59","H,,S"
"IRM00040836","2001-12-30","30.667","51.583","1837.0","YASOGE, IR","    0",",,S",,,"  166",",,S","    8",",,S","   74","H,,S"
"IRM00040836","2001-12-31","30.667","51.583","1837.0","YASOGE, IR","    0",",,S",,,"  172",",,S","   24",",,S","   78","H,,S"
"IRM00040836","2002-01-01","30.667","51.583","1837.0","YASOGE, IR","    0",",,S",,,"  136",",,S","   14",",,S","   65","H,,S"
"IRM00040836","2002-01-02","30.667","51.583","1837.0","YASOGE, IR",,,,,,,,,"   62","H,,S"
"IRM00040836","2002-01-03","30.667","51.583","1837.0","YASOGE, IR",,,,,,,"   32",",,S","   69","H,,S"
"IRM00040836","2002-01-04","30.667","51.583","1837.0","YASOGE, IR","    0",",,S",,,"  118",",,S","   26",",,S","   63","H,,S"
"IRM00040836","2002-01-05","30.667","51.583","1837.0","YASOGE, IR",,,,,"  130",",,S",,,"   82","H,,S"
"IRM00040836","2002-01-06","30.667","51.583","1837.0","YASOGE, IR",,,,,"  146",",,S","  -14",",,S","   58","H,,S"
"IRM00040836","2002-01-07","30.667","51.583","1837.0","YASOGE, IR","  399","D,,S",,,"   78",",,S","   26",",,S","   61","H,,S"
"IRM00040836","2002-01-08","30.667","51.583","1837.0","YASOGE, IR",,,,,"   94",",,S",,,"   61","H,,S"
"IRM00040836","2002-01-09","30.667","51.583","1837.0","YASOGE, IR","  173",",,S",,,"   84",",,S","   -6",",,S","   26","H,,S"
"IRM00040836","2002-01-10","30.667","51.583","1837.0","YASOGE, IR","    0",",,S",,,"   94",",,S","  -14",",,S","   24","H,,S"
"IRM00040836","2002-01-11","30.667","51.583","1837.0","YASOGE, IR",,,,,"  100",",,S","   14",",,S","   62","H,,S"
"IRM00040836","2002-01-12","30.667","51.583","1837.0","YASOGE, IR",,,,,"   78",",,S",,,"   43","H,,S"
"IRM00040836","2002-01-13","30.667","51.583","1837.0","YASOGE, IR","    0",",,S",,,"   78",",,S","  -28",",,S","    9","H,,S"
"IRM00040836","2002-01-14","30.667","51.583","1837.0","YASOGE, IR","    0",",,S",,,"   64",",,S","  -34",",,S","    6","H,,S"
"IRM00040836","2002-01-15","30.667","51.583","1837.0","YASOGE, IR",,,,,,,"  -46",",,S","   -1","H,,S"
"IRM00040836","2002-01-16","30.667","51.583","1837.0","YASOGE, IR","    0",",,S",,,"   84",",,S",,,"   29","H,,S"
"IRM00040836","2002-01-17","30.667","51.583","1837.0","YASOGE, IR",,,,,,,"  -30",",,S","   27","H,,S"
"IRM00040836","2002-01-18","30.667","51.583","1837.0","YASOGE, IR","    0",",,S",,,"   98",",,S","  -30",",,S","   27","H,,S"
"IRM00040836","2002-01-19","30.667","51.583","1837.0","YASOGE, IR","    0",",,S",,,"  114",",,S","  -30",",,S","   39","H,,S"
"IRM00040836","2002-01-20","30.667","51.583","1837.0","YASOGE, IR","    0",",,S",,,"   96",",,S","  -18",",,S","   29","H,,S"
"IRM00040836","2002-01-21","30.667","51.583","1837.0","YASOGE, IR",,,,,"   34",",,S","   -2",",,S","   16","H,,S"
"IRM00040836","2002-01-22","30.667","51.583","1837.0","YASOGE, IR",,,"   51",",,S","   56",",,S","  -20",",,S","   13","H,,S"
"IRM00040836","2002-01-23","30.667","51.583","1837.0","YASOGE, IR","    0",",,S",,,"   60",",,S","  -36",",,S","    7","H,,S"
"IRM00040836","2002-01-24","30.667","51.583","1837.0","YASOGE, IR","    0",",,S",,,"   54",",,S","  -22",",,S","    9","H,,S"
"IRM00040836","2002-01-25","30.667","51.583","1837.0","YASOGE, IR","    0",",,S",,,"   74",",,S","  -50",",,S","    4","H,,S"
"IRM00040836","2002-01-26","30.667","51.583","1837.0","YASOGE, IR","    0",",,S",,,"  114",",,S","  -50",",,S","    8","H,,S"
"IRM00040836","2002-01-27","30.667","51.583","1837.0","YASOGE, IR","    0",",,S",,,"  134",",,S","  -36",",,S","   35","H,,S"
"IRM00040836","2002-01-28","30.667","51.583","1837.0","YASOGE, IR","    0",",,S",,,"  134",",,S","  -22",",,S","   53","H,,S"
"IRM00040836","2002-01-29","30.667","51.583","1837.0","YASOGE, IR",,,,,"   80",",,S","    8",",,S","   34","H,,S"
"IRM00040836","2002-01-30","30.667","51.583","1837.0","YASOGE, IR",,,,,"   54",",,S","   10",",,S","   32","H,,S"
"IRM00040836","2002-01-31","30.667","51.583","1837.0","YASOGE, IR",,,,,"   76",",,S","   -2",",,S","   26","H,,S"
"IRM00040836","2002-02-01","30.667","51.583","1837.0","YASOGE, IR",,,,,"  104",",,S","  -36",",,S","   34","H,,S"
"IRM00040836","2002-02-02","30.667","51.583","1837.0","YASOGE, IR",,,,,"  134",",,S","  -30",",,S","   34","H,,S"
"IRM00040836","2002-02-03","30.667","51.583","1837.0","YASOGE, IR",,,,,"  134",",,S","  -12",",,S","   53","H,,S"
"IRM00040836","2002-02-04","30.667","51.583","1837.0","YASOGE, IR","    0",",,S",,,,,"  -20",",,S","   32","H,,S"
"IRM00040836","2002-02-05","30.667","51.583","1837.0","YASOGE, IR","    0",",,S",,,"  100",",,S","  -30",",,S","   27","H,,S"
"IRM00040836","2002-02-06","30.667","51.583","1837.0","YASOGE, IR","    0",",,S",,,,,"  -30",",,S","   36","H,,S"
"IRM00040836","2002-02-07","30.667","51.583","1837.0","YASOGE, IR","    0",",,S",,,"  164",",,S","  -24",",,S","   67","H,,S"
"IRM00040836","2002-02-08","30.667","51.583","1837.0","YASOGE, IR",,,,,"  154",",,S","  -20",",,S","   58","H,,S"
"IRM00040836","2002-02-09","30.667","51.583","1837.0","YASOGE, IR","    0",",,S",,,"  140",",,S",,,"   81","H,,S"
"IRM00040836","2002-02-10","30.667","51.583","1837.0","YASOGE, IR","    0",",,S",,,"  154",",,S","    0",",,S","   76","H,,S"
"IRM00040836","2002-02-11","30.667","51.583","1837.0","YASOGE, IR","    0",",,S",,,,,"    8",",,S","   78","H,,S"
"IRM00040836","2002-02-12","30.667","51.583","1837.0","YASOGE, IR","    0",",,S",,,"   80",",,S","   10",",,S","   47","H,,S"
"IRM00040836","2002-02-13","30.667","51.583","1837.0","YASOGE, IR",,,,,"   90",",,S",,,"   63","H,,S"
"IRM00040836","2002-02-14","30.667","51.583","1837.0","YASOGE, IR",,,,,"  114",",,S","   26",",,S","   58","H,,S"
"IRM00040836","2002-02-15","30.667","51.583","1837.0","YASOGE, IR",,,,,"  114",",,S","    4",",,S","   52","H,,S"
"IRM00040836","2002-02-16","30.667","51.583","1837.0","YASOGE, IR","    0",",,S",,,"  136",",,S","   -2",",,S","   51","H,,S"
"IRM00040836","2002-02-17","30.667","51.583","1837.0","YASOGE, IR","    0",",,S",,,"  146",",,S",,,"   76","H,,S"
"IRM00040836","2002-02-18","30.667","51.583","1837.0","YASOGE, IR","    0",",,S",,,"  126",",,S","    6",",,S","   77","H,,S"
"IRM00040836","2002-02-19","30.667","51.583","1837.0","YASOGE, IR",,,,,,,,,"   43","H,,S"
"IRM00040836","2002-02-20","30.667","51.583","1837.0","YASOGE, IR",,,,,"   46",",,S",,,"   12","H,,S"
"IRM00040836","2002-02-21","30.667","51.583","1837.0","YASOGE, IR","   28",",,S",,,"   90",",,S","  -50",",,S","   15","H,,S"
"IRM00040836","2002-02-22","30.667","51.583","1837.0","YASOGE, IR","    0",",,S",,,"  122",",,S","  -44",",,S","   54","H,,S"
"IRM00040836","2002-02-23","30.667","51.583","1837.0","YASOGE, IR","    0",",,S",,,"  146",",,S","   -6",",,S","   69","H,,S"
"IRM00040836","2002-02-24","30.667","51.583","1837.0","YASOGE, IR","    0",",,S",,,"  164",",,S","   20",",,S","   88","H,,S"
"IRM00040836","2002-02-25","30.667","51.583","1837.0","YASOGE, IR",,,,,"  122",",,S","   72",",,S","   91","H,,S"
"IRM00040836","2002-02-26","30.667","51.583","1837.0","YASOGE, IR",,,,,"  130",",,S","   12",",,S","   83","H,,S"
"IRM00040836","2002-02-27","30.667","51.583","1837.0","YASOGE, IR","    5",",,S",,,"  140",",,S",,,"   91","H,,S"
"IRM00040836","2002-02-28","30.667","51.583","1837.0","YASOGE, IR","    0",",,S",,,"  132",",,S","   44",",,S","   77","H,,S"
"IRM00040836","2002-03-01","30.667","51.583","1837.0","YASOGE, IR",,,,,,,"   10",",,S","   57","H,,S"
"IRM00040836","2002-03-02","30.667","51.583","1837.0","YASOGE, IR","    0",",,S",,,,,"   18",",,S","   69","H,,S"
"IRM00040836","2002-03-03","30.667","51.583","1837.0","YASOGE, IR","    0",",,S",,,"  152",",,S","   20",",,S","   84","H,,S"
"IRM00040836","2002-03-04","30.667","51.583","1837.0","YASOGE, IR","    0",",,S",,,,,"   20",",,S","   86","H,,S"
"IRM00040836","2002-03-05","30.667","51.583","1837.0","YASOGE, IR","    0",",,S",,,"  184",",,S","   76",",,S","  116","H,,S"
"IRM00040836","2002-03-06","30.667","51.583","1837.0","YASOGE, IR","    0",",,S",,,"  186",",,S","   40",",,S","  113","H,,S"
"IRM00040836","2002-03-07","30.667","51.583","1837.0","YASOGE, IR","    0",",,S",,,,,"   50",",,S","  111","H,,S"
"IRM00040836","2002-03-08","30.667","51.583","1837.0","YASOGE, IR","    0",",,S",,,"  176",",,S","   38",",,S","   89","H,,S"
"IRM00040836","2002-03-09","30.667","51.583","1837.0","YASOGE, IR",,,,,"  172",",,S","   28",",,S","  102","H,,S"
"IRM00040836","2002-03-12","30.667","51.583","1837.0","YASOGE, IR",,,,,"  212",",,S",,,"  143","H,,S"
"IRM00040836","2002-03-13","30.667","51.583","1837.0","YASOGE, IR","    0",",,S",,,"  224",",,S","   50",",,S","  137","H,,S"
"IRM00040836","2002-03-14","30.667","51.583","1837.0","YASOGE, IR","    0",",,S",,,"  210",",,S","   56",",,S","  126","H,,S"
"IRM00040836","2002-03-15","30.667","51.583","1837.0","YASOGE, IR","    0",",,S",,,"  196",",,S","   40",",,S","  125","H,,S"
"IRM00040836","2002-03-16","30.667","51.583","1837.0","YASOGE, IR",,,,,"  178",",,S",,,"  103","H,,S"
"IRM00040836","2002-03-17","30.667","51.583","1837.0","YASOGE, IR","    8",",,S",,,"  182",",,S",,,"  138","H,,S"
"IRM00040836","2002-03-18","30.667","51.583","1837.0","YASOGE, IR","    0",",,S",,,"  144",",,S",,,"   95","H,,S"
"IRM00040836","2002-03-19","30.667","51.583","1837.0","YASOGE, IR",,,,,"  140",",,S","   16",",,S","   82","H,,S"
"IRM00040836","2002-03-20","30.667","51.583","1837.0","YASOGE, IR","    0",",,S",,,"  164",",,S","   38",",,S","  103","H,,S"
"IRM00040836","2002-03-21","30.667","51.583","1837.0","YASOGE, IR","   33",",,S",,,,,"   54",",,S","   93","H,,S"
"IRM00040836","2002-03-22","30.667","51.583","1837.0","YASOGE, IR","    0",",,S",,,"  148",",,S","   20",",,S","   83","H,,S"
"IRM00040836","2002-03-23","30.667","51.583","1837.0","YASOGE, IR","    0",",,S",,,"  162",",,S","   70",",,S","  104","H,,S"
"IRM00040836","2002-03-24","30.667","51.583","1837.0","YASOGE, IR",,,,,,,"   30",",,S","  109","H,,S"
"IRM00040836","2002-03-25","30.667","51.583","1837.0","YASOGE, IR","    0",",,S",,,"  204",",,S","   42",",,S","  106","H,,S"
"IRM00040836","2002-03-26","30.667","51.583","1837.0","YASOGE, IR","    0",",,S",,,"  198",",,S","   80",",,S","  131","H,,S"
"IRM00040836","2002-03-27","30.667","51.583","1837.0","YASOGE, IR",,,,,"  216",",,S","   66",",,S","  139","H,,S"
"IRM00040836","2002-03-28","30.667","51.583","1837.0","YASOGE, IR","  660","D,,S",,,,,,,"  118","H,,S"
"IRM00040836","2002-03-29","30.667","51.583","1837.0","YASOGE, IR",,,,,"  152",",,S","   76",",,S","  108","H,,S"
"IRM00040836","2002-03-30","30.667","51.583","1837.0","YASOGE, IR",,,,,"  146",",,S","   30",",,S","   76","H,,S"
"IRM00040836","2002-03-31","30.667","51.583","1837.0","YASOGE, IR",,,,,"  190",",,S","   26",",,S","  108","H,,S"
"IRM00040836","2002-04-01","30.667","51.583","1837.0","YASOGE, IR","    0",",,S",,,"  220",",,S","   50",",,S","  142","H,,S"
"IRM00040836","2002-04-02","30.667","51.583","1837.0","YASOGE, IR",,,,,,,"   98",",,S","  117","H,,S"
"IRM00040836","2002-04-03","30.667","51.583","1837.0","YASOGE, IR",,,,,"  142",",,S",,,"  107","H,,S"
"IRM00040836","2002-04-04","30.667","51.583","1837.0","YASOGE, IR",,,,,"  120",",,S","   20",",,S","   63","H,,S"
"IRM00040836","2002-04-05","30.667","51.583","1837.0","YASOGE, IR",,,,,"  146",",,S","   30",",,S","   83","H,,S"
"IRM00040836","2002-04-06","30.667","51.583","1837.0","YASOGE, IR",,,,,"  192",",,S","   24",",,S","  104","H,,S"
"IRM00040836","2002-04-07","30.667","51.583","1837.0","YASOGE, IR",,,,,"  216",",,S","   56",",,S","  137","H,,S"
"IRM00040836","2002-04-08","30.667","51.583","1837.0","YASOGE, IR",,,,,"  214",",,S","   74",",,S","  152","H,,S"
"IRM00040836","2002-04-09","30.667","51.583","1837.0","YASOGE, IR",,,,,,,,,"  113","H,,S"
"IRM00040836","2002-04-10","30.667","51.583","1837.0","YASOGE, IR",,,,,"  156",",,S","   56",",,S","  101","H,,S"
"IRM00040836","2002-04-11","30.667","51.583","1837.0","YASOGE, IR",,,,,"  100",",,S",,,"   94","H,,S"
"IRM00040836","2002-04-12","30.667","51.583","1837.0","YASOGE, IR","  409","D,,S",,,"  122",",,S",,,"  101","H,,S"
"IRM00040836","2002-04-13","30.667","51.583","1837.0","YASOGE, IR",,,,,"  128",",,S",,,"   61","H,,S"
"IRM00040836","2002-04-14","30.667","51.583","1837.0","YASOGE, IR",,,,,"  154",",,S","   28",",,S","   92","H,,S"
"IRM00040836","2002-04-15","30.667","51.583","1837.0","YASOGE, IR","    0",",,S",,,"  186",",,S","   62",",,S","  118","H,,S"
"IRM00040836","2002-04-16","30.667","51.583","1837.0","YASOGE, IR","    0",",,S",,,"  218",",,S","   66",",,S","  143","H,,S"
"IRM00040836","2002-04-17","30.667","51.583","1837.0","YASOGE, IR","    0",",,S",,,,,"   94",",,S","  167","H,,S"
"IRM00040836","2002-04-18","30.667","51.583","1837.0","YASOGE, IR","    0",",,S",,,"  246",",,S",,,"  184","H,,S"
"IRM00040836","2002-04-19","30.667","51.583","1837.0","YASOGE, IR","    0",",,S",,,"  220",",,S","  110",",,S","  169","H,,S"
"IRM00040836","2002-04-20","30.667","51.583","1837.0","YASOGE, IR",,,,,"  154",",,S",,,"  118","H,,S"
"IRM00040836","2002-04-21","30.667","51.583","1837.0","YASOGE, IR",,,,,,,"   76",",,S","  132","H,,S"
"IRM00040836","2002-04-22","30.667","51.583","1837.0","YASOGE, IR",,,,,"  162",",,S","   68",",,S","  110","H,,S"
"IRM00040836","2002-04-23","30.667","51.583","1837.0","YASOGE, IR","    0",",,S",,,"  190",",,S","   38",",,S","  103","H,,S"
"IRM00040836","2002-04-24","30.667","51.583","1837.0","YASOGE, IR","    0",",,S",,,"  226",",,S","   40",",,S","  136","H,,S"
"IRM00040836","2002-04-25","30.667","51.583","1837.0","YASOGE, IR","    0",",,S",,,"  244",",,S","   88",",,S","  171","H,,S"
"IRM00040836","2002-04-26","30.667","51.583","1837.0","YASOGE, IR","    0",",,S",,,"  246",",,S","  140",",,S","  188","H,,S"
"IRM00040836","2002-04-27","30.667","51.583","1837.0","YASOGE, IR","    0",",,S",,,"  276",",,S","  114",",,S","  192","H,,S"
"IRM00040836","2002-04-28","30.667","51.583","1837.0","YASOGE, IR","    0",",,S",,,"  268",",,S","  118",",,S","  195","H,,S"
"IRM00040836","2002-04-29","30.667","51.583","1837.0","YASOGE, IR","    0",",,S",,,"  266",",,S","  120",",,S","  195","H,,S"
"IRM00040836","2002-04-30","30.667","51.583","1837.0","YASOGE, IR","    0",",,S",,,"  250",",,S","  130",",,S","  181","H,,S"
"IRM00040836","2002-05-01","30.667","51.583","1837.0","YASOGE, IR",,,,,,,,,"  214","H,,S"
"IRM00040836","2002-05-02","30.667","51.583","1837.0","YASOGE, IR",,,,,"  252",",,S","  116",",,S","  183","H,,S"
"IRM00040836","2002-05-03","30.667","51.583","1837.0","YASOGE, IR","   23",",,S",,,"  240",",,S",,,"  185","H,,S"
"IRM00040836","2002-05-04","30.667","51.583","1837.0","YASOGE, IR","    0",",,S",,,"  244",",,S",,,"  182","H,,S"
"IRM00040836","2002-05-05","30.667","51.583","1837.0","YASOGE, IR","    0",",,S",,,"  226",",,S","   90",",,S","  163","H,,S"
"IRM00040836","2002-05-06","30.667","51.583","1837.0","YASOGE, IR","    0",",,S",,,"  244",",,S","   90",",,S","  152","H,,S"
"IRM00040836","2002-05-07","30.667","51.583","1837.0","YASOGE, IR","    0",",,S",,,,,"   68",",,S","  147","H,,S"
"IRM00040836","2002-05-08","30.667","51.583","1837.0","YASOGE, IR","    0",",,S",,,"  246",",,S","   80",",,S","  172","H,,S"
"IRM00040836","2002-05-09","30.667","51.583","1837.0","YASOGE, IR","    0",",,S",,,,,"   96",",,S","  177","H,,S"
"IRM00040836","2002-05-10","30.667","51.583","1837.0","YASOGE, IR","    0",",,S",,,"  254",",,S","  132",",,S","  194","H,,S"
"IRM00040836","2002-05-11","30.667","51.583","1837.0","YASOGE, IR","    0",",,S",,,"  270",",,S","  110",",,S","  206","H,,S"
"IRM00040836","2002-05-12","30.667","51.583","1837.0","YASOGE, IR",,,,,"  244",",,S","  140",",,S","  189","H,,S"
"IRM00040836","2002-05-13","30.667","51.583","1837.0","YASOGE, IR","    0",",,S",,,"  242",",,S",,,"  174","H,,S"
"IRM00040836","2002-05-14","30.667","51.583","1837.0","YASOGE, IR","    0",",,S",,,"  244",",,S","   76",",,S","  153","H,,S"
"IRM00040836","2002-05-15","30.667","51.583","1837.0","YASOGE, IR","    0",",,S",,,"  280",",,S","   94",",,S","  172","H,,S"
"IRM00040836","2002-05-16","30.667","51.583","1837.0","YASOGE, IR","    0",",,S",,,"  274",",,S","  122",",,S","  203","H,,S"
"IRM00040836","2002-05-17","30.667","51.583","1837.0","YASOGE, IR","    0",",,S",,,"  304",",,S","  110",",,S","  205","H,,S"
"IRM00040836","2002-05-18","30.667","51.583","1837.0","YASOGE, IR","    0",",,S",,,"  316",",,S","  104",",,S","  194","H,,S"
"IRM00040836","2002-05-19","30.667","51.583","1837.0","YASOGE, IR",,,,,"  320",",,S","  136",",,S","  238","H,,S"
"IRM00040836","2002-05-20","30.667","51.583","1837.0","YASOGE, IR","    0",",,S",,,"  308",",,S","  156",",,S","  229","H,,S"
"IRM00040836","2002-05-21","30.667","51.583","1837.0","YASOGE, IR","    0",",,S",,,"  290",",,S","  164",",,S","  232","H,,S"
"IRM00040836","2002-05-22","30.667","51.583","1837.0","YASOGE, IR","    0",",,S",,,"  290",",,S","  120",",,S","  207","H,,S"
"IRM00040836","2002-05-23","30.667","51.583","1837.0","YASOGE, IR","    0",",,S",,,"  304",",,S","  100",",,S","  211","H,,S"
"IRM00040836","2002-05-24","30.667","51.583","1837.0","YASOGE, IR","    0",",,S",,,"  306",",,S","  152",",,S","  236","H,,S"
"IRM00040836","2002-05-25","30.667","51.583","1837.0","YASOGE, IR","    0",",,S",,,"  310",",,S","  160",",,S","  216","H,,S"
"IRM00040836","2002-05-26","30.667","51.583","1837.0","YASOGE, IR","    0",",,S",,,,,,,"  248","H,,S"
"IRM00040836","2002-05-27","30.667","51.583","1837.0","YASOGE, IR","    0",",,S",,,"  306",",,S","  128",",,S","  231","H,,S"
"IRM00040836","2002-05-28","30.667","51.583","1837.0","YASOGE, IR","    0",",,S",,,"  310",",,S","  120",",,S","  232","H,,S"
"IRM00040836","2002-05-29","30.667","51.583","1837.0","YASOGE, IR","    0",",,S",,,"  320",",,S","  144",",,S","  225","H,,S"
"IRM00040836","2002-05-30","30.667","51.583","1837.0","YASOGE, IR",,,,,"  304",",,S","  136",",,S","  221","H,,S"
"IRM00040836","2002-05-31","30.667","51.583","1837.0","YASOGE, IR",,,,,"  316",",,S","  130",",,S","  234","H,,S"
"IRM00040836","2002-06-01","30.667","51.583","1837.0","YASOGE, IR",,,,,"  320",",,S","  124",",,S","  209","H,,S"
"IRM00040836","2002-06-02","30.667","51.583","1837.0","YASOGE, IR",,,,,"  312",",,S","  140",",,S","  222","H,,S"
"IRM00040836","2002-06-03","30.667","51.583","1837.0","YASOGE, IR",,,,,"  304",",,S","  136",",,S","  225","H,,S"
"IRM00040836","2002-06-04","30.667","51.583","1837.0","YASOGE, IR",,,,,"  310",",,S","  130",",,S","  229","H,,S"
"IRM00040836","2002-06-05","30.667","51.583","1837.0","YASOGE, IR",,,,,"  326",",,S","  152",",,S","  252","H,,S"
"IRM00040836","2002-06-06","30.667","51.583","1837.0","YASOGE, IR","    0",",,S",,,"  324",",,S","  180",",,S","  248","H,,S"
"IRM00040836","2002-06-07","30.667","51.583","1837.0","YASOGE, IR","    0",",,S",,,"  322",",,S","  140",",,S","  217","H,,S"
"IRM00040836","2002-06-08","30.667","51.583","1837.0","YASOGE, IR","    0",",,S",,,"  330",",,S","  128",",,S","  231","H,,S"
"IRM00040836","2002-06-09","30.667","51.583","1837.0","YASOGE, IR",,,,,"  324",",,S","  144",",,S","  238","H,,S"
"IRM00040836","2002-06-10","30.667","51.583","1837.0","YASOGE, IR","    0",",,S",,,"  316",",,S","  154",",,S","  253","H,,S"
"IRM00040836","2002-06-11","30.667","51.583","1837.0","YASOGE, IR","    0",",,S",,,,,"  160",",,S","  232","H,,S"
"IRM00040836","2002-06-12","30.667","51.583","1837.0","YASOGE, IR","    0",",,S",,,"  314",",,S","  150",",,S","  237","H,,S"
"IRM00040836","2002-06-13","30.667","51.583","1837.0","YASOGE, IR","    0",",,S",,,"  318",",,S","  150",",,S","  231","H,,S"
"IRM00040836","2002-06-14","30.667","51.583","1837.0","YASOGE, IR","    0",",,S",,,"  320",",,S",,,"  285","H,,S"
"IRM00040836","2002-06-15","30.667","51.583","1837.0","YASOGE, IR","    0",",,S",,,,,"  154",",,S","  236","H,,S"
"IRM00040836","2002-06-16","30.667","51.583","1837.0","YASOGE, IR",,,,,"  344",",,S","  150",",,S","  251","H,,S"
"IRM00040836","2002-06-17","30.667","51.583","1837.0","YASOGE, IR",,,,,"  346",",,S","  160",",,S","  264","H,,S"
"IRM00040836","2002-06-20","30.667","51.583","1837.0","YASOGE, IR",,,,,"  304",",,S","  152",",,S","  223","H,,S"
"IRM00040836","2002-06-22","30.667","51.583","1837.0","YASOGE, IR",,,,,,,"  122",",,S","  186","H,,S"
"IRM00040836","2002-06-23","30.667","51.583","1837.0","YASOGE, IR",,,,,"  330",",,S","  142",",,S","  243","H,,S"
"IRM00040836","2002-06-24","30.667","51.583","1837.0","YASOGE, IR",,,,,"  328",",,S","  154",",,S","  252","H,,S"
"IRM00040836","2002-06-25","30.667","51.583","1837.0","YASOGE, IR",,,,,"  324",",,S","  170",",,S","  258","H,,S"
"IRM00040836","2002-06-26","30.667","51.583","1837.0","YASOGE, IR","    0",",,S",,,"  296",",,S",,,"  217","H,,S"
"IRM00040836","2002-06-27","30.667","51.583","1837.0","YASOGE, IR",,,,,,,,,"  237","H,,S"
"IRM00040836","2002-06-28","30.667","51.583","1837.0","YASOGE, IR","    0",",,S",,,"  322",",,S",,,"  281","H,,S"
"IRM00040836","2002-06-29","30.667","51.583","1837.0","YASOGE, IR",,,,,"  338",",,S","  172",",,S","  245","H,,S"
"IRM00040836","2002-06-30","30.667","51.583","1837.0","YASOGE, IR",,,,,,,"  170",",,S","  232","H,,S"
"IRM00040836","2002-07-01","30.667","51.583","1837.0","YASOGE, IR","    0",",,S",,,"  336",",,S","  158",",,S","  241","H,,S"
"IRM00040836","2002-07-02","30.667","51.583","1837.0","YASOGE, IR",,,,,"  342",",,S","  164",",,S","  234","H,,S"
"IRM00040836","2002-07-03","30.667","51.583","1837.0","YASOGE, IR","    0",",,S",,,"  354",",,S","  178",",,S","  258","H,,S"
"IRM00040836","2002-07-04","30.667","51.583","1837.0","YASOGE, IR",,,,,,,"  188",",,S","  266","H,,S"
"IRM00040836","2002-07-05","30.667","51.583","1837.0","YASOGE, IR","    0",",,S",,,"  344",",,S",,,"  265","H,,S"
"IRM00040836","2002-07-06","30.667","51.583","1837.0","YASOGE, IR",,,,,"  342",",,S",,,"  239","H,,S"
"IRM00040836","2002-07-07","30.667","51.583","1837.0","YASOGE, IR","    0",",,S",,,"  344",",,S","  170",",,S","  248","H,,S"
"IRM00040836","2002-07-08","30.667","51.583","1837.0","YASOGE, IR","    0",",,S",,,,,,,"  265","H,,S"
"IRM00040836","2002-07-09","30.667","51.583","1837.0","YASOGE, IR","    0",",,S",,,"  330",",,S",,,"  242","H,,S"
"IRM00040836","2002-07-10","30.667","51.583","1837.0","YASOGE, IR",,,,,"  340",",,S",,,"  275","H,,S"
"IRM00040836","2002-07-11","30.667","51.583","1837.0","YASOGE, IR","    0",",,S",,,,,"  180",",,S","  260","H,,S"
"IRM00040836","2002-07-12","30.667","51.583","1837.0","YASOGE, IR","    0",",,S",,,"  344",",,S","  180",",,S","  262","H,,S"
"IRM00040836","2002-07-13","30.667","51.583","1837.0","YASOGE, IR","    0",",,S",,,"  356",",,S","  186",",,S","  273","H,,S"
"IRM00040836","2002-07-14","30.667","51.583","1837.0","YASOGE, IR","    0",",,S",,,"  370",",,S","  186",",,S","  277","H,,S"
"IRM00040836","2002-07-15","30.667","51.583","1837.0","YASOGE, IR","    0",",,S",,,"  356",",,S","  192",",,S","  277","H,,S"
"IRM00040836","2002-07-16","30.667","51.583","1837.0","YASOGE, IR","    0",",,S",,,"  354",",,S","  192",",,S","  272","H,,S"
"IRM00040836","2002-07-17","30.667","51.583","1837.0","YASOGE, IR","    0",",,S",,,"  356",",,S","  192",",,S","  281","H,,S"
"IRM00040836","2002-07-18","30.667","51.583","1837.0","YASOGE, IR","    0",",,S",,,,,"  186",",,S","  263","H,,S"
"IRM00040836","2002-07-19","30.667","51.583","1837.0","YASOGE, IR","    0",",,S",,,"  360",",,S",,,"  283","H,,S"
"IRM00040836","2002-07-20","30.667","51.583","1837.0","YASOGE, IR","    0",",,S",,,"  370",",,S","  186",",,S","  271","H,,S"
"IRM00040836","2002-07-21","30.667","51.583","1837.0","YASOGE, IR","    0",",,S",,,"  368",",,S",,,"  291","H,,S"
"IRM00040836","2002-07-22","30.667","51.583","1837.0","YASOGE, IR","    0",",,S",,,"  358",",,S","  196",",,S","  287","H,,S"
"IRM00040836","2002-07-23","30.667","51.583","1837.0","YASOGE, IR","    0",",,S",,,"  350",",,S","  196",",,S","  274","H,,S"
"IRM00040836","2002-07-24","30.667","51.583","1837.0","YASOGE, IR","    0",",,S",,,"  336",",,S",,,"  268","H,,S"
"IRM00040836","2002-07-25","30.667","51.583","1837.0","YASOGE, IR",,,,,"  334",",,S","  186",",,S","  244","H,,S"
"IRM00040836","2002-07-26","30.667","51.583","1837.0","YASOGE, IR","    0",",,S",,,"  332",",,S","  154",",,S","  241","H,,S"
"IRM00040836","2002-07-27","30.667","51.583","1837.0","YASOGE, IR","    0",",,S",,,"  338",",,S","  160",",,S","  237","H,,S"
"IRM00040836","2002-07-28","30.667","51.583","1837.0","YASOGE, IR","    0",",,S",,,,,"  166",",,S","  253","H,,S"
"IRM00040836","2002-07-29","30.667","51.583","1837.0","YASOGE, IR","    8",",,S",,,,,"  190",",,S","  259","H,,S"
"IRM00040836","2002-07-30","30.667","51.583","1837.0","YASOGE, IR","    0",",,S",,,"  320",",,S","  220",",,S","  252","H,,S"
"IRM00040836","2002-07-31","30.667","51.583","1837.0","YASOGE, IR","    0",",,S",,,"  334",",,S","  176",",,S","  254","H,,S"
"IRM00040836","2002-08-01","30.667","51.583","1837.0","YASOGE, IR","  996",",,S",,,"  340",",,S","  176",",,S","  253","H,,S"
"IRM00040836","2002-08-02","30.667","51.583","1837.0","YASOGE, IR","    0",",,S",,,"  342",",,S","  178",",,S","  262","H,,S"
"IRM00040836","2002-08-03","30.667","51.583","1837.0","YASOGE, IR","    0",",,S",,,"  344",",,S","  176",",,S","  253","H,,S"
"IRM00040836","2002-08-04","30.667","51.583","1837.0","YASOGE, IR","    0",",,S",,,"  354",",,S",,,"  283","H,,S"
"IRM00040836","2002-08-05","30.667","51.583","1837.0","YASOGE, IR","    0",",,S",,,"  360",",,S","  196",",,S","  271","H,,S"
"IRM00040836","2002-08-06","30.667","51.583","1837.0","YASOGE, IR","    0",",,S",,,,,"  182",",,S","  275","H,,S"
"IRM00040836","2002-08-07","30.667","51.583","1837.0","YASOGE, IR","    0",",,S",,,"  352",",,S","  174",",,S","  257","H,,S"
"IRM00040836","2002-08-08","30.667","51.583","1837.0","YASOGE, IR","    0",",,S",,,"  350",",,S","  186",",,S","  263","H,,S"
"IRM00040836","2002-08-09","30.667","51.583","1837.0","YASOGE, IR","    0",",,S",,,"  366",",,S","  180",",,S","  270","H,,S"
"IRM00040836","2002-08-10","30.667","51.583","1837.0","YASOGE, IR","    0",",,S",,,"  382",",,S","  190",",,S","  285","H,,S"
"IRM00040836","2002-08-11","30.667","51.583","1837.0","YASOGE, IR","    0",",,S",,,"  380",",,S","  186",",,S","  293","H,,S"
"IRM00040836","2002-08-12","30.667","51.583","1837.0","YASOGE, IR","    0",",,S",,,"  374",",,S","  200",",,S","  292","H,,S"
"IRM00040836","2002-08-13","30.667","51.583","1837.0","YASOGE, IR","    0",",,S",,,"  370",",,S","  182",",,S","  281","H,,S"
"IRM00040836","2002-08-14","30.667","51.583","1837.0","YASOGE, IR","    0",",,S",,,"  356",",,S","  190",",,S","  281","H,,S"
"IRM00040836","2002-08-15","30.667","51.583","1837.0","YASOGE, IR","    0",",,S",,,"  330",",,S","  186",",,S","  262","H,,S"
"IRM00040836","2002-08-16","30.667","51.583","1837.0","YASOGE, IR","    0",",,S",,,"  324",",,S","  168",",,S","  254","H,,S"
"IRM00040836","2002-08-17","30.667","51.583","1837.0","YASOGE, IR","    0",",,S",,,"  322",",,S","  170",",,S","  250","H,,S"
"IRM00040836","2002-08-18","30.667","51.583","1837.0","YASOGE, IR","    0",",,S",,,"  338",",,S","  156",",,S","  251","H,,S"
"IRM00040836","2002-08-19","30.667","51.583","1837.0","YASOGE, IR","    0",",,S",,,"  338",",,S","  166",",,S","  264","H,,S"
"IRM00040836","2002-08-20","30.667","51.583","1837.0","YASOGE, IR",,,,,"  366",",,S","  170",",,S","  267","H,,S"
"IRM00040836","2002-08-21","30.667","51.583","1837.0","YASOGE, IR","    0",",,S",,,"  376",",,S","  182",",,S","  266","H,,S"
"IRM00040836","2002-08-22","30.667","51.583","1837.0","YASOGE, IR","    0",",,S",,,,,"  184",",,S","  261","H,,S"
"IRM00040836","2002-08-23","30.667","51.583","1837.0","YASOGE, IR","    0",",,S",,,"  354",",,S","  180",",,S","  261","H,,S"
"IRM00040836","2002-08-24","30.667","51.583","1837.0","YASOGE, IR","    0",",,S",,,"  348",",,S","  184",",,S","  260","H,,S"
"IRM00040836","2002-08-25","30.667","51.583","1837.0","YASOGE, IR","    0",",,S",,,"  342",",,S","  184",",,S","  258","H,,S"
"IRM00040836","2002-08-26","30.667","51.583","1837.0","YASOGE, IR",,,,,"  358",",,S","  182",",,S","  271","H,,S"
"IRM00040836","2002-08-27","30.667","51.583","1837.0","YASOGE, IR",,,,,,,"  186",",,S","  272","H,,S"
"IRM00040836","2002-08-28","30.667","51.583","1837.0","YASOGE, IR","    0",",,S",,,,,,,"  266","H,,S"
"IRM00040836","2002-08-29","30.667","51.583","1837.0","YASOGE, IR","    0",",,S",,,"  334",",,S",,,"  251","H,,S"
"IRM00040836","2002-08-30","30.667","51.583","1837.0","YASOGE, IR","    0",",,S",,,"  330",",,S","  158",",,S","  243","H,,S"
"IRM00040836","2002-08-31","30.667","51.583","1837.0","YASOGE, IR","    0",",,S",,,"  320",",,S","  140",",,S","  233","H,,S"
"IRM00040836","2002-09-01","30.667","51.583","1837.0","YASOGE, IR","    0","D,,S",,,"  344",",,S","  150",",,S","  236","H,,S"
"IRM00040836","2002-09-02","30.667","51.583","1837.0","YASOGE, IR",,,,,"  350",",,S","  172",",,S","  267","H,,S"
"IRM00040836","2002-09-03","30.667","51.583","1837.0","YASOGE, IR","    0",",,S",,,"  336",",,S","  186",",,S","  258","H,,S"
"IRM00040836","2002-09-04","30.667","51.583","1837.0","YASOGE, IR","    0",",,S",,,"  334",",,S","  186",",,S","  255","H,,S"
"IRM00040836","2002-09-05","30.667","51.583","1837.0","YASOGE, IR",,,,,"  328",",,S","  170",",,S","  244","H,,S"
"IRM00040836","2002-09-06","30.667","51.583","1837.0","YASOGE, IR","    0",",,S",,,"  340",",,S","  156",",,S","  244","H,,S"
"IRM00040836","2002-09-07","30.667","51.583","1837.0","YASOGE, IR","    0",",,S",,,"  334",",,S",,,"  242","H,,S"
"IRM00040836","2002-09-08","30.667","51.583","1837.0","YASOGE, IR","    0",",,S",,,"  330",",,S","  172",",,S","  253","H,,S"
"IRM00040836","2002-09-09","30.667","51.583","1837.0","YASOGE, IR","    0",",,S",,,"  326",",,S","  152",",,S","  244","H,,S"
"IRM00040836","2002-09-10","30.667","51.583","1837.0","YASOGE, IR","    0","D,,S",,,"  330",",,S","  142",",,S","  223","H,,S"
"IRM00040836","2002-09-11","30.667","51.583","1837.0","YASOGE, IR",,,,,"  332",",,S","  144",",,S","  226","H,,S"
"IRM00040836","2002-09-12","30.667","51.583","1837.0","YASOGE, IR","    0",",,S",,,"  332",",,S",,,"  265","H,,S"
"IRM00040836","2002-09-13","30.667","51.583","1837.0","YASOGE, IR","    0",",,S",,,"  326",",,S","  144",",,S","  253","H,,S"
"IRM00040836","2002-09-14","30.667","51.583","1837.0","YASOGE, IR","    0",",,S",,,"  324",",,S","  144",",,S","  211","H,,S"
"IRM00040836","2002-09-15","30.667","51.583","1837.0","YASOGE, IR","    0",",,S",,,"  324",",,S","  148",",,S","  232","H,,S"
"IRM00040836","2002-09-16","30.667","51.583","1837.0","YASOGE, IR","    0",",,S",,,"  324",",,S","  142",",,S","  231","H,,S"
"IRM00040836","2002-09-17","30.667","51.583","1837.0","YASOGE, IR","    0",",,S",,,"  316",",,S","  140",",,S","  224","H,,S"
"IRM00040836","2002-09-18","30.667","51.583","1837.0","YASOGE, IR","    0",",,S",,,"  310",",,S","  128",",,S","  188","H,,S"
"IRM00040836","2002-09-19","30.667","51.583","1837.0","YASOGE, IR","    0",",,S",,,"  304",",,S","  124",",,S","  212","H,,S"
"IRM00040836","2002-09-20","30.667","51.583","1837.0","YASOGE, IR","    0",",,S",,,"  310",",,S","  130",",,S","  202","H,,S"
"IRM00040836","2002-09-21","30.667","51.583","1837.0","YASOGE, IR","    0",",,S",,,"  318",",,S","  146",",,S","  211","H,,S"
"IRM00040836","2002-09-22","30.667","51.583","1837.0","YASOGE, IR","    0",",,S",,,"  326",",,S","  148",",,S","  232","H,,S"
"IRM00040836","2002-09-23","30.667","51.583","1837.0","YASOGE, IR","    0",",,S",,,"  326",",,S","  152",",,S","  239","H,,S"
"IRM00040836","2002-09-24","30.667","51.583","1837.0","YASOGE, IR","    0",",,S",,,"  320",",,S","  160",",,S","  212","H,,S"
"IRM00040836","2002-09-25","30.667","51.583","1837.0","YASOGE, IR","    0",",,S",,,"  304",",,S",,,"  234","H,,S"
"IRM00040836","2002-09-26","30.667","51.583","1837.0","YASOGE, IR","    0",",,S",,,,,"  124",",,S","  190","H,,S"
"IRM00040836","2002-09-27","30.667","51.583","1837.0","YASOGE, IR",,,,,"  310",",,S","  140",",,S","  214","H,,S"
"IRM00040836","2002-09-28","30.667","51.583","1837.0","YASOGE, IR",,,,,"  304",",,S","  140",",,S","  236","H,,S"
"IRM00040836","2002-09-29","30.667","51.583","1837.0","YASOGE, IR","    0",",,S",,,"  306",",,S","  140",",,S","  216","H,,S"
"IRM00040836","2002-09-30","30.667","51.583","1837.0","YASOGE, IR",,,,,"  298",",,S","  126",",,S","  181","H,,S"
"IRM00040836","2002-10-01","30.667","51.583","1837.0","YASOGE, IR","    0",",,S",,,"  290",",,S","  126",",,S","  206","H,,S"
"IRM00040836","2002-10-02","30.667","51.583","1837.0","YASOGE, IR",,,,,"  284",",,S","  120",",,S","  183","H,,S"
"IRM00040836","2002-10-04","30.667","51.583","1837.0","YASOGE, IR","    0",",,S",,,"  288",",,S","  112",",,S","  196","H,,S"
"IRM00040836","2002-10-05","30.667","51.583","1837.0","YASOGE, IR",,,,,"  290",",,S","  106",",,S","  188","H,,S"
"IRM00040836","2002-10-06","30.667","51.583","1837.0","YASOGE, IR",,,,,"  290",",,S","  110",",,S","  197","H,,S"
"IRM00040836","2002-10-07","30.667","51.583","1837.0","YASOGE, IR",,,,,"  284",",,S","  104",",,S","  157","H,,S"
"IRM00040836","2002-10-08","30.667","51.583","1837.0","YASOGE, IR",,,,,"  284",",,S","  114",",,S","  191","H,,S"
"IRM00040836","2002-10-09","30.667","51.583","1837.0","YASOGE, IR",,,,,"  296",",,S",,,"  197","H,,S"
"IRM00040836","2002-10-10","30.667","51.583","1837.0","YASOGE, IR",,,,,"  286",",,S","  124",",,S","  206","H,,S"
"IRM00040836","2002-10-11","30.667","51.583","1837.0","YASOGE, IR",,,,,"  294",",,S","  116",",,S","  196","H,,S"
"IRM00040836","2002-10-12","30.667","51.583","1837.0","YASOGE, IR",,,,,"  290",",,S","  106",",,S","  194","H,,S"
"IRM00040836","2002-10-13","30.667","51.583","1837.0","YASOGE, IR",,,,,,,"  104",",,S","  197","H,,S"
"IRM00040836","2002-10-14","30.667","51.583","1837.0","YASOGE, IR",,,,,"  250",",,S","  120",",,S","  179","H,,S"
"IRM00040836","2002-10-15","30.667","51.583","1837.0","YASOGE, IR",,,,,"  258",",,S","   98",",,S","  159","H,,S"
"IRM00040836","2002-10-16","30.667","51.583","1837.0","YASOGE, IR",,,,,"  264",",,S","   98",",,S","  172","H,,S"
"IRM00040836","2002-10-17","30.667","51.583","1837.0","YASOGE, IR","    0",",,S",,,"  266",",,S","   98",",,S","  173","H,,S"
"IRM00040836","2002-10-18","30.667","51.583","1837.0","YASOGE, IR",,,,,"  260",",,S","   98",",,S","  167","H,,S"
"IRM00040836","2002-10-19","30.667","51.583","1837.0","YASOGE, IR",,,,,"  264",",,S","   94",",,S","  172","H,,S"
"IRM00040836","2002-10-20","30.667","51.583","1837.0","YASOGE, IR",,,,,"  254",",,S","   94",",,S","  168","H,,S"
"IRM00040836","2002-10-22","30.667","51.583","1837.0","YASOGE, IR",,,,,"  224",",,S","   96",",,S","  127","H,,S"
"IRM00040836","2002-10-23","30.667","51.583","1837.0","YASOGE, IR",,,,,"  234",",,S","   76",",,S","  145","H,,S"
"IRM00040836","2002-10-25","30.667","51.583","1837.0","YASOGE, IR",,,,,"  240",",,S","   50",",,S","  125","H,,S"
"IRM00040836","2002-10-27","30.667","51.583","1837.0","YASOGE, IR","    0",",,S",,,"  236",",,S",,,"  154","H,,S"
"IRM00040836","2002-10-31","30.667","51.583","1837.0","YASOGE, IR",,,,,,,,,"  206","H,,S"
"IRM00040836","2002-11-03","30.667","51.583","1837.0","YASOGE, IR",,,,,"  180",",,S","   64",",,S","  105","H,,S"
"IRM00040836","2002-11-05","30.667","51.583","1837.0","YASOGE, IR",,,,,"  204",",,S",,,"  119","H,,S"
"IRM00040836","2002-11-06","30.667","51.583","1837.0","YASOGE, IR",,,,,"  184",",,S",,,"  125","H,,S"
"IRM00040836","2002-11-07","30.667","51.583","1837.0","YASOGE, IR",,,,,"  170",",,S",,,"  112","H,,S"
"IRM00040836","2002-11-09","30.667","51.583","1837.0","YASOGE, IR","    0","D,,S",,,"  190",",,S",,,"  109","H,,S"
"IRM00040836","2002-11-10","30.667","51.583","1837.0","YASOGE, IR",,,,,"  202",",,S","   40",",,S","  131","H,,S"
"IRM00040836","2002-11-11","30.667","51.583","1837.0","YASOGE, IR","    0",",,S",,,,,,,"  137","H,,S"
"IRM00040836","2002-11-13","30.667","51.583","1837.0","YASOGE, IR",,,,,,,,,"   86","H,,S"
"IRM00040836","2002-11-14","30.667","51.583","1837.0","YASOGE, IR","   25",",,S",,,,,"   50",",,S","   93","H,,S"
"IRM00040836","2002-11-15","30.667","51.583","1837.0","YASOGE, IR","    0",",,S",,,"  154",",,S","   44",",,S","  102","H,,S"
"IRM00040836","2002-11-16","30.667","51.583","1837.0","YASOGE, IR",,,,,"  156",",,S","   22",",,S","   65","H,,S"
"IRM00040836","2002-11-18","30.667","51.583","1837.0","YASOGE, IR","    0","D,,S",,,,,,,"   93","H,,S"
"IRM00040836","2002-11-20","30.667","51.583","1837.0","YASOGE, IR",,,,,,,,,"   90","H,,S"
"IRM00040836","2002-11-21","30.667","51.583","1837.0","YASOGE, IR",,,,,"  134",",,S","   14",",,S","   49","H,,S"
"IRM00040836","2002-11-23","30.667","51.583","1837.0","YASOGE, IR",,,,,,,"    4",",,S","   82","H,,S"
"IRM00040836","2002-11-24","30.667","51.583","1837.0","YASOGE, IR","    0",",,S",,,"  156",",,S",,,"   73","H,,S"
"IRM00040836","2002-11-25","30.667","51.583","1837.0","YASOGE, IR","    0",",,S",,,"  156",",,S",,,"   86","H,,S"
"IRM00040836","2002-11-27","30.667","51.583","1837.0","YASOGE, IR",,,,,,,,,"   56","H,,S"
"IRM00040836","2002-11-28","30.667","51.583","1837.0","YASOGE, IR",,,,,"  142",",,S",,,"   82","H,,S"
"IRM00040836","2002-11-29","30.667","51.583","1837.0","YASOGE, IR","    0",",,S",,,,,,,"   67","H,,S"
"IRM00040836","2002-11-30","30.667","51.583","1837.0","YASOGE, IR",,,,,,,,,"  113","H,,S"
"IRM00040836","2002-12-01","30.667","51.583","1837.0","YASOGE, IR",,,,,"   72",",,S",,,"   43","H,,S"
"IRM00040836","2002-12-02","30.667","51.583","1837.0","YASOGE, IR",,,,,"  104",",,S",,,"   49","H,,S"
"IRM00040836","2002-12-03","30.667","51.583","1837.0","YASOGE, IR","    0",",,S",,,"  100",",,S","    0",",,S","   51","H,,S"
"IRM00040836","2002-12-04","30.667","51.583","1837.0","YASOGE, IR","    0",",,S",,,,,"   -6",",,S","   58","H,,S"
"IRM00040836","2002-12-05","30.667","51.583","1837.0","YASOGE, IR","    0","D,,S",,,"  142",",,S","   14",",,S","   71","H,,S"
"IRM00040836","2002-12-06","30.667","51.583","1837.0","YASOGE, IR","    0",",,S",,,"  144",",,S","    8",",,S","   59","H,,S"
"IRM00040836","2002-12-07","30.667","51.583","1837.0","YASOGE, IR","    0",",,S",,,,,,,"   64","H,,S"
"IRM00040836","2002-12-08","30.667","51.583","1837.0","YASOGE, IR",,,,,,,"   20",",,S","   81","H,,S"
"IRM00040836","2002-12-10","30.667","51.583","1837.0","YASOGE, IR",,,,,"   90",",,S",,,"   78","H,,S"
"IRM00040836","2002-12-11","30.667","51.583","1837.0","YASOGE, IR","  310","D,,S",,,"  114",",,S",,,"   82","H,,S"
"IRM00040836","2002-12-12","30.667","51.583","1837.0","YASOGE, IR","    0",",,S",,,,,,,"   52","H,,S"
"IRM00040836","2002-12-15","30.667","51.583","1837.0","YASOGE, IR",,,,,,,"   -4",",,S","   50","H,,S"
"IRM00040836","2002-12-16","30.667","51.583","1837.0","YASOGE, IR","    0",",,S",,,"  126",",,S",,,"   68","H,,S"
"IRM00040836","2002-12-17","30.667","51.583","1837.0","YASOGE, IR",,,,,"  122",",,S","   -4",",,S","   72","H,,S"
"IRM00040836","2002-12-19","30.667","51.583","1837.0","YASOGE, IR",,,,,,,,,"   47","H,,S"
"IRM00040836","2002-12-20","30.667","51.583","1837.0","YASOGE, IR",,,,,"  120",",,S",,,"   46","H,,S"
"IRM00040836","2002-12-21","30.667","51.583","1837.0","YASOGE, IR",,,,,,,,,"   57","H,,S"
"IRM00040836","2002-12-23","30.667","51.583","1837.0","YASOGE, IR",,,,,"   62",",,S",,,"   -2","H,,S"
"IRM00040836","2003-01-01","30.667","51.583","1837.0","YASOGE, IR",,,,,,,"   -4",",,S","    4","H,,S"
"IRM00040836","2003-01-02","30.667","51.583","1837.0","YASOGE, IR","    0",",,S",,,"  176",",,S","  -34",",,S","   38","H,,S"
"IRM00040836","2003-01-03","30.667","51.583","1837.0","YASOGE, IR",,,,,"  134",",,S",,,"   88","H,,S"
"IRM00040836","2003-01-04","30.667","51.583","1837.0","YASOGE, IR","  102","D,,S",,,,,,,"   26","H,,S"
"IRM00040836","2003-01-05","30.667","51.583","1837.0","YASOGE, IR","    0","D,,S","   20",",,S",,,"    0",",,S","   69","H,,S"
"IRM00040836","2003-01-06","30.667","51.583","1837.0","YASOGE, IR","    0",",,S",,,"  116",",,S",,,"   48","H,,S"
"IRM00040836","2003-01-07","30.667","51.583","1837.0","YASOGE, IR","    0",",,S",,,"  154",",,S",,,"   62","H,,S"
"IRM00040836","2003-01-10","30.667","51.583","1837.0","YASOGE, IR","    0",",,S",,,,,,,"   58","H,,S"
"IRM00040836","2003-01-11","30.667","51.583","1837.0","YASOGE, IR","    0",",,S",,,"  154",",,S",,,"   60","H,,S"
"IRM00040836","2003-01-12","30.667","51.583","1837.0","YASOGE, IR","    0",",,S",,,"  162",",,S","  -14",",,S","   54","H,,S"
"IRM00040836","2003-01-14","30.667","51.583","1837.0","YASOGE, IR",,,,,,," -102",",,S","   53","H,,S"
"IRM00040836","2003-01-15","30.667","51.583","1837.0","YASOGE, IR","    0",",,S",,,"  130",",,S",,,"   54","H,,S"
"IRM00040836","2003-01-16","30.667","51.583","1837.0","YASOGE, IR",,,"   41",",,S",,,,,"   12","H,,S"
"IRM00040836","2003-01-17","30.667","51.583","1837.0","YASOGE, IR","  549",",,S",,,"   32",",,S",,,"    3","H,,S"
"IRM00040836","2003-01-19","30.667","51.583","1837.0","YASOGE, IR","    0",",,S","  109",",,S","   10",",,S",,,"  -19","H,,S"
"IRM00040836","2003-01-20","30.667","51.583","1837.0","YASOGE, IR",,,,,"   30",",,S"," -104",",,S","  -36","H,,S"
"IRM00040836","2003-01-21","30.667","51.583","1837.0","YASOGE, IR","   51","D,,S","  109",",,S",,,"  -36",",,S","   -6","H,,S"
"IRM00040836","2003-01-22","30.667","51.583","1837.0","YASOGE, IR","  191","D,,S","   89",",,S","   72",",,S","    4",",,S","   18","H,,S"
"IRM00040836","2003-01-23","30.667","51.583","1837.0","YASOGE, IR",,,"   89",",,S",,,,,"    8","H,,S"
"IRM00040836","2003-01-25","30.667","51.583","1837.0","YASOGE, IR","    0","D,,S",,,"   52",",,S",,,"    4","H,,S"
"IRM00040836","2003-01-26","30.667","51.583","1837.0","YASOGE, IR","    0",",,S","   41",",,S","   46",",,S","  -60",",,S","  -15","H,,S"
"IRM00040836","2003-01-27","30.667","51.583","1837.0","YASOGE, IR","    0",",,S",,,"   74",",,S","  -50",",,S","    7","H,,S"
"IRM00040836","2003-01-28","30.667","51.583","1837.0","YASOGE, IR","  429","D,,S","   41",",,S","   50",",,S","  -10",",,S","   21","H,,S"
"IRM00040836","2003-01-29","30.667","51.583","1837.0","YASOGE, IR","  109","D,,S","   20",",,S","   74",",,S",,,"   54","H,,S"
"IRM00040836","2003-01-30","30.667","51.583","1837.0","YASOGE, IR","    0",",,S",,,"   88",",,S",,,"   38","H,,S"
"IRM00040836","2003-01-31","30.667","51.583","1837.0","YASOGE, IR","    0",",,S",,,"   90",",,S",,,"   23","H,,S"
"IRM00040836","2003-02-01","30.667","51.583","1837.0","YASOGE, IR","    0",",,S",,,"  114",",,S","  -97",",,S","   10","H,,S"
"IRM00040836","2003-02-02","30.667","51.583","1837.0","YASOGE, IR","    0",",,S",,,"  104",",,S","  -48",",,S","   32","H,,S"
"IRM00040836","2003-02-03","30.667","51.583","1837.0","YASOGE, IR","    0",",,S",,,"  136",",,S","  -36",",,S","   53","H,,S"
"IRM00040836","2003-02-04","30.667","51.583","1837.0","YASOGE, IR","  244","D,,S",,,,,,,"   55","H,,S"
"IRM00040836","2003-02-05","30.667","51.583","1837.0","YASOGE, IR",,,,,,,,,"   67","H,,S"
"IRM00040836","2003-02-06","30.667","51.583","1837.0","YASOGE, IR","    0",",,S",,,"  104",",,S",,,"   21","H,,S"
"IRM00040836","2003-02-07","30.667","51.583","1837.0","YASOGE, IR","    0",",,S",,,,,,,"   29","H,,S"
"IRM00040836","2003-02-08","30.667","51.583","1837.0","YASOGE, IR","    0",",,S",,,"  132",",,S",,,"   29","H,,S"
"IRM00040836","2003-02-09","30.667","51.583","1837.0","YASOGE, IR","    0","D,,S",,,"  134",",,S",,,"   63","H,,S"
"IRM00040836","2003-02-10","30.667","51.583","1837.0","YASOGE, IR","    0",",,S",,,"  126",",,S","   -6",",,S","   61","H,,S"
"IRM00040836","2003-02-11","30.667","51.583","1837.0","YASOGE, IR",,,,,,,,,"   47","H,,S"
"IRM00040836","2003-02-12","30.667","51.583","1837.0","YASOGE, IR","    0","D,,S",,,"  164",",,S",,,"   77","H,,S"
"IRM00040836","2003-02-13","30.667","51.583","1837.0","YASOGE, IR","   91","D,,S",,,"   96",",,S",,,"   54","H,,S"
"IRM00040836","2003-02-14","30.667","51.583","1837.0","YASOGE, IR","  310","D,,S",,,"  100",",,S",,,"   73","H,,S"
"IRM00040836","2003-02-17","30.667","51.583","1837.0","YASOGE, IR",,,,,"   86",",,S",,,"   23","H,,S"
"IRM00040836","2003-02-24","30.667","51.583","1837.0","YASOGE, IR","    0",",,S",,,"  160",",,S",,,"   84","H,,S"
"IRM00040836","2003-02-25","30.667","51.583","1837.0","YASOGE, IR",,,,,"  126",",,S",,,"   76","H,,S"
"IRM00040836","2003-02-26","30.667","51.583","1837.0","YASOGE, IR","  272",",,S",,,"  116",",,S",,,"   65","H,,S"
"IRM00040836","2003-02-28","30.667","51.583","1837.0","YASOGE, IR",,,,,"  108",",,S",,,"   43","H,,S"
"IRM00040836","2003-03-01","30.667","51.583","1837.0","YASOGE, IR","    0",",,S",,,,,"  -40",",,S","   25","H,,S"
"IRM00040836","2003-03-04","30.667","51.583","1837.0","YASOGE, IR","    0",",,S",,,,,,,"   66","H,,S"
"IRM00040836","2003-03-06","30.667","51.583","1837.0","YASOGE, IR","    0",",,S",,,"  144",",,S",,,"   98","H,,S"
"IRM00040836","2003-03-08","30.667","51.583","1837.0","YASOGE, IR","  404",",,S",,,,,,,"   79","H,,S"
"IRM00040836","2003-03-09","30.667","51.583","1837.0","YASOGE, IR","    0",",,S",,,,,,,"   87","H,,S"
"IRM00040836","2003-03-10","30.667","51.583","1837.0","YASOGE, IR","    0","D,,S",,,,,,,"  134","H,,S"
"IRM00040836","2003-03-12","30.667","51.583","1837.0","YASOGE, IR","   51","D,,S",,,,,,,"  118","H,,S"
"IRM00040836","2003-03-13","30.667","51.583","1837.0","YASOGE, IR","  130","D,,S",,,,,,,"   57","H,,S"
"IRM00040836","2003-03-15","30.667","51.583","1837.0","YASOGE, IR","    0",",,S",,,"  174",",,S",,,"   95","H,,S"
"IRM00040836","2003-03-16","30.667","51.583","1837.0","YASOGE, IR","    0",",,S",,,"  180",",,S",,,"   96","H,,S"
"IRM00040836","2003-03-17","30.667","51.583","1837.0","YASOGE, IR",,,,,"  100",",,S",,,"   54","H,,S"
"IRM00040836","2003-03-19","30.667","51.583","1837.0","YASOGE, IR","    0",",,S",,,,,,,"   89","H,,S"
"IRM00040836","2003-03-22","30.667","51.583","1837.0","YASOGE, IR","    0",",,S",,,,,,,"   63","H,,S"
"IRM00040836","2003-03-24","30.667","51.583","1837.0","YASOGE, IR","    0",",,S",,,,,,,"  106","H,,S"
"IRM00040836","2003-03-25","30.667","51.583","1837.0","YASOGE, IR","    0",",,S",,,,,,,"  119","H,,S"
"IRM00040836","2003-03-29","30.667","51.583","1837.0","YASOGE, IR","    0",",,S",,,,,,,"   85","H,,S"
"IRM00040836","2003-03-31","30.667","51.583","1837.0","YASOGE, IR","    0",",,S",,,,,,,"  112","H,,S"
"IRM00040836","2003-04-04","30.667","51.583","1837.0","YASOGE, IR","    0",",,S",,,,,,,"  161","H,,S"
"IRM00040836","2003-04-05","30.667","51.583","1837.0","YASOGE, IR","    0",",,S",,,,,,,"  161","H,,S"
"IRM00040836","2003-04-06","30.667","51.583","1837.0","YASOGE, IR","    0",",,S",,,,,,,"  159","H,,S"
"IRM00040836","2003-04-07","30.667","51.583","1837.0","YASOGE, IR","    0","D,,S",,,,,,,"  164","H,,S"
"IRM00040836","2003-04-08","30.667","51.583","1837.0","YASOGE, IR","    0",",,S",,,,,,,"  174","H,,S"
"IRM00040836","2003-04-09","30.667","51.583","1837.0","YASOGE, IR","    0",",,S",,,,,,,"  182","H,,S"
"IRM00040836","2003-04-18","30.667","51.583","1837.0","YASOGE, IR","    0",",,S",,,,,,,"  112","H,,S"
"IRM00040836","2003-04-20","30.667","51.583","1837.0","YASOGE, IR","  142","D,,S",,,,,,,"  131","H,,S"
"IRM00040836","2003-04-24","30.667","51.583","1837.0","YASOGE, IR","    0",",,S",,,,,,,"  129","H,,S"
"IRM00040836","2003-04-25","30.667","51.583","1837.0","YASOGE, IR","    0",",,S",,,,,,,"  150","H,,S"
"IRM00040836","2003-04-28","30.667","51.583","1837.0","YASOGE, IR",,,,,,,,,"  166","H,,S"
"IRM00040836","2003-05-03","30.667","51.583","1837.0","YASOGE, IR","    0",",,S",,,,,,,"  157","H,,S"
"IRM00040836","2003-05-08","30.667","51.583","1837.0","YASOGE, IR","    0",",,S",,,,,,,"  145","H,,S"
"IRM00040836","2003-05-09","30.667","51.583","1837.0","YASOGE, IR","    5",",,S",,,,,,,"  179","H,,S"
"IRM00040836","2003-05-12","30.667","51.583","1837.0","YASOGE, IR","    0",",,S",,,,,,,"  149","H,,S"
"IRM00040836","2003-05-13","30.667","51.583","1837.0","YASOGE, IR","    0",",,S",,,,,,,"  193","H,,S"
"IRM00040836","2003-05-15","30.667","51.583","1837.0","YASOGE, IR","    0",",,S",,,,,,,"  179","H,,S"
"IRM00040836","2003-05-16","30.667","51.583","1837.0","YASOGE, IR","    0","D,,S",,,,,,,"  191","H,,S"
"IRM00040836","2003-05-20","30.667","51.583","1837.0","YASOGE, IR","    0",",,S",,,,,,,"  202","H,,S"
"IRM00040836","2003-05-22","30.667","51.583","1837.0","YASOGE, IR","    0",",,S",,,,,,,"  211","H,,S"
"IRM00040836","2003-05-25","30.667","51.583","1837.0","YASOGE, IR","    0",",,S",,,,,,,"  222","H,,S"
"IRM00040836","2003-05-27","30.667","51.583","1837.0","YASOGE, IR","    0",",,S",,,,,,,"  243","H,,S"
"IRM00040836","2003-05-28","30.667","51.583","1837.0","YASOGE, IR","    0",",,S",,,,,,,"  193","H,,S"
"IRM00040836","2003-05-29","30.667","51.583","1837.0","YASOGE, IR","    0",",,S",,,,,,,"  197","H,,S"
"IRM00040836","2003-05-31","30.667","51.583","1837.0","YASOGE, IR","    0","D,,S",,,,,,,"  201","H,,S"
"IRM00040836","2003-06-01","30.667","51.583","1837.0","YASOGE, IR","    0","D,,S",,,,,,,"  203","H,,S"
"IRM00040836","2003-06-02","30.667","51.583","1837.0","YASOGE, IR","    0",",,S",,,,,"  136",",,S","  227","H,,S"
"IRM00040836","2003-06-03","30.667","51.583","1837.0","YASOGE, IR","    0",",,S",,,,,,,"  219","H,,S"
"IRM00040836","2003-06-04","30.667","51.583","1837.0","YASOGE, IR","    0",",,S",,,,,,,"  228","H,,S"
"IRM00040836","2003-06-05","30.667","51.583","1837.0","YASOGE, IR","    0",",,S",,,,,,,"  215","H,,S"
"IRM00040836","2003-06-06","30.667","51.583","1837.0","YASOGE, IR","    0",",,S",,,,,,,"  218","H,,S"
"IRM00040836","2003-06-07","30.667","51.583","1837.0","YASOGE, IR","    0",",,S",,,,,,,"  214","H,,S"
"IRM00040836","2003-06-09","30.667","51.583","1837.0","YASOGE, IR","    0",",,S",,,,,,,"  239","H,,S"
"IRM00040836","2003-06-10","30.667","51.583","1837.0","YASOGE, IR","    0",",,S",,,,,,,"  228","H,,S"
"IRM00040836","2003-06-11","30.667","51.583","1837.0","YASOGE, IR","    0",",,S",,,,,"  106",",,S","  220","H,,S"
"IRM00040836","2003-06-12","30.667","51.583","1837.0","YASOGE, IR",,,,,,,"  130",",,S","  229","H,,S"
"IRM00040836","2003-06-14","30.667","51.583","1837.0","YASOGE, IR","    0",",,S",,,,,,,"  243","H,,S"
"IRM00040836","2003-06-16","30.667","51.583","1837.0","YASOGE, IR","    0",",,S",,,,,,,"  238","H,,S"
"IRM00040836","2003-06-18","30.667","51.583","1837.0","YASOGE, IR","    0",",,S",,,,,,,"  243","H,,S"
"IRM00040836","2003-06-19","30.667","51.583","1837.0","YASOGE, IR","    0",",,S",,,,,,,"  242","H,,S"
"IRM00040836","2003-06-20","30.667","51.583","1837.0","YASOGE, IR","    0",",,S",,,,,,,"  232","H,,S"
"IRM00040836","2003-06-21","30.667","51.583","1837.0","YASOGE, IR","    0",",,S",,,,,,,"  239","H,,S"
"IRM00040836","2003-06-22","30.667","51.583","1837.0","YASOGE, IR","    0",",,S",,,,,,,"  251","H,,S"
"IRM00040836","2003-06-24","30.667","51.583","1837.0","YASOGE, IR","    0",",,S",,,,,,,"  261","H,,S"
"IRM00040836","2003-06-26","30.667","51.583","1837.0","YASOGE, IR","    0",",,S",,,,,,,"  250","H,,S"
"IRM00040836","2003-07-02","30.667","51.583","1837.0","YASOGE, IR","    0",",,S",,,,,,,"  232","H,,S"
"IRM00040836","2003-07-03","30.667","51.583","1837.0","YASOGE, IR","    0",",,S",,,,,,,"  253","H,,S"
"IRM00040836","2003-07-04","30.667","51.583","1837.0","YASOGE, IR","    0",",,S",,,,,,,"  264","H,,S"
"IRM00040836","2003-07-05","30.667","51.583","1837.0","YASOGE, IR","    0",",,S",,,,,,,"  277","H,,S"
"IRM00040836","2003-07-06","30.667","51.583","1837.0","YASOGE, IR","    0",",,S",,,,,,,"  272","H,,S"
"IRM00040836","2003-07-07","30.667","51.583","1837.0","YASOGE, IR","    0",",,S",,,,,,,"  245","H,,S"
"IRM00040836","2003-07-08","30.667","51.583","1837.0","YASOGE, IR","    0",",,S",,,,,,,"  249","H,,S"
"IRM00040836","2003-07-09","30.667","51.583","1837.0","YASOGE, IR","    0",",,S",,,,,,,"  266","H,,S"
"IRM00040836","2003-07-10","30.667","51.583","1837.0","YASOGE, IR","    0",",,S",,,,,,,"  281","H,,S"
"IRM00040836","2003-07-11","30.667","51.583","1837.0","YASOGE, IR","    0",",,S",,,,,,,"  284","H,,S"
"IRM00040836","2003-07-13","30.667","51.583","1837.0","YASOGE, IR","    0",",,S",,,,,,,"  278","H,,S"
"IRM00040836","2003-07-14","30.667","51.583","1837.0","YASOGE, IR","    0",",,S",,,,,,,"  274","H,,S"
"IRM00040836","2003-07-15","30.667","51.583","1837.0","YASOGE, IR","    0",",,S",,,,,,,"  278","H,,S"
"IRM00040836","2003-07-16","30.667","51.583","1837.0","YASOGE, IR","    0",",,S",,,,,,,"  275","H,,S"
"IRM00040836","2003-07-17","30.667","51.583","1837.0","YASOGE, IR","    0",",,S",,,,,,,"  271","H,,S"
"IRM00040836","2003-07-18","30.667","51.583","1837.0","YASOGE, IR","    0",",,S",,,,,,,"  277","H,,S"
"IRM00040836","2003-07-20","30.667","51.583","1837.0","YASOGE, IR","    0",",,S",,,,,,,"  249","H,,S"
"IRM00040836","2003-07-21","30.667","51.583","1837.0","YASOGE, IR","    0",",,S",,,,,,,"  259","H,,S"
"IRM00040836","2003-07-22","30.667","51.583","1837.0","YASOGE, IR","    0",",,S",,,,,,,"  271","H,,S"
"IRM00040836","2003-07-23","30.667","51.583","1837.0","YASOGE, IR","    0",",,S",,,,,,,"  266","H,,S"
"IRM00040836","2003-07-24","30.667","51.583","1837.0","YASOGE, IR","    0",",,S",,,,,,,"  264","H,,S"
"IRM00040836","2003-07-25","30.667","51.583","1837.0","YASOGE, IR","    0",",,S",,,,,,,"  263","H,,S"
"IRM00040836","2003-07-26","30.667","51.583","1837.0","YASOGE, IR","    0",",,S",,,,,,,"  246","H,,S"
"IRM00040836","2003-07-28","30.667","51.583","1837.0","YASOGE, IR","    0",",,S",,,,,,,"  263","H,,S"
"IRM00040836","2003-07-29","30.667","51.583","1837.0","YASOGE, IR","    0",",,S",,,,,,,"  279","H,,S"
"IRM00040836","2003-07-30","30.667","51.583","1837.0","YASOGE, IR","    0",",,S",,,,,,,"  267","H,,S"
"IRM00040836","2003-07-31","30.667","51.583","1837.0","YASOGE, IR","    0",",,S",,,,,,,"  259","H,,S"
"IRM00040836","2003-08-01","30.667","51.583","1837.0","YASOGE, IR","    0",",,S",,,,,,,"  262","H,,S"
"IRM00040836","2003-08-03","30.667","51.583","1837.0","YASOGE, IR","    0","D,,S",,,,,,,"  270","H,,S"
"IRM00040836","2003-08-04","30.667","51.583","1837.0","YASOGE, IR","    0",",,S",,,,,,,"  253","H,,S"
"IRM00040836","2003-08-05","30.667","51.583","1837.0","YASOGE, IR","  142",",,S",,,,,,,"  241","H,,S"
"IRM00040836","2003-08-06","30.667","51.583","1837.0","YASOGE, IR","    0",",,S",,,,,,,"  256","H,,S"
"IRM00040836","2003-08-08","30.667","51.583","1837.0","YASOGE, IR","   30",",,S",,,,,,,"  258","H,,S"
"IRM00040836","2003-08-09","30.667","51.583","1837.0","YASOGE, IR","    0",",,S",,,,,,,"  271","H,,S"
"IRM00040836","2003-08-10","30.667","51.583","1837.0","YASOGE, IR","    0",",,S",,,,,,,"  282","H,,S"
"IRM00040836","2003-08-11","30.667","51.583","1837.0","YASOGE, IR","    0",",,S",,,,,,,"  258","H,,S"
"IRM00040836","2003-08-13","30.667","51.583","1837.0","YASOGE, IR","    0",",,S",,,,,,,"  268","H,,S"
"IRM00040836","2003-08-14","30.667","51.583","1837.0","YASOGE, IR","    0",",,S",,,,,,,"  259","H,,S"
"IRM00040836","2003-08-16","30.667","51.583","1837.0","YASOGE, IR","    0",",,S",,,,,,,"  268","H,,S"
"IRM00040836","2003-08-17","30.667","51.583","1837.0","YASOGE, IR","    0",",,S",,,,,,,"  258","H,,S"
"IRM00040836","2003-08-18","30.667","51.583","1837.0","YASOGE, IR","    0",",,S",,,,,,,"  258","H,,S"
"IRM00040836","2003-08-19","30.667","51.583","1837.0","YASOGE, IR","    0",",,S",,,,,,,"  255","H,,S"
"IRM00040836","2003-08-21","30.667","51.583","1837.0","YASOGE, IR","    0",",,S",,,,,,,"  252","H,,S"
"IRM00040836","2003-08-22","30.667","51.583","1837.0","YASOGE, IR","    0",",,S",,,,,,,"  251","H,,S"
"IRM00040836","2003-08-23","30.667","51.583","1837.0","YASOGE, IR","    0",",,S",,,,,,,"  219","H,,S"
"IRM00040836","2003-08-24","30.667","51.583","1837.0","YASOGE, IR","    0",",,S",,,,,,,"  231","H,,S"
"IRM00040836","2003-08-25","30.667","51.583","1837.0","YASOGE, IR","    0",",,S",,,,,,,"  230","H,,S"
"IRM00040836","2003-08-27","30.667","51.583","1837.0","YASOGE, IR","    0",",,S",,,,,,,"  246","H,,S"
"IRM00040836","2003-08-28","30.667","51.583","1837.0","YASOGE, IR","    0",",,S",,,,,,,"  246","H,,S"
"IRM00040836","2003-08-29","30.667","51.583","1837.0","YASOGE, IR","    0",",,S",,,,,,,"  241","H,,S"
"IRM00040836","2003-08-31","30.667","51.583","1837.0","YASOGE, IR","    0",",,S",,,,,,,"  234","H,,S"
"IRM00040836","2003-09-02","30.667","51.583","1837.0","YASOGE, IR","    0",",,S",,,"  344",",,S",,,"  238","H,,S"
"IRM00040836","2003-09-03","30.667","51.583","1837.0","YASOGE, IR","    0",",,S",,,,,,,"  244","H,,S"
"IRM00040836","2003-09-04","30.667","51.583","1837.0","YASOGE, IR","    0",",,S",,,,,,,"  241","H,,S"
"IRM00040836","2003-09-05","30.667","51.583","1837.0","YASOGE, IR","    0",",,S",,,,,,,"  235","H,,S"
"IRM00040836","2003-09-06","30.667","51.583","1837.0","YASOGE, IR","    0",",,S",,,,,,,"  243","H,,S"
"IRM00040836","2003-09-07","30.667","51.583","1837.0","YASOGE, IR","    0",",,S",,,,,,,"  228","H,,S"
"IRM00040836","2003-09-10","30.667","51.583","1837.0","YASOGE, IR","    0",",,S",,,,,,,"  221","H,,S"
"IRM00040836","2003-09-11","30.667","51.583","1837.0","YASOGE, IR","    0",",,S",,,,,,,"  212","H,,S"
"IRM00040836","2003-09-12","30.667","51.583","1837.0","YASOGE, IR","    0",",,S",,,,,,,"  202","H,,S"
"IRM00040836","2003-09-13","30.667","51.583","1837.0","YASOGE, IR","    0",",,S",,,,,,,"  211","H,,S"
"IRM00040836","2003-09-14","30.667","51.583","1837.0","YASOGE, IR","    0",",,S",,,,,,,"  213","H,,S"
"IRM00040836","2003-09-15","30.667","51.583","1837.0","YASOGE, IR","    0",",,S",,,,,,,"  224","H,,S"
"IRM00040836","2003-09-16","30.667","51.583","1837.0","YASOGE, IR","    0",",,S",,,,,,,"  223","H,,S"
"IRM00040836","2003-09-17","30.667","51.583","1837.0","YASOGE, IR","    0",",,S",,,,,,,"  221","H,,S"
"IRM00040836","2003-09-18","30.667","51.583","1837.0","YASOGE, IR","    0",",,S",,,,,,,"  213","H,,S"
"IRM00040836","2003-09-19","30.667","51.583","1837.0","YASOGE, IR","    0",",,S",,,,,,,"  197","H,,S"
"IRM00040836","2003-09-20","30.667","51.583","1837.0","YASOGE, IR","    0",",,S",,,,,,,"  207","H,,S"
"IRM00040836","2003-09-21","30.667","51.583","1837.0","YASOGE, IR","    0",",,S",,,,,,,"  209","H,,S"
"IRM00040836","2003-09-22","30.667","51.583","1837.0","YASOGE, IR","    0",",,S",,,,,,,"  211","H,,S"
"IRM00040836","2003-09-23","30.667","51.583","1837.0","YASOGE, IR","    0",",,S",,,,,,,"  213","H,,S"
"IRM00040836","2003-09-24","30.667","51.583","1837.0","YASOGE, IR","    0",",,S",,,,,,,"  202","H,,S"
"IRM00040836","2003-09-25","30.667","51.583","1837.0","YASOGE, IR","    0",",,S",,,,,,,"  199","H,,S"
"IRM00040836","2003-09-26","30.667","51.583","1837.0","YASOGE, IR","    0",",,S",,,,,,,"  194","H,,S"
"IRM00040836","2003-09-27","30.667","51.583","1837.0","YASOGE, IR","    0",",,S",,,,,,,"  195","H,,S"
"IRM00040836","2003-09-28","30.667","51.583","1837.0","YASOGE, IR","    0",",,S",,,,,,,"  192","H,,S"
"IRM00040836","2003-09-29","30.667","51.583","1837.0","YASOGE, IR","    0",",,S",,,,,,,"  175","H,,S"
"IRM00040836","2003-09-30","30.667","51.583","1837.0","YASOGE, IR","    0",",,S",,,,,,,"  198","H,,S"
"IRM00040836","2003-10-01","30.667","51.583","1837.0","YASOGE, IR","    0",",,S",,,,,,,"  196","H,,S"
"IRM00040836","2003-10-02","30.667","51.583","1837.0","YASOGE, IR","    0",",,S",,,,,,,"  190","H,,S"
"IRM00040836","2003-10-03","30.667","51.583","1837.0","YASOGE, IR","    0",",,S",,,,,"  100",",,S","  172","H,,S"
"IRM00040836","2003-10-04","30.667","51.583","1837.0","YASOGE, IR","    0","D,,S",,,,,,,"  190","H,,S"
"IRM00040836","2003-10-05","30.667","51.583","1837.0","YASOGE, IR","    0","D,,S",,,,,,,"  189","H,,S"
"IRM00040836","2003-10-06","30.667","51.583","1837.0","YASOGE, IR","    0",",,S",,,,,,,"  172","H,,S"
"IRM00040836","2003-10-07","30.667","51.583","1837.0","YASOGE, IR","    0",",,S",,,,,,,"  174","H,,S"
"IRM00040836","2003-10-08","30.667","51.583","1837.0","YASOGE, IR","    0",",,S",,,,,,,"  183","H,,S"
"IRM00040836","2003-10-10","30.667","51.583","1837.0","YASOGE, IR","    0",",,S",,,,,,,"  181","H,,S"
"IRM00040836","2003-10-11","30.667","51.583","1837.0","YASOGE, IR","    0",",,S",,,,,,,"  181","H,,S"
"IRM00040836","2003-10-12","30.667","51.583","1837.0","YASOGE, IR","    0",",,S",,,,,,,"  171","H,,S"
"IRM00040836","2003-10-13","30.667","51.583","1837.0","YASOGE, IR","    0",",,S",,,,,,,"  166","H,,S"
"IRM00040836","2003-10-15","30.667","51.583","1837.0","YASOGE, IR","    0",",,S",,,,,,,"  167","H,,S"
"IRM00040836","2003-10-16","30.667","51.583","1837.0","YASOGE, IR","    0",",,S",,,,,,,"  162","H,,S"
"IRM00040836","2003-10-17","30.667","51.583","1837.0","YASOGE, IR","    0",",,S",,,,,,,"  161","H,,S"
"IRM00040836","2003-10-18","30.667","51.583","1837.0","YASOGE, IR","    0",",,S",,,,,,,"  155","H,,S"
"IRM00040836","2003-10-19","30.667","51.583","1837.0","YASOGE, IR","    0",",,S",,,,,,,"  160","H,,S"
"IRM00040836","2003-10-20","30.667","51.583","1837.0","YASOGE, IR","    0",",,S",,,,,,,"  157","H,,S"
"IRM00040836","2003-10-21","30.667","51.583","1837.0","YASOGE, IR","    0",",,S",,,,,,,"  158","H,,S"
"IRM00040836","2003-10-24","30.667","51.583","1837.0","YASOGE, IR","    0",",,S",,,,,,,"  153","H,,S"
"IRM00040836","2003-10-25","30.667","51.583","1837.0","YASOGE, IR","    0",",,S",,,,,,,"  155","H,,S"
"IRM00040836","2003-10-28","30.667","51.583","1837.0","YASOGE, IR","    0",",,S",,,,,,,"  146","H,,S"
"IRM00040836","2003-10-29","30.667","51.583","1837.0","YASOGE, IR","   46",",,S",,,,,,,"  144","H,,S"
"IRM00040836","2003-10-31","30.667","51.583","1837.0","YASOGE, IR","    0","D,,S",,,,,,,"  145","H,,S"
"IRM00040836","2003-11-01","30.667","51.583","1837.0","YASOGE, IR","    0",",,S",,,,,,,"  136","H,,S"
"IRM00040836","2003-11-02","30.667","51.583","1837.0","YASOGE, IR","    0",",,S",,,,,,,"  136","H,,S"
"IRM00040836","2003-11-03","30.667","51.583","1837.0","YASOGE, IR","    0",",,S",,,,,,,"  112","H,,S"
"IRM00040836","2003-11-04","30.667","51.583","1837.0","YASOGE, IR","    0",",,S",,,,,,,"  121","H,,S"
"IRM00040836","2003-11-05","30.667","51.583","1837.0","YASOGE, IR","    0",",,S",,,,,,,"  119","H,,S"
"IRM00040836","2003-11-06","30.667","51.583","1837.0","YASOGE, IR","    0",",,S",,,,,,,"  123","H,,S"
"IRM00040836","2003-11-08","30.667","51.583","1837.0","YASOGE, IR","    0",",,S",,,,,,,"  117","H,,S"
"IRM00040836","2003-11-09","30.667","51.583","1837.0","YASOGE, IR","    0","D,,S",,,,,,,"  112","H,,S"
"IRM00040836","2003-11-11","30.667","51.583","1837.0","YASOGE, IR","    0",",,S",,,,,,,"  114","H,,S"
"IRM00040836","2003-11-14","30.667","51.583","1837.0","YASOGE, IR","    0",",,S",,,,,,,"   86","H,,S"
"IRM00040836","2003-11-16","30.667","51.583","1837.0","YASOGE, IR","    0",",,S",,,,,,,"   57","H,,S"
"IRM00040836","2003-11-17","30.667","51.583","1837.0","YASOGE, IR","    0",",,S",,,,,,,"   64","H,,S"
"IRM00040836","2003-11-18","30.667","51.583","1837.0","YASOGE, IR","    0",",,S",,,,,,,"   55","H,,S"
"IRM00040836","2003-11-20","30.667","51.583","1837.0","YASOGE, IR","    0",",,S",,,,,,,"   53","H,,S"
"IRM00040836","2003-11-21","30.667","51.583","1837.0","YASOGE, IR","    0",",,S",,,,,,,"   81","H,,S"
"IRM00040836","2003-11-22","30.667","51.583","1837.0","YASOGE, IR","    0",",,S",,,,,,,"   72","H,,S"
"IRM00040836","2003-11-23","30.667","51.583","1837.0","YASOGE, IR","    0",",,S",,,,,,,"   63","H,,S"
"IRM00040836","2003-11-24","30.667","51.583","1837.0","YASOGE, IR","    0",",,S",,,,,,,"   69","H,,S"
"IRM00040836","2003-11-25","30.667","51.583","1837.0","YASOGE, IR","    0",",,S",,,,,,,"   77","H,,S"
"IRM00040836","2003-11-27","30.667","51.583","1837.0","YASOGE, IR","    0",",,S",,,,,,,"   94","H,,S"
"IRM00040836","2003-11-28","30.667","51.583","1837.0","YASOGE, IR","    0",",,S",,,,,,,"   97","H,,S"
"IRM00040836","2003-11-29","30.667","51.583","1837.0","YASOGE, IR","    0",",,S",,,,,,,"   99","H,,S"
"IRM00040836","2003-11-30","30.667","51.583","1837.0","YASOGE, IR","   89","D,,S",,,,,,,"   53","H,,S"
"IRM00040836","2003-12-02","30.667","51.583","1837.0","YASOGE, IR",,,,,,,,,"   87","H,,S"
"IRM00040836","2003-12-03","30.667","51.583","1837.0","YASOGE, IR","    5","D,,S",,,,,,,"   68","H,,S"
"IRM00040836","2003-12-07","30.667","51.583","1837.0","YASOGE, IR","  318",",,S",,,,,,,"   63","H,,S"
"IRM00040836","2003-12-10","30.667","51.583","1837.0","YASOGE, IR","    0",",,S",,,,,,,"   49","H,,S"
"IRM00040836","2003-12-11","30.667","51.583","1837.0","YASOGE, IR","    0",",,S",,,,,,,"   55","H,,S"
"IRM00040836","2003-12-13","30.667","51.583","1837.0","YASOGE, IR","    0",",,S",,,,,,,"   39","H,,S"
"IRM00040836","2003-12-14","30.667","51.583","1837.0","YASOGE, IR","    0",",,S",,,,,,,"   28","H,,S"
"IRM00040836","2003-12-15","30.667","51.583","1837.0","YASOGE, IR","    0",",,S",,,,,,,"   47","H,,S"
"IRM00040836","2003-12-16","30.667","51.583","1837.0","YASOGE, IR","    0",",,S",,,,,,,"   66","H,,S"
"IRM00040836","2003-12-17","30.667","51.583","1837.0","YASOGE, IR","    0",",,S",,,,,,,"   71","H,,S"
"IRM00040836","2003-12-18","30.667","51.583","1837.0","YASOGE, IR","    0",",,S",,,,,,,"   83","H,,S"
"IRM00040836","2003-12-19","30.667","51.583","1837.0","YASOGE, IR","    0",",,S",,,"  186",",,S",,,"   92","H,,S"
"IRM00040836","2003-12-20","30.667","51.583","1837.0","YASOGE, IR","   56",",,S",,,,,,,"   48","H,,S"
"IRM00040836","2003-12-21","30.667","51.583","1837.0","YASOGE, IR","  221",",,S",,,,,,,"   66","H,,S"
"IRM00040836","2003-12-22","30.667","51.583","1837.0","YASOGE, IR","    0",",,S",,,,,,,"   48","H,,S"
"IRM00040836","2003-12-23","30.667","51.583","1837.0","YASOGE, IR","    0",",,S",,,,,,,"   52","H,,S"
"IRM00040836","2003-12-25","30.667","51.583","1837.0","YASOGE, IR","    0",",,S",,,,,,,"   46","H,,S"
"IRM00040836","2003-12-26","30.667","51.583","1837.0","YASOGE, IR","    0",",,S",,,,,,,"   48","H,,S"
"IRM00040836","2003-12-27","30.667","51.583","1837.0","YASOGE, IR",,,,,,,,,"   52","H,,S"
"IRM00040836","2003-12-28","30.667","51.583","1837.0","YASOGE, IR","  828","D,,S","   30",",,S",,,,,"   21","H,,S"
"IRM00040836","2003-12-30","30.667","51.583","1837.0","YASOGE, IR","    5",",,S",,,,,,,"   42","H,,S"
"IRM00040836","2003-12-31","30.667","51.583","1837.0","YASOGE, IR","    0",",,S",,,,,,,"   13","H,,S"
"IRM00040836","2004-01-01","30.667","51.583","1837.0","YASOGE, IR","    0",",,S",,,,,,,"   25","H,,S"
"IRM00040836","2004-01-02","30.667","51.583","1837.0","YASOGE, IR",,,,,,,,,"   43","H,,S"
"IRM00040836","2004-01-04","30.667","51.583","1837.0","YASOGE, IR","  282",",,S",,,,,,,"   62","H,,S"
"IRM00040836","2004-01-05","30.667","51.583","1837.0","YASOGE, IR","    0",",,S",,,,,,,"   58","H,,S"
"IRM00040836","2004-01-06","30.667","51.583","1837.0","YASOGE, IR","   13",",,S",,,,,,,"   73","H,,S"
"IRM00040836","2004-01-11","30.667","51.583","1837.0","YASOGE, IR"," 1349","D,,S","   20",",,S",,,,,"    2","H,,S"
"IRM00040836","2004-01-13","30.667","51.583","1837.0","YASOGE, IR","  800","D,,S","   61",",,S",,,,,"   57","H,,S"
"IRM00040836","2004-01-14","30.667","51.583","1837.0","YASOGE, IR","  371","D,,S",,,,,,,"   67","H,,S"
"IRM00040836","2004-01-15","30.667","51.583","1837.0","YASOGE, IR","    0",",,S",,,,,,,"   45","H,,S"
"IRM00040836","2004-01-16","30.667","51.583","1837.0","YASOGE, IR","    0",",,S",,,,,,,"   24","H,,S"
"IRM00040836","2004-01-17","30.667","51.583","1837.0","YASOGE, IR","    0",",,S",,,,,,,"   34","H,,S"
"IRM00040836","2004-01-18","30.667","51.583","1837.0","YASOGE, IR","    5",",,S",,,,,,,"   36","H,,S"
"IRM00040836","2004-01-19","30.667","51.583","1837.0","YASOGE, IR","    0",",,S",,,,,,,"   38","H,,S"
"IRM00040836","2004-01-20","30.667","51.583","1837.0","YASOGE, IR","    0",",,S",,,,,,,"   23","H,,S"
"IRM00040836","2004-01-21","30.667","51.583","1837.0","YASOGE, IR","    0",",,S",,,,,,,"   13","H,,S"
"IRM00040836","2004-01-26","30.667","51.583","1837.0","YASOGE, IR","   10",",,S",,,,,,,"   47","H,,S"
"IRM00040836","2004-01-27","30.667","51.583","1837.0","YASOGE, IR","  292",",,S",,,,,,,"   39","H,,S"
"IRM00040836","2004-01-28","30.667","51.583","1837.0","YASOGE, IR","    0",",,S",,,,,,,"   11","H,,S"
"IRM00040836","2004-01-30","30.667","51.583","1837.0","YASOGE, IR","    0",",,S",,,,,,,"   29","H,,S"
"IRM00040836","2004-02-01","30.667","51.583","1837.0","YASOGE, IR","    0",",,S",,,,,,,"   42","H,,S"
"IRM00040836","2004-02-02","30.667","51.583","1837.0","YASOGE, IR","  361","D,,S",,,,,,,"   37","H,,S"
"IRM00040836","2004-02-03","30.667","51.583","1837.0","YASOGE, IR","   41","D,,S",,,,,,,"   39","H,,S"
"IRM00040836","2004-02-04","30.667","51.583","1837.0","YASOGE, IR","    0",",,S",,,,,,,"   36","H,,S"
"IRM00040836","2004-02-07","30.667","51.583","1837.0","YASOGE, IR","  300",",,S",,,,,,,"   36","H,,S"
"IRM00040836","2004-02-09","30.667","51.583","1837.0","YASOGE, IR","    0",",,S",,,,,,,"   48","H,,S"
"IRM00040836","2004-02-10","30.667","51.583","1837.0","YASOGE, IR","    0",",,S",,,,,,,"   58","H,,S"
"IRM00040836","2004-02-13","30.667","51.583","1837.0","YASOGE, IR","    0",",,S",,,,,,,"  103","H,,S"
"IRM00040836","2004-02-14","30.667","51.583","1837.0","YASOGE, IR","    0",",,S",,,,,,,"  113","H,,S"
"IRM00040836","2004-02-15","30.667","51.583","1837.0","YASOGE, IR","  150","D,,S",,,,,,,"   92","H,,S"
"IRM00040836","2004-02-16","30.667","51.583","1837.0","YASOGE, IR","    0","D,,S",,,,,,,"   53","H,,S"
"IRM00040836","2004-02-17","30.667","51.583","1837.0","YASOGE, IR","    0",",,S",,,,,,,"   58","H,,S"
"IRM00040836","2004-02-18","30.667","51.583","1837.0","YASOGE, IR","    0",",,S",,,,,,,"   69","H,,S"
"IRM00040836","2004-02-19","30.667","51.583","1837.0","YASOGE, IR","    0",",,S",,,,,,,"   92","H,,S"
"IRM00040836","2004-02-20","30.667","51.583","1837.0","YASOGE, IR","    0",",,S",,,,,,,"   73","H,,S"
"IRM00040836","2004-02-21","30.667","51.583","1837.0","YASOGE, IR","    0",",,S",,,,,,,"   48","H,,S"
"IRM00040836","2004-02-22","30.667","51.583","1837.0","YASOGE, IR","    0",",,S",,,,,,,"   38","H,,S"
"IRM00040836","2004-02-23","30.667","51.583","1837.0","YASOGE, IR","  259","D,,S",,,,,,,"   51","H,,S"
"IRM00040836","2004-02-24","30.667","51.583","1837.0","YASOGE, IR","    0","D,,S",,,,,,,"   67","H,,S"
"IRM00040836","2004-02-26","30.667","51.583","1837.0","YASOGE, IR","    0",",,S",,,,,,,"   64","H,,S"
"IRM00040836","2004-02-28","30.667","51.583","1837.0","YASOGE, IR","    0",",,S",,,,,,,"   88","H,,S"
"IRM00040836","2004-02-29","30.667","51.583","1837.0","YASOGE, IR","    0",",,S",,,,,,,"   98","H,,S"
"IRM00040836","2004-03-01","30.667","51.583","1837.0","YASOGE, IR","    0",",,S",,,,,,,"  102","H,,S"
"IRM00040836","2004-03-02","30.667","51.583","1837.0","YASOGE, IR","    0",",,S",,,,,,,"  102","H,,S"
"IRM00040836","2004-03-03","30.667","51.583","1837.0","YASOGE, IR","    0",",,S",,,,,,,"  120","H,,S"
"IRM00040836","2004-03-04","30.667","51.583","1837.0","YASOGE, IR","    0",",,S",,,,,,,"  127","H,,S"
"IRM00040836","2004-03-05","30.667","51.583","1837.0","YASOGE, IR","    0",",,S",,,,,,,"  146","H,,S"
"IRM00040836","2004-03-06","30.667","51.583","1837.0","YASOGE, IR","    0",",,S",,,,,,,"  154","H,,S"
"IRM00040836","2004-03-08","30.667","51.583","1837.0","YASOGE, IR","    0",",,S",,,,,,,"  135","H,,S"
"IRM00040836","2004-03-09","30.667","51.583","1837.0","YASOGE, IR","    0",",,S",,,,,,,"  146","H,,S"
"IRM00040836","2004-03-11","30.667","51.583","1837.0","YASOGE, IR","    0","D,,S",,,,,,,"  140","H,,S"
"IRM00040836","2004-03-12","30.667","51.583","1837.0","YASOGE, IR","    0",",,S",,,,,,,"  138","H,,S"
"IRM00040836","2004-03-13","30.667","51.583","1837.0","YASOGE, IR","  102","D,,S",,,,,,,"  107","H,,S"
"IRM00040836","2004-03-14","30.667","51.583","1837.0","YASOGE, IR","  170","D,,S",,,,,,,"   79","H,,S"
"IRM00040836","2004-03-16","30.667","51.583","1837.0","YASOGE, IR","   15",",,S",,,,,,,"   44","H,,S"
"IRM00040836","2004-03-17","30.667","51.583","1837.0","YASOGE, IR","    0",",,S",,,,,,,"   51","H,,S"
"IRM00040836","2004-03-18","30.667","51.583","1837.0","YASOGE, IR","    0",",,S",,,,,,,"   47","H,,S"
"IRM00040836","2004-03-19","30.667","51.583","1837.0","YASOGE, IR","   38",",,S",,,,,,,"   66","H,,S"
"IRM00040836","2004-03-20","30.667","51.583","1837.0","YASOGE, IR","  109",",,S",,,,,,,"   86","H,,S"
"IRM00040836","2004-03-21","30.667","51.583","1837.0","YASOGE, IR","    0",",,S",,,,,,,"   70","H,,S"
"IRM00040836","2004-03-22","30.667","51.583","1837.0","YASOGE, IR","    0",",,S",,,,,,,"   74","H,,S"
"IRM00040836","2004-03-24","30.667","51.583","1837.0","YASOGE, IR","    0",",,S",,,,,,,"  111","H,,S"
"IRM00040836","2004-03-26","30.667","51.583","1837.0","YASOGE, IR","    0",",,S",,,,,,,"  116","H,,S"
"IRM00040836","2004-03-27","30.667","51.583","1837.0","YASOGE, IR","    0",",,S",,,,,,,"  126","H,,S"
"IRM00040836","2004-03-28","30.667","51.583","1837.0","YASOGE, IR","    0",",,S",,,,,,,"  138","H,,S"
"IRM00040836","2004-03-29","30.667","51.583","1837.0","YASOGE, IR","    0",",,S",,,,,,,"  144","H,,S"
"IRM00040836","2004-03-30","30.667","51.583","1837.0","YASOGE, IR","    0",",,S",,,,,,,"  128","H,,S"
"IRM00040836","2004-03-31","30.667","51.583","1837.0","YASOGE, IR","    0",",,S",,,,,,,"   93","H,,S"
"IRM00040836","2004-04-01","30.667","51.583","1837.0","YASOGE, IR","   61",",,S",,,,,,,"  128","H,,S"
"IRM00040836","2004-04-03","30.667","51.583","1837.0","YASOGE, IR","    0",",,S",,,,,,,"  128","H,,S"
"IRM00040836","2004-04-04","30.667","51.583","1837.0","YASOGE, IR","  658","D,,S",,,,,,,"   98","H,,S"
"IRM00040836","2004-04-05","30.667","51.583","1837.0","YASOGE, IR","  201","D,,S",,,,,,,"  112","H,,S"
"IRM00040836","2004-04-06","30.667","51.583","1837.0","YASOGE, IR","    0","D,,S",,,,,,,"  109","H,,S"
"IRM00040836","2004-04-07","30.667","51.583","1837.0","YASOGE, IR",,,,,,,,,"   99","H,,S"
"IRM00040836","2004-04-08","30.667","51.583","1837.0","YASOGE, IR","    0",",,S",,,,,,,"  114","H,,S"
"IRM00040836","2004-04-09","30.667","51.583","1837.0","YASOGE, IR","    0",",,S",,,,,,,"  132","H,,S"
"IRM00040836","2004-04-10","30.667","51.583","1837.0","YASOGE, IR","    0",",,S",,,,,,,"  131","H,,S"
"IRM00040836","2004-04-11","30.667","51.583","1837.0","YASOGE, IR","    0",",,S",,,,,,,"   96","H,,S"
"IRM00040836","2004-04-12","30.667","51.583","1837.0","YASOGE, IR","   36",",,S",,,,,,,"  111","H,,S"
"IRM00040836","2004-04-14","30.667","51.583","1837.0","YASOGE, IR","   51",",,S",,,,,,,"  104","H,,S"
"IRM00040836","2004-04-15","30.667","51.583","1837.0","YASOGE, IR","    5",",,S",,,,,,,"   91","H,,S"
"IRM00040836","2004-04-16","30.667","51.583","1837.0","YASOGE, IR","   61",",,S",,,,,,,"  122","H,,S"
"IRM00040836","2004-04-19","30.667","51.583","1837.0","YASOGE, IR","    0",",,S",,,,,,,"  108","H,,S"
"IRM00040836","2004-04-21","30.667","51.583","1837.0","YASOGE, IR","   20",",,S",,,,,,,"  118","H,,S"
"IRM00040836","2004-04-22","30.667","51.583","1837.0","YASOGE, IR","    0",",,S",,,,,,,"  148","H,,S"
"IRM00040836","2004-04-23","30.667","51.583","1837.0","YASOGE, IR","    5","D,,S",,,,,,,"  142","H,,S"
"IRM00040836","2004-04-24","30.667","51.583","1837.0","YASOGE, IR","   48","D,,S",,,,,,,"  146","H,,S"
"IRM00040836","2004-04-26","30.667","51.583","1837.0","YASOGE, IR","   33",",,S",,,,,,,"  138","H,,S"
"IRM00040836","2004-04-28","30.667","51.583","1837.0","YASOGE, IR","    0",",,S",,,,,,,"  149","H,,S"
"IRM00040836","2004-04-29","30.667","51.583","1837.0","YASOGE, IR","    0",",,S",,,,,,,"  162","H,,S"
"IRM00040836","2004-04-30","30.667","51.583","1837.0","YASOGE, IR","    0",",,S",,,,,,,"  151","H,,S"
"IRM00040836","2004-05-01","30.667","51.583","1837.0","YASOGE, IR",,,,,,,,,"  132","H,,S"
"IRM00040836","2004-05-02","30.667","51.583","1837.0","YASOGE, IR",,,,,,,,,"  164","H,,S"
"IRM00040836","2004-05-03","30.667","51.583","1837.0","YASOGE, IR","    0",",,S",,,,,,,"  175","H,,S"
"IRM00040836","2004-05-04","30.667","51.583","1837.0","YASOGE, IR","    5",",,S",,,,,,,"  185","H,,S"
"IRM00040836","2004-05-06","30.667","51.583","1837.0","YASOGE, IR","    0","D,,S",,,,,,,"  142","H,,S"
"IRM00040836","2004-05-07","30.667","51.583","1837.0","YASOGE, IR","    0",",,S",,,,,,,"  156","H,,S"
"IRM00040836","2004-05-08","30.667","51.583","1837.0","YASOGE, IR","    0",",,S",,,,,,,"  182","H,,S"
"IRM00040836","2004-05-09","30.667","51.583","1837.0","YASOGE, IR","    0",",,S",,,,,,,"  183","H,,S"
"IRM00040836","2004-05-10","30.667","51.583","1837.0","YASOGE, IR","    0",",,S",,,,,,,"  192","H,,S"
"IRM00040836","2004-05-11","30.667","51.583","1837.0","YASOGE, IR","    0",",,S",,,,,,,"  184","H,,S"
"IRM00040836","2004-05-12","30.667","51.583","1837.0","YASOGE, IR","    0",",,S",,,,,,,"  199","H,,S"
"IRM00040836","2004-05-14","30.667","51.583","1837.0","YASOGE, IR","    0",",,S",,,,,,,"  144","H,,S"
"IRM00040836","2004-05-15","30.667","51.583","1837.0","YASOGE, IR","    0",",,S",,,,,,,"  156","H,,S"
"IRM00040836","2004-05-16","30.667","51.583","1837.0","YASOGE, IR","    0",",,S",,,,,,,"  169","H,,S"
"IRM00040836","2004-05-17","30.667","51.583","1837.0","YASOGE, IR","    0",",,S",,,,,,,"  160","H,,S"
"IRM00040836","2004-05-21","30.667","51.583","1837.0","YASOGE, IR","    0",",,S",,,,,,,"  205","H,,S"
"IRM00040836","2004-05-22","30.667","51.583","1837.0","YASOGE, IR","    0",",,S",,,,,,,"  210","H,,S"
"IRM00040836","2004-05-23","30.667","51.583","1837.0","YASOGE, IR","    0",",,S",,,,,,,"  222","H,,S"
"IRM00040836","2004-05-24","30.667","51.583","1837.0","YASOGE, IR","    0",",,S",,,,,,,"  195","H,,S"
"IRM00040836","2004-05-25","30.667","51.583","1837.0","YASOGE, IR","    0",",,S",,,,,,,"  186","H,,S"
"IRM00040836","2004-05-26","30.667","51.583","1837.0","YASOGE, IR","    0",",,S",,,,,,,"  198","H,,S"
"IRM00040836","2004-05-27","30.667","51.583","1837.0","YASOGE, IR","    0",",,S",,,,,,,"  212","H,,S"
"IRM00040836","2004-05-28","30.667","51.583","1837.0","YASOGE, IR","    0",",,S",,,,,,,"  214","H,,S"
"IRM00040836","2004-05-30","30.667","51.583","1837.0","YASOGE, IR","    0",",,S",,,,,,,"  183","H,,S"
"IRM00040836","2004-05-31","30.667","51.583","1837.0","YASOGE, IR","    0",",,S",,,,,,,"  187","H,,S"
"IRM00040836","2004-06-01","30.667","51.583","1837.0","YASOGE, IR","    0",",,S",,,,,,,"  208","H,,S"
"IRM00040836","2004-06-02","30.667","51.583","1837.0","YASOGE, IR","    0",",,S",,,,,,,"  208","H,,S"
"IRM00040836","2004-06-03","30.667","51.583","1837.0","YASOGE, IR","    0",",,S",,,,,,,"  219","H,,S"
"IRM00040836","2004-06-04","30.667","51.583","1837.0","YASOGE, IR","    0",",,S",,,,,,,"  218","H,,S"
"IRM00040836","2004-06-05","30.667","51.583","1837.0","YASOGE, IR","    0",",,S",,,,,,,"  214","H,,S"
"IRM00040836","2004-06-06","30.667","51.583","1837.0","YASOGE, IR","    0",",,S",,,,,,,"  222","H,,S"
"IRM00040836","2004-06-07","30.667","51.583","1837.0","YASOGE, IR","    0",",,S",,,,,,,"  237","H,,S"
"IRM00040836","2004-06-08","30.667","51.583","1837.0","YASOGE, IR","    0",",,S",,,,,,,"  238","H,,S"
"IRM00040836","2004-06-09","30.667","51.583","1837.0","YASOGE, IR","    0",",,S",,,"  316",",,S",,,"  229","H,,S"
"IRM00040836","2004-06-10","30.667","51.583","1837.0","YASOGE, IR","    0",",,S",,,"  316",",,S","  128",",,S","  229","H,,S"
"IRM00040836","2004-06-11","30.667","51.583","1837.0","YASOGE, IR","    0",",,S",,,"  320",",,S","  130",",,S","  232","H,,S"
"IRM00040836","2004-06-12","30.667","51.583","1837.0","YASOGE, IR","    0",",,S",,,"  332",",,S","  124",",,S","  234","H,,S"
"IRM00040836","2004-06-13","30.667","51.583","1837.0","YASOGE, IR","    0",",,S",,,"  336",",,S","  124",",,S","  231","H,,S"
"IRM00040836","2004-06-14","30.667","51.583","1837.0","YASOGE, IR","    0",",,S",,,,,,,"  239","H,,S"
"IRM00040836","2004-06-15","30.667","51.583","1837.0","YASOGE, IR","    0",",,S",,,"  308",",,S","  124",",,S","  208","H,,S"
"IRM00040836","2004-06-16","30.667","51.583","1837.0","YASOGE, IR","    0",",,S",,,"  314",",,S","  122",",,S","  219","H,,S"
"IRM00040836","2004-06-17","30.667","51.583","1837.0","YASOGE, IR","    0",",,S",,,"  322",",,S",,,"  239","H,,S"
"IRM00040836","2004-06-18","30.667","51.583","1837.0","YASOGE, IR","    0",",,S",,,"  314",",,S","  136",",,S","  224","H,,S"
"IRM00040836","2004-06-19","30.667","51.583","1837.0","YASOGE, IR","    0",",,S",,,"  340",",,S","  144",",,S","  254","H,,S"
"IRM00040836","2004-06-20","30.667","51.583","1837.0","YASOGE, IR","    0",",,S",,,"  350",",,S","  178",",,S","  261","H,,S"
"IRM00040836","2004-06-21","30.667","51.583","1837.0","YASOGE, IR","    0",",,S",,,"  344",",,S","  184",",,S","  262","H,,S"
"IRM00040836","2004-06-22","30.667","51.583","1837.0","YASOGE, IR","    0",",,S",,,"  326",",,S","  182",",,S","  246","H,,S"
"IRM00040836","2004-06-23","30.667","51.583","1837.0","YASOGE, IR","    0",",,S",,,"  342",",,S","  174",",,S","  257","H,,S"
"IRM00040836","2004-06-24","30.667","51.583","1837.0","YASOGE, IR",,,,,"  336",",,S","  170",",,S","  247","H,,S"
"IRM00040836","2004-06-25","30.667","51.583","1837.0","YASOGE, IR","    0",",,S",,,"  342",",,S","  146",",,S","  250","H,,S"
"IRM00040836","2004-06-26","30.667","51.583","1837.0","YASOGE, IR","    0",",,S",,,"  346",",,S","  156",",,S","  258","H,,S"
"IRM00040836","2004-06-27","30.667","51.583","1837.0","YASOGE, IR","    0",",,S",,,"  344",",,S","  190",",,S","  264","H,,S"
"IRM00040836","2004-06-28","30.667","51.583","1837.0","YASOGE, IR","    0",",,S",,,"  324",",,S","  148",",,S","  232","H,,S"
"IRM00040836","2004-06-29","30.667","51.583","1837.0","YASOGE, IR","    0",",,S",,,"  322",",,S","  144",",,S","  222","H,,S"
"IRM00040836","2004-06-30","30.667","51.583","1837.0","YASOGE, IR","    0","D,,S",,,"  350",",,S","  146",",,S","  245","H,,S"
"IRM00040836","2004-07-01","30.667","51.583","1837.0","YASOGE, IR","    0",",,S",,,"  346",",,S","  166",",,S","  262","H,,S"
"IRM00040836","2004-07-02","30.667","51.583","1837.0","YASOGE, IR",,,,,,,"  172",",,S","  209","H,,S"
"IRM00040836","2004-07-03","30.667","51.583","1837.0","YASOGE, IR","    0",",,S",,,"  344",",,S","  168",",,S","  258","H,,S"
"IRM00040836","2004-07-04","30.667","51.583","1837.0","YASOGE, IR","    0",",,S",,,,,"  174",",,S","  256","H,,S"
"IRM00040836","2004-07-05","30.667","51.583","1837.0","YASOGE, IR",,,,,"  354",",,S","  178",",,S","  293","H,,S"
"IRM00040836","2004-07-07","30.667","51.583","1837.0","YASOGE, IR","    0",",,S",,,"  344",",,S","  170",",,S","  264","H,,S"
"IRM00040836","2004-07-08","30.667","51.583","1837.0","YASOGE, IR","    0",",,S",,,"  352",",,S",,,"  277","H,,S"
"IRM00040836","2004-07-09","30.667","51.583","1837.0","YASOGE, IR","    0",",,S",,,"  346",",,S","  176",",,S","  248","H,,S"
"IRM00040836","2004-07-10","30.667","51.583","1837.0","YASOGE, IR","    0",",,S",,,"  344",",,S","  184",",,S","  254","H,,S"
"IRM00040836","2004-07-11","30.667","51.583","1837.0","YASOGE, IR","    0",",,S",,,"  318",",,S","  162",",,S","  253","H,,S"
"IRM00040836","2004-07-12","30.667","51.583","1837.0","YASOGE, IR","    0",",,S",,,"  302",",,S",,,"  211","H,,S"
"IRM00040836","2004-07-13","30.667","51.583","1837.0","YASOGE, IR","  102",",,S",,,"  292",",,S","  146",",,S","  214","H,,S"
"IRM00040836","2004-07-14","30.667","51.583","1837.0","YASOGE, IR","    0",",,S",,,"  320",",,S","  144",",,S","  230","H,,S"
"IRM00040836","2004-07-15","30.667","51.583","1837.0","YASOGE, IR","    0",",,S",,,"  310",",,S","  164",",,S","  240","H,,S"
"IRM00040836","2004-07-16","30.667","51.583","1837.0","YASOGE, IR","    0",",,S",,,"  336",",,S","  186",",,S","  252","H,,S"
"IRM00040836","2004-07-17","30.667","51.583","1837.0","YASOGE, IR","    0",",,S",,,"  344",",,S","  160",",,S","  253","H,,S"
"IRM00040836","2004-07-18","30.667","51.583","1837.0","YASOGE, IR","    0",",,S",,,,,"  150",",,S","  250","H,,S"
"IRM00040836","2004-07-19","30.667","51.583","1837.0","YASOGE, IR","    0",",,S",,,"  330",",,S","  146",",,S","  238","H,,S"
"IRM00040836","2004-07-20","30.667","51.583","1837.0","YASOGE, IR","    0",",,S",,,"  330",",,S","  154",",,S","  245","H,,S"
"IRM00040836","2004-07-21","30.667","51.583","1837.0","YASOGE, IR","    0",",,S",,,"  335",",,S","  150",",,S","  241","H,,S"
"IRM00040836","2004-07-22","30.667","51.583","1837.0","YASOGE, IR","    0",",,S",,,"  342",",,S","  160",",,S","  248","H,,S"
"IRM00040836","2004-07-23","30.667","51.583","1837.0","YASOGE, IR","    0",",,S",,,"  346",",,S","  166",",,S","  253","H,,S"
"IRM00040836","2004-07-24","30.667","51.583","1837.0","YASOGE, IR","    0",",,S",,,"  340",",,S","  172",",,S","  256","H,,S"
"IRM00040836","2004-07-25","30.667","51.583","1837.0","YASOGE, IR","    0",",,S",,,"  340",",,S","  160",",,S","  239","H,,S"
"IRM00040836","2004-07-26","30.667","51.583","1837.0","YASOGE, IR","    0",",,S",,,,,"  150",",,S","  250","H,,S"
"IRM00040836","2004-07-27","30.667","51.583","1837.0","YASOGE, IR","    0",",,S",,,"  360",",,S","  166",",,S","  262","H,,S"
"IRM00040836","2004-07-28","30.667","51.583","1837.0","YASOGE, IR","    0",",,S",,,"  368",",,S","  160",",,S","  262","H,,S"
"IRM00040836","2004-07-29","30.667","51.583","1837.0","YASOGE, IR","    0",",,S",,,"  366",",,S","  158",",,S","  267","H,,S"
"IRM00040836","2004-07-30","30.667","51.583","1837.0","YASOGE, IR","    0",",,S",,,,,"  172",",,S","  271","H,,S"
"IRM00040836","2004-07-31","30.667","51.583","1837.0","YASOGE, IR","    0",",,S",,,"  366",",,S","  180",",,S","  269","H,,S"
"IRM00040836","2004-08-01","30.667","51.583","1837.0","YASOGE, IR","    0",",,S",,,"  360",",,S","  198",",,S","  268","H,,S"
"IRM00040836","2004-08-02","30.667","51.583","1837.0","YASOGE, IR","    0",",,S",,,"  326",",,S","  176",",,S","  247","H,,S"
"IRM00040836","2004-08-03","30.667","51.583","1837.0","YASOGE, IR","    0",",,S",,,"  354",",,S",,,"  261","H,,S"
"IRM00040836","2004-08-04","30.667","51.583","1837.0","YASOGE, IR",,,,,"  346",",,S",,,"  263","H,,S"
"IRM00040836","2004-08-05","30.667","51.583","1837.0","YASOGE, IR","    0",",,S",,,,,"  158",",,S","  248","H,,S"
"IRM00040836","2004-08-06","30.667","51.583","1837.0","YASOGE, IR","    0",",,S",,,"  380",",,S","  164",",,S","  263","H,,S"
"IRM00040836","2004-08-07","30.667","51.583","1837.0","YASOGE, IR","    0",",,S",,,"  374",",,S","  164",",,S","  270","H,,S"
"IRM00040836","2004-08-08","30.667","51.583","1837.0","YASOGE, IR","    0",",,S",,,"  370",",,S","  164",",,S","  274","H,,S"
"IRM00040836","2004-08-09","30.667","51.583","1837.0","YASOGE, IR","    0",",,S",,,"  374",",,S","  178",",,S","  262","H,,S"
"IRM00040836","2004-08-10","30.667","51.583","1837.0","YASOGE, IR",,,,,,,"  174",",,S","  252","H,,S"
"IRM00040836","2004-08-11","30.667","51.583","1837.0","YASOGE, IR","    0",",,S",,,"  366",",,S","  166",",,S","  261","H,,S"
"IRM00040836","2004-08-12","30.667","51.583","1837.0","YASOGE, IR","    0",",,S",,,"  354",",,S","  146",",,S","  254","H,,S"
"IRM00040836","2004-08-13","30.667","51.583","1837.0","YASOGE, IR","    0",",,S",,,"  355",",,S","  152",",,S","  246","H,,S"
"IRM00040836","2004-08-14","30.667","51.583","1837.0","YASOGE, IR","    0",",,S",,,"  344",",,S","  138",",,S","  245","H,,S"
"IRM00040836","2004-08-15","30.667","51.583","1837.0","YASOGE, IR","    0",",,S",,,"  360",",,S","  136",",,S","  244","H,,S"
"IRM00040836","2004-08-16","30.667","51.583","1837.0","YASOGE, IR","    0",",,S",,,"  370",",,S","  132",",,S","  253","H,,S"
"IRM00040836","2004-08-17","30.667","51.583","1837.0","YASOGE, IR","    0",",,S",,,"  375",",,S","  154",",,S","  267","H,,S"
"IRM00040836","2004-08-18","30.667","51.583","1837.0","YASOGE, IR","    0",",,S",,,"  376",",,S",,,"  281","H,,S"
"IRM00040836","2004-08-19","30.667","51.583","1837.0","YASOGE, IR","    0",",,S",,,"  364",",,S","  166",",,S","  262","H,,S"
"IRM00040836","2004-08-20","30.667","51.583","1837.0","YASOGE, IR","    0",",,S",,,"  364",",,S","  160",",,S","  256","H,,S"
"IRM00040836","2004-08-21","30.667","51.583","1837.0","YASOGE, IR","    0",",,S",,,,,"  166",",,S","  244","H,,S"
"IRM00040836","2004-08-22","30.667","51.583","1837.0","YASOGE, IR",,,,,"  356",",,S",,,"  287","H,,S"
"IRM00040836","2004-08-23","30.667","51.583","1837.0","YASOGE, IR","    0",",,S",,,"  350",",,S","  154",",,S","  254","H,,S"
"IRM00040836","2004-08-24","30.667","51.583","1837.0","YASOGE, IR","    0",",,S",,,"  336",",,S","  142",",,S","  223","H,,S"
"IRM00040836","2004-08-25","30.667","51.583","1837.0","YASOGE, IR","    0",",,S",,,"  340",",,S","  138",",,S","  230","H,,S"
"IRM00040836","2004-08-26","30.667","51.583","1837.0","YASOGE, IR","    0",",,S",,,"  326",",,S","  140",",,S","  228","H,,S"
"IRM00040836","2004-08-27","30.667","51.583","1837.0","YASOGE, IR","    0",",,S",,,"  324",",,S","  140",",,S","  223","H,,S"
"IRM00040836","2004-08-28","30.667","51.583","1837.0","YASOGE, IR","    0",",,S",,,"  330",",,S","  136",",,S","  228","H,,S"
"IRM00040836","2004-08-29","30.667","51.583","1837.0","YASOGE, IR","    0",",,S",,,"  334",",,S","  146",",,S","  233","H,,S"
"IRM00040836","2004-08-30","30.667","51.583","1837.0","YASOGE, IR","    0",",,S",,,"  336",",,S","  140",",,S","  238","H,,S"
"IRM00040836","2004-08-31","30.667","51.583","1837.0","YASOGE, IR","    0",",,S",,,"  332",",,S","  136",",,S","  226","H,,S"
"IRM00040836","2004-09-01","30.667","51.583","1837.0","YASOGE, IR","    0",",,S",,,"  334",",,S","  136",",,S","  226","H,,S"
"IRM00040836","2004-09-02","30.667","51.583","1837.0","YASOGE, IR","    0",",,S",,,"  334",",,S","  134",",,S","  232","H,,S"
"IRM00040836","2004-09-03","30.667","51.583","1837.0","YASOGE, IR","    0",",,S",,,"  336",",,S","  136",",,S","  229","H,,S"
"IRM00040836","2004-09-04","30.667","51.583","1837.0","YASOGE, IR","    0",",,S",,,"  326",",,S","  134",",,S","  224","H,,S"
"IRM00040836","2004-09-05","30.667","51.583","1837.0","YASOGE, IR","    0",",,S",,,"  340",",,S","  134",",,S","  226","H,,S"
"IRM00040836","2004-09-06","30.667","51.583","1837.0","YASOGE, IR","    0",",,S",,,"  336",",,S","  138",",,S","  235","H,,S"
"IRM00040836","2004-09-07","30.667","51.583","1837.0","YASOGE, IR","    0",",,S",,,"  336",",,S",,,"  253","H,,S"
"IRM00040836","2004-09-08","30.667","51.583","1837.0","YASOGE, IR","    0",",,S",,,"  336",",,S","  146",",,S","  242","H,,S"
"IRM00040836","2004-09-09","30.667","51.583","1837.0","YASOGE, IR","    0",",,S",,,"  340",",,S","  140",",,S","  238","H,,S"
"IRM00040836","2004-09-10","30.667","51.583","1837.0","YASOGE, IR","    0",",,S",,,,,"  140",",,S","  212","H,,S"
"IRM00040836","2004-09-11","30.667","51.583","1837.0","YASOGE, IR","    0",",,S",,,"  334",",,S","  146",",,S","  240","H,,S"
"IRM00040836","2004-09-12","30.667","51.583","1837.0","YASOGE, IR","    0",",,S",,,,,"  140",",,S","  230","H,,S"
"IRM00040836","2004-09-13","30.667","51.583","1837.0","YASOGE, IR","    0",",,S",,,"  330",",,S","  146",",,S","  228","H,,S"
"IRM00040836","2004-09-14","30.667","51.583","1837.0","YASOGE, IR","    0",",,S",,,"  326",",,S","  132",",,S","  214","H,,S"
"IRM00040836","2004-09-15","30.667","51.583","1837.0","YASOGE, IR","    0",",,S",,,"  324",",,S","  128",",,S","  217","H,,S"
"IRM00040836","2004-09-16","30.667","51.583","1837.0","YASOGE, IR","    0",",,S",,,"  322",",,S","  124",",,S","  212","H,,S"
"IRM00040836","2004-09-17","30.667","51.583","1837.0","YASOGE, IR","    0",",,S",,,"  284",",,S","  108",",,S","  203","H,,S"
"IRM00040836","2004-09-18","30.667","51.583","1837.0","YASOGE, IR","    0",",,S",,,"  280",",,S","  106",",,S","  161","H,,S"
"IRM00040836","2004-09-19","30.667","51.583","1837.0","YASOGE, IR","    0",",,S",,,"  288",",,S","  100",",,S","  187","H,,S"
"IRM00040836","2004-09-20","30.667","51.583","1837.0","YASOGE, IR","    0",",,S",,,"  286",",,S","  114",",,S","  195","H,,S"
"IRM00040836","2004-09-21","30.667","51.583","1837.0","YASOGE, IR",,,,,,,"  110",",,S","  191","H,,S"
"IRM00040836","2004-09-22","30.667","51.583","1837.0","YASOGE, IR","    0",",,S",,,"  276",",,S",,,"  214","H,,S"
"IRM00040836","2004-09-23","30.667","51.583","1837.0","YASOGE, IR","    0",",,S",,,"  276",",,S","  100",",,S","  183","H,,S"
"IRM00040836","2004-09-24","30.667","51.583","1837.0","YASOGE, IR","    0",",,S",,,"  284",",,S","   90",",,S","  181","H,,S"
"IRM00040836","2004-09-25","30.667","51.583","1837.0","YASOGE, IR","    0",",,S",,,,,"   88",",,S","  181","H,,S"
"IRM00040836","2004-09-26","30.667","51.583","1837.0","YASOGE, IR","    0",",,S",,,"  284",",,S","   96",",,S","  193","H,,S"
"IRM00040836","2004-09-27","30.667","51.583","1837.0","YASOGE, IR","    0",",,S",,,"  278",",,S","   90",",,S","  186","H,,S"
"IRM00040836","2004-09-28","30.667","51.583","1837.0","YASOGE, IR","    0",",,S",,,"  284",",,S","   78",",,S","  163","H,,S"
"IRM00040836","2004-09-29","30.667","51.583","1837.0","YASOGE, IR","    0",",,S",,,"  284",",,S","   74",",,S","  178","H,,S"
"IRM00040836","2004-09-30","30.667","51.583","1837.0","YASOGE, IR","    0",",,S",,,"  276",",,S",,,"  199","H,,S"
"IRM00040836","2004-10-01","30.667","51.583","1837.0","YASOGE, IR","    0",",,S",,,"  276",",,S","   90",",,S","  167","H,,S"
"IRM00040836","2004-10-02","30.667","51.583","1837.0","YASOGE, IR","    0",",,S",,,"  282",",,S","  100",",,S","  182","H,,S"
"IRM00040836","2004-10-03","30.667","51.583","1837.0","YASOGE, IR","    0",",,S",,,"  276",",,S","   82",",,S","  175","H,,S"
"IRM00040836","2004-10-04","30.667","51.583","1837.0","YASOGE, IR","    0",",,S",,,"  276",",,S","   60",",,S","  165","H,,S"
"IRM00040836","2004-10-05","30.667","51.583","1837.0","YASOGE, IR","    0",",,S",,,"  278",",,S","   74",",,S","  172","H,,S"
"IRM00040836","2004-10-06","30.667","51.583","1837.0","YASOGE, IR","    0",",,S",,,,,"   84",",,S","  179","H,,S"
"IRM00040836","2004-10-07","30.667","51.583","1837.0","YASOGE, IR",,,,,"  290",",,S",,,"  151","H,,S"
"IRM00040836","2004-10-08","30.667","51.583","1837.0","YASOGE, IR","    0",",,S",,,"  280",",,S","   86",",,S","  175","H,,S"
"IRM00040836","2004-10-09","30.667","51.583","1837.0","YASOGE, IR","    0",",,S",,,,,"   98",",,S","  175","H,,S"
"IRM00040836","2004-10-10","30.667","51.583","1837.0","YASOGE, IR","    0",",,S",,,"  288",",,S","  102",",,S","  187","H,,S"
"IRM00040836","2004-10-11","30.667","51.583","1837.0","YASOGE, IR","    0",",,S",,,"  290",",,S","  108",",,S","  190","H,,S"
"IRM00040836","2004-10-12","30.667","51.583","1837.0","YASOGE, IR","    0",",,S",,,"  284",",,S","  100",",,S","  178","H,,S"
"IRM00040836","2004-10-13","30.667","51.583","1837.0","YASOGE, IR","    0",",,S",,,,,"   82",",,S","  161","H,,S"
"IRM00040836","2004-10-14","30.667","51.583","1837.0","YASOGE, IR","    0",",,S",,,"  262",",,S","   74",",,S","  168","H,,S"
"IRM00040836","2004-10-15","30.667","51.583","1837.0","YASOGE, IR","    0",",,S",,,"  264",",,S","   88",",,S","  176","H,,S"
"IRM00040836","2004-10-16","30.667","51.583","1837.0","YASOGE, IR",,,,,"  260",",,S","   86",",,S","  142","H,,S"
"IRM00040836","2004-10-17","30.667","51.583","1837.0","YASOGE, IR","    0",",,S",,,"  264",",,S","   84",",,S","  166","H,,S"
"IRM00040836","2004-10-18","30.667","51.583","1837.0","YASOGE, IR","    0",",,S",,,"  246",",,S","   72",",,S","  161","H,,S"
"IRM00040836","2004-10-19","30.667","51.583","1837.0","YASOGE, IR","    0",",,S",,,"  246",",,S","   68",",,S","  149","H,,S"
"IRM00040836","2004-10-20","30.667","51.583","1837.0","YASOGE, IR","    0",",,S",,,"  240",",,S","   62",",,S","  145","H,,S"
"IRM00040836","2004-10-21","30.667","51.583","1837.0","YASOGE, IR","    0",",,S",,,"  232",",,S","   66",",,S","  157","H,,S"
"IRM00040836","2004-10-22","30.667","51.583","1837.0","YASOGE, IR","    0",",,S",,,"  230",",,S","   66",",,S","  145","H,,S"
"IRM00040836","2004-10-23","30.667","51.583","1837.0","YASOGE, IR","    0",",,S",,,"  230",",,S",,,"  131","H,,S"
"IRM00040836","2004-10-24","30.667","51.583","1837.0","YASOGE, IR","    0",",,S",,,"  224",",,S","   38",",,S","  130","H,,S"
"IRM00040836","2004-10-25","30.667","51.583","1837.0","YASOGE, IR",,,,,"  230",",,S","   48",",,S","  143","H,,S"
"IRM00040836","2004-10-26","30.667","51.583","1837.0","YASOGE, IR","    0",",,S",,,"  234",",,S","   44",",,S","  135","H,,S"
"IRM00040836","2004-10-27","30.667","51.583","1837.0","YASOGE, IR","    0",",,S",,,"  236",",,S","   38",",,S","  132","H,,S"
"IRM00040836","2004-10-28","30.667","51.583","1837.0","YASOGE, IR","    0",",,S",,,"  224",",,S","   52",",,S","  130","H,,S"
"IRM00040836","2004-10-29","30.667","51.583","1837.0","YASOGE, IR","    0",",,S",,,"  214",",,S","   50",",,S","  120","H,,S"
"IRM00040836","2004-10-30","30.667","51.583","1837.0","YASOGE, IR","    0",",,S",,,"  224",",,S","   44",",,S","  112","H,,S"
"IRM00040836","2004-10-31","30.667","51.583","1837.0","YASOGE, IR","    0",",,S",,,,,"   56",",,S","  117","H,,S"
"IRM00040836","2004-11-01","30.667","51.583","1837.0","YASOGE, IR","    0",",,S",,,"  214",",,S","   50",",,S","  119","H,,S"
"IRM00040836","2004-11-02","30.667","51.583","1837.0","YASOGE, IR","    0",",,S",,,,,,,"  133","H,,S"
"IRM00040836","2004-11-03","30.667","51.583","1837.0","YASOGE, IR",,,,,"  156",",,S","   58",",,S","  103","H,,S"
"IRM00040836","2004-11-04","30.667","51.583","1837.0","YASOGE, IR",,,,,"  148",",,S",,,"  103","H,,S"
"IRM00040836","2004-11-05","30.667","51.583","1837.0","YASOGE, IR",,,,,"  194",",,S","   42",",,S","   95","H,,S"
"IRM00040836","2004-11-06","30.667","51.583","1837.0","YASOGE, IR","    0",",,S",,,"  194",",,S","   40",",,S","  111","H,,S"
"IRM00040836","2004-11-07","30.667","51.583","1837.0","YASOGE, IR","    0",",,S",,,"  212",",,S","   38",",,S","  114","H,,S"
"IRM00040836","2004-11-08","30.667","51.583","1837.0","YASOGE, IR","    0",",,S",,,"  216",",,S","   48",",,S","  130","H,,S"
"IRM00040836","2004-11-09","30.667","51.583","1837.0","YASOGE, IR","    0",",,S",,,,,,,"  129","H,,S"
"IRM00040836","2004-11-10","30.667","51.583","1837.0","YASOGE, IR","    0",",,S",,,"  214",",,S","   40",",,S","  119","H,,S"
"IRM00040836","2004-11-11","30.667","51.583","1837.0","YASOGE, IR","    0",",,S",,,"  206",",,S","   48",",,S","  122","H,,S"
"IRM00040836","2004-11-12","30.667","51.583","1837.0","YASOGE, IR","    0",",,S",,,"  194",",,S","   34",",,S","  110","H,,S"
"IRM00040836","2004-11-13","30.667","51.583","1837.0","YASOGE, IR","    0",",,S",,,,,,,"  107","H,,S"
"IRM00040836","2004-11-14","30.667","51.583","1837.0","YASOGE, IR","    0",",,S",,,"  172",",,S","   26",",,S","   93","H,,S"
"IRM00040836","2004-11-15","30.667","51.583","1837.0","YASOGE, IR","    0",",,S",,,"  170",",,S",,,"   85","H,,S"
"IRM00040836","2004-11-16","30.667","51.583","1837.0","YASOGE, IR","    0",",,S",,,"  174",",,S","    8",",,S","   76","H,,S"
"IRM00040836","2004-11-17","30.667","51.583","1837.0","YASOGE, IR","    0",",,S",,,"  184",",,S","   16",",,S","   92","H,,S"
"IRM00040836","2004-11-18","30.667","51.583","1837.0","YASOGE, IR","    0",",,S",,,"  194",",,S","   52",",,S","  131","H,,S"
"IRM00040836","2004-11-19","30.667","51.583","1837.0","YASOGE, IR","  122","D,,S",,,,,,,"  108","H,,S"
"IRM00040836","2004-11-20","30.667","51.583","1837.0","YASOGE, IR",,,,,"   94",",,S",,,"   81","H,,S"
"IRM00040836","2004-11-21","30.667","51.583","1837.0","YASOGE, IR",,,,,"  154",",,S",,,"  109","H,,S"
"IRM00040836","2004-11-22","30.667","51.583","1837.0","YASOGE, IR",,,,,"  134",",,S","   60",",,S","   96","H,,S"
"IRM00040836","2004-11-23","30.667","51.583","1837.0","YASOGE, IR","  579","D,,S",,,,,,,"   96","H,,S"
"IRM00040836","2004-11-24","30.667","51.583","1837.0","YASOGE, IR",,,,,"  136",",,S",,,"   75","H,,S"
"IRM00040836","2004-11-25","30.667","51.583","1837.0","YASOGE, IR","    0",",,S",,,"  160",",,S","  -14",",,S","   66","H,,S"
"IRM00040836","2004-11-26","30.667","51.583","1837.0","YASOGE, IR","    0",",,S",,,"  162",",,S","  -12",",,S","   92","H,,S"
"IRM00040836","2004-11-27","30.667","51.583","1837.0","YASOGE, IR","    0",",,S",,,,,"   64",",,S","  100","H,,S"
"IRM00040836","2004-11-28","30.667","51.583","1837.0","YASOGE, IR","  193",",,S",,,"  104",",,S",,,"   63","H,,S"
"IRM00040836","2004-11-29","30.667","51.583","1837.0","YASOGE, IR","    0",",,S",,,"  134",",,S",,,"   43","H,,S"
"IRM00040836","2004-11-30","30.667","51.583","1837.0","YASOGE, IR","    0",",,S",,,"  138",",,S","  -34",",,S","   54","H,,S"
"IRM00040836","2004-12-01","30.667","51.583","1837.0","YASOGE, IR",,,,,"   45",",,S","    2",",,S","   28","H,,S"
"IRM00040836","2004-12-02","30.667","51.583","1837.0","YASOGE, IR","    0","D,,S",,,"   80",",,S","    0",",,S","   27","H,,S"
"IRM00040836","2004-12-03","30.667","51.583","1837.0","YASOGE, IR","    0",",,S",,,"   80",",,S",,,"   26","H,,S"
"IRM00040836","2004-12-04","30.667","51.583","1837.0","YASOGE, IR","    0",",,S",,,,,,,"   37","H,,S"
"IRM00040836","2004-12-05","30.667","51.583","1837.0","YASOGE, IR","    0",",,S",,,"  114",",,S",,,"   42","H,,S"
"IRM00040836","2004-12-06","30.667","51.583","1837.0","YASOGE, IR","    0",",,S",,,"  130",",,S","   -6",",,S","   52","H,,S"
"IRM00040836","2004-12-07","30.667","51.583","1837.0","YASOGE, IR","    0",",,S",,,"  120",",,S","    0",",,S","   58","H,,S"
"IRM00040836","2004-12-08","30.667","51.583","1837.0","YASOGE, IR",,,,,"   78",",,S","   40",",,S","   51","H,,S"
"IRM00040836","2004-12-09","30.667","51.583","1837.0","YASOGE, IR","  638","D,,S",,,,,,,"   28","H,,S"
"IRM00040836","2004-12-10","30.667","51.583","1837.0","YASOGE, IR","    0","D,,S",,,,,,,"   39","H,,S"
"IRM00040836","2004-12-11","30.667","51.583","1837.0","YASOGE, IR","    0",",,S",,,,,,,"   38","H,,S"
"IRM00040836","2004-12-12","30.667","51.583","1837.0","YASOGE, IR","    0",",,S",,,"  106",",,S",,,"   61","H,,S"
"IRM00040836","2004-12-13","30.667","51.583","1837.0","YASOGE, IR","  300",",,S",,,,,"   36",",,S","   66","H,,S"
"IRM00040836","2004-12-14","30.667","51.583","1837.0","YASOGE, IR","    0",",,S",,,"  112",",,S","    2",",,S","   56","H,,S"
"IRM00040836","2004-12-15","30.667","51.583","1837.0","YASOGE, IR","  569","D,,S",,,,,,,"   38","H,,S"
"IRM00040836","2004-12-16","30.667","51.583","1837.0","YASOGE, IR","  429","D,,S",,,"   70",",,S",,,"   20","H,,S"
"IRM00040836","2004-12-17","30.667","51.583","1837.0","YASOGE, IR","    0","D,,S"," 2301",",G,S","   56",",,S","  -42",",,S","   -7","H,,S"
"IRM00040836","2004-12-18","30.667","51.583","1837.0","YASOGE, IR","    0",",,S",,,"   14",",,S",,,"  -36","H,,S"
"IRM00040836","2004-12-19","30.667","51.583","1837.0","YASOGE, IR","    0",",,S","  119",",,S","   16",",,S","  -88",",,S","  -21","H,,S"
"IRM00040836","2004-12-20","30.667","51.583","1837.0","YASOGE, IR",,,,,"  104",",,S","  -20",",,S","   52","H,,S"
"IRM00040836","2004-12-21","30.667","51.583","1837.0","YASOGE, IR","    0",",,S","   71",",,S",,,"  -26",",,S","   19","H,,S"
"IRM00040836","2004-12-22","30.667","51.583","1837.0","YASOGE, IR","    0",",,S","   41",",,S","   80",",,S","  -40",",,S","    5","H,,S"
"IRM00040836","2004-12-23","30.667","51.583","1837.0","YASOGE, IR","    0",",,S","   30",",,S","   78",",,S","  -46",",,S","    3","H,,S"
"IRM00040836","2004-12-24","30.667","51.583","1837.0","YASOGE, IR","    0",",,S","   20",",,S","   56",",,S",,,"   14","H,,S"
"IRM00040836","2004-12-25","30.667","51.583","1837.0","YASOGE, IR","  912","D,,S","   51",",,S","   14",",,S",,,"    2","H,,S"
"IRM00040836","2004-12-26","30.667","51.583","1837.0","YASOGE, IR","   41","D,,S","   41",",,S","   64",",,S","  -10",",,S","   17","H,,S"
"IRM00040836","2004-12-27","30.667","51.583","1837.0","YASOGE, IR","    0",",,S","   30",",,S","   56",",,S","  -42",",,S","   -7","H,,S"
"IRM00040836","2004-12-28","30.667","51.583","1837.0","YASOGE, IR","    0",",,S","   20",",,S","   24",",,S","  -72",",,S","  -30","H,,S"
"IRM00040836","2004-12-29","30.667","51.583","1837.0","YASOGE, IR","    0",",,S","   20",",,S","   16",",,S"," -100",",,S","  -44","H,,S"
"IRM00040836","2004-12-30","30.667","51.583","1837.0","YASOGE, IR","    0",",,S","   20",",,S","   42",",,S"," -110",",,S","  -39","H,,S"
"IRM00040836","2004-12-31","30.667","51.583","1837.0","YASOGE, IR","    0","D,,S","   10",",,S","   74",",,S","  -72",",,S","   -5","H,,S"
